index,model,emotion,file,similarity
1,a2,surprised,/srv/RL_project/repo/outputs/wav/000001_a2_surprised.wav,0.2782783806324005
2,a2,fearful,/srv/RL_project/repo/outputs/wav/000002_a2_fearful.wav,0.5289766192436218
3,a2,sad,/srv/RL_project/repo/outputs/wav/000003_a2_sad.wav,0.5854412913322449
4,a2,surprised,/srv/RL_project/repo/outputs/wav/000004_a2_surprised.wav,0.6521558165550232
5,a2,surprised,/srv/RL_project/repo/outputs/wav/000005_a2_surprised.wav,0.5299062728881836
6,a2,surprised,/srv/RL_project/repo/outputs/wav/000006_a2_surprised.wav,0.56390380859375
7,a2,neutral,/srv/RL_project/repo/outputs/wav/000007_a2_neutral.wav,0.6700245141983032
8,a2,angry,/srv/RL_project/repo/outputs/wav/000008_a2_angry.wav,0.6079812049865723
9,a2,fearful,/srv/RL_project/repo/outputs/wav/000009_a2_fearful.wav,0.2829186022281647
10,a2,disgusted,/srv/RL_project/repo/outputs/wav/000010_a2_disgusted.wav,0.6455238461494446
11,a2,fearful,/srv/RL_project/repo/outputs/wav/000011_a2_fearful.wav,0.6979392766952515
12,a2,happy,/srv/RL_project/repo/outputs/wav/000012_a2_happy.wav,0.6252490282058716
13,a2,sad,/srv/RL_project/repo/outputs/wav/000013_a2_sad.wav,0.6239184141159058
14,a2,disgusted,/srv/RL_project/repo/outputs/wav/000014_a2_disgusted.wav,0.6520071625709534
15,a2,fearful,/srv/RL_project/repo/outputs/wav/000015_a2_fearful.wav,0.6008732318878174
16,a2,surprised,/srv/RL_project/repo/outputs/wav/000016_a2_surprised.wav,0.6515870094299316
17,a2,surprised,/srv/RL_project/repo/outputs/wav/000017_a2_surprised.wav,0.6282443404197693
18,a2,neutral,/srv/RL_project/repo/outputs/wav/000018_a2_neutral.wav,0.5998037457466125
19,a2,fearful,/srv/RL_project/repo/outputs/wav/000019_a2_fearful.wav,0.6528639197349548
20,a2,disgusted,/srv/RL_project/repo/outputs/wav/000020_a2_disgusted.wav,0.636019229888916
21,a2,disgusted,/srv/RL_project/repo/outputs/wav/000021_a2_disgusted.wav,0.24353903532028198
22,a2,sad,/srv/RL_project/repo/outputs/wav/000022_a2_sad.wav,0.6865530014038086
23,a2,neutral,/srv/RL_project/repo/outputs/wav/000023_a2_neutral.wav,0.4882369935512543
24,a2,angry,/srv/RL_project/repo/outputs/wav/000024_a2_angry.wav,0.5986775159835815
25,a2,neutral,/srv/RL_project/repo/outputs/wav/000025_a2_neutral.wav,0.36396437883377075
26,a2,happy,/srv/RL_project/repo/outputs/wav/000026_a2_happy.wav,0.6954106688499451
27,a2,sad,/srv/RL_project/repo/outputs/wav/000027_a2_sad.wav,0.6369147300720215
28,a2,neutral,/srv/RL_project/repo/outputs/wav/000028_a2_neutral.wav,0.5782436728477478
29,a2,surprised,/srv/RL_project/repo/outputs/wav/000029_a2_surprised.wav,0.6531269550323486
30,a2,surprised,/srv/RL_project/repo/outputs/wav/000030_a2_surprised.wav,0.5954142808914185
31,a2,surprised,/srv/RL_project/repo/outputs/wav/000031_a2_surprised.wav,0.4848940074443817
32,a2,disgusted,/srv/RL_project/repo/outputs/wav/000032_a2_disgusted.wav,0.6011616587638855
33,a2,neutral,/srv/RL_project/repo/outputs/wav/000033_a2_neutral.wav,0.6528216600418091
34,a2,surprised,/srv/RL_project/repo/outputs/wav/000034_a2_surprised.wav,0.6248675584793091
35,a2,sad,/srv/RL_project/repo/outputs/wav/000035_a2_sad.wav,0.6875496506690979
36,a2,fearful,/srv/RL_project/repo/outputs/wav/000036_a2_fearful.wav,0.7035831809043884
37,a2,fearful,/srv/RL_project/repo/outputs/wav/000037_a2_fearful.wav,0.6117985248565674
38,a2,happy,/srv/RL_project/repo/outputs/wav/000038_a2_happy.wav,0.5664189457893372
39,a2,surprised,/srv/RL_project/repo/outputs/wav/000039_a2_surprised.wav,0.6781710386276245
40,a2,sad,/srv/RL_project/repo/outputs/wav/000040_a2_sad.wav,0.5784454941749573
41,a2,surprised,/srv/RL_project/repo/outputs/wav/000041_a2_surprised.wav,0.6139041185379028
42,a2,fearful,/srv/RL_project/repo/outputs/wav/000042_a2_fearful.wav,0.6571717262268066
43,a2,angry,/srv/RL_project/repo/outputs/wav/000043_a2_angry.wav,0.6383633613586426
44,a2,happy,/srv/RL_project/repo/outputs/wav/000044_a2_happy.wav,0.5955377817153931
45,a2,surprised,/srv/RL_project/repo/outputs/wav/000045_a2_surprised.wav,0.567391037940979
46,a2,neutral,/srv/RL_project/repo/outputs/wav/000046_a2_neutral.wav,0.6691831946372986
47,a2,disgusted,/srv/RL_project/repo/outputs/wav/000047_a2_disgusted.wav,0.6045090556144714
48,a2,disgusted,/srv/RL_project/repo/outputs/wav/000048_a2_disgusted.wav,0.6863172650337219
49,a2,happy,/srv/RL_project/repo/outputs/wav/000049_a2_happy.wav,0.6458801627159119
50,a2,disgusted,/srv/RL_project/repo/outputs/wav/000050_a2_disgusted.wav,0.6253435611724854
51,a2,angry,/srv/RL_project/repo/outputs/wav/000051_a2_angry.wav,0.5742887258529663
52,a2,angry,/srv/RL_project/repo/outputs/wav/000052_a2_angry.wav,0.5954671502113342
53,a2,happy,/srv/RL_project/repo/outputs/wav/000053_a2_happy.wav,0.6833998560905457
54,a2,happy,/srv/RL_project/repo/outputs/wav/000054_a2_happy.wav,0.6078090071678162
55,a2,surprised,/srv/RL_project/repo/outputs/wav/000055_a2_surprised.wav,0.6652838587760925
56,a2,surprised,/srv/RL_project/repo/outputs/wav/000056_a2_surprised.wav,0.6769528388977051
57,a2,angry,/srv/RL_project/repo/outputs/wav/000057_a2_angry.wav,0.6028894186019897
58,a2,fearful,/srv/RL_project/repo/outputs/wav/000058_a2_fearful.wav,0.6030174493789673
59,a2,neutral,/srv/RL_project/repo/outputs/wav/000059_a2_neutral.wav,0.5464634299278259
60,a2,neutral,/srv/RL_project/repo/outputs/wav/000060_a2_neutral.wav,0.3190279006958008
61,a2,fearful,/srv/RL_project/repo/outputs/wav/000061_a2_fearful.wav,0.5494257211685181
62,a2,surprised,/srv/RL_project/repo/outputs/wav/000062_a2_surprised.wav,0.5429456830024719
63,a2,angry,/srv/RL_project/repo/outputs/wav/000063_a2_angry.wav,0.6747887134552002
64,a2,angry,/srv/RL_project/repo/outputs/wav/000064_a2_angry.wav,0.6408808827400208
65,a2,surprised,/srv/RL_project/repo/outputs/wav/000065_a2_surprised.wav,0.676500141620636
66,a2,sad,/srv/RL_project/repo/outputs/wav/000066_a2_sad.wav,0.6462855339050293
67,a2,sad,/srv/RL_project/repo/outputs/wav/000067_a2_sad.wav,0.6469148993492126
68,a2,surprised,/srv/RL_project/repo/outputs/wav/000068_a2_surprised.wav,0.6877924203872681
69,a2,happy,/srv/RL_project/repo/outputs/wav/000069_a2_happy.wav,0.5374794006347656
70,a2,neutral,/srv/RL_project/repo/outputs/wav/000070_a2_neutral.wav,0.6708275079727173
71,a2,sad,/srv/RL_project/repo/outputs/wav/000071_a2_sad.wav,0.614444375038147
72,a2,fearful,/srv/RL_project/repo/outputs/wav/000072_a2_fearful.wav,0.5344018340110779
73,a2,surprised,/srv/RL_project/repo/outputs/wav/000073_a2_surprised.wav,0.5893121957778931
74,a2,angry,/srv/RL_project/repo/outputs/wav/000074_a2_angry.wav,0.5362612009048462
75,a2,sad,/srv/RL_project/repo/outputs/wav/000075_a2_sad.wav,0.6667999625205994
76,a2,neutral,/srv/RL_project/repo/outputs/wav/000076_a2_neutral.wav,0.5806512236595154
77,a2,disgusted,/srv/RL_project/repo/outputs/wav/000077_a2_disgusted.wav,0.6808151006698608
78,a2,disgusted,/srv/RL_project/repo/outputs/wav/000078_a2_disgusted.wav,0.6432240009307861
79,a2,neutral,/srv/RL_project/repo/outputs/wav/000079_a2_neutral.wav,0.6191708445549011
80,a2,sad,/srv/RL_project/repo/outputs/wav/000080_a2_sad.wav,0.5993623733520508
81,a2,happy,/srv/RL_project/repo/outputs/wav/000081_a2_happy.wav,0.6520002484321594
82,a2,angry,/srv/RL_project/repo/outputs/wav/000082_a2_angry.wav,0.6259911060333252
83,a2,disgusted,/srv/RL_project/repo/outputs/wav/000083_a2_disgusted.wav,0.6862320899963379
84,a2,surprised,/srv/RL_project/repo/outputs/wav/000084_a2_surprised.wav,0.5811427235603333
85,a2,surprised,/srv/RL_project/repo/outputs/wav/000085_a2_surprised.wav,0.4582998752593994
86,a2,angry,/srv/RL_project/repo/outputs/wav/000086_a2_angry.wav,0.6390953063964844
87,a2,fearful,/srv/RL_project/repo/outputs/wav/000087_a2_fearful.wav,0.6385767459869385
88,a2,neutral,/srv/RL_project/repo/outputs/wav/000088_a2_neutral.wav,0.5988082885742188
89,a2,angry,/srv/RL_project/repo/outputs/wav/000089_a2_angry.wav,0.628828763961792
90,a2,sad,/srv/RL_project/repo/outputs/wav/000090_a2_sad.wav,0.6012020111083984
91,a2,disgusted,/srv/RL_project/repo/outputs/wav/000091_a2_disgusted.wav,0.3352772295475006
92,a2,angry,/srv/RL_project/repo/outputs/wav/000092_a2_angry.wav,0.5350772738456726
93,a2,angry,/srv/RL_project/repo/outputs/wav/000093_a2_angry.wav,0.17940063774585724
94,a2,fearful,/srv/RL_project/repo/outputs/wav/000094_a2_fearful.wav,0.5613275766372681
95,a2,surprised,/srv/RL_project/repo/outputs/wav/000095_a2_surprised.wav,0.5627663731575012
96,a2,fearful,/srv/RL_project/repo/outputs/wav/000096_a2_fearful.wav,0.5778902769088745
97,a2,sad,/srv/RL_project/repo/outputs/wav/000097_a2_sad.wav,0.6526210308074951
98,a2,happy,/srv/RL_project/repo/outputs/wav/000098_a2_happy.wav,0.5764935612678528
99,a2,neutral,/srv/RL_project/repo/outputs/wav/000099_a2_neutral.wav,0.6813880801200867
100,a2,sad,/srv/RL_project/repo/outputs/wav/000100_a2_sad.wav,0.6029534935951233
101,a2,disgusted,/srv/RL_project/repo/outputs/wav/000101_a2_disgusted.wav,0.5684833526611328
102,a2,angry,/srv/RL_project/repo/outputs/wav/000102_a2_angry.wav,0.5956255197525024
103,a2,disgusted,/srv/RL_project/repo/outputs/wav/000103_a2_disgusted.wav,0.25830841064453125
104,a2,angry,/srv/RL_project/repo/outputs/wav/000104_a2_angry.wav,0.5685060024261475
105,a2,sad,/srv/RL_project/repo/outputs/wav/000105_a2_sad.wav,0.6407275795936584
106,a2,neutral,/srv/RL_project/repo/outputs/wav/000106_a2_neutral.wav,0.6460098624229431
107,a2,happy,/srv/RL_project/repo/outputs/wav/000107_a2_happy.wav,0.6175370812416077
108,a2,surprised,/srv/RL_project/repo/outputs/wav/000108_a2_surprised.wav,0.6227779388427734
109,a2,sad,/srv/RL_project/repo/outputs/wav/000109_a2_sad.wav,0.6222788691520691
110,a2,disgusted,/srv/RL_project/repo/outputs/wav/000110_a2_disgusted.wav,0.5466340780258179
111,a2,neutral,/srv/RL_project/repo/outputs/wav/000111_a2_neutral.wav,0.5279945135116577
112,a2,disgusted,/srv/RL_project/repo/outputs/wav/000112_a2_disgusted.wav,0.6003038883209229
113,a2,happy,/srv/RL_project/repo/outputs/wav/000113_a2_happy.wav,0.6533714532852173
114,a2,disgusted,/srv/RL_project/repo/outputs/wav/000114_a2_disgusted.wav,0.634369969367981
115,a2,angry,/srv/RL_project/repo/outputs/wav/000115_a2_angry.wav,0.6304921507835388
116,a2,fearful,/srv/RL_project/repo/outputs/wav/000116_a2_fearful.wav,0.6309782862663269
117,a2,disgusted,/srv/RL_project/repo/outputs/wav/000117_a2_disgusted.wav,0.6493337154388428
118,a2,happy,/srv/RL_project/repo/outputs/wav/000118_a2_happy.wav,0.5789765119552612
119,a2,fearful,/srv/RL_project/repo/outputs/wav/000119_a2_fearful.wav,0.6511543989181519
120,a2,surprised,/srv/RL_project/repo/outputs/wav/000120_a2_surprised.wav,0.6538610458374023
121,a2,fearful,/srv/RL_project/repo/outputs/wav/000121_a2_fearful.wav,0.6804407238960266
122,a2,happy,/srv/RL_project/repo/outputs/wav/000122_a2_happy.wav,0.5802639722824097
123,a2,angry,/srv/RL_project/repo/outputs/wav/000123_a2_angry.wav,0.5541633367538452
124,a2,angry,/srv/RL_project/repo/outputs/wav/000124_a2_angry.wav,0.6392324566841125
125,a2,neutral,/srv/RL_project/repo/outputs/wav/000125_a2_neutral.wav,0.5342053174972534
126,a2,fearful,/srv/RL_project/repo/outputs/wav/000126_a2_fearful.wav,0.628312349319458
127,a2,happy,/srv/RL_project/repo/outputs/wav/000127_a2_happy.wav,0.31165894865989685
128,a2,neutral,/srv/RL_project/repo/outputs/wav/000128_a2_neutral.wav,0.6116052865982056
129,a2,sad,/srv/RL_project/repo/outputs/wav/000129_a2_sad.wav,0.5197402238845825
130,a2,happy,/srv/RL_project/repo/outputs/wav/000130_a2_happy.wav,0.45576977729797363
131,a2,angry,/srv/RL_project/repo/outputs/wav/000131_a2_angry.wav,0.6536584496498108
132,a2,sad,/srv/RL_project/repo/outputs/wav/000132_a2_sad.wav,0.6106396317481995
133,a2,angry,/srv/RL_project/repo/outputs/wav/000133_a2_angry.wav,0.517622172832489
134,a2,neutral,/srv/RL_project/repo/outputs/wav/000134_a2_neutral.wav,0.546175479888916
135,a2,sad,/srv/RL_project/repo/outputs/wav/000135_a2_sad.wav,0.6892123222351074
136,a2,happy,/srv/RL_project/repo/outputs/wav/000136_a2_happy.wav,0.5799807906150818
137,a2,fearful,/srv/RL_project/repo/outputs/wav/000137_a2_fearful.wav,0.657558798789978
138,a2,surprised,/srv/RL_project/repo/outputs/wav/000138_a2_surprised.wav,0.32825517654418945
139,a2,angry,/srv/RL_project/repo/outputs/wav/000139_a2_angry.wav,0.6694813966751099
140,a2,disgusted,/srv/RL_project/repo/outputs/wav/000140_a2_disgusted.wav,0.569477915763855
141,a2,sad,/srv/RL_project/repo/outputs/wav/000141_a2_sad.wav,0.5759447813034058
142,a2,fearful,/srv/RL_project/repo/outputs/wav/000142_a2_fearful.wav,0.622968316078186
143,a2,surprised,/srv/RL_project/repo/outputs/wav/000143_a2_surprised.wav,0.5461760759353638
144,a2,sad,/srv/RL_project/repo/outputs/wav/000144_a2_sad.wav,0.6448716521263123
145,a2,sad,/srv/RL_project/repo/outputs/wav/000145_a2_sad.wav,0.6655756235122681
146,a2,sad,/srv/RL_project/repo/outputs/wav/000146_a2_sad.wav,0.6775087118148804
147,a2,happy,/srv/RL_project/repo/outputs/wav/000147_a2_happy.wav,0.5648123025894165
148,a2,surprised,/srv/RL_project/repo/outputs/wav/000148_a2_surprised.wav,0.5792386531829834
149,a2,happy,/srv/RL_project/repo/outputs/wav/000149_a2_happy.wav,0.6345935463905334
150,a2,surprised,/srv/RL_project/repo/outputs/wav/000150_a2_surprised.wav,0.6688797473907471
151,a2,fearful,/srv/RL_project/repo/outputs/wav/000151_a2_fearful.wav,0.632055938243866
152,a2,angry,/srv/RL_project/repo/outputs/wav/000152_a2_angry.wav,0.6209315061569214
153,a2,fearful,/srv/RL_project/repo/outputs/wav/000153_a2_fearful.wav,0.29362112283706665
154,a2,fearful,/srv/RL_project/repo/outputs/wav/000154_a2_fearful.wav,0.6495439410209656
155,a2,disgusted,/srv/RL_project/repo/outputs/wav/000155_a2_disgusted.wav,0.7074958086013794
156,a2,disgusted,/srv/RL_project/repo/outputs/wav/000156_a2_disgusted.wav,0.6289888024330139
157,a2,neutral,/srv/RL_project/repo/outputs/wav/000157_a2_neutral.wav,0.5883910655975342
158,a2,neutral,/srv/RL_project/repo/outputs/wav/000158_a2_neutral.wav,0.5979901552200317
159,a2,surprised,/srv/RL_project/repo/outputs/wav/000159_a2_surprised.wav,0.5203171372413635
160,a2,angry,/srv/RL_project/repo/outputs/wav/000160_a2_angry.wav,0.5955583453178406
161,a2,surprised,/srv/RL_project/repo/outputs/wav/000161_a2_surprised.wav,0.5861527323722839
162,a2,surprised,/srv/RL_project/repo/outputs/wav/000162_a2_surprised.wav,0.5967937707901001
163,a2,surprised,/srv/RL_project/repo/outputs/wav/000163_a2_surprised.wav,0.6684746742248535
164,a2,angry,/srv/RL_project/repo/outputs/wav/000164_a2_angry.wav,0.5705698728561401
165,a2,surprised,/srv/RL_project/repo/outputs/wav/000165_a2_surprised.wav,0.6601691246032715
166,a2,happy,/srv/RL_project/repo/outputs/wav/000166_a2_happy.wav,0.578821063041687
167,a2,angry,/srv/RL_project/repo/outputs/wav/000167_a2_angry.wav,0.638672947883606
168,a2,happy,/srv/RL_project/repo/outputs/wav/000168_a2_happy.wav,0.5717564821243286
169,a2,fearful,/srv/RL_project/repo/outputs/wav/000169_a2_fearful.wav,0.45741328597068787
170,a2,fearful,/srv/RL_project/repo/outputs/wav/000170_a2_fearful.wav,0.6086851954460144
171,a2,happy,/srv/RL_project/repo/outputs/wav/000171_a2_happy.wav,0.632785975933075
172,a2,surprised,/srv/RL_project/repo/outputs/wav/000172_a2_surprised.wav,0.593061089515686
173,a2,surprised,/srv/RL_project/repo/outputs/wav/000173_a2_surprised.wav,0.49672162532806396
174,a2,disgusted,/srv/RL_project/repo/outputs/wav/000174_a2_disgusted.wav,0.6149039268493652
175,a2,happy,/srv/RL_project/repo/outputs/wav/000175_a2_happy.wav,0.6609193086624146
176,a2,sad,/srv/RL_project/repo/outputs/wav/000176_a2_sad.wav,0.673407793045044
177,a2,happy,/srv/RL_project/repo/outputs/wav/000177_a2_happy.wav,0.6217436790466309
178,a2,disgusted,/srv/RL_project/repo/outputs/wav/000178_a2_disgusted.wav,0.6464324593544006
179,a2,neutral,/srv/RL_project/repo/outputs/wav/000179_a2_neutral.wav,0.588839054107666
180,a2,fearful,/srv/RL_project/repo/outputs/wav/000180_a2_fearful.wav,0.583985447883606
181,a2,happy,/srv/RL_project/repo/outputs/wav/000181_a2_happy.wav,0.5843144059181213
182,a2,surprised,/srv/RL_project/repo/outputs/wav/000182_a2_surprised.wav,0.5274651646614075
183,a2,happy,/srv/RL_project/repo/outputs/wav/000183_a2_happy.wav,0.715548038482666
184,a2,sad,/srv/RL_project/repo/outputs/wav/000184_a2_sad.wav,0.6216984987258911
185,a2,angry,/srv/RL_project/repo/outputs/wav/000185_a2_angry.wav,0.6038097739219666
186,a2,sad,/srv/RL_project/repo/outputs/wav/000186_a2_sad.wav,0.6562039256095886
187,a2,fearful,/srv/RL_project/repo/outputs/wav/000187_a2_fearful.wav,0.518512487411499
188,a2,sad,/srv/RL_project/repo/outputs/wav/000188_a2_sad.wav,0.25529244542121887
189,a2,fearful,/srv/RL_project/repo/outputs/wav/000189_a2_fearful.wav,0.6179766058921814
190,a2,surprised,/srv/RL_project/repo/outputs/wav/000190_a2_surprised.wav,0.6306079030036926
191,a2,sad,/srv/RL_project/repo/outputs/wav/000191_a2_sad.wav,0.6365439295768738
192,a2,sad,/srv/RL_project/repo/outputs/wav/000192_a2_sad.wav,0.636788010597229
193,a2,angry,/srv/RL_project/repo/outputs/wav/000193_a2_angry.wav,0.6151106357574463
194,a2,disgusted,/srv/RL_project/repo/outputs/wav/000194_a2_disgusted.wav,0.6715649962425232
195,a2,sad,/srv/RL_project/repo/outputs/wav/000195_a2_sad.wav,0.6911799907684326
196,a2,surprised,/srv/RL_project/repo/outputs/wav/000196_a2_surprised.wav,0.6137402057647705
197,a2,sad,/srv/RL_project/repo/outputs/wav/000197_a2_sad.wav,0.6979385018348694
198,a2,fearful,/srv/RL_project/repo/outputs/wav/000198_a2_fearful.wav,0.6152791380882263
199,a2,neutral,/srv/RL_project/repo/outputs/wav/000199_a2_neutral.wav,0.591101348400116
200,a2,neutral,/srv/RL_project/repo/outputs/wav/000200_a2_neutral.wav,0.6603825092315674
201,a2,angry,/srv/RL_project/repo/outputs/wav/000201_a2_angry.wav,0.522627055644989
202,a2,sad,/srv/RL_project/repo/outputs/wav/000202_a2_sad.wav,0.5815922021865845
203,a2,angry,/srv/RL_project/repo/outputs/wav/000203_a2_angry.wav,0.547187864780426
204,a2,happy,/srv/RL_project/repo/outputs/wav/000204_a2_happy.wav,0.5789865255355835
205,a2,neutral,/srv/RL_project/repo/outputs/wav/000205_a2_neutral.wav,0.5606263279914856
206,a2,happy,/srv/RL_project/repo/outputs/wav/000206_a2_happy.wav,0.5510947704315186
207,a2,sad,/srv/RL_project/repo/outputs/wav/000207_a2_sad.wav,0.6485018730163574
208,a2,angry,/srv/RL_project/repo/outputs/wav/000208_a2_angry.wav,0.3029274046421051
209,a2,surprised,/srv/RL_project/repo/outputs/wav/000209_a2_surprised.wav,0.6641427278518677
210,a2,disgusted,/srv/RL_project/repo/outputs/wav/000210_a2_disgusted.wav,0.6385214328765869
211,a2,fearful,/srv/RL_project/repo/outputs/wav/000211_a2_fearful.wav,0.5430676341056824
212,a2,sad,/srv/RL_project/repo/outputs/wav/000212_a2_sad.wav,0.6199172139167786
213,a2,neutral,/srv/RL_project/repo/outputs/wav/000213_a2_neutral.wav,0.5820080637931824
214,a2,disgusted,/srv/RL_project/repo/outputs/wav/000214_a2_disgusted.wav,0.5657745599746704
215,a2,angry,/srv/RL_project/repo/outputs/wav/000215_a2_angry.wav,0.6336263418197632
216,a2,angry,/srv/RL_project/repo/outputs/wav/000216_a2_angry.wav,0.6443789005279541
217,a2,disgusted,/srv/RL_project/repo/outputs/wav/000217_a2_disgusted.wav,0.6282843947410583
218,a2,sad,/srv/RL_project/repo/outputs/wav/000218_a2_sad.wav,0.5874525308609009
219,a2,disgusted,/srv/RL_project/repo/outputs/wav/000219_a2_disgusted.wav,0.5815048813819885
220,a2,neutral,/srv/RL_project/repo/outputs/wav/000220_a2_neutral.wav,0.5885640382766724
221,a2,happy,/srv/RL_project/repo/outputs/wav/000221_a2_happy.wav,0.7206054329872131
222,a2,angry,/srv/RL_project/repo/outputs/wav/000222_a2_angry.wav,0.6622479557991028
223,a2,sad,/srv/RL_project/repo/outputs/wav/000223_a2_sad.wav,0.6274244785308838
224,a2,happy,/srv/RL_project/repo/outputs/wav/000224_a2_happy.wav,0.5686436295509338
225,a2,fearful,/srv/RL_project/repo/outputs/wav/000225_a2_fearful.wav,0.2777470052242279
226,a2,neutral,/srv/RL_project/repo/outputs/wav/000226_a2_neutral.wav,0.6324425935745239
227,a2,fearful,/srv/RL_project/repo/outputs/wav/000227_a2_fearful.wav,0.6614029407501221
228,a2,disgusted,/srv/RL_project/repo/outputs/wav/000228_a2_disgusted.wav,0.6268920302391052
229,a2,disgusted,/srv/RL_project/repo/outputs/wav/000229_a2_disgusted.wav,0.5759916305541992
230,a2,surprised,/srv/RL_project/repo/outputs/wav/000230_a2_surprised.wav,0.6555863618850708
231,a2,angry,/srv/RL_project/repo/outputs/wav/000231_a2_angry.wav,0.43519148230552673
232,a2,neutral,/srv/RL_project/repo/outputs/wav/000232_a2_neutral.wav,0.6228463053703308
233,a2,disgusted,/srv/RL_project/repo/outputs/wav/000233_a2_disgusted.wav,0.6604538559913635
234,a2,surprised,/srv/RL_project/repo/outputs/wav/000234_a2_surprised.wav,0.22235065698623657
235,a2,fearful,/srv/RL_project/repo/outputs/wav/000235_a2_fearful.wav,0.644221305847168
236,a2,surprised,/srv/RL_project/repo/outputs/wav/000236_a2_surprised.wav,0.6213029623031616
237,a2,neutral,/srv/RL_project/repo/outputs/wav/000237_a2_neutral.wav,0.5920037031173706
238,a2,sad,/srv/RL_project/repo/outputs/wav/000238_a2_sad.wav,0.5505642294883728
239,a2,happy,/srv/RL_project/repo/outputs/wav/000239_a2_happy.wav,0.5842897295951843
240,a2,sad,/srv/RL_project/repo/outputs/wav/000240_a2_sad.wav,0.6577391028404236
241,a2,fearful,/srv/RL_project/repo/outputs/wav/000241_a2_fearful.wav,0.5900827050209045
242,a2,sad,/srv/RL_project/repo/outputs/wav/000242_a2_sad.wav,0.2885262966156006
243,a2,sad,/srv/RL_project/repo/outputs/wav/000243_a2_sad.wav,0.6910725831985474
244,a2,fearful,/srv/RL_project/repo/outputs/wav/000244_a2_fearful.wav,0.6925415396690369
245,a2,happy,/srv/RL_project/repo/outputs/wav/000245_a2_happy.wav,0.6721837520599365
246,a2,neutral,/srv/RL_project/repo/outputs/wav/000246_a2_neutral.wav,0.6048563718795776
247,a2,neutral,/srv/RL_project/repo/outputs/wav/000247_a2_neutral.wav,0.2661360502243042
248,a2,angry,/srv/RL_project/repo/outputs/wav/000248_a2_angry.wav,0.6982530355453491
249,a2,happy,/srv/RL_project/repo/outputs/wav/000249_a2_happy.wav,0.672845721244812
250,a2,angry,/srv/RL_project/repo/outputs/wav/000250_a2_angry.wav,0.6201459169387817
251,a2,surprised,/srv/RL_project/repo/outputs/wav/000251_a2_surprised.wav,0.7049964070320129
252,a2,disgusted,/srv/RL_project/repo/outputs/wav/000252_a2_disgusted.wav,0.25422823429107666
253,a2,happy,/srv/RL_project/repo/outputs/wav/000253_a2_happy.wav,0.5553110837936401
254,a2,neutral,/srv/RL_project/repo/outputs/wav/000254_a2_neutral.wav,0.642749011516571
255,a2,neutral,/srv/RL_project/repo/outputs/wav/000255_a2_neutral.wav,0.5706366300582886
256,a2,angry,/srv/RL_project/repo/outputs/wav/000256_a2_angry.wav,0.6481993198394775
257,a2,sad,/srv/RL_project/repo/outputs/wav/000257_a2_sad.wav,0.5205810070037842
258,a2,happy,/srv/RL_project/repo/outputs/wav/000258_a2_happy.wav,0.2354697287082672
259,a2,happy,/srv/RL_project/repo/outputs/wav/000259_a2_happy.wav,0.5454838275909424
260,a2,sad,/srv/RL_project/repo/outputs/wav/000260_a2_sad.wav,0.30779796838760376
261,a2,disgusted,/srv/RL_project/repo/outputs/wav/000261_a2_disgusted.wav,0.5810251235961914
262,a2,neutral,/srv/RL_project/repo/outputs/wav/000262_a2_neutral.wav,0.6089708805084229
263,a2,happy,/srv/RL_project/repo/outputs/wav/000263_a2_happy.wav,0.5749256610870361
264,a2,disgusted,/srv/RL_project/repo/outputs/wav/000264_a2_disgusted.wav,0.6569402813911438
265,a2,sad,/srv/RL_project/repo/outputs/wav/000265_a2_sad.wav,0.5396857261657715
266,a2,angry,/srv/RL_project/repo/outputs/wav/000266_a2_angry.wav,0.5865466594696045
267,a2,surprised,/srv/RL_project/repo/outputs/wav/000267_a2_surprised.wav,0.44660407304763794
268,a2,disgusted,/srv/RL_project/repo/outputs/wav/000268_a2_disgusted.wav,0.6154018640518188
269,a2,happy,/srv/RL_project/repo/outputs/wav/000269_a2_happy.wav,0.6440881490707397
270,a2,sad,/srv/RL_project/repo/outputs/wav/000270_a2_sad.wav,0.5431108474731445
271,a2,fearful,/srv/RL_project/repo/outputs/wav/000271_a2_fearful.wav,0.611009418964386
272,a2,sad,/srv/RL_project/repo/outputs/wav/000272_a2_sad.wav,0.6445930600166321
273,a2,happy,/srv/RL_project/repo/outputs/wav/000273_a2_happy.wav,0.5872737169265747
274,a2,disgusted,/srv/RL_project/repo/outputs/wav/000274_a2_disgusted.wav,0.23416608572006226
275,a2,fearful,/srv/RL_project/repo/outputs/wav/000275_a2_fearful.wav,0.665695071220398
276,a2,neutral,/srv/RL_project/repo/outputs/wav/000276_a2_neutral.wav,0.28067097067832947
277,a2,happy,/srv/RL_project/repo/outputs/wav/000277_a2_happy.wav,0.5928528904914856
278,a2,disgusted,/srv/RL_project/repo/outputs/wav/000278_a2_disgusted.wav,0.4346763491630554
279,a2,surprised,/srv/RL_project/repo/outputs/wav/000279_a2_surprised.wav,0.5555288791656494
280,a2,angry,/srv/RL_project/repo/outputs/wav/000280_a2_angry.wav,0.5160950422286987
281,a2,neutral,/srv/RL_project/repo/outputs/wav/000281_a2_neutral.wav,0.595827579498291
282,a2,neutral,/srv/RL_project/repo/outputs/wav/000282_a2_neutral.wav,0.5856061577796936
283,a2,disgusted,/srv/RL_project/repo/outputs/wav/000283_a2_disgusted.wav,0.6198888421058655
284,a2,disgusted,/srv/RL_project/repo/outputs/wav/000284_a2_disgusted.wav,0.5680035352706909
285,a2,angry,/srv/RL_project/repo/outputs/wav/000285_a2_angry.wav,0.5388274192810059
286,a2,fearful,/srv/RL_project/repo/outputs/wav/000286_a2_fearful.wav,0.2680489718914032
287,a2,disgusted,/srv/RL_project/repo/outputs/wav/000287_a2_disgusted.wav,0.5250893831253052
288,a2,surprised,/srv/RL_project/repo/outputs/wav/000288_a2_surprised.wav,0.4346812963485718
289,a2,fearful,/srv/RL_project/repo/outputs/wav/000289_a2_fearful.wav,0.5347310900688171
290,a2,sad,/srv/RL_project/repo/outputs/wav/000290_a2_sad.wav,0.5742677450180054
291,a2,angry,/srv/RL_project/repo/outputs/wav/000291_a2_angry.wav,0.5888679623603821
292,a2,disgusted,/srv/RL_project/repo/outputs/wav/000292_a2_disgusted.wav,0.6649916768074036
293,a2,angry,/srv/RL_project/repo/outputs/wav/000293_a2_angry.wav,0.6470522880554199
294,a2,disgusted,/srv/RL_project/repo/outputs/wav/000294_a2_disgusted.wav,0.3888714909553528
295,a2,angry,/srv/RL_project/repo/outputs/wav/000295_a2_angry.wav,0.5468795299530029
296,a2,happy,/srv/RL_project/repo/outputs/wav/000296_a2_happy.wav,0.6372147798538208
297,a2,surprised,/srv/RL_project/repo/outputs/wav/000297_a2_surprised.wav,0.6251839399337769
298,a2,surprised,/srv/RL_project/repo/outputs/wav/000298_a2_surprised.wav,0.6118414402008057
299,a2,happy,/srv/RL_project/repo/outputs/wav/000299_a2_happy.wav,0.5906797051429749
300,a2,happy,/srv/RL_project/repo/outputs/wav/000300_a2_happy.wav,0.6460332274436951
301,a2,sad,/srv/RL_project/repo/outputs/wav/000301_a2_sad.wav,0.5477087497711182
302,a2,disgusted,/srv/RL_project/repo/outputs/wav/000302_a2_disgusted.wav,0.5766019225120544
303,a2,happy,/srv/RL_project/repo/outputs/wav/000303_a2_happy.wav,0.5242030024528503
304,a2,surprised,/srv/RL_project/repo/outputs/wav/000304_a2_surprised.wav,0.5828179717063904
305,a2,angry,/srv/RL_project/repo/outputs/wav/000305_a2_angry.wav,0.5775572061538696
306,a2,angry,/srv/RL_project/repo/outputs/wav/000306_a2_angry.wav,0.6045271754264832
307,a2,angry,/srv/RL_project/repo/outputs/wav/000307_a2_angry.wav,0.5789397954940796
308,a2,neutral,/srv/RL_project/repo/outputs/wav/000308_a2_neutral.wav,0.5854409337043762
309,a2,fearful,/srv/RL_project/repo/outputs/wav/000309_a2_fearful.wav,0.6355240941047668
310,a2,angry,/srv/RL_project/repo/outputs/wav/000310_a2_angry.wav,0.6265586018562317
311,a2,neutral,/srv/RL_project/repo/outputs/wav/000311_a2_neutral.wav,0.5660976767539978
312,a2,angry,/srv/RL_project/repo/outputs/wav/000312_a2_angry.wav,0.5947673320770264
313,a2,neutral,/srv/RL_project/repo/outputs/wav/000313_a2_neutral.wav,0.6418428421020508
314,a2,fearful,/srv/RL_project/repo/outputs/wav/000314_a2_fearful.wav,0.3898696303367615
315,a2,happy,/srv/RL_project/repo/outputs/wav/000315_a2_happy.wav,0.6325277090072632
316,a2,surprised,/srv/RL_project/repo/outputs/wav/000316_a2_surprised.wav,0.496159166097641
317,a2,fearful,/srv/RL_project/repo/outputs/wav/000317_a2_fearful.wav,0.5427185297012329
318,a2,fearful,/srv/RL_project/repo/outputs/wav/000318_a2_fearful.wav,0.5701847076416016
319,a2,sad,/srv/RL_project/repo/outputs/wav/000319_a2_sad.wav,0.5904820561408997
320,a2,happy,/srv/RL_project/repo/outputs/wav/000320_a2_happy.wav,0.5840049386024475
321,a2,neutral,/srv/RL_project/repo/outputs/wav/000321_a2_neutral.wav,0.6106528043746948
322,a2,angry,/srv/RL_project/repo/outputs/wav/000322_a2_angry.wav,0.2782759964466095
323,a2,disgusted,/srv/RL_project/repo/outputs/wav/000323_a2_disgusted.wav,0.5616905093193054
324,a2,fearful,/srv/RL_project/repo/outputs/wav/000324_a2_fearful.wav,0.6867291331291199
325,a2,neutral,/srv/RL_project/repo/outputs/wav/000325_a2_neutral.wav,0.5882881879806519
326,a2,fearful,/srv/RL_project/repo/outputs/wav/000326_a2_fearful.wav,0.6124016642570496
327,a2,happy,/srv/RL_project/repo/outputs/wav/000327_a2_happy.wav,0.5639005303382874
328,a2,disgusted,/srv/RL_project/repo/outputs/wav/000328_a2_disgusted.wav,0.5836808681488037
329,a2,angry,/srv/RL_project/repo/outputs/wav/000329_a2_angry.wav,0.28459790349006653
330,a2,neutral,/srv/RL_project/repo/outputs/wav/000330_a2_neutral.wav,0.2829219400882721
331,a2,neutral,/srv/RL_project/repo/outputs/wav/000331_a2_neutral.wav,0.6605175733566284
332,a2,happy,/srv/RL_project/repo/outputs/wav/000332_a2_happy.wav,0.6397345662117004
333,a2,disgusted,/srv/RL_project/repo/outputs/wav/000333_a2_disgusted.wav,0.6252505779266357
334,a2,neutral,/srv/RL_project/repo/outputs/wav/000334_a2_neutral.wav,0.6239129900932312
335,a2,fearful,/srv/RL_project/repo/outputs/wav/000335_a2_fearful.wav,0.6391816139221191
336,a2,angry,/srv/RL_project/repo/outputs/wav/000336_a2_angry.wav,0.5597747564315796
337,a2,angry,/srv/RL_project/repo/outputs/wav/000337_a2_angry.wav,0.6840587258338928
338,a2,disgusted,/srv/RL_project/repo/outputs/wav/000338_a2_disgusted.wav,0.2353377640247345
339,a2,angry,/srv/RL_project/repo/outputs/wav/000339_a2_angry.wav,0.5472126007080078
340,a2,sad,/srv/RL_project/repo/outputs/wav/000340_a2_sad.wav,0.7006540894508362
341,a2,disgusted,/srv/RL_project/repo/outputs/wav/000341_a2_disgusted.wav,0.6360287070274353
342,a2,surprised,/srv/RL_project/repo/outputs/wav/000342_a2_surprised.wav,0.609771728515625
343,a2,sad,/srv/RL_project/repo/outputs/wav/000343_a2_sad.wav,0.6676871180534363
344,a2,sad,/srv/RL_project/repo/outputs/wav/000344_a2_sad.wav,0.666465163230896
345,a2,neutral,/srv/RL_project/repo/outputs/wav/000345_a2_neutral.wav,0.6742276549339294
346,a2,disgusted,/srv/RL_project/repo/outputs/wav/000346_a2_disgusted.wav,0.27042156457901
347,a2,happy,/srv/RL_project/repo/outputs/wav/000347_a2_happy.wav,0.6954092383384705
348,a2,fearful,/srv/RL_project/repo/outputs/wav/000348_a2_fearful.wav,0.656835675239563
349,a2,sad,/srv/RL_project/repo/outputs/wav/000349_a2_sad.wav,0.681328535079956
350,a2,happy,/srv/RL_project/repo/outputs/wav/000350_a2_happy.wav,0.6531237363815308
351,a2,surprised,/srv/RL_project/repo/outputs/wav/000351_a2_surprised.wav,0.595413088798523
352,a2,disgusted,/srv/RL_project/repo/outputs/wav/000352_a2_disgusted.wav,0.4848940074443817
353,a2,surprised,/srv/RL_project/repo/outputs/wav/000353_a2_surprised.wav,0.6011593341827393
354,a2,surprised,/srv/RL_project/repo/outputs/wav/000354_a2_surprised.wav,0.6031534075737
355,a2,surprised,/srv/RL_project/repo/outputs/wav/000355_a2_surprised.wav,0.6248682141304016
356,a2,happy,/srv/RL_project/repo/outputs/wav/000356_a2_happy.wav,0.6875478029251099
357,a2,sad,/srv/RL_project/repo/outputs/wav/000357_a2_sad.wav,0.7035884857177734
358,a2,happy,/srv/RL_project/repo/outputs/wav/000358_a2_happy.wav,0.6118011474609375
359,a2,happy,/srv/RL_project/repo/outputs/wav/000359_a2_happy.wav,0.5664145350456238
360,a2,neutral,/srv/RL_project/repo/outputs/wav/000360_a2_neutral.wav,0.577271580696106
361,a2,surprised,/srv/RL_project/repo/outputs/wav/000361_a2_surprised.wav,0.5784351229667664
362,a2,sad,/srv/RL_project/repo/outputs/wav/000362_a2_sad.wav,0.5711162686347961
363,a2,happy,/srv/RL_project/repo/outputs/wav/000363_a2_happy.wav,0.6468601822853088
364,a2,sad,/srv/RL_project/repo/outputs/wav/000364_a2_sad.wav,0.6383594870567322
365,a2,happy,/srv/RL_project/repo/outputs/wav/000365_a2_happy.wav,0.5854045152664185
366,a2,angry,/srv/RL_project/repo/outputs/wav/000366_a2_angry.wav,0.6185309290885925
367,a2,fearful,/srv/RL_project/repo/outputs/wav/000367_a2_fearful.wav,0.6560015082359314
368,a2,disgusted,/srv/RL_project/repo/outputs/wav/000368_a2_disgusted.wav,0.6903346180915833
369,a2,surprised,/srv/RL_project/repo/outputs/wav/000369_a2_surprised.wav,0.5908366441726685
370,a2,fearful,/srv/RL_project/repo/outputs/wav/000370_a2_fearful.wav,0.6458767652511597
371,a2,angry,/srv/RL_project/repo/outputs/wav/000371_a2_angry.wav,0.6253359317779541
372,a2,fearful,/srv/RL_project/repo/outputs/wav/000372_a2_fearful.wav,0.5742869973182678
373,a2,happy,/srv/RL_project/repo/outputs/wav/000373_a2_happy.wav,0.5954640507698059
374,a2,surprised,/srv/RL_project/repo/outputs/wav/000374_a2_surprised.wav,0.6834002137184143
375,a2,sad,/srv/RL_project/repo/outputs/wav/000375_a2_sad.wav,0.6078013181686401
376,a2,sad,/srv/RL_project/repo/outputs/wav/000376_a2_sad.wav,0.6652708053588867
377,a2,sad,/srv/RL_project/repo/outputs/wav/000377_a2_sad.wav,0.638096809387207
378,a2,disgusted,/srv/RL_project/repo/outputs/wav/000378_a2_disgusted.wav,0.6177034974098206
379,a2,neutral,/srv/RL_project/repo/outputs/wav/000379_a2_neutral.wav,0.6030084490776062
380,a2,surprised,/srv/RL_project/repo/outputs/wav/000380_a2_surprised.wav,0.5464611649513245
381,a2,happy,/srv/RL_project/repo/outputs/wav/000381_a2_happy.wav,0.31057530641555786
382,a2,happy,/srv/RL_project/repo/outputs/wav/000382_a2_happy.wav,0.5494272112846375
383,a2,happy,/srv/RL_project/repo/outputs/wav/000383_a2_happy.wav,0.5429388284683228
384,a2,neutral,/srv/RL_project/repo/outputs/wav/000384_a2_neutral.wav,0.6747859120368958
385,a2,sad,/srv/RL_project/repo/outputs/wav/000385_a2_sad.wav,0.579304039478302
386,a2,sad,/srv/RL_project/repo/outputs/wav/000386_a2_sad.wav,0.6765015125274658
387,a2,angry,/srv/RL_project/repo/outputs/wav/000387_a2_angry.wav,0.6462844610214233
388,a2,happy,/srv/RL_project/repo/outputs/wav/000388_a2_happy.wav,0.6469005346298218
389,a2,neutral,/srv/RL_project/repo/outputs/wav/000389_a2_neutral.wav,0.648823618888855
390,a2,happy,/srv/RL_project/repo/outputs/wav/000390_a2_happy.wav,0.6105585098266602
391,a2,fearful,/srv/RL_project/repo/outputs/wav/000391_a2_fearful.wav,0.6708250045776367
392,a2,disgusted,/srv/RL_project/repo/outputs/wav/000392_a2_disgusted.wav,0.6144358515739441
393,a2,neutral,/srv/RL_project/repo/outputs/wav/000393_a2_neutral.wav,0.5343953967094421
394,a2,surprised,/srv/RL_project/repo/outputs/wav/000394_a2_surprised.wav,0.5456923246383667
395,a2,fearful,/srv/RL_project/repo/outputs/wav/000395_a2_fearful.wav,0.5362633466720581
396,a2,neutral,/srv/RL_project/repo/outputs/wav/000396_a2_neutral.wav,0.6288262605667114
397,a2,sad,/srv/RL_project/repo/outputs/wav/000397_a2_sad.wav,0.5806546807289124
398,a2,angry,/srv/RL_project/repo/outputs/wav/000398_a2_angry.wav,0.629012942314148
399,a2,surprised,/srv/RL_project/repo/outputs/wav/000399_a2_surprised.wav,0.6432318687438965
400,a2,sad,/srv/RL_project/repo/outputs/wav/000400_a2_sad.wav,0.6191747784614563
401,a2,angry,/srv/RL_project/repo/outputs/wav/000401_a2_angry.wav,0.6151849031448364
402,a2,angry,/srv/RL_project/repo/outputs/wav/000402_a2_angry.wav,0.6570064425468445
403,a2,sad,/srv/RL_project/repo/outputs/wav/000403_a2_sad.wav,0.6259945034980774
404,a2,angry,/srv/RL_project/repo/outputs/wav/000404_a2_angry.wav,0.6577596664428711
405,a2,surprised,/srv/RL_project/repo/outputs/wav/000405_a2_surprised.wav,0.5811408162117004
406,a2,disgusted,/srv/RL_project/repo/outputs/wav/000406_a2_disgusted.wav,0.4582938253879547
407,a2,angry,/srv/RL_project/repo/outputs/wav/000407_a2_angry.wav,0.6391008496284485
408,a2,happy,/srv/RL_project/repo/outputs/wav/000408_a2_happy.wav,0.6686958074569702
409,a2,angry,/srv/RL_project/repo/outputs/wav/000409_a2_angry.wav,0.598808765411377
410,a2,angry,/srv/RL_project/repo/outputs/wav/000410_a2_angry.wav,0.6288295388221741
411,a2,neutral,/srv/RL_project/repo/outputs/wav/000411_a2_neutral.wav,0.6012037992477417
412,a2,happy,/srv/RL_project/repo/outputs/wav/000412_a2_happy.wav,0.33528396487236023
413,a2,angry,/srv/RL_project/repo/outputs/wav/000413_a2_angry.wav,0.535081684589386
414,a2,neutral,/srv/RL_project/repo/outputs/wav/000414_a2_neutral.wav,0.17942377924919128
415,a2,sad,/srv/RL_project/repo/outputs/wav/000415_a2_sad.wav,0.5613254308700562
416,a2,fearful,/srv/RL_project/repo/outputs/wav/000416_a2_fearful.wav,0.5627697110176086
417,a2,surprised,/srv/RL_project/repo/outputs/wav/000417_a2_surprised.wav,0.57789546251297
418,a2,fearful,/srv/RL_project/repo/outputs/wav/000418_a2_fearful.wav,0.6526169776916504
419,a2,fearful,/srv/RL_project/repo/outputs/wav/000419_a2_fearful.wav,0.5764968395233154
420,a2,sad,/srv/RL_project/repo/outputs/wav/000420_a2_sad.wav,0.6813845634460449
421,a2,disgusted,/srv/RL_project/repo/outputs/wav/000421_a2_disgusted.wav,0.6029398441314697
422,a2,fearful,/srv/RL_project/repo/outputs/wav/000422_a2_fearful.wav,0.6211589574813843
423,a2,sad,/srv/RL_project/repo/outputs/wav/000423_a2_sad.wav,0.5956218838691711
424,a2,happy,/srv/RL_project/repo/outputs/wav/000424_a2_happy.wav,0.25831544399261475
425,a2,happy,/srv/RL_project/repo/outputs/wav/000425_a2_happy.wav,0.5685035586357117
426,a2,happy,/srv/RL_project/repo/outputs/wav/000426_a2_happy.wav,0.6407243609428406
427,a2,surprised,/srv/RL_project/repo/outputs/wav/000427_a2_surprised.wav,0.6460099220275879
428,a2,surprised,/srv/RL_project/repo/outputs/wav/000428_a2_surprised.wav,0.6217204332351685
429,a2,sad,/srv/RL_project/repo/outputs/wav/000429_a2_sad.wav,0.6227821111679077
430,a2,neutral,/srv/RL_project/repo/outputs/wav/000430_a2_neutral.wav,0.622254490852356
431,a2,happy,/srv/RL_project/repo/outputs/wav/000431_a2_happy.wav,0.5466315746307373
432,a2,happy,/srv/RL_project/repo/outputs/wav/000432_a2_happy.wav,0.5279973149299622
433,a2,sad,/srv/RL_project/repo/outputs/wav/000433_a2_sad.wav,0.6003082394599915
434,a2,fearful,/srv/RL_project/repo/outputs/wav/000434_a2_fearful.wav,0.650310754776001
435,a2,sad,/srv/RL_project/repo/outputs/wav/000435_a2_sad.wav,0.6238353848457336
436,a2,disgusted,/srv/RL_project/repo/outputs/wav/000436_a2_disgusted.wav,0.6304861307144165
437,a2,fearful,/srv/RL_project/repo/outputs/wav/000437_a2_fearful.wav,0.6309773921966553
438,a2,angry,/srv/RL_project/repo/outputs/wav/000438_a2_angry.wav,0.3497696816921234
439,a2,disgusted,/srv/RL_project/repo/outputs/wav/000439_a2_disgusted.wav,0.5789805054664612
440,a2,happy,/srv/RL_project/repo/outputs/wav/000440_a2_happy.wav,0.6511603593826294
441,a2,fearful,/srv/RL_project/repo/outputs/wav/000441_a2_fearful.wav,0.6270638704299927
442,a2,surprised,/srv/RL_project/repo/outputs/wav/000442_a2_surprised.wav,0.6804394125938416
443,a2,surprised,/srv/RL_project/repo/outputs/wav/000443_a2_surprised.wav,0.5959315896034241
444,a2,surprised,/srv/RL_project/repo/outputs/wav/000444_a2_surprised.wav,0.617538332939148
445,a2,surprised,/srv/RL_project/repo/outputs/wav/000445_a2_surprised.wav,0.6392373442649841
446,a2,fearful,/srv/RL_project/repo/outputs/wav/000446_a2_fearful.wav,0.5342036485671997
447,a2,fearful,/srv/RL_project/repo/outputs/wav/000447_a2_fearful.wav,0.6283083558082581
448,a2,disgusted,/srv/RL_project/repo/outputs/wav/000448_a2_disgusted.wav,0.31165164709091187
449,a2,sad,/srv/RL_project/repo/outputs/wav/000449_a2_sad.wav,0.5421416759490967
450,a2,angry,/srv/RL_project/repo/outputs/wav/000450_a2_angry.wav,0.5197340846061707
451,a2,sad,/srv/RL_project/repo/outputs/wav/000451_a2_sad.wav,0.455773264169693
452,a2,angry,/srv/RL_project/repo/outputs/wav/000452_a2_angry.wav,0.5918636322021484
453,a2,fearful,/srv/RL_project/repo/outputs/wav/000453_a2_fearful.wav,0.35240229964256287
454,a2,happy,/srv/RL_project/repo/outputs/wav/000454_a2_happy.wav,0.5176275372505188
455,a2,fearful,/srv/RL_project/repo/outputs/wav/000455_a2_fearful.wav,0.5461600422859192
456,a2,disgusted,/srv/RL_project/repo/outputs/wav/000456_a2_disgusted.wav,0.6892142295837402
457,a2,sad,/srv/RL_project/repo/outputs/wav/000457_a2_sad.wav,0.5799871683120728
458,a2,happy,/srv/RL_project/repo/outputs/wav/000458_a2_happy.wav,0.5976250767707825
459,a2,sad,/srv/RL_project/repo/outputs/wav/000459_a2_sad.wav,0.32824206352233887
460,a2,fearful,/srv/RL_project/repo/outputs/wav/000460_a2_fearful.wav,0.6694828271865845
461,a2,disgusted,/srv/RL_project/repo/outputs/wav/000461_a2_disgusted.wav,0.5694795250892639
462,a2,angry,/srv/RL_project/repo/outputs/wav/000462_a2_angry.wav,0.7308827638626099
463,a2,neutral,/srv/RL_project/repo/outputs/wav/000463_a2_neutral.wav,0.6229707598686218
464,a2,happy,/srv/RL_project/repo/outputs/wav/000464_a2_happy.wav,0.5461875200271606
465,a2,happy,/srv/RL_project/repo/outputs/wav/000465_a2_happy.wav,0.644869327545166
466,a2,angry,/srv/RL_project/repo/outputs/wav/000466_a2_angry.wav,0.6655744314193726
467,a2,surprised,/srv/RL_project/repo/outputs/wav/000467_a2_surprised.wav,0.6775145530700684
468,a2,angry,/srv/RL_project/repo/outputs/wav/000468_a2_angry.wav,0.5648100972175598
469,a2,angry,/srv/RL_project/repo/outputs/wav/000469_a2_angry.wav,0.579238772392273
470,a2,disgusted,/srv/RL_project/repo/outputs/wav/000470_a2_disgusted.wav,0.6345928907394409
471,a2,fearful,/srv/RL_project/repo/outputs/wav/000471_a2_fearful.wav,0.6688793897628784
472,a2,sad,/srv/RL_project/repo/outputs/wav/000472_a2_sad.wav,0.6320598721504211
473,a2,disgusted,/srv/RL_project/repo/outputs/wav/000473_a2_disgusted.wav,0.6209323406219482
474,a2,sad,/srv/RL_project/repo/outputs/wav/000474_a2_sad.wav,0.27514156699180603
475,a2,angry,/srv/RL_project/repo/outputs/wav/000475_a2_angry.wav,0.6495391130447388
476,a2,neutral,/srv/RL_project/repo/outputs/wav/000476_a2_neutral.wav,0.7074949741363525
477,a2,neutral,/srv/RL_project/repo/outputs/wav/000477_a2_neutral.wav,0.6289864182472229
478,a2,happy,/srv/RL_project/repo/outputs/wav/000478_a2_happy.wav,0.5883939862251282
479,a2,neutral,/srv/RL_project/repo/outputs/wav/000479_a2_neutral.wav,0.5979805588722229
480,a2,angry,/srv/RL_project/repo/outputs/wav/000480_a2_angry.wav,0.5203137397766113
481,a2,sad,/srv/RL_project/repo/outputs/wav/000481_a2_sad.wav,0.5955596566200256
482,a2,disgusted,/srv/RL_project/repo/outputs/wav/000482_a2_disgusted.wav,0.5861443281173706
483,a2,sad,/srv/RL_project/repo/outputs/wav/000483_a2_sad.wav,0.5968007445335388
484,a2,angry,/srv/RL_project/repo/outputs/wav/000484_a2_angry.wav,0.6684823036193848
485,a2,fearful,/srv/RL_project/repo/outputs/wav/000485_a2_fearful.wav,0.5705673694610596
486,a2,fearful,/srv/RL_project/repo/outputs/wav/000486_a2_fearful.wav,0.6601731181144714
487,a2,happy,/srv/RL_project/repo/outputs/wav/000487_a2_happy.wav,0.5788220167160034
488,a2,disgusted,/srv/RL_project/repo/outputs/wav/000488_a2_disgusted.wav,0.6386719942092896
489,a2,angry,/srv/RL_project/repo/outputs/wav/000489_a2_angry.wav,0.5659558773040771
490,a2,surprised,/srv/RL_project/repo/outputs/wav/000490_a2_surprised.wav,0.4574025869369507
491,a2,sad,/srv/RL_project/repo/outputs/wav/000491_a2_sad.wav,0.6086795926094055
492,a2,disgusted,/srv/RL_project/repo/outputs/wav/000492_a2_disgusted.wav,0.6327683925628662
493,a2,neutral,/srv/RL_project/repo/outputs/wav/000493_a2_neutral.wav,0.6055586338043213
494,a2,angry,/srv/RL_project/repo/outputs/wav/000494_a2_angry.wav,0.49671614170074463
495,a2,neutral,/srv/RL_project/repo/outputs/wav/000495_a2_neutral.wav,0.6148993968963623
496,a2,sad,/srv/RL_project/repo/outputs/wav/000496_a2_sad.wav,0.6609159708023071
497,a2,sad,/srv/RL_project/repo/outputs/wav/000497_a2_sad.wav,0.6264967918395996
498,a2,fearful,/srv/RL_project/repo/outputs/wav/000498_a2_fearful.wav,0.6217449307441711
499,a2,happy,/srv/RL_project/repo/outputs/wav/000499_a2_happy.wav,0.6464257836341858
500,a2,disgusted,/srv/RL_project/repo/outputs/wav/000500_a2_disgusted.wav,0.6772642731666565
501,a2,happy,/srv/RL_project/repo/outputs/wav/000501_a2_happy.wav,0.5839906334877014
502,a2,surprised,/srv/RL_project/repo/outputs/wav/000502_a2_surprised.wav,0.5843110680580139
503,a2,fearful,/srv/RL_project/repo/outputs/wav/000503_a2_fearful.wav,0.5274586081504822
504,a2,neutral,/srv/RL_project/repo/outputs/wav/000504_a2_neutral.wav,0.5960779786109924
505,a2,fearful,/srv/RL_project/repo/outputs/wav/000505_a2_fearful.wav,0.6022024154663086
506,a2,fearful,/srv/RL_project/repo/outputs/wav/000506_a2_fearful.wav,0.6038187742233276
507,a2,fearful,/srv/RL_project/repo/outputs/wav/000507_a2_fearful.wav,0.6562027335166931
508,a2,disgusted,/srv/RL_project/repo/outputs/wav/000508_a2_disgusted.wav,0.5185143947601318
509,a2,angry,/srv/RL_project/repo/outputs/wav/000509_a2_angry.wav,0.6303807497024536
510,a2,disgusted,/srv/RL_project/repo/outputs/wav/000510_a2_disgusted.wav,0.6179808378219604
511,a2,fearful,/srv/RL_project/repo/outputs/wav/000511_a2_fearful.wav,0.6306016445159912
512,a2,happy,/srv/RL_project/repo/outputs/wav/000512_a2_happy.wav,0.5579299926757812
513,a2,fearful,/srv/RL_project/repo/outputs/wav/000513_a2_fearful.wav,0.6367904543876648
514,a2,happy,/srv/RL_project/repo/outputs/wav/000514_a2_happy.wav,0.6151127815246582
515,a2,fearful,/srv/RL_project/repo/outputs/wav/000515_a2_fearful.wav,0.6078169345855713
516,a2,happy,/srv/RL_project/repo/outputs/wav/000516_a2_happy.wav,0.5104890465736389
517,a2,surprised,/srv/RL_project/repo/outputs/wav/000517_a2_surprised.wav,0.6137290000915527
518,a2,neutral,/srv/RL_project/repo/outputs/wav/000518_a2_neutral.wav,0.6234599947929382
519,a2,angry,/srv/RL_project/repo/outputs/wav/000519_a2_angry.wav,0.6152889132499695
520,a2,sad,/srv/RL_project/repo/outputs/wav/000520_a2_sad.wav,0.5910995006561279
521,a2,neutral,/srv/RL_project/repo/outputs/wav/000521_a2_neutral.wav,0.644981861114502
522,a2,fearful,/srv/RL_project/repo/outputs/wav/000522_a2_fearful.wav,0.6285378932952881
523,a2,surprised,/srv/RL_project/repo/outputs/wav/000523_a2_surprised.wav,0.616400420665741
524,a2,neutral,/srv/RL_project/repo/outputs/wav/000524_a2_neutral.wav,0.5941681861877441
525,a2,angry,/srv/RL_project/repo/outputs/wav/000525_a2_angry.wav,0.5789812803268433
526,a2,angry,/srv/RL_project/repo/outputs/wav/000526_a2_angry.wav,0.5606287717819214
527,a2,disgusted,/srv/RL_project/repo/outputs/wav/000527_a2_disgusted.wav,0.5756696462631226
528,a2,sad,/srv/RL_project/repo/outputs/wav/000528_a2_sad.wav,0.6871339678764343
529,a2,disgusted,/srv/RL_project/repo/outputs/wav/000529_a2_disgusted.wav,0.6284481287002563
530,a2,sad,/srv/RL_project/repo/outputs/wav/000530_a2_sad.wav,0.6548234224319458
531,a2,angry,/srv/RL_project/repo/outputs/wav/000531_a2_angry.wav,0.6528176069259644
532,a2,disgusted,/srv/RL_project/repo/outputs/wav/000532_a2_disgusted.wav,0.5430706739425659
533,a2,angry,/srv/RL_project/repo/outputs/wav/000533_a2_angry.wav,0.6212589144706726
534,a2,happy,/srv/RL_project/repo/outputs/wav/000534_a2_happy.wav,0.5820027589797974
535,a2,happy,/srv/RL_project/repo/outputs/wav/000535_a2_happy.wav,0.6283292174339294
536,a2,disgusted,/srv/RL_project/repo/outputs/wav/000536_a2_disgusted.wav,0.623027503490448
537,a2,surprised,/srv/RL_project/repo/outputs/wav/000537_a2_surprised.wav,0.6443756818771362
538,a2,disgusted,/srv/RL_project/repo/outputs/wav/000538_a2_disgusted.wav,0.6282793283462524
539,a2,happy,/srv/RL_project/repo/outputs/wav/000539_a2_happy.wav,0.5942155122756958
540,a2,fearful,/srv/RL_project/repo/outputs/wav/000540_a2_fearful.wav,0.6446124315261841
541,a2,fearful,/srv/RL_project/repo/outputs/wav/000541_a2_fearful.wav,0.5885510444641113
542,a2,sad,/srv/RL_project/repo/outputs/wav/000542_a2_sad.wav,0.7206051349639893
543,a2,disgusted,/srv/RL_project/repo/outputs/wav/000543_a2_disgusted.wav,0.6289768815040588
544,a2,surprised,/srv/RL_project/repo/outputs/wav/000544_a2_surprised.wav,0.6274283528327942
545,a2,neutral,/srv/RL_project/repo/outputs/wav/000545_a2_neutral.wav,0.518503725528717
546,a2,happy,/srv/RL_project/repo/outputs/wav/000546_a2_happy.wav,0.6500819325447083
547,a2,angry,/srv/RL_project/repo/outputs/wav/000547_a2_angry.wav,0.5626780390739441
548,a2,sad,/srv/RL_project/repo/outputs/wav/000548_a2_sad.wav,0.5699714422225952
549,a2,neutral,/srv/RL_project/repo/outputs/wav/000549_a2_neutral.wav,0.6268929243087769
550,a2,disgusted,/srv/RL_project/repo/outputs/wav/000550_a2_disgusted.wav,0.5759894251823425
551,a2,fearful,/srv/RL_project/repo/outputs/wav/000551_a2_fearful.wav,0.2650529146194458
552,a2,disgusted,/srv/RL_project/repo/outputs/wav/000552_a2_disgusted.wav,0.6155228018760681
553,a2,neutral,/srv/RL_project/repo/outputs/wav/000553_a2_neutral.wav,0.6228523254394531
554,a2,disgusted,/srv/RL_project/repo/outputs/wav/000554_a2_disgusted.wav,0.6604529619216919
555,a2,happy,/srv/RL_project/repo/outputs/wav/000555_a2_happy.wav,0.22236160933971405
556,a2,fearful,/srv/RL_project/repo/outputs/wav/000556_a2_fearful.wav,0.33503100275993347
557,a2,happy,/srv/RL_project/repo/outputs/wav/000557_a2_happy.wav,0.5990015268325806
558,a2,disgusted,/srv/RL_project/repo/outputs/wav/000558_a2_disgusted.wav,0.586728572845459
559,a2,surprised,/srv/RL_project/repo/outputs/wav/000559_a2_surprised.wav,0.28386369347572327
560,a2,sad,/srv/RL_project/repo/outputs/wav/000560_a2_sad.wav,0.6477492451667786
561,a2,happy,/srv/RL_project/repo/outputs/wav/000561_a2_happy.wav,0.6577343344688416
562,a2,happy,/srv/RL_project/repo/outputs/wav/000562_a2_happy.wav,0.590086817741394
563,a2,neutral,/srv/RL_project/repo/outputs/wav/000563_a2_neutral.wav,0.28852078318595886
564,a2,sad,/srv/RL_project/repo/outputs/wav/000564_a2_sad.wav,0.6153768301010132
565,a2,happy,/srv/RL_project/repo/outputs/wav/000565_a2_happy.wav,0.661206066608429
566,a2,neutral,/srv/RL_project/repo/outputs/wav/000566_a2_neutral.wav,0.672188401222229
567,a2,fearful,/srv/RL_project/repo/outputs/wav/000567_a2_fearful.wav,0.6588952541351318
568,a2,sad,/srv/RL_project/repo/outputs/wav/000568_a2_sad.wav,0.6101104617118835
569,a2,angry,/srv/RL_project/repo/outputs/wav/000569_a2_angry.wav,0.3315257430076599
570,a2,sad,/srv/RL_project/repo/outputs/wav/000570_a2_sad.wav,0.650771975517273
571,a2,angry,/srv/RL_project/repo/outputs/wav/000571_a2_angry.wav,0.6201444864273071
572,a2,sad,/srv/RL_project/repo/outputs/wav/000572_a2_sad.wav,0.7049861550331116
573,a2,disgusted,/srv/RL_project/repo/outputs/wav/000573_a2_disgusted.wav,0.23067055642604828
574,a2,disgusted,/srv/RL_project/repo/outputs/wav/000574_a2_disgusted.wav,0.5736808776855469
575,a2,neutral,/srv/RL_project/repo/outputs/wav/000575_a2_neutral.wav,0.6427488923072815
576,a2,sad,/srv/RL_project/repo/outputs/wav/000576_a2_sad.wav,0.6764522194862366
577,a2,sad,/srv/RL_project/repo/outputs/wav/000577_a2_sad.wav,0.6481998562812805
578,a2,sad,/srv/RL_project/repo/outputs/wav/000578_a2_sad.wav,0.2483169585466385
579,a2,disgusted,/srv/RL_project/repo/outputs/wav/000579_a2_disgusted.wav,0.2354610711336136
580,a2,disgusted,/srv/RL_project/repo/outputs/wav/000580_a2_disgusted.wav,0.5454839468002319
581,a2,sad,/srv/RL_project/repo/outputs/wav/000581_a2_sad.wav,0.3077957034111023
582,a2,angry,/srv/RL_project/repo/outputs/wav/000582_a2_angry.wav,0.5810242295265198
583,a2,disgusted,/srv/RL_project/repo/outputs/wav/000583_a2_disgusted.wav,0.6089707612991333
584,a2,surprised,/srv/RL_project/repo/outputs/wav/000584_a2_surprised.wav,0.574919581413269
585,a2,angry,/srv/RL_project/repo/outputs/wav/000585_a2_angry.wav,0.6569430232048035
586,a2,neutral,/srv/RL_project/repo/outputs/wav/000586_a2_neutral.wav,0.2725696861743927
587,a2,fearful,/srv/RL_project/repo/outputs/wav/000587_a2_fearful.wav,0.5865367650985718
588,a2,sad,/srv/RL_project/repo/outputs/wav/000588_a2_sad.wav,0.44660770893096924
589,a2,happy,/srv/RL_project/repo/outputs/wav/000589_a2_happy.wav,0.6154066324234009
590,a2,neutral,/srv/RL_project/repo/outputs/wav/000590_a2_neutral.wav,0.6103384494781494
591,a2,surprised,/srv/RL_project/repo/outputs/wav/000591_a2_surprised.wav,0.5431166887283325
592,a2,sad,/srv/RL_project/repo/outputs/wav/000592_a2_sad.wav,0.611000657081604
593,a2,happy,/srv/RL_project/repo/outputs/wav/000593_a2_happy.wav,0.6445909142494202
594,a2,sad,/srv/RL_project/repo/outputs/wav/000594_a2_sad.wav,0.5872600078582764
595,a2,disgusted,/srv/RL_project/repo/outputs/wav/000595_a2_disgusted.wav,0.6058545708656311
596,a2,happy,/srv/RL_project/repo/outputs/wav/000596_a2_happy.wav,0.6377236247062683
597,a2,fearful,/srv/RL_project/repo/outputs/wav/000597_a2_fearful.wav,0.280674010515213
598,a2,disgusted,/srv/RL_project/repo/outputs/wav/000598_a2_disgusted.wav,0.6252922415733337
599,a2,sad,/srv/RL_project/repo/outputs/wav/000599_a2_sad.wav,0.4346933364868164
600,a2,disgusted,/srv/RL_project/repo/outputs/wav/000600_a2_disgusted.wav,0.555518388748169
601,a2,disgusted,/srv/RL_project/repo/outputs/wav/000601_a2_disgusted.wav,0.5487242341041565
602,a2,surprised,/srv/RL_project/repo/outputs/wav/000602_a2_surprised.wav,0.5958311557769775
603,a2,surprised,/srv/RL_project/repo/outputs/wav/000603_a2_surprised.wav,0.5856137871742249
604,a2,fearful,/srv/RL_project/repo/outputs/wav/000604_a2_fearful.wav,0.6198892593383789
605,a2,fearful,/srv/RL_project/repo/outputs/wav/000605_a2_fearful.wav,0.5152953267097473
606,a2,surprised,/srv/RL_project/repo/outputs/wav/000606_a2_surprised.wav,0.5388330221176147
607,a2,sad,/srv/RL_project/repo/outputs/wav/000607_a2_sad.wav,0.6375218033790588
608,a2,surprised,/srv/RL_project/repo/outputs/wav/000608_a2_surprised.wav,0.5250929594039917
609,a2,angry,/srv/RL_project/repo/outputs/wav/000609_a2_angry.wav,0.4346822500228882
610,a2,angry,/srv/RL_project/repo/outputs/wav/000610_a2_angry.wav,0.5347579121589661
611,a2,angry,/srv/RL_project/repo/outputs/wav/000611_a2_angry.wav,0.47620654106140137
612,a2,disgusted,/srv/RL_project/repo/outputs/wav/000612_a2_disgusted.wav,0.588872492313385
613,a2,neutral,/srv/RL_project/repo/outputs/wav/000613_a2_neutral.wav,0.617865800857544
614,a2,disgusted,/srv/RL_project/repo/outputs/wav/000614_a2_disgusted.wav,0.5233803987503052
615,a2,fearful,/srv/RL_project/repo/outputs/wav/000615_a2_fearful.wav,0.3888622224330902
616,a2,angry,/srv/RL_project/repo/outputs/wav/000616_a2_angry.wav,0.6006239652633667
617,a2,happy,/srv/RL_project/repo/outputs/wav/000617_a2_happy.wav,0.637212872505188
618,a2,sad,/srv/RL_project/repo/outputs/wav/000618_a2_sad.wav,0.5433750152587891
619,a2,surprised,/srv/RL_project/repo/outputs/wav/000619_a2_surprised.wav,0.6118431091308594
620,a2,angry,/srv/RL_project/repo/outputs/wav/000620_a2_angry.wav,0.5930508971214294
621,a2,neutral,/srv/RL_project/repo/outputs/wav/000621_a2_neutral.wav,0.6460267305374146
622,a2,angry,/srv/RL_project/repo/outputs/wav/000622_a2_angry.wav,0.547705352306366
623,a2,surprised,/srv/RL_project/repo/outputs/wav/000623_a2_surprised.wav,0.5766091346740723
624,a2,sad,/srv/RL_project/repo/outputs/wav/000624_a2_sad.wav,0.5242068767547607
625,a2,disgusted,/srv/RL_project/repo/outputs/wav/000625_a2_disgusted.wav,0.5828040242195129
626,a2,sad,/srv/RL_project/repo/outputs/wav/000626_a2_sad.wav,0.5775496363639832
627,a2,happy,/srv/RL_project/repo/outputs/wav/000627_a2_happy.wav,0.6659804582595825
628,a2,happy,/srv/RL_project/repo/outputs/wav/000628_a2_happy.wav,0.5789437294006348
629,a2,sad,/srv/RL_project/repo/outputs/wav/000629_a2_sad.wav,0.5854337215423584
630,a2,sad,/srv/RL_project/repo/outputs/wav/000630_a2_sad.wav,0.6355398893356323
631,a2,neutral,/srv/RL_project/repo/outputs/wav/000631_a2_neutral.wav,0.6265563368797302
632,a2,fearful,/srv/RL_project/repo/outputs/wav/000632_a2_fearful.wav,0.5990698337554932
633,a2,fearful,/srv/RL_project/repo/outputs/wav/000633_a2_fearful.wav,0.5947696566581726
634,a2,sad,/srv/RL_project/repo/outputs/wav/000634_a2_sad.wav,0.6321244239807129
635,a2,happy,/srv/RL_project/repo/outputs/wav/000635_a2_happy.wav,0.3898487091064453
636,a2,neutral,/srv/RL_project/repo/outputs/wav/000636_a2_neutral.wav,0.6325252056121826
637,a2,disgusted,/srv/RL_project/repo/outputs/wav/000637_a2_disgusted.wav,0.49617260694503784
638,a2,happy,/srv/RL_project/repo/outputs/wav/000638_a2_happy.wav,0.6083692312240601
639,a2,neutral,/srv/RL_project/repo/outputs/wav/000639_a2_neutral.wav,0.5560678839683533
640,a2,fearful,/srv/RL_project/repo/outputs/wav/000640_a2_fearful.wav,0.5904693603515625
641,a2,sad,/srv/RL_project/repo/outputs/wav/000641_a2_sad.wav,0.5840020179748535
642,a2,fearful,/srv/RL_project/repo/outputs/wav/000642_a2_fearful.wav,0.6106427907943726
643,a2,neutral,/srv/RL_project/repo/outputs/wav/000643_a2_neutral.wav,0.27827876806259155
644,a2,surprised,/srv/RL_project/repo/outputs/wav/000644_a2_surprised.wav,0.6638495922088623
645,a2,angry,/srv/RL_project/repo/outputs/wav/000645_a2_angry.wav,0.686732828617096
646,a2,sad,/srv/RL_project/repo/outputs/wav/000646_a2_sad.wav,0.5882898569107056
647,a2,disgusted,/srv/RL_project/repo/outputs/wav/000647_a2_disgusted.wav,0.6123979687690735
648,a2,sad,/srv/RL_project/repo/outputs/wav/000648_a2_sad.wav,0.5639045238494873
649,a2,happy,/srv/RL_project/repo/outputs/wav/000649_a2_happy.wav,0.679242730140686
650,a2,surprised,/srv/RL_project/repo/outputs/wav/000650_a2_surprised.wav,0.28459542989730835
651,a2,sad,/srv/RL_project/repo/outputs/wav/000651_a2_sad.wav,0.2829200029373169
652,a2,surprised,/srv/RL_project/repo/outputs/wav/000652_a2_surprised.wav,0.6605185866355896
653,a2,surprised,/srv/RL_project/repo/outputs/wav/000653_a2_surprised.wav,0.6397395730018616
654,a2,neutral,/srv/RL_project/repo/outputs/wav/000654_a2_neutral.wav,0.6252482533454895
655,a2,sad,/srv/RL_project/repo/outputs/wav/000655_a2_sad.wav,0.5705707669258118
656,a2,angry,/srv/RL_project/repo/outputs/wav/000656_a2_angry.wav,0.6345366835594177
657,a2,fearful,/srv/RL_project/repo/outputs/wav/000657_a2_fearful.wav,0.559786319732666
658,a2,angry,/srv/RL_project/repo/outputs/wav/000658_a2_angry.wav,0.6840583086013794
659,a2,sad,/srv/RL_project/repo/outputs/wav/000659_a2_sad.wav,0.3060572147369385
660,a2,happy,/srv/RL_project/repo/outputs/wav/000660_a2_happy.wav,0.599800705909729
661,a2,surprised,/srv/RL_project/repo/outputs/wav/000661_a2_surprised.wav,0.5908105373382568
662,a2,fearful,/srv/RL_project/repo/outputs/wav/000662_a2_fearful.wav,0.6360104084014893
663,a2,neutral,/srv/RL_project/repo/outputs/wav/000663_a2_neutral.wav,0.6097711324691772
664,a2,disgusted,/srv/RL_project/repo/outputs/wav/000664_a2_disgusted.wav,0.6676933765411377
665,a2,disgusted,/srv/RL_project/repo/outputs/wav/000665_a2_disgusted.wav,0.666454017162323
666,a2,happy,/srv/RL_project/repo/outputs/wav/000666_a2_happy.wav,0.6093557476997375
667,a2,angry,/srv/RL_project/repo/outputs/wav/000667_a2_angry.wav,0.6545243859291077
668,a2,neutral,/srv/RL_project/repo/outputs/wav/000668_a2_neutral.wav,0.6954060196876526
669,a2,disgusted,/srv/RL_project/repo/outputs/wav/000669_a2_disgusted.wav,0.6185807585716248
670,a2,disgusted,/srv/RL_project/repo/outputs/wav/000670_a2_disgusted.wav,0.6468194127082825
671,a2,neutral,/srv/RL_project/repo/outputs/wav/000671_a2_neutral.wav,0.6531178951263428
672,a2,happy,/srv/RL_project/repo/outputs/wav/000672_a2_happy.wav,0.5526971220970154
673,a2,fearful,/srv/RL_project/repo/outputs/wav/000673_a2_fearful.wav,0.48490938544273376
674,a2,angry,/srv/RL_project/repo/outputs/wav/000674_a2_angry.wav,0.6011627316474915
675,a2,neutral,/srv/RL_project/repo/outputs/wav/000675_a2_neutral.wav,0.6114250421524048
676,a2,sad,/srv/RL_project/repo/outputs/wav/000676_a2_sad.wav,0.6248654723167419
677,a2,sad,/srv/RL_project/repo/outputs/wav/000677_a2_sad.wav,0.6875468492507935
678,a2,sad,/srv/RL_project/repo/outputs/wav/000678_a2_sad.wav,0.6328038573265076
679,a2,disgusted,/srv/RL_project/repo/outputs/wav/000679_a2_disgusted.wav,0.6118022799491882
680,a2,happy,/srv/RL_project/repo/outputs/wav/000680_a2_happy.wav,0.5664157867431641
681,a2,fearful,/srv/RL_project/repo/outputs/wav/000681_a2_fearful.wav,0.29617634415626526
682,a2,fearful,/srv/RL_project/repo/outputs/wav/000682_a2_fearful.wav,0.578444242477417
683,a2,surprised,/srv/RL_project/repo/outputs/wav/000683_a2_surprised.wav,0.5711094737052917
684,a2,fearful,/srv/RL_project/repo/outputs/wav/000684_a2_fearful.wav,0.6230760216712952
685,a2,disgusted,/srv/RL_project/repo/outputs/wav/000685_a2_disgusted.wav,0.6383575201034546
686,a2,sad,/srv/RL_project/repo/outputs/wav/000686_a2_sad.wav,0.5955418944358826
687,a2,fearful,/srv/RL_project/repo/outputs/wav/000687_a2_fearful.wav,0.5673865675926208
688,a2,sad,/srv/RL_project/repo/outputs/wav/000688_a2_sad.wav,0.6560044288635254
689,a2,surprised,/srv/RL_project/repo/outputs/wav/000689_a2_surprised.wav,0.5766336917877197
690,a2,sad,/srv/RL_project/repo/outputs/wav/000690_a2_sad.wav,0.6482373476028442
691,a2,angry,/srv/RL_project/repo/outputs/wav/000691_a2_angry.wav,0.6615303158760071
692,a2,neutral,/srv/RL_project/repo/outputs/wav/000692_a2_neutral.wav,0.6253459453582764
693,a2,surprised,/srv/RL_project/repo/outputs/wav/000693_a2_surprised.wav,0.5742941498756409
694,a2,fearful,/srv/RL_project/repo/outputs/wav/000694_a2_fearful.wav,0.5954669117927551
695,a2,disgusted,/srv/RL_project/repo/outputs/wav/000695_a2_disgusted.wav,0.6834000945091248
696,a2,sad,/srv/RL_project/repo/outputs/wav/000696_a2_sad.wav,0.607804536819458
697,a2,sad,/srv/RL_project/repo/outputs/wav/000697_a2_sad.wav,0.5841078758239746
698,a2,sad,/srv/RL_project/repo/outputs/wav/000698_a2_sad.wav,0.6380936503410339
699,a2,happy,/srv/RL_project/repo/outputs/wav/000699_a2_happy.wav,0.6411978602409363
700,a2,neutral,/srv/RL_project/repo/outputs/wav/000700_a2_neutral.wav,0.6030154824256897
701,a2,happy,/srv/RL_project/repo/outputs/wav/000701_a2_happy.wav,0.5464552044868469
702,a2,surprised,/srv/RL_project/repo/outputs/wav/000702_a2_surprised.wav,0.3105716109275818
703,a2,neutral,/srv/RL_project/repo/outputs/wav/000703_a2_neutral.wav,0.5494223237037659
704,a2,disgusted,/srv/RL_project/repo/outputs/wav/000704_a2_disgusted.wav,0.5429491996765137
705,a2,happy,/srv/RL_project/repo/outputs/wav/000705_a2_happy.wav,0.6747804880142212
706,a2,surprised,/srv/RL_project/repo/outputs/wav/000706_a2_surprised.wav,0.6408793330192566
707,a2,angry,/srv/RL_project/repo/outputs/wav/000707_a2_angry.wav,0.676498293876648
708,a2,disgusted,/srv/RL_project/repo/outputs/wav/000708_a2_disgusted.wav,0.6462806463241577
709,a2,disgusted,/srv/RL_project/repo/outputs/wav/000709_a2_disgusted.wav,0.6469111442565918
710,a2,angry,/srv/RL_project/repo/outputs/wav/000710_a2_angry.wav,0.6488184928894043
711,a2,neutral,/srv/RL_project/repo/outputs/wav/000711_a2_neutral.wav,0.6105594635009766
712,a2,fearful,/srv/RL_project/repo/outputs/wav/000712_a2_fearful.wav,0.6532347798347473
713,a2,sad,/srv/RL_project/repo/outputs/wav/000713_a2_sad.wav,0.6144428253173828
714,a2,neutral,/srv/RL_project/repo/outputs/wav/000714_a2_neutral.wav,0.5344005227088928
715,a2,neutral,/srv/RL_project/repo/outputs/wav/000715_a2_neutral.wav,0.5456922054290771
716,a2,surprised,/srv/RL_project/repo/outputs/wav/000716_a2_surprised.wav,0.5362644791603088
717,a2,neutral,/srv/RL_project/repo/outputs/wav/000717_a2_neutral.wav,0.6237164735794067
718,a2,neutral,/srv/RL_project/repo/outputs/wav/000718_a2_neutral.wav,0.5806493759155273
719,a2,fearful,/srv/RL_project/repo/outputs/wav/000719_a2_fearful.wav,0.5308732986450195
720,a2,surprised,/srv/RL_project/repo/outputs/wav/000720_a2_surprised.wav,0.643227756023407
721,a2,angry,/srv/RL_project/repo/outputs/wav/000721_a2_angry.wav,0.619174063205719
722,a2,happy,/srv/RL_project/repo/outputs/wav/000722_a2_happy.wav,0.6151860356330872
723,a2,fearful,/srv/RL_project/repo/outputs/wav/000723_a2_fearful.wav,0.6831788420677185
724,a2,sad,/srv/RL_project/repo/outputs/wav/000724_a2_sad.wav,0.6259886622428894
725,a2,angry,/srv/RL_project/repo/outputs/wav/000725_a2_angry.wav,0.6504295468330383
726,a2,happy,/srv/RL_project/repo/outputs/wav/000726_a2_happy.wav,0.5811387896537781
727,a2,angry,/srv/RL_project/repo/outputs/wav/000727_a2_angry.wav,0.4582935571670532
728,a2,neutral,/srv/RL_project/repo/outputs/wav/000728_a2_neutral.wav,0.6390983462333679
729,a2,angry,/srv/RL_project/repo/outputs/wav/000729_a2_angry.wav,0.6686945557594299
730,a2,surprised,/srv/RL_project/repo/outputs/wav/000730_a2_surprised.wav,0.5988125205039978
731,a2,neutral,/srv/RL_project/repo/outputs/wav/000731_a2_neutral.wav,0.6288191080093384
732,a2,disgusted,/srv/RL_project/repo/outputs/wav/000732_a2_disgusted.wav,0.6012006998062134
733,a2,disgusted,/srv/RL_project/repo/outputs/wav/000733_a2_disgusted.wav,0.3352658748626709
734,a2,neutral,/srv/RL_project/repo/outputs/wav/000734_a2_neutral.wav,0.6213997006416321
735,a2,happy,/srv/RL_project/repo/outputs/wav/000735_a2_happy.wav,0.1794011890888214
736,a2,surprised,/srv/RL_project/repo/outputs/wav/000736_a2_surprised.wav,0.615835428237915
737,a2,neutral,/srv/RL_project/repo/outputs/wav/000737_a2_neutral.wav,0.5627689361572266
738,a2,angry,/srv/RL_project/repo/outputs/wav/000738_a2_angry.wav,0.5778892636299133
739,a2,neutral,/srv/RL_project/repo/outputs/wav/000739_a2_neutral.wav,0.6526218056678772
740,a2,happy,/srv/RL_project/repo/outputs/wav/000740_a2_happy.wav,0.5764983296394348
741,a2,angry,/srv/RL_project/repo/outputs/wav/000741_a2_angry.wav,0.6813886165618896
742,a2,disgusted,/srv/RL_project/repo/outputs/wav/000742_a2_disgusted.wav,0.602941632270813
743,a2,disgusted,/srv/RL_project/repo/outputs/wav/000743_a2_disgusted.wav,0.5684840679168701
744,a2,happy,/srv/RL_project/repo/outputs/wav/000744_a2_happy.wav,0.5956262946128845
745,a2,neutral,/srv/RL_project/repo/outputs/wav/000745_a2_neutral.wav,0.2583082318305969
746,a2,surprised,/srv/RL_project/repo/outputs/wav/000746_a2_surprised.wav,0.5685120224952698
747,a2,surprised,/srv/RL_project/repo/outputs/wav/000747_a2_surprised.wav,0.6407281756401062
748,a2,fearful,/srv/RL_project/repo/outputs/wav/000748_a2_fearful.wav,0.6460070610046387
749,a2,happy,/srv/RL_project/repo/outputs/wav/000749_a2_happy.wav,0.6175349950790405
750,a2,disgusted,/srv/RL_project/repo/outputs/wav/000750_a2_disgusted.wav,0.6227806806564331
751,a2,sad,/srv/RL_project/repo/outputs/wav/000751_a2_sad.wav,0.622264564037323
752,a2,disgusted,/srv/RL_project/repo/outputs/wav/000752_a2_disgusted.wav,0.5466375946998596
753,a2,angry,/srv/RL_project/repo/outputs/wav/000753_a2_angry.wav,0.5279984474182129
754,a2,fearful,/srv/RL_project/repo/outputs/wav/000754_a2_fearful.wav,0.6003028154373169
755,a2,disgusted,/srv/RL_project/repo/outputs/wav/000755_a2_disgusted.wav,0.31200575828552246
756,a2,neutral,/srv/RL_project/repo/outputs/wav/000756_a2_neutral.wav,0.6238391995429993
757,a2,disgusted,/srv/RL_project/repo/outputs/wav/000757_a2_disgusted.wav,0.6304779648780823
758,a2,surprised,/srv/RL_project/repo/outputs/wav/000758_a2_surprised.wav,0.6309743523597717
759,a2,surprised,/srv/RL_project/repo/outputs/wav/000759_a2_surprised.wav,0.34977084398269653
760,a2,angry,/srv/RL_project/repo/outputs/wav/000760_a2_angry.wav,0.5789726972579956
761,a2,neutral,/srv/RL_project/repo/outputs/wav/000761_a2_neutral.wav,0.606194257736206
762,a2,surprised,/srv/RL_project/repo/outputs/wav/000762_a2_surprised.wav,0.6270633935928345
763,a2,surprised,/srv/RL_project/repo/outputs/wav/000763_a2_surprised.wav,0.680436372756958
764,a2,neutral,/srv/RL_project/repo/outputs/wav/000764_a2_neutral.wav,0.5802590250968933
765,a2,angry,/srv/RL_project/repo/outputs/wav/000765_a2_angry.wav,0.5541588068008423
766,a2,angry,/srv/RL_project/repo/outputs/wav/000766_a2_angry.wav,0.7010916471481323
767,a2,surprised,/srv/RL_project/repo/outputs/wav/000767_a2_surprised.wav,0.5341903567314148
768,a2,angry,/srv/RL_project/repo/outputs/wav/000768_a2_angry.wav,0.6283090114593506
769,a2,angry,/srv/RL_project/repo/outputs/wav/000769_a2_angry.wav,0.3116569519042969
770,a2,happy,/srv/RL_project/repo/outputs/wav/000770_a2_happy.wav,0.6707144379615784
771,a2,neutral,/srv/RL_project/repo/outputs/wav/000771_a2_neutral.wav,0.5197305679321289
772,a2,disgusted,/srv/RL_project/repo/outputs/wav/000772_a2_disgusted.wav,0.45576271414756775
773,a2,disgusted,/srv/RL_project/repo/outputs/wav/000773_a2_disgusted.wav,0.6536592245101929
774,a2,angry,/srv/RL_project/repo/outputs/wav/000774_a2_angry.wav,0.6106410026550293
775,a2,disgusted,/srv/RL_project/repo/outputs/wav/000775_a2_disgusted.wav,0.6077932119369507
776,a2,surprised,/srv/RL_project/repo/outputs/wav/000776_a2_surprised.wav,0.5461753010749817
777,a2,disgusted,/srv/RL_project/repo/outputs/wav/000777_a2_disgusted.wav,0.6892185211181641
778,a2,angry,/srv/RL_project/repo/outputs/wav/000778_a2_angry.wav,0.5331955552101135
779,a2,neutral,/srv/RL_project/repo/outputs/wav/000779_a2_neutral.wav,0.6575565934181213
780,a2,neutral,/srv/RL_project/repo/outputs/wav/000780_a2_neutral.wav,0.5671592354774475
781,a2,fearful,/srv/RL_project/repo/outputs/wav/000781_a2_fearful.wav,0.6694836616516113
782,a2,surprised,/srv/RL_project/repo/outputs/wav/000782_a2_surprised.wav,0.5694869756698608
783,a2,surprised,/srv/RL_project/repo/outputs/wav/000783_a2_surprised.wav,0.5617674589157104
784,a2,surprised,/srv/RL_project/repo/outputs/wav/000784_a2_surprised.wav,0.6229721903800964
785,a2,angry,/srv/RL_project/repo/outputs/wav/000785_a2_angry.wav,0.5461815595626831
786,a2,neutral,/srv/RL_project/repo/outputs/wav/000786_a2_neutral.wav,0.6448699831962585
787,a2,surprised,/srv/RL_project/repo/outputs/wav/000787_a2_surprised.wav,0.6655747294425964
788,a2,angry,/srv/RL_project/repo/outputs/wav/000788_a2_angry.wav,0.6775133609771729
789,a2,sad,/srv/RL_project/repo/outputs/wav/000789_a2_sad.wav,0.5884392857551575
790,a2,sad,/srv/RL_project/repo/outputs/wav/000790_a2_sad.wav,0.5792335867881775
791,a2,neutral,/srv/RL_project/repo/outputs/wav/000791_a2_neutral.wav,0.6783636212348938
792,a2,surprised,/srv/RL_project/repo/outputs/wav/000792_a2_surprised.wav,0.6143879294395447
793,a2,neutral,/srv/RL_project/repo/outputs/wav/000793_a2_neutral.wav,0.6320635080337524
794,a2,sad,/srv/RL_project/repo/outputs/wav/000794_a2_sad.wav,0.620924711227417
795,a2,fearful,/srv/RL_project/repo/outputs/wav/000795_a2_fearful.wav,0.2751474380493164
796,a2,neutral,/srv/RL_project/repo/outputs/wav/000796_a2_neutral.wav,0.6495458483695984
797,a2,neutral,/srv/RL_project/repo/outputs/wav/000797_a2_neutral.wav,0.7074886560440063
798,a2,happy,/srv/RL_project/repo/outputs/wav/000798_a2_happy.wav,0.6289851665496826
799,a2,neutral,/srv/RL_project/repo/outputs/wav/000799_a2_neutral.wav,0.5883955359458923
800,a2,surprised,/srv/RL_project/repo/outputs/wav/000800_a2_surprised.wav,0.597989559173584
801,a2,fearful,/srv/RL_project/repo/outputs/wav/000801_a2_fearful.wav,0.5203069448471069
802,a2,sad,/srv/RL_project/repo/outputs/wav/000802_a2_sad.wav,0.5955600142478943
803,a2,happy,/srv/RL_project/repo/outputs/wav/000803_a2_happy.wav,0.5861515402793884
804,a2,sad,/srv/RL_project/repo/outputs/wav/000804_a2_sad.wav,0.5967971682548523
805,a2,surprised,/srv/RL_project/repo/outputs/wav/000805_a2_surprised.wav,0.6695870757102966
806,a2,happy,/srv/RL_project/repo/outputs/wav/000806_a2_happy.wav,0.5705644488334656
807,a2,happy,/srv/RL_project/repo/outputs/wav/000807_a2_happy.wav,0.6601681709289551
808,a2,happy,/srv/RL_project/repo/outputs/wav/000808_a2_happy.wav,0.5602365732192993
809,a2,happy,/srv/RL_project/repo/outputs/wav/000809_a2_happy.wav,0.6386693716049194
810,a2,happy,/srv/RL_project/repo/outputs/wav/000810_a2_happy.wav,0.5717663168907166
811,a2,neutral,/srv/RL_project/repo/outputs/wav/000811_a2_neutral.wav,0.45740073919296265
812,a2,disgusted,/srv/RL_project/repo/outputs/wav/000812_a2_disgusted.wav,0.6392629742622375
813,a2,disgusted,/srv/RL_project/repo/outputs/wav/000813_a2_disgusted.wav,0.6327705383300781
814,a2,fearful,/srv/RL_project/repo/outputs/wav/000814_a2_fearful.wav,0.6439918279647827
815,a2,neutral,/srv/RL_project/repo/outputs/wav/000815_a2_neutral.wav,0.4967147707939148
816,a2,disgusted,/srv/RL_project/repo/outputs/wav/000816_a2_disgusted.wav,0.6263147592544556
817,a2,angry,/srv/RL_project/repo/outputs/wav/000817_a2_angry.wav,0.6609209179878235
818,a2,fearful,/srv/RL_project/repo/outputs/wav/000818_a2_fearful.wav,0.626494824886322
819,a2,angry,/srv/RL_project/repo/outputs/wav/000819_a2_angry.wav,0.621743381023407
820,a2,sad,/srv/RL_project/repo/outputs/wav/000820_a2_sad.wav,0.6464316844940186
821,a2,neutral,/srv/RL_project/repo/outputs/wav/000821_a2_neutral.wav,0.6772633194923401
822,a2,sad,/srv/RL_project/repo/outputs/wav/000822_a2_sad.wav,0.5839952230453491
823,a2,fearful,/srv/RL_project/repo/outputs/wav/000823_a2_fearful.wav,0.584313690662384
824,a2,fearful,/srv/RL_project/repo/outputs/wav/000824_a2_fearful.wav,0.5274675488471985
825,a2,fearful,/srv/RL_project/repo/outputs/wav/000825_a2_fearful.wav,0.5960752367973328
826,a2,happy,/srv/RL_project/repo/outputs/wav/000826_a2_happy.wav,0.6022040843963623
827,a2,happy,/srv/RL_project/repo/outputs/wav/000827_a2_happy.wav,0.6038124561309814
828,a2,happy,/srv/RL_project/repo/outputs/wav/000828_a2_happy.wav,0.6561980247497559
829,a2,disgusted,/srv/RL_project/repo/outputs/wav/000829_a2_disgusted.wav,0.5185289978981018
830,a2,neutral,/srv/RL_project/repo/outputs/wav/000830_a2_neutral.wav,0.6303802728652954
831,a2,neutral,/srv/RL_project/repo/outputs/wav/000831_a2_neutral.wav,0.6179858446121216
832,a2,happy,/srv/RL_project/repo/outputs/wav/000832_a2_happy.wav,0.6306023001670837
833,a2,disgusted,/srv/RL_project/repo/outputs/wav/000833_a2_disgusted.wav,0.6586107611656189
834,a2,happy,/srv/RL_project/repo/outputs/wav/000834_a2_happy.wav,0.6367912888526917
835,a2,surprised,/srv/RL_project/repo/outputs/wav/000835_a2_surprised.wav,0.46353715658187866
836,a2,angry,/srv/RL_project/repo/outputs/wav/000836_a2_angry.wav,0.607825517654419
837,a2,fearful,/srv/RL_project/repo/outputs/wav/000837_a2_fearful.wav,0.6911700367927551
838,a2,fearful,/srv/RL_project/repo/outputs/wav/000838_a2_fearful.wav,0.6137328147888184
839,a2,sad,/srv/RL_project/repo/outputs/wav/000839_a2_sad.wav,0.6234622597694397
840,a2,fearful,/srv/RL_project/repo/outputs/wav/000840_a2_fearful.wav,0.6152805685997009
841,a2,surprised,/srv/RL_project/repo/outputs/wav/000841_a2_surprised.wav,0.5910961627960205
842,a2,surprised,/srv/RL_project/repo/outputs/wav/000842_a2_surprised.wav,0.6449850797653198
843,a2,happy,/srv/RL_project/repo/outputs/wav/000843_a2_happy.wav,0.5226299166679382
844,a2,sad,/srv/RL_project/repo/outputs/wav/000844_a2_sad.wav,0.5856234431266785
845,a2,happy,/srv/RL_project/repo/outputs/wav/000845_a2_happy.wav,0.5941623449325562
846,a2,neutral,/srv/RL_project/repo/outputs/wav/000846_a2_neutral.wav,0.5789868831634521
847,a2,neutral,/srv/RL_project/repo/outputs/wav/000847_a2_neutral.wav,0.5606270432472229
848,a2,disgusted,/srv/RL_project/repo/outputs/wav/000848_a2_disgusted.wav,0.5756713151931763
849,a2,angry,/srv/RL_project/repo/outputs/wav/000849_a2_angry.wav,0.6711212992668152
850,a2,happy,/srv/RL_project/repo/outputs/wav/000850_a2_happy.wav,0.6284406781196594
851,a2,fearful,/srv/RL_project/repo/outputs/wav/000851_a2_fearful.wav,0.6559163928031921
852,a2,neutral,/srv/RL_project/repo/outputs/wav/000852_a2_neutral.wav,0.6385261416435242
853,a2,neutral,/srv/RL_project/repo/outputs/wav/000853_a2_neutral.wav,0.5430640578269958
854,a2,fearful,/srv/RL_project/repo/outputs/wav/000854_a2_fearful.wav,0.6212538480758667
855,a2,disgusted,/srv/RL_project/repo/outputs/wav/000855_a2_disgusted.wav,0.5819988250732422
856,a2,fearful,/srv/RL_project/repo/outputs/wav/000856_a2_fearful.wav,0.5657777190208435
857,a2,surprised,/srv/RL_project/repo/outputs/wav/000857_a2_surprised.wav,0.6368303894996643
858,a2,sad,/srv/RL_project/repo/outputs/wav/000858_a2_sad.wav,0.6443742513656616
859,a2,disgusted,/srv/RL_project/repo/outputs/wav/000859_a2_disgusted.wav,0.6282760500907898
860,a2,disgusted,/srv/RL_project/repo/outputs/wav/000860_a2_disgusted.wav,0.5874524712562561
861,a2,surprised,/srv/RL_project/repo/outputs/wav/000861_a2_surprised.wav,0.6369466781616211
862,a2,disgusted,/srv/RL_project/repo/outputs/wav/000862_a2_disgusted.wav,0.5885545015335083
863,a2,fearful,/srv/RL_project/repo/outputs/wav/000863_a2_fearful.wav,0.7206063270568848
864,a2,neutral,/srv/RL_project/repo/outputs/wav/000864_a2_neutral.wav,0.6289815306663513
865,a2,disgusted,/srv/RL_project/repo/outputs/wav/000865_a2_disgusted.wav,0.6274282336235046
866,a2,surprised,/srv/RL_project/repo/outputs/wav/000866_a2_surprised.wav,0.5185073614120483
867,a2,neutral,/srv/RL_project/repo/outputs/wav/000867_a2_neutral.wav,0.6361762881278992
868,a2,neutral,/srv/RL_project/repo/outputs/wav/000868_a2_neutral.wav,0.6249909996986389
869,a2,surprised,/srv/RL_project/repo/outputs/wav/000869_a2_surprised.wav,0.5699694752693176
870,a2,fearful,/srv/RL_project/repo/outputs/wav/000870_a2_fearful.wav,0.6268917322158813
871,a2,disgusted,/srv/RL_project/repo/outputs/wav/000871_a2_disgusted.wav,0.5759936571121216
872,a2,angry,/srv/RL_project/repo/outputs/wav/000872_a2_angry.wav,0.6555790901184082
873,a2,surprised,/srv/RL_project/repo/outputs/wav/000873_a2_surprised.wav,0.6155328750610352
874,a2,disgusted,/srv/RL_project/repo/outputs/wav/000874_a2_disgusted.wav,0.6228451728820801
875,a2,happy,/srv/RL_project/repo/outputs/wav/000875_a2_happy.wav,0.6604577898979187
876,a2,happy,/srv/RL_project/repo/outputs/wav/000876_a2_happy.wav,0.22235798835754395
877,a2,angry,/srv/RL_project/repo/outputs/wav/000877_a2_angry.wav,0.3350362479686737
878,a2,fearful,/srv/RL_project/repo/outputs/wav/000878_a2_fearful.wav,0.25830110907554626
879,a2,sad,/srv/RL_project/repo/outputs/wav/000879_a2_sad.wav,0.5867478251457214
880,a2,fearful,/srv/RL_project/repo/outputs/wav/000880_a2_fearful.wav,0.28386369347572327
881,a2,disgusted,/srv/RL_project/repo/outputs/wav/000881_a2_disgusted.wav,0.6687531471252441
882,a2,neutral,/srv/RL_project/repo/outputs/wav/000882_a2_neutral.wav,0.6577343940734863
883,a2,sad,/srv/RL_project/repo/outputs/wav/000883_a2_sad.wav,0.5265716314315796
884,a2,fearful,/srv/RL_project/repo/outputs/wav/000884_a2_fearful.wav,0.5555433034896851
885,a2,happy,/srv/RL_project/repo/outputs/wav/000885_a2_happy.wav,0.6910749673843384
886,a2,fearful,/srv/RL_project/repo/outputs/wav/000886_a2_fearful.wav,0.6925405263900757
887,a2,surprised,/srv/RL_project/repo/outputs/wav/000887_a2_surprised.wav,0.6721887588500977
888,a2,sad,/srv/RL_project/repo/outputs/wav/000888_a2_sad.wav,0.6669805645942688
889,a2,disgusted,/srv/RL_project/repo/outputs/wav/000889_a2_disgusted.wav,0.6490820050239563
890,a2,sad,/srv/RL_project/repo/outputs/wav/000890_a2_sad.wav,0.3315180540084839
891,a2,disgusted,/srv/RL_project/repo/outputs/wav/000891_a2_disgusted.wav,0.6728407144546509
892,a2,sad,/srv/RL_project/repo/outputs/wav/000892_a2_sad.wav,0.6201489567756653
893,a2,disgusted,/srv/RL_project/repo/outputs/wav/000893_a2_disgusted.wav,0.7049860954284668
894,a2,fearful,/srv/RL_project/repo/outputs/wav/000894_a2_fearful.wav,0.23237977921962738
895,a2,surprised,/srv/RL_project/repo/outputs/wav/000895_a2_surprised.wav,0.5736786723136902
896,a2,fearful,/srv/RL_project/repo/outputs/wav/000896_a2_fearful.wav,0.6427406072616577
897,a2,happy,/srv/RL_project/repo/outputs/wav/000897_a2_happy.wav,0.6764503121376038
898,a2,sad,/srv/RL_project/repo/outputs/wav/000898_a2_sad.wav,0.6482062339782715
899,a2,disgusted,/srv/RL_project/repo/outputs/wav/000899_a2_disgusted.wav,0.6698370575904846
900,a2,angry,/srv/RL_project/repo/outputs/wav/000900_a2_angry.wav,0.23547658324241638
901,a2,fearful,/srv/RL_project/repo/outputs/wav/000901_a2_fearful.wav,0.3340188264846802
902,a2,surprised,/srv/RL_project/repo/outputs/wav/000902_a2_surprised.wav,0.307791531085968
903,a2,surprised,/srv/RL_project/repo/outputs/wav/000903_a2_surprised.wav,0.5810299515724182
904,a2,fearful,/srv/RL_project/repo/outputs/wav/000904_a2_fearful.wav,0.6089608073234558
905,a2,sad,/srv/RL_project/repo/outputs/wav/000905_a2_sad.wav,0.5749161243438721
906,a2,disgusted,/srv/RL_project/repo/outputs/wav/000906_a2_disgusted.wav,0.6569452881813049
907,a2,neutral,/srv/RL_project/repo/outputs/wav/000907_a2_neutral.wav,0.5396892428398132
908,a2,happy,/srv/RL_project/repo/outputs/wav/000908_a2_happy.wav,0.5865603685379028
909,a2,sad,/srv/RL_project/repo/outputs/wav/000909_a2_sad.wav,0.44661590456962585
910,a2,neutral,/srv/RL_project/repo/outputs/wav/000910_a2_neutral.wav,0.5842596292495728
911,a2,fearful,/srv/RL_project/repo/outputs/wav/000911_a2_fearful.wav,0.6103302836418152
912,a2,disgusted,/srv/RL_project/repo/outputs/wav/000912_a2_disgusted.wav,0.20880794525146484
913,a2,sad,/srv/RL_project/repo/outputs/wav/000913_a2_sad.wav,0.6110048890113831
914,a2,happy,/srv/RL_project/repo/outputs/wav/000914_a2_happy.wav,0.6445944309234619
915,a2,angry,/srv/RL_project/repo/outputs/wav/000915_a2_angry.wav,0.5872591137886047
916,a2,neutral,/srv/RL_project/repo/outputs/wav/000916_a2_neutral.wav,0.6058565974235535
917,a2,surprised,/srv/RL_project/repo/outputs/wav/000917_a2_surprised.wav,0.637732982635498
918,a2,angry,/srv/RL_project/repo/outputs/wav/000918_a2_angry.wav,0.668236494064331
919,a2,fearful,/srv/RL_project/repo/outputs/wav/000919_a2_fearful.wav,0.5928586721420288
920,a2,surprised,/srv/RL_project/repo/outputs/wav/000920_a2_surprised.wav,0.43469104170799255
921,a2,fearful,/srv/RL_project/repo/outputs/wav/000921_a2_fearful.wav,0.5555132627487183
922,a2,sad,/srv/RL_project/repo/outputs/wav/000922_a2_sad.wav,0.6291886568069458
923,a2,happy,/srv/RL_project/repo/outputs/wav/000923_a2_happy.wav,0.5958230495452881
924,a2,angry,/srv/RL_project/repo/outputs/wav/000924_a2_angry.wav,0.5856015086174011
925,a2,angry,/srv/RL_project/repo/outputs/wav/000925_a2_angry.wav,0.6198826432228088
926,a2,sad,/srv/RL_project/repo/outputs/wav/000926_a2_sad.wav,0.5679989457130432
927,a2,happy,/srv/RL_project/repo/outputs/wav/000927_a2_happy.wav,0.5388296842575073
928,a2,happy,/srv/RL_project/repo/outputs/wav/000928_a2_happy.wav,0.2680366039276123
929,a2,surprised,/srv/RL_project/repo/outputs/wav/000929_a2_surprised.wav,0.5987927317619324
930,a2,happy,/srv/RL_project/repo/outputs/wav/000930_a2_happy.wav,0.4346869885921478
931,a2,fearful,/srv/RL_project/repo/outputs/wav/000931_a2_fearful.wav,0.5347815752029419
932,a2,happy,/srv/RL_project/repo/outputs/wav/000932_a2_happy.wav,0.4762153625488281
933,a2,surprised,/srv/RL_project/repo/outputs/wav/000933_a2_surprised.wav,0.5888720750808716
934,a2,disgusted,/srv/RL_project/repo/outputs/wav/000934_a2_disgusted.wav,0.685610830783844
935,a2,happy,/srv/RL_project/repo/outputs/wav/000935_a2_happy.wav,0.5233702063560486
936,a2,happy,/srv/RL_project/repo/outputs/wav/000936_a2_happy.wav,0.38885533809661865
937,a2,neutral,/srv/RL_project/repo/outputs/wav/000937_a2_neutral.wav,0.5468732714653015
938,a2,fearful,/srv/RL_project/repo/outputs/wav/000938_a2_fearful.wav,0.6372120976448059
939,a2,disgusted,/srv/RL_project/repo/outputs/wav/000939_a2_disgusted.wav,0.5433704853057861
940,a2,neutral,/srv/RL_project/repo/outputs/wav/000940_a2_neutral.wav,0.6385945081710815
941,a2,angry,/srv/RL_project/repo/outputs/wav/000941_a2_angry.wav,0.5937568545341492
942,a2,angry,/srv/RL_project/repo/outputs/wav/000942_a2_angry.wav,0.646034836769104
943,a2,angry,/srv/RL_project/repo/outputs/wav/000943_a2_angry.wav,0.5477113723754883
944,a2,happy,/srv/RL_project/repo/outputs/wav/000944_a2_happy.wav,0.5766057968139648
945,a2,sad,/srv/RL_project/repo/outputs/wav/000945_a2_sad.wav,0.52420973777771
946,a2,disgusted,/srv/RL_project/repo/outputs/wav/000946_a2_disgusted.wav,0.5828114748001099
947,a2,neutral,/srv/RL_project/repo/outputs/wav/000947_a2_neutral.wav,0.5775589942932129
948,a2,disgusted,/srv/RL_project/repo/outputs/wav/000948_a2_disgusted.wav,0.6659752130508423
949,a2,angry,/srv/RL_project/repo/outputs/wav/000949_a2_angry.wav,0.5789412260055542
950,a2,fearful,/srv/RL_project/repo/outputs/wav/000950_a2_fearful.wav,0.5854317545890808
951,a2,neutral,/srv/RL_project/repo/outputs/wav/000951_a2_neutral.wav,0.6355319619178772
952,a2,sad,/srv/RL_project/repo/outputs/wav/000952_a2_sad.wav,0.6265506148338318
953,a2,fearful,/srv/RL_project/repo/outputs/wav/000953_a2_fearful.wav,0.5945836305618286
954,a2,surprised,/srv/RL_project/repo/outputs/wav/000954_a2_surprised.wav,0.5947706699371338
955,a2,angry,/srv/RL_project/repo/outputs/wav/000955_a2_angry.wav,0.6321164965629578
956,a2,angry,/srv/RL_project/repo/outputs/wav/000956_a2_angry.wav,0.38985559344291687
957,a2,disgusted,/srv/RL_project/repo/outputs/wav/000957_a2_disgusted.wav,0.6325300931930542
958,a2,surprised,/srv/RL_project/repo/outputs/wav/000958_a2_surprised.wav,0.4961540400981903
959,a2,happy,/srv/RL_project/repo/outputs/wav/000959_a2_happy.wav,0.2577221989631653
960,a2,sad,/srv/RL_project/repo/outputs/wav/000960_a2_sad.wav,0.5560996532440186
961,a2,disgusted,/srv/RL_project/repo/outputs/wav/000961_a2_disgusted.wav,0.5904761552810669
962,a2,happy,/srv/RL_project/repo/outputs/wav/000962_a2_happy.wav,0.5840018391609192
963,a2,neutral,/srv/RL_project/repo/outputs/wav/000963_a2_neutral.wav,0.6106384992599487
964,a2,sad,/srv/RL_project/repo/outputs/wav/000964_a2_sad.wav,0.27228862047195435
965,a2,neutral,/srv/RL_project/repo/outputs/wav/000965_a2_neutral.wav,0.6209086179733276
966,a2,neutral,/srv/RL_project/repo/outputs/wav/000966_a2_neutral.wav,0.6867272853851318
967,a2,happy,/srv/RL_project/repo/outputs/wav/000967_a2_happy.wav,0.5882912874221802
968,a2,fearful,/srv/RL_project/repo/outputs/wav/000968_a2_fearful.wav,0.5299091935157776
969,a2,disgusted,/srv/RL_project/repo/outputs/wav/000969_a2_disgusted.wav,0.5639021992683411
970,a2,happy,/srv/RL_project/repo/outputs/wav/000970_a2_happy.wav,0.7098430395126343
971,a2,disgusted,/srv/RL_project/repo/outputs/wav/000971_a2_disgusted.wav,0.284605473279953
972,a2,angry,/srv/RL_project/repo/outputs/wav/000972_a2_angry.wav,0.28291580080986023
973,a2,fearful,/srv/RL_project/repo/outputs/wav/000973_a2_fearful.wav,0.6605193614959717
974,a2,angry,/srv/RL_project/repo/outputs/wav/000974_a2_angry.wav,0.6167905926704407
975,a2,happy,/srv/RL_project/repo/outputs/wav/000975_a2_happy.wav,0.6252523064613342
976,a2,surprised,/srv/RL_project/repo/outputs/wav/000976_a2_surprised.wav,0.6239242553710938
977,a2,sad,/srv/RL_project/repo/outputs/wav/000977_a2_sad.wav,0.6391881108283997
978,a2,neutral,/srv/RL_project/repo/outputs/wav/000978_a2_neutral.wav,0.5597927570343018
979,a2,sad,/srv/RL_project/repo/outputs/wav/000979_a2_sad.wav,0.6840579509735107
980,a2,happy,/srv/RL_project/repo/outputs/wav/000980_a2_happy.wav,0.23534072935581207
981,a2,happy,/srv/RL_project/repo/outputs/wav/000981_a2_happy.wav,0.604160726070404
982,a2,fearful,/srv/RL_project/repo/outputs/wav/000982_a2_fearful.wav,0.6345115303993225
983,a2,disgusted,/srv/RL_project/repo/outputs/wav/000983_a2_disgusted.wav,0.6360262632369995
984,a2,neutral,/srv/RL_project/repo/outputs/wav/000984_a2_neutral.wav,0.6097761392593384
985,a2,neutral,/srv/RL_project/repo/outputs/wav/000985_a2_neutral.wav,0.6676890254020691
986,a2,happy,/srv/RL_project/repo/outputs/wav/000986_a2_happy.wav,0.6664579510688782
987,a2,fearful,/srv/RL_project/repo/outputs/wav/000987_a2_fearful.wav,0.6597979664802551
988,a2,neutral,/srv/RL_project/repo/outputs/wav/000988_a2_neutral.wav,0.3550650477409363
989,a2,surprised,/srv/RL_project/repo/outputs/wav/000989_a2_surprised.wav,0.695409893989563
990,a2,happy,/srv/RL_project/repo/outputs/wav/000990_a2_happy.wav,0.6185808777809143
991,a2,surprised,/srv/RL_project/repo/outputs/wav/000991_a2_surprised.wav,0.6468281745910645
992,a2,surprised,/srv/RL_project/repo/outputs/wav/000992_a2_surprised.wav,0.6531190872192383
993,a2,fearful,/srv/RL_project/repo/outputs/wav/000993_a2_fearful.wav,0.5954192876815796
994,a2,surprised,/srv/RL_project/repo/outputs/wav/000994_a2_surprised.wav,0.4849053621292114
995,a2,surprised,/srv/RL_project/repo/outputs/wav/000995_a2_surprised.wav,0.6011662483215332
996,a2,surprised,/srv/RL_project/repo/outputs/wav/000996_a2_surprised.wav,0.6031477451324463
997,a2,surprised,/srv/RL_project/repo/outputs/wav/000997_a2_surprised.wav,0.6248648166656494
998,a2,sad,/srv/RL_project/repo/outputs/wav/000998_a2_sad.wav,0.6875457167625427
999,a2,fearful,/srv/RL_project/repo/outputs/wav/000999_a2_fearful.wav,0.7035866379737854
1000,a2,disgusted,/srv/RL_project/repo/outputs/wav/001000_a2_disgusted.wav,0.6117979288101196
1001,a2,happy,/srv/RL_project/repo/outputs/wav/001001_a2_happy.wav,0.5664272904396057
1002,a2,sad,/srv/RL_project/repo/outputs/wav/001002_a2_sad.wav,0.29617342352867126
1003,a2,happy,/srv/RL_project/repo/outputs/wav/001003_a2_happy.wav,0.5784422755241394
1004,a2,surprised,/srv/RL_project/repo/outputs/wav/001004_a2_surprised.wav,0.6080588102340698
1005,a2,angry,/srv/RL_project/repo/outputs/wav/001005_a2_angry.wav,0.6230794191360474
1006,a2,neutral,/srv/RL_project/repo/outputs/wav/001006_a2_neutral.wav,0.6383639574050903
1007,a2,angry,/srv/RL_project/repo/outputs/wav/001007_a2_angry.wav,0.5853986740112305
1008,a2,surprised,/srv/RL_project/repo/outputs/wav/001008_a2_surprised.wav,0.6185210943222046
1009,a2,surprised,/srv/RL_project/repo/outputs/wav/001009_a2_surprised.wav,0.6249203681945801
1010,a2,happy,/srv/RL_project/repo/outputs/wav/001010_a2_happy.wav,0.690325915813446
1011,a2,neutral,/srv/RL_project/repo/outputs/wav/001011_a2_neutral.wav,0.590836226940155
1012,a2,fearful,/srv/RL_project/repo/outputs/wav/001012_a2_fearful.wav,0.6458819508552551
1013,a2,happy,/srv/RL_project/repo/outputs/wav/001013_a2_happy.wav,0.6253389716148376
1014,a2,angry,/srv/RL_project/repo/outputs/wav/001014_a2_angry.wav,0.574282705783844
1015,a2,fearful,/srv/RL_project/repo/outputs/wav/001015_a2_fearful.wav,0.6164807081222534
1016,a2,fearful,/srv/RL_project/repo/outputs/wav/001016_a2_fearful.wav,0.6833999752998352
1017,a2,neutral,/srv/RL_project/repo/outputs/wav/001017_a2_neutral.wav,0.6078064441680908
1018,a2,sad,/srv/RL_project/repo/outputs/wav/001018_a2_sad.wav,0.5840978026390076
1019,a2,angry,/srv/RL_project/repo/outputs/wav/001019_a2_angry.wav,0.6380931735038757
1020,a2,disgusted,/srv/RL_project/repo/outputs/wav/001020_a2_disgusted.wav,0.6412000060081482
1021,a2,sad,/srv/RL_project/repo/outputs/wav/001021_a2_sad.wav,0.6030136346817017
1022,a2,angry,/srv/RL_project/repo/outputs/wav/001022_a2_angry.wav,0.5464651584625244
1023,a2,sad,/srv/RL_project/repo/outputs/wav/001023_a2_sad.wav,0.3105763792991638
1024,a2,surprised,/srv/RL_project/repo/outputs/wav/001024_a2_surprised.wav,0.5494250059127808
1025,a2,surprised,/srv/RL_project/repo/outputs/wav/001025_a2_surprised.wav,0.5429540276527405
1026,a2,fearful,/srv/RL_project/repo/outputs/wav/001026_a2_fearful.wav,0.6747819185256958
1027,a2,fearful,/srv/RL_project/repo/outputs/wav/001027_a2_fearful.wav,0.6408780217170715
1028,a2,surprised,/srv/RL_project/repo/outputs/wav/001028_a2_surprised.wav,0.6765049695968628
1029,a2,disgusted,/srv/RL_project/repo/outputs/wav/001029_a2_disgusted.wav,0.6462821960449219
1030,a2,happy,/srv/RL_project/repo/outputs/wav/001030_a2_happy.wav,0.6469069719314575
1031,a2,happy,/srv/RL_project/repo/outputs/wav/001031_a2_happy.wav,0.6488209366798401
1032,a2,sad,/srv/RL_project/repo/outputs/wav/001032_a2_sad.wav,0.6385160088539124
1033,a2,fearful,/srv/RL_project/repo/outputs/wav/001033_a2_fearful.wav,0.6532302498817444
1034,a2,angry,/srv/RL_project/repo/outputs/wav/001034_a2_angry.wav,0.6144390106201172
1035,a2,happy,/srv/RL_project/repo/outputs/wav/001035_a2_happy.wav,0.5343963503837585
1036,a2,surprised,/srv/RL_project/repo/outputs/wav/001036_a2_surprised.wav,0.5456898212432861
1037,a2,surprised,/srv/RL_project/repo/outputs/wav/001037_a2_surprised.wav,0.5362587571144104
1038,a2,disgusted,/srv/RL_project/repo/outputs/wav/001038_a2_disgusted.wav,0.6288267970085144
1039,a2,surprised,/srv/RL_project/repo/outputs/wav/001039_a2_surprised.wav,0.5806507468223572
1040,a2,fearful,/srv/RL_project/repo/outputs/wav/001040_a2_fearful.wav,0.6290172338485718
1041,a2,neutral,/srv/RL_project/repo/outputs/wav/001041_a2_neutral.wav,0.6432265043258667
1042,a2,disgusted,/srv/RL_project/repo/outputs/wav/001042_a2_disgusted.wav,0.6191728115081787
1043,a2,sad,/srv/RL_project/repo/outputs/wav/001043_a2_sad.wav,0.6151859760284424
1044,a2,disgusted,/srv/RL_project/repo/outputs/wav/001044_a2_disgusted.wav,0.6831813454627991
1045,a2,happy,/srv/RL_project/repo/outputs/wav/001045_a2_happy.wav,0.6259927749633789
1046,a2,surprised,/srv/RL_project/repo/outputs/wav/001046_a2_surprised.wav,0.6577615141868591
1047,a2,happy,/srv/RL_project/repo/outputs/wav/001047_a2_happy.wav,0.5811359882354736
1048,a2,sad,/srv/RL_project/repo/outputs/wav/001048_a2_sad.wav,0.4582941234111786
1049,a2,fearful,/srv/RL_project/repo/outputs/wav/001049_a2_fearful.wav,0.6390917897224426
1050,a2,fearful,/srv/RL_project/repo/outputs/wav/001050_a2_fearful.wav,0.6686917543411255
1051,a2,surprised,/srv/RL_project/repo/outputs/wav/001051_a2_surprised.wav,0.5988083481788635
1052,a2,happy,/srv/RL_project/repo/outputs/wav/001052_a2_happy.wav,0.6288161873817444
1053,a2,happy,/srv/RL_project/repo/outputs/wav/001053_a2_happy.wav,0.6012089252471924
1054,a2,disgusted,/srv/RL_project/repo/outputs/wav/001054_a2_disgusted.wav,0.3352801501750946
1055,a2,neutral,/srv/RL_project/repo/outputs/wav/001055_a2_neutral.wav,0.5350762605667114
1056,a2,neutral,/srv/RL_project/repo/outputs/wav/001056_a2_neutral.wav,0.17939209938049316
1057,a2,neutral,/srv/RL_project/repo/outputs/wav/001057_a2_neutral.wav,0.6158419847488403
1058,a2,happy,/srv/RL_project/repo/outputs/wav/001058_a2_happy.wav,0.5627610087394714
1059,a2,neutral,/srv/RL_project/repo/outputs/wav/001059_a2_neutral.wav,0.5778903365135193
1060,a2,angry,/srv/RL_project/repo/outputs/wav/001060_a2_angry.wav,0.614357590675354
1061,a2,happy,/srv/RL_project/repo/outputs/wav/001061_a2_happy.wav,0.5765020847320557
1062,a2,fearful,/srv/RL_project/repo/outputs/wav/001062_a2_fearful.wav,0.6813912391662598
1063,a2,sad,/srv/RL_project/repo/outputs/wav/001063_a2_sad.wav,0.6029440760612488
1064,a2,sad,/srv/RL_project/repo/outputs/wav/001064_a2_sad.wav,0.6402105093002319
1065,a2,happy,/srv/RL_project/repo/outputs/wav/001065_a2_happy.wav,0.5956264734268188
1066,a2,angry,/srv/RL_project/repo/outputs/wav/001066_a2_angry.wav,0.2583101987838745
1067,a2,sad,/srv/RL_project/repo/outputs/wav/001067_a2_sad.wav,0.5685046315193176
1068,a2,disgusted,/srv/RL_project/repo/outputs/wav/001068_a2_disgusted.wav,0.6407383680343628
1069,a2,neutral,/srv/RL_project/repo/outputs/wav/001069_a2_neutral.wav,0.28266289830207825
1070,a2,surprised,/srv/RL_project/repo/outputs/wav/001070_a2_surprised.wav,0.6175293326377869
1071,a2,fearful,/srv/RL_project/repo/outputs/wav/001071_a2_fearful.wav,0.6227813363075256
1072,a2,happy,/srv/RL_project/repo/outputs/wav/001072_a2_happy.wav,0.6222657561302185
1073,a2,sad,/srv/RL_project/repo/outputs/wav/001073_a2_sad.wav,0.5466364622116089
1074,a2,surprised,/srv/RL_project/repo/outputs/wav/001074_a2_surprised.wav,0.5279879570007324
1075,a2,sad,/srv/RL_project/repo/outputs/wav/001075_a2_sad.wav,0.6003051400184631
1076,a2,disgusted,/srv/RL_project/repo/outputs/wav/001076_a2_disgusted.wav,0.31200462579727173
1077,a2,fearful,/srv/RL_project/repo/outputs/wav/001077_a2_fearful.wav,0.6238389015197754
1078,a2,happy,/srv/RL_project/repo/outputs/wav/001078_a2_happy.wav,0.6304827928543091
1079,a2,sad,/srv/RL_project/repo/outputs/wav/001079_a2_sad.wav,0.630979597568512
1080,a2,angry,/srv/RL_project/repo/outputs/wav/001080_a2_angry.wav,0.3497738838195801
1081,a2,surprised,/srv/RL_project/repo/outputs/wav/001081_a2_surprised.wav,0.5789757370948792
1082,a2,fearful,/srv/RL_project/repo/outputs/wav/001082_a2_fearful.wav,0.6062015295028687
1083,a2,surprised,/srv/RL_project/repo/outputs/wav/001083_a2_surprised.wav,0.6270612478256226
1084,a2,surprised,/srv/RL_project/repo/outputs/wav/001084_a2_surprised.wav,0.6804453134536743
1085,a2,sad,/srv/RL_project/repo/outputs/wav/001085_a2_sad.wav,0.5802571177482605
1086,a2,fearful,/srv/RL_project/repo/outputs/wav/001086_a2_fearful.wav,0.5541666150093079
1087,a2,angry,/srv/RL_project/repo/outputs/wav/001087_a2_angry.wav,0.6392331123352051
1088,a2,sad,/srv/RL_project/repo/outputs/wav/001088_a2_sad.wav,0.5342054963111877
1089,a2,disgusted,/srv/RL_project/repo/outputs/wav/001089_a2_disgusted.wav,0.628311038017273
1090,a2,angry,/srv/RL_project/repo/outputs/wav/001090_a2_angry.wav,0.31165581941604614
1091,a2,sad,/srv/RL_project/repo/outputs/wav/001091_a2_sad.wav,0.670716404914856
1092,a2,angry,/srv/RL_project/repo/outputs/wav/001092_a2_angry.wav,0.5197360515594482
1093,a2,angry,/srv/RL_project/repo/outputs/wav/001093_a2_angry.wav,0.45577728748321533
1094,a2,fearful,/srv/RL_project/repo/outputs/wav/001094_a2_fearful.wav,0.591874361038208
1095,a2,surprised,/srv/RL_project/repo/outputs/wav/001095_a2_surprised.wav,0.6106415390968323
1096,a2,sad,/srv/RL_project/repo/outputs/wav/001096_a2_sad.wav,0.6077938675880432
1097,a2,disgusted,/srv/RL_project/repo/outputs/wav/001097_a2_disgusted.wav,0.5461650490760803
1098,a2,disgusted,/srv/RL_project/repo/outputs/wav/001098_a2_disgusted.wav,0.6892160773277283
1099,a2,fearful,/srv/RL_project/repo/outputs/wav/001099_a2_fearful.wav,0.5332078337669373
1100,a2,angry,/srv/RL_project/repo/outputs/wav/001100_a2_angry.wav,0.5976298451423645
1101,a2,fearful,/srv/RL_project/repo/outputs/wav/001101_a2_fearful.wav,0.32824668288230896
1102,a2,angry,/srv/RL_project/repo/outputs/wav/001102_a2_angry.wav,0.6694827675819397
1103,a2,fearful,/srv/RL_project/repo/outputs/wav/001103_a2_fearful.wav,0.5694823861122131
1104,a2,disgusted,/srv/RL_project/repo/outputs/wav/001104_a2_disgusted.wav,0.7308844923973083
1105,a2,angry,/srv/RL_project/repo/outputs/wav/001105_a2_angry.wav,0.6229645609855652
1106,a2,surprised,/srv/RL_project/repo/outputs/wav/001106_a2_surprised.wav,0.5461784601211548
1107,a2,sad,/srv/RL_project/repo/outputs/wav/001107_a2_sad.wav,0.6448698043823242
1108,a2,neutral,/srv/RL_project/repo/outputs/wav/001108_a2_neutral.wav,0.6655749082565308
1109,a2,surprised,/srv/RL_project/repo/outputs/wav/001109_a2_surprised.wav,0.677511990070343
1110,a2,fearful,/srv/RL_project/repo/outputs/wav/001110_a2_fearful.wav,0.564812183380127
1111,a2,sad,/srv/RL_project/repo/outputs/wav/001111_a2_sad.wav,0.5792354941368103
1112,a2,angry,/srv/RL_project/repo/outputs/wav/001112_a2_angry.wav,0.6345919966697693
1113,a2,fearful,/srv/RL_project/repo/outputs/wav/001113_a2_fearful.wav,0.6143867373466492
1114,a2,disgusted,/srv/RL_project/repo/outputs/wav/001114_a2_disgusted.wav,0.6320619583129883
1115,a2,neutral,/srv/RL_project/repo/outputs/wav/001115_a2_neutral.wav,0.6209298372268677
1116,a2,fearful,/srv/RL_project/repo/outputs/wav/001116_a2_fearful.wav,0.2751438021659851
1117,a2,fearful,/srv/RL_project/repo/outputs/wav/001117_a2_fearful.wav,0.6495454907417297
1118,a2,surprised,/srv/RL_project/repo/outputs/wav/001118_a2_surprised.wav,0.7074940204620361
1119,a2,surprised,/srv/RL_project/repo/outputs/wav/001119_a2_surprised.wav,0.6289830207824707
1120,a2,surprised,/srv/RL_project/repo/outputs/wav/001120_a2_surprised.wav,0.588391900062561
1121,a2,disgusted,/srv/RL_project/repo/outputs/wav/001121_a2_disgusted.wav,0.5979934930801392
1122,a2,disgusted,/srv/RL_project/repo/outputs/wav/001122_a2_disgusted.wav,0.5203153491020203
1123,a2,neutral,/srv/RL_project/repo/outputs/wav/001123_a2_neutral.wav,0.5955623984336853
1124,a2,fearful,/srv/RL_project/repo/outputs/wav/001124_a2_fearful.wav,0.5861420631408691
1125,a2,fearful,/srv/RL_project/repo/outputs/wav/001125_a2_fearful.wav,0.5968009829521179
1126,a2,sad,/srv/RL_project/repo/outputs/wav/001126_a2_sad.wav,0.6684805154800415
1127,a2,neutral,/srv/RL_project/repo/outputs/wav/001127_a2_neutral.wav,0.5705631971359253
1128,a2,angry,/srv/RL_project/repo/outputs/wav/001128_a2_angry.wav,0.6601624488830566
1129,a2,sad,/srv/RL_project/repo/outputs/wav/001129_a2_sad.wav,0.5602351427078247
1130,a2,fearful,/srv/RL_project/repo/outputs/wav/001130_a2_fearful.wav,0.6386684775352478
1131,a2,angry,/srv/RL_project/repo/outputs/wav/001131_a2_angry.wav,0.49466556310653687
1132,a2,surprised,/srv/RL_project/repo/outputs/wav/001132_a2_surprised.wav,0.45740723609924316
1133,a2,angry,/srv/RL_project/repo/outputs/wav/001133_a2_angry.wav,0.6073246598243713
1134,a2,happy,/srv/RL_project/repo/outputs/wav/001134_a2_happy.wav,0.6327680349349976
1135,a2,neutral,/srv/RL_project/repo/outputs/wav/001135_a2_neutral.wav,0.6439908742904663
1136,a2,neutral,/srv/RL_project/repo/outputs/wav/001136_a2_neutral.wav,0.49672478437423706
1137,a2,fearful,/srv/RL_project/repo/outputs/wav/001137_a2_fearful.wav,0.6149021983146667
1138,a2,fearful,/srv/RL_project/repo/outputs/wav/001138_a2_fearful.wav,0.5916882753372192
1139,a2,sad,/srv/RL_project/repo/outputs/wav/001139_a2_sad.wav,0.6264969706535339
1140,a2,surprised,/srv/RL_project/repo/outputs/wav/001140_a2_surprised.wav,0.621746301651001
1141,a2,fearful,/srv/RL_project/repo/outputs/wav/001141_a2_fearful.wav,0.646423876285553
1142,a2,disgusted,/srv/RL_project/repo/outputs/wav/001142_a2_disgusted.wav,0.6772643327713013
1143,a2,surprised,/srv/RL_project/repo/outputs/wav/001143_a2_surprised.wav,0.5839821100234985
1144,a2,sad,/srv/RL_project/repo/outputs/wav/001144_a2_sad.wav,0.5843175053596497
1145,a2,fearful,/srv/RL_project/repo/outputs/wav/001145_a2_fearful.wav,0.5274633765220642
1146,a2,fearful,/srv/RL_project/repo/outputs/wav/001146_a2_fearful.wav,0.5960711240768433
1147,a2,happy,/srv/RL_project/repo/outputs/wav/001147_a2_happy.wav,0.6022090911865234
1148,a2,happy,/srv/RL_project/repo/outputs/wav/001148_a2_happy.wav,0.6038072109222412
1149,a2,fearful,/srv/RL_project/repo/outputs/wav/001149_a2_fearful.wav,0.6561976671218872
1150,a2,neutral,/srv/RL_project/repo/outputs/wav/001150_a2_neutral.wav,0.5185203552246094
1151,a2,angry,/srv/RL_project/repo/outputs/wav/001151_a2_angry.wav,0.6303839683532715
1152,a2,neutral,/srv/RL_project/repo/outputs/wav/001152_a2_neutral.wav,0.6179723739624023
1153,a2,happy,/srv/RL_project/repo/outputs/wav/001153_a2_happy.wav,0.6306085586547852
1154,a2,happy,/srv/RL_project/repo/outputs/wav/001154_a2_happy.wav,0.5579363703727722
1155,a2,angry,/srv/RL_project/repo/outputs/wav/001155_a2_angry.wav,0.6367765665054321
1156,a2,happy,/srv/RL_project/repo/outputs/wav/001156_a2_happy.wav,0.46352991461753845
1157,a2,sad,/srv/RL_project/repo/outputs/wav/001157_a2_sad.wav,0.6078259348869324
1158,a2,disgusted,/srv/RL_project/repo/outputs/wav/001158_a2_disgusted.wav,0.6911737322807312
1159,a2,happy,/srv/RL_project/repo/outputs/wav/001159_a2_happy.wav,0.6137272715568542
1160,a2,sad,/srv/RL_project/repo/outputs/wav/001160_a2_sad.wav,0.6234620809555054
1161,a2,angry,/srv/RL_project/repo/outputs/wav/001161_a2_angry.wav,0.6152721643447876
1162,a2,fearful,/srv/RL_project/repo/outputs/wav/001162_a2_fearful.wav,0.5910946726799011
1163,a2,happy,/srv/RL_project/repo/outputs/wav/001163_a2_happy.wav,0.6449887156486511
1164,a2,neutral,/srv/RL_project/repo/outputs/wav/001164_a2_neutral.wav,0.5226338505744934
1165,a2,happy,/srv/RL_project/repo/outputs/wav/001165_a2_happy.wav,0.6823744177818298
1166,a2,neutral,/srv/RL_project/repo/outputs/wav/001166_a2_neutral.wav,0.5800192356109619
1167,a2,angry,/srv/RL_project/repo/outputs/wav/001167_a2_angry.wav,0.5789861679077148
1168,a2,happy,/srv/RL_project/repo/outputs/wav/001168_a2_happy.wav,0.5606182217597961
1169,a2,fearful,/srv/RL_project/repo/outputs/wav/001169_a2_fearful.wav,0.5756742358207703
1170,a2,disgusted,/srv/RL_project/repo/outputs/wav/001170_a2_disgusted.wav,0.6681691408157349
1171,a2,happy,/srv/RL_project/repo/outputs/wav/001171_a2_happy.wav,0.6284388303756714
1172,a2,fearful,/srv/RL_project/repo/outputs/wav/001172_a2_fearful.wav,0.5971713662147522
1173,a2,neutral,/srv/RL_project/repo/outputs/wav/001173_a2_neutral.wav,0.6385219097137451
1174,a2,surprised,/srv/RL_project/repo/outputs/wav/001174_a2_surprised.wav,0.5430682301521301
1175,a2,happy,/srv/RL_project/repo/outputs/wav/001175_a2_happy.wav,0.6212514638900757
1176,a2,fearful,/srv/RL_project/repo/outputs/wav/001176_a2_fearful.wav,0.5819990634918213
1177,a2,angry,/srv/RL_project/repo/outputs/wav/001177_a2_angry.wav,0.6184501051902771
1178,a2,disgusted,/srv/RL_project/repo/outputs/wav/001178_a2_disgusted.wav,0.6230306029319763
1179,a2,neutral,/srv/RL_project/repo/outputs/wav/001179_a2_neutral.wav,0.51882404088974
1180,a2,fearful,/srv/RL_project/repo/outputs/wav/001180_a2_fearful.wav,0.6282836198806763
1181,a2,neutral,/srv/RL_project/repo/outputs/wav/001181_a2_neutral.wav,0.5942098498344421
1182,a2,fearful,/srv/RL_project/repo/outputs/wav/001182_a2_fearful.wav,0.5963771939277649
1183,a2,disgusted,/srv/RL_project/repo/outputs/wav/001183_a2_disgusted.wav,0.5885623097419739
1184,a2,angry,/srv/RL_project/repo/outputs/wav/001184_a2_angry.wav,0.7206078767776489
1185,a2,neutral,/srv/RL_project/repo/outputs/wav/001185_a2_neutral.wav,0.6289864182472229
1186,a2,angry,/srv/RL_project/repo/outputs/wav/001186_a2_angry.wav,0.6274203658103943
1187,a2,disgusted,/srv/RL_project/repo/outputs/wav/001187_a2_disgusted.wav,0.5184958577156067
1188,a2,sad,/srv/RL_project/repo/outputs/wav/001188_a2_sad.wav,0.6361773014068604
1189,a2,sad,/srv/RL_project/repo/outputs/wav/001189_a2_sad.wav,0.5626842975616455
1190,a2,sad,/srv/RL_project/repo/outputs/wav/001190_a2_sad.wav,0.5699729919433594
1191,a2,happy,/srv/RL_project/repo/outputs/wav/001191_a2_happy.wav,0.6268953084945679
1192,a2,happy,/srv/RL_project/repo/outputs/wav/001192_a2_happy.wav,0.5759909152984619
1193,a2,angry,/srv/RL_project/repo/outputs/wav/001193_a2_angry.wav,0.4883213937282562
1194,a2,disgusted,/srv/RL_project/repo/outputs/wav/001194_a2_disgusted.wav,0.6155269742012024
1195,a2,happy,/srv/RL_project/repo/outputs/wav/001195_a2_happy.wav,0.6228528022766113
1196,a2,neutral,/srv/RL_project/repo/outputs/wav/001196_a2_neutral.wav,0.6604597568511963
1197,a2,disgusted,/srv/RL_project/repo/outputs/wav/001197_a2_disgusted.wav,0.2223597913980484
1198,a2,fearful,/srv/RL_project/repo/outputs/wav/001198_a2_fearful.wav,0.3350302577018738
1199,a2,neutral,/srv/RL_project/repo/outputs/wav/001199_a2_neutral.wav,0.598994255065918
1200,a2,happy,/srv/RL_project/repo/outputs/wav/001200_a2_happy.wav,0.5867323875427246
1201,a2,sad,/srv/RL_project/repo/outputs/wav/001201_a2_sad.wav,0.2838629186153412
1202,a2,fearful,/srv/RL_project/repo/outputs/wav/001202_a2_fearful.wav,0.66875159740448
1203,a2,surprised,/srv/RL_project/repo/outputs/wav/001203_a2_surprised.wav,0.6577388048171997
1204,a2,angry,/srv/RL_project/repo/outputs/wav/001204_a2_angry.wav,0.5900807976722717
1205,a2,angry,/srv/RL_project/repo/outputs/wav/001205_a2_angry.wav,0.28853467106819153
1206,a2,happy,/srv/RL_project/repo/outputs/wav/001206_a2_happy.wav,0.6153688430786133
1207,a2,disgusted,/srv/RL_project/repo/outputs/wav/001207_a2_disgusted.wav,0.6612066030502319
1208,a2,disgusted,/srv/RL_project/repo/outputs/wav/001208_a2_disgusted.wav,0.6583666801452637
1209,a2,sad,/srv/RL_project/repo/outputs/wav/001209_a2_sad.wav,0.6588982343673706
1210,a2,fearful,/srv/RL_project/repo/outputs/wav/001210_a2_fearful.wav,0.6101067662239075
1211,a2,happy,/srv/RL_project/repo/outputs/wav/001211_a2_happy.wav,0.331525593996048
1212,a2,neutral,/srv/RL_project/repo/outputs/wav/001212_a2_neutral.wav,0.6728421449661255
1213,a2,surprised,/srv/RL_project/repo/outputs/wav/001213_a2_surprised.wav,0.6201447248458862
1214,a2,surprised,/srv/RL_project/repo/outputs/wav/001214_a2_surprised.wav,0.7049903869628906
1215,a2,fearful,/srv/RL_project/repo/outputs/wav/001215_a2_fearful.wav,0.23237314820289612
1216,a2,disgusted,/srv/RL_project/repo/outputs/wav/001216_a2_disgusted.wav,0.5736707448959351
1217,a2,disgusted,/srv/RL_project/repo/outputs/wav/001217_a2_disgusted.wav,0.6427456140518188
1218,a2,happy,/srv/RL_project/repo/outputs/wav/001218_a2_happy.wav,0.6764464974403381
1219,a2,surprised,/srv/RL_project/repo/outputs/wav/001219_a2_surprised.wav,0.6482030153274536
1220,a2,fearful,/srv/RL_project/repo/outputs/wav/001220_a2_fearful.wav,0.248316690325737
1221,a2,fearful,/srv/RL_project/repo/outputs/wav/001221_a2_fearful.wav,0.23546327650547028
1222,a2,sad,/srv/RL_project/repo/outputs/wav/001222_a2_sad.wav,0.3340163826942444
1223,a2,fearful,/srv/RL_project/repo/outputs/wav/001223_a2_fearful.wav,0.3077975809574127
1224,a2,surprised,/srv/RL_project/repo/outputs/wav/001224_a2_surprised.wav,0.5810274481773376
1225,a2,happy,/srv/RL_project/repo/outputs/wav/001225_a2_happy.wav,0.6089696884155273
1226,a2,happy,/srv/RL_project/repo/outputs/wav/001226_a2_happy.wav,0.5749235153198242
1227,a2,neutral,/srv/RL_project/repo/outputs/wav/001227_a2_neutral.wav,0.6569455862045288
1228,a2,sad,/srv/RL_project/repo/outputs/wav/001228_a2_sad.wav,0.5396833419799805
1229,a2,neutral,/srv/RL_project/repo/outputs/wav/001229_a2_neutral.wav,0.5865430235862732
1230,a2,happy,/srv/RL_project/repo/outputs/wav/001230_a2_happy.wav,0.44660621881484985
1231,a2,sad,/srv/RL_project/repo/outputs/wav/001231_a2_sad.wav,0.584257960319519
1232,a2,happy,/srv/RL_project/repo/outputs/wav/001232_a2_happy.wav,0.6103261709213257
1233,a2,fearful,/srv/RL_project/repo/outputs/wav/001233_a2_fearful.wav,0.20879948139190674
1234,a2,happy,/srv/RL_project/repo/outputs/wav/001234_a2_happy.wav,0.6110128164291382
1235,a2,fearful,/srv/RL_project/repo/outputs/wav/001235_a2_fearful.wav,0.644599437713623
1236,a2,neutral,/srv/RL_project/repo/outputs/wav/001236_a2_neutral.wav,0.5872652530670166
1237,a2,happy,/srv/RL_project/repo/outputs/wav/001237_a2_happy.wav,0.6058613657951355
1238,a2,surprised,/srv/RL_project/repo/outputs/wav/001238_a2_surprised.wav,0.6377313137054443
1239,a2,angry,/srv/RL_project/repo/outputs/wav/001239_a2_angry.wav,0.6682476997375488
1240,a2,disgusted,/srv/RL_project/repo/outputs/wav/001240_a2_disgusted.wav,0.6252852082252502
1241,a2,surprised,/srv/RL_project/repo/outputs/wav/001241_a2_surprised.wav,0.4346994459629059
1242,a2,fearful,/srv/RL_project/repo/outputs/wav/001242_a2_fearful.wav,0.5555180311203003
1243,a2,neutral,/srv/RL_project/repo/outputs/wav/001243_a2_neutral.wav,0.5487191081047058
1244,a2,disgusted,/srv/RL_project/repo/outputs/wav/001244_a2_disgusted.wav,0.5958457589149475
1245,a2,neutral,/srv/RL_project/repo/outputs/wav/001245_a2_neutral.wav,0.5856058597564697
1246,a2,angry,/srv/RL_project/repo/outputs/wav/001246_a2_angry.wav,0.6272215843200684
1247,a2,surprised,/srv/RL_project/repo/outputs/wav/001247_a2_surprised.wav,0.5680039525032043
1248,a2,sad,/srv/RL_project/repo/outputs/wav/001248_a2_sad.wav,0.538831353187561
1249,a2,angry,/srv/RL_project/repo/outputs/wav/001249_a2_angry.wav,0.26804184913635254
1250,a2,surprised,/srv/RL_project/repo/outputs/wav/001250_a2_surprised.wav,0.5250992178916931
1251,a2,fearful,/srv/RL_project/repo/outputs/wav/001251_a2_fearful.wav,0.43467944860458374
1252,a2,neutral,/srv/RL_project/repo/outputs/wav/001252_a2_neutral.wav,0.5347614884376526
1253,a2,disgusted,/srv/RL_project/repo/outputs/wav/001253_a2_disgusted.wav,0.476229727268219
1254,a2,fearful,/srv/RL_project/repo/outputs/wav/001254_a2_fearful.wav,0.5888677835464478
1255,a2,sad,/srv/RL_project/repo/outputs/wav/001255_a2_sad.wav,0.6178702116012573
1256,a2,angry,/srv/RL_project/repo/outputs/wav/001256_a2_angry.wav,0.5233792662620544
1257,a2,surprised,/srv/RL_project/repo/outputs/wav/001257_a2_surprised.wav,0.38886186480522156
1258,a2,happy,/srv/RL_project/repo/outputs/wav/001258_a2_happy.wav,0.6006271243095398
1259,a2,surprised,/srv/RL_project/repo/outputs/wav/001259_a2_surprised.wav,0.6372208595275879
1260,a2,surprised,/srv/RL_project/repo/outputs/wav/001260_a2_surprised.wav,0.5433774590492249
1261,a2,disgusted,/srv/RL_project/repo/outputs/wav/001261_a2_disgusted.wav,0.6118428707122803
1262,a2,sad,/srv/RL_project/repo/outputs/wav/001262_a2_sad.wav,0.5930458307266235
1263,a2,surprised,/srv/RL_project/repo/outputs/wav/001263_a2_surprised.wav,0.6566381454467773
1264,a2,disgusted,/srv/RL_project/repo/outputs/wav/001264_a2_disgusted.wav,0.5477134585380554
1265,a2,disgusted,/srv/RL_project/repo/outputs/wav/001265_a2_disgusted.wav,0.5766005516052246
1266,a2,fearful,/srv/RL_project/repo/outputs/wav/001266_a2_fearful.wav,0.5242031216621399
1267,a2,surprised,/srv/RL_project/repo/outputs/wav/001267_a2_surprised.wav,0.5828123688697815
1268,a2,disgusted,/srv/RL_project/repo/outputs/wav/001268_a2_disgusted.wav,0.5775705575942993
1269,a2,happy,/srv/RL_project/repo/outputs/wav/001269_a2_happy.wav,0.6855180859565735
1270,a2,sad,/srv/RL_project/repo/outputs/wav/001270_a2_sad.wav,0.5789331793785095
1271,a2,surprised,/srv/RL_project/repo/outputs/wav/001271_a2_surprised.wav,0.5854350924491882
1272,a2,neutral,/srv/RL_project/repo/outputs/wav/001272_a2_neutral.wav,0.6355295181274414
1273,a2,neutral,/srv/RL_project/repo/outputs/wav/001273_a2_neutral.wav,0.6265525817871094
1274,a2,angry,/srv/RL_project/repo/outputs/wav/001274_a2_angry.wav,0.5990628600120544
1275,a2,disgusted,/srv/RL_project/repo/outputs/wav/001275_a2_disgusted.wav,0.5947721004486084
1276,a2,angry,/srv/RL_project/repo/outputs/wav/001276_a2_angry.wav,0.6321099400520325
1277,a2,fearful,/srv/RL_project/repo/outputs/wav/001277_a2_fearful.wav,0.38985908031463623
1278,a2,disgusted,/srv/RL_project/repo/outputs/wav/001278_a2_disgusted.wav,0.6325346231460571
1279,a2,disgusted,/srv/RL_project/repo/outputs/wav/001279_a2_disgusted.wav,0.4961612820625305
1280,a2,sad,/srv/RL_project/repo/outputs/wav/001280_a2_sad.wav,0.6083682775497437
1281,a2,sad,/srv/RL_project/repo/outputs/wav/001281_a2_sad.wav,0.5560586452484131
1282,a2,disgusted,/srv/RL_project/repo/outputs/wav/001282_a2_disgusted.wav,0.5904741287231445
1283,a2,sad,/srv/RL_project/repo/outputs/wav/001283_a2_sad.wav,0.5840044617652893
1284,a2,neutral,/srv/RL_project/repo/outputs/wav/001284_a2_neutral.wav,0.6106574535369873
1285,a2,fearful,/srv/RL_project/repo/outputs/wav/001285_a2_fearful.wav,0.4122987687587738
1286,a2,sad,/srv/RL_project/repo/outputs/wav/001286_a2_sad.wav,0.6315308213233948
1287,a2,surprised,/srv/RL_project/repo/outputs/wav/001287_a2_surprised.wav,0.6065579056739807
1288,a2,neutral,/srv/RL_project/repo/outputs/wav/001288_a2_neutral.wav,0.5675972700119019
1289,a2,happy,/srv/RL_project/repo/outputs/wav/001289_a2_happy.wav,0.6580551862716675
1290,a2,neutral,/srv/RL_project/repo/outputs/wav/001290_a2_neutral.wav,0.6061294674873352
1291,a2,neutral,/srv/RL_project/repo/outputs/wav/001291_a2_neutral.wav,0.6030030846595764
1292,a2,sad,/srv/RL_project/repo/outputs/wav/001292_a2_sad.wav,0.6279357671737671
1293,a2,neutral,/srv/RL_project/repo/outputs/wav/001293_a2_neutral.wav,0.6065546870231628
1294,a2,fearful,/srv/RL_project/repo/outputs/wav/001294_a2_fearful.wav,0.7022070288658142
1295,a2,fearful,/srv/RL_project/repo/outputs/wav/001295_a2_fearful.wav,0.5367332696914673
1296,a2,fearful,/srv/RL_project/repo/outputs/wav/001296_a2_fearful.wav,0.5693153738975525
1297,a2,disgusted,/srv/RL_project/repo/outputs/wav/001297_a2_disgusted.wav,0.48593926429748535
1298,a2,angry,/srv/RL_project/repo/outputs/wav/001298_a2_angry.wav,0.6975682377815247
1299,a2,disgusted,/srv/RL_project/repo/outputs/wav/001299_a2_disgusted.wav,0.5674349665641785
1300,a2,fearful,/srv/RL_project/repo/outputs/wav/001300_a2_fearful.wav,0.553946316242218
1301,a2,fearful,/srv/RL_project/repo/outputs/wav/001301_a2_fearful.wav,0.6955687403678894
1302,a2,angry,/srv/RL_project/repo/outputs/wav/001302_a2_angry.wav,0.6573920845985413
1303,a2,surprised,/srv/RL_project/repo/outputs/wav/001303_a2_surprised.wav,0.3511020541191101
1304,a2,happy,/srv/RL_project/repo/outputs/wav/001304_a2_happy.wav,0.5326970219612122
1305,a2,neutral,/srv/RL_project/repo/outputs/wav/001305_a2_neutral.wav,0.6327201128005981
1306,a2,fearful,/srv/RL_project/repo/outputs/wav/001306_a2_fearful.wav,0.5946990847587585
1307,a2,disgusted,/srv/RL_project/repo/outputs/wav/001307_a2_disgusted.wav,0.24629473686218262
1308,a2,disgusted,/srv/RL_project/repo/outputs/wav/001308_a2_disgusted.wav,0.6273615956306458
1309,a2,surprised,/srv/RL_project/repo/outputs/wav/001309_a2_surprised.wav,0.6932907104492188
1310,a2,surprised,/srv/RL_project/repo/outputs/wav/001310_a2_surprised.wav,0.5517683029174805
1311,a2,neutral,/srv/RL_project/repo/outputs/wav/001311_a2_neutral.wav,0.6972731947898865
1312,a2,angry,/srv/RL_project/repo/outputs/wav/001312_a2_angry.wav,0.6410698890686035
1313,a2,sad,/srv/RL_project/repo/outputs/wav/001313_a2_sad.wav,0.5515414476394653
1314,a2,neutral,/srv/RL_project/repo/outputs/wav/001314_a2_neutral.wav,0.5437406301498413
1315,a2,surprised,/srv/RL_project/repo/outputs/wav/001315_a2_surprised.wav,0.5930418968200684
1316,a2,neutral,/srv/RL_project/repo/outputs/wav/001316_a2_neutral.wav,0.5460257530212402
1317,a2,disgusted,/srv/RL_project/repo/outputs/wav/001317_a2_disgusted.wav,0.5153781175613403
1318,a2,happy,/srv/RL_project/repo/outputs/wav/001318_a2_happy.wav,0.6396198868751526
1319,a2,disgusted,/srv/RL_project/repo/outputs/wav/001319_a2_disgusted.wav,0.6509908437728882
1320,a2,neutral,/srv/RL_project/repo/outputs/wav/001320_a2_neutral.wav,0.625166654586792
1321,a2,disgusted,/srv/RL_project/repo/outputs/wav/001321_a2_disgusted.wav,0.4974804222583771
1322,a2,angry,/srv/RL_project/repo/outputs/wav/001322_a2_angry.wav,0.6345363855361938
1323,a2,happy,/srv/RL_project/repo/outputs/wav/001323_a2_happy.wav,0.6229472160339355
1324,a2,happy,/srv/RL_project/repo/outputs/wav/001324_a2_happy.wav,0.6574781537055969
1325,a2,sad,/srv/RL_project/repo/outputs/wav/001325_a2_sad.wav,0.545139729976654
1326,a2,happy,/srv/RL_project/repo/outputs/wav/001326_a2_happy.wav,0.5219992995262146
1327,a2,angry,/srv/RL_project/repo/outputs/wav/001327_a2_angry.wav,0.5626164674758911
1328,a2,sad,/srv/RL_project/repo/outputs/wav/001328_a2_sad.wav,0.5979779362678528
1329,a2,disgusted,/srv/RL_project/repo/outputs/wav/001329_a2_disgusted.wav,0.6309751272201538
1330,a2,sad,/srv/RL_project/repo/outputs/wav/001330_a2_sad.wav,0.5842360258102417
1331,a2,angry,/srv/RL_project/repo/outputs/wav/001331_a2_angry.wav,0.5302153825759888
1332,a2,surprised,/srv/RL_project/repo/outputs/wav/001332_a2_surprised.wav,0.2596360445022583
1333,a2,disgusted,/srv/RL_project/repo/outputs/wav/001333_a2_disgusted.wav,0.565627932548523
1334,a2,angry,/srv/RL_project/repo/outputs/wav/001334_a2_angry.wav,0.6417714357376099
1335,a2,disgusted,/srv/RL_project/repo/outputs/wav/001335_a2_disgusted.wav,0.5453864336013794
1336,a2,happy,/srv/RL_project/repo/outputs/wav/001336_a2_happy.wav,0.5679014921188354
1337,a2,disgusted,/srv/RL_project/repo/outputs/wav/001337_a2_disgusted.wav,0.5612867474555969
1338,a2,angry,/srv/RL_project/repo/outputs/wav/001338_a2_angry.wav,0.596171498298645
1339,a2,neutral,/srv/RL_project/repo/outputs/wav/001339_a2_neutral.wav,0.6336278319358826
1340,a2,sad,/srv/RL_project/repo/outputs/wav/001340_a2_sad.wav,0.5446305274963379
1341,a2,surprised,/srv/RL_project/repo/outputs/wav/001341_a2_surprised.wav,0.592905580997467
1342,a2,surprised,/srv/RL_project/repo/outputs/wav/001342_a2_surprised.wav,0.5969751477241516
1343,a2,fearful,/srv/RL_project/repo/outputs/wav/001343_a2_fearful.wav,0.5966446399688721
1344,a2,surprised,/srv/RL_project/repo/outputs/wav/001344_a2_surprised.wav,0.6600276231765747
1345,a2,sad,/srv/RL_project/repo/outputs/wav/001345_a2_sad.wav,0.6441547870635986
1346,a2,fearful,/srv/RL_project/repo/outputs/wav/001346_a2_fearful.wav,0.649249255657196
1347,a2,sad,/srv/RL_project/repo/outputs/wav/001347_a2_sad.wav,0.6428943872451782
1348,a2,sad,/srv/RL_project/repo/outputs/wav/001348_a2_sad.wav,0.6469017267227173
1349,a2,fearful,/srv/RL_project/repo/outputs/wav/001349_a2_fearful.wav,0.650046706199646
1350,a2,angry,/srv/RL_project/repo/outputs/wav/001350_a2_angry.wav,0.6679251194000244
1351,a2,fearful,/srv/RL_project/repo/outputs/wav/001351_a2_fearful.wav,0.6468982100486755
1352,a2,angry,/srv/RL_project/repo/outputs/wav/001352_a2_angry.wav,0.5726158022880554
1353,a2,disgusted,/srv/RL_project/repo/outputs/wav/001353_a2_disgusted.wav,0.5018417835235596
1354,a2,neutral,/srv/RL_project/repo/outputs/wav/001354_a2_neutral.wav,0.6010185480117798
1355,a2,angry,/srv/RL_project/repo/outputs/wav/001355_a2_angry.wav,0.6342804431915283
1356,a2,sad,/srv/RL_project/repo/outputs/wav/001356_a2_sad.wav,0.6424424648284912
1357,a2,happy,/srv/RL_project/repo/outputs/wav/001357_a2_happy.wav,0.5954268574714661
1358,a2,neutral,/srv/RL_project/repo/outputs/wav/001358_a2_neutral.wav,0.6571605205535889
1359,a2,sad,/srv/RL_project/repo/outputs/wav/001359_a2_sad.wav,0.6136836409568787
1360,a2,happy,/srv/RL_project/repo/outputs/wav/001360_a2_happy.wav,0.22602295875549316
1361,a2,happy,/srv/RL_project/repo/outputs/wav/001361_a2_happy.wav,0.6006146669387817
1362,a2,sad,/srv/RL_project/repo/outputs/wav/001362_a2_sad.wav,0.6019167304039001
1363,a2,happy,/srv/RL_project/repo/outputs/wav/001363_a2_happy.wav,0.6361891031265259
1364,a2,angry,/srv/RL_project/repo/outputs/wav/001364_a2_angry.wav,0.5453921556472778
1365,a2,fearful,/srv/RL_project/repo/outputs/wav/001365_a2_fearful.wav,0.6947613954544067
1366,a2,disgusted,/srv/RL_project/repo/outputs/wav/001366_a2_disgusted.wav,0.6456882953643799
1367,a2,sad,/srv/RL_project/repo/outputs/wav/001367_a2_sad.wav,0.5651664137840271
1368,a2,angry,/srv/RL_project/repo/outputs/wav/001368_a2_angry.wav,0.6812434792518616
1369,a2,sad,/srv/RL_project/repo/outputs/wav/001369_a2_sad.wav,0.5912997126579285
1370,a2,happy,/srv/RL_project/repo/outputs/wav/001370_a2_happy.wav,0.2704242765903473
1371,a2,disgusted,/srv/RL_project/repo/outputs/wav/001371_a2_disgusted.wav,0.7067111134529114
1372,a2,happy,/srv/RL_project/repo/outputs/wav/001372_a2_happy.wav,0.6359591484069824
1373,a2,neutral,/srv/RL_project/repo/outputs/wav/001373_a2_neutral.wav,0.6429072618484497
1374,a2,sad,/srv/RL_project/repo/outputs/wav/001374_a2_sad.wav,0.5590656399726868
1375,a2,angry,/srv/RL_project/repo/outputs/wav/001375_a2_angry.wav,0.6057297587394714
1376,a2,neutral,/srv/RL_project/repo/outputs/wav/001376_a2_neutral.wav,0.6476669907569885
1377,a2,angry,/srv/RL_project/repo/outputs/wav/001377_a2_angry.wav,0.6443628668785095
1378,a2,disgusted,/srv/RL_project/repo/outputs/wav/001378_a2_disgusted.wav,0.6325733065605164
1379,a2,angry,/srv/RL_project/repo/outputs/wav/001379_a2_angry.wav,0.5350099205970764
1380,a2,sad,/srv/RL_project/repo/outputs/wav/001380_a2_sad.wav,0.5986475348472595
1381,a2,disgusted,/srv/RL_project/repo/outputs/wav/001381_a2_disgusted.wav,0.6428622007369995
1382,a2,disgusted,/srv/RL_project/repo/outputs/wav/001382_a2_disgusted.wav,0.31909409165382385
1383,a2,neutral,/srv/RL_project/repo/outputs/wav/001383_a2_neutral.wav,0.7015833258628845
1384,a2,neutral,/srv/RL_project/repo/outputs/wav/001384_a2_neutral.wav,0.6708887815475464
1385,a2,fearful,/srv/RL_project/repo/outputs/wav/001385_a2_fearful.wav,0.595197319984436
1386,a2,happy,/srv/RL_project/repo/outputs/wav/001386_a2_happy.wav,0.6293443441390991
1387,a2,sad,/srv/RL_project/repo/outputs/wav/001387_a2_sad.wav,0.2093886137008667
1388,a2,sad,/srv/RL_project/repo/outputs/wav/001388_a2_sad.wav,0.631669282913208
1389,a2,sad,/srv/RL_project/repo/outputs/wav/001389_a2_sad.wav,0.5830554962158203
1390,a2,surprised,/srv/RL_project/repo/outputs/wav/001390_a2_surprised.wav,0.2903815805912018
1391,a2,happy,/srv/RL_project/repo/outputs/wav/001391_a2_happy.wav,0.5993335843086243
1392,a2,angry,/srv/RL_project/repo/outputs/wav/001392_a2_angry.wav,0.5577319860458374
1393,a2,neutral,/srv/RL_project/repo/outputs/wav/001393_a2_neutral.wav,0.6340421438217163
1394,a2,angry,/srv/RL_project/repo/outputs/wav/001394_a2_angry.wav,0.5897538661956787
1395,a2,happy,/srv/RL_project/repo/outputs/wav/001395_a2_happy.wav,0.33474549651145935
1396,a2,fearful,/srv/RL_project/repo/outputs/wav/001396_a2_fearful.wav,0.655441403388977
1397,a2,neutral,/srv/RL_project/repo/outputs/wav/001397_a2_neutral.wav,0.6893258690834045
1398,a2,surprised,/srv/RL_project/repo/outputs/wav/001398_a2_surprised.wav,0.6056078672409058
1399,a2,fearful,/srv/RL_project/repo/outputs/wav/001399_a2_fearful.wav,0.589031457901001
1400,a2,happy,/srv/RL_project/repo/outputs/wav/001400_a2_happy.wav,0.4926418960094452
1401,a2,disgusted,/srv/RL_project/repo/outputs/wav/001401_a2_disgusted.wav,0.623642086982727
1402,a2,angry,/srv/RL_project/repo/outputs/wav/001402_a2_angry.wav,0.2560836672782898
1403,a2,surprised,/srv/RL_project/repo/outputs/wav/001403_a2_surprised.wav,0.6073365211486816
1404,a2,angry,/srv/RL_project/repo/outputs/wav/001404_a2_angry.wav,0.6370670795440674
1405,a2,neutral,/srv/RL_project/repo/outputs/wav/001405_a2_neutral.wav,0.6406904458999634
1406,a2,fearful,/srv/RL_project/repo/outputs/wav/001406_a2_fearful.wav,0.671630859375
1407,a2,angry,/srv/RL_project/repo/outputs/wav/001407_a2_angry.wav,0.6451596617698669
1408,a2,surprised,/srv/RL_project/repo/outputs/wav/001408_a2_surprised.wav,0.6533504724502563
1409,a2,neutral,/srv/RL_project/repo/outputs/wav/001409_a2_neutral.wav,0.6110560894012451
1410,a2,neutral,/srv/RL_project/repo/outputs/wav/001410_a2_neutral.wav,0.683820366859436
1411,a2,sad,/srv/RL_project/repo/outputs/wav/001411_a2_sad.wav,0.29508787393569946
1412,a2,sad,/srv/RL_project/repo/outputs/wav/001412_a2_sad.wav,0.6355674266815186
1413,a2,happy,/srv/RL_project/repo/outputs/wav/001413_a2_happy.wav,0.5807262659072876
1414,a2,disgusted,/srv/RL_project/repo/outputs/wav/001414_a2_disgusted.wav,0.5705192685127258
1415,a2,surprised,/srv/RL_project/repo/outputs/wav/001415_a2_surprised.wav,0.7014439702033997
1416,a2,surprised,/srv/RL_project/repo/outputs/wav/001416_a2_surprised.wav,0.6227636337280273
1417,a2,angry,/srv/RL_project/repo/outputs/wav/001417_a2_angry.wav,0.6442862153053284
1418,a2,fearful,/srv/RL_project/repo/outputs/wav/001418_a2_fearful.wav,0.6187725067138672
1419,a2,surprised,/srv/RL_project/repo/outputs/wav/001419_a2_surprised.wav,0.6958635449409485
1420,a2,surprised,/srv/RL_project/repo/outputs/wav/001420_a2_surprised.wav,0.6359109282493591
1421,a2,sad,/srv/RL_project/repo/outputs/wav/001421_a2_sad.wav,0.6470930576324463
1422,a2,neutral,/srv/RL_project/repo/outputs/wav/001422_a2_neutral.wav,0.6644183993339539
1423,a2,neutral,/srv/RL_project/repo/outputs/wav/001423_a2_neutral.wav,0.6655263304710388
1424,a2,fearful,/srv/RL_project/repo/outputs/wav/001424_a2_fearful.wav,0.570590078830719
1425,a2,disgusted,/srv/RL_project/repo/outputs/wav/001425_a2_disgusted.wav,0.6626538634300232
1426,a2,surprised,/srv/RL_project/repo/outputs/wav/001426_a2_surprised.wav,0.6287283301353455
1427,a2,happy,/srv/RL_project/repo/outputs/wav/001427_a2_happy.wav,0.5572649836540222
1428,a2,happy,/srv/RL_project/repo/outputs/wav/001428_a2_happy.wav,0.6050025224685669
1429,a2,fearful,/srv/RL_project/repo/outputs/wav/001429_a2_fearful.wav,0.34718239307403564
1430,a2,neutral,/srv/RL_project/repo/outputs/wav/001430_a2_neutral.wav,0.571953535079956
1431,a2,angry,/srv/RL_project/repo/outputs/wav/001431_a2_angry.wav,0.6201952695846558
1432,a2,angry,/srv/RL_project/repo/outputs/wav/001432_a2_angry.wav,0.5451393723487854
1433,a2,angry,/srv/RL_project/repo/outputs/wav/001433_a2_angry.wav,0.6586644649505615
1434,a2,sad,/srv/RL_project/repo/outputs/wav/001434_a2_sad.wav,0.5810836553573608
1435,a2,sad,/srv/RL_project/repo/outputs/wav/001435_a2_sad.wav,0.6612192392349243
1436,a2,sad,/srv/RL_project/repo/outputs/wav/001436_a2_sad.wav,0.641116738319397
1437,a2,sad,/srv/RL_project/repo/outputs/wav/001437_a2_sad.wav,0.5854868292808533
1438,a2,fearful,/srv/RL_project/repo/outputs/wav/001438_a2_fearful.wav,0.6201815009117126
1439,a2,disgusted,/srv/RL_project/repo/outputs/wav/001439_a2_disgusted.wav,0.5902302265167236
1440,a2,angry,/srv/RL_project/repo/outputs/wav/001440_a2_angry.wav,0.6865925192832947
1441,a2,sad,/srv/RL_project/repo/outputs/wav/001441_a2_sad.wav,0.6306817531585693
1442,a2,angry,/srv/RL_project/repo/outputs/wav/001442_a2_angry.wav,0.6187365055084229
1443,a2,sad,/srv/RL_project/repo/outputs/wav/001443_a2_sad.wav,0.5909256339073181
1444,a2,neutral,/srv/RL_project/repo/outputs/wav/001444_a2_neutral.wav,0.5903384685516357
1445,a2,happy,/srv/RL_project/repo/outputs/wav/001445_a2_happy.wav,0.4919002056121826
1446,a2,surprised,/srv/RL_project/repo/outputs/wav/001446_a2_surprised.wav,0.4919719994068146
1447,a2,sad,/srv/RL_project/repo/outputs/wav/001447_a2_sad.wav,0.6487442255020142
1448,a2,happy,/srv/RL_project/repo/outputs/wav/001448_a2_happy.wav,0.5810661911964417
1449,a2,disgusted,/srv/RL_project/repo/outputs/wav/001449_a2_disgusted.wav,0.6123545169830322
1450,a2,surprised,/srv/RL_project/repo/outputs/wav/001450_a2_surprised.wav,0.5866546034812927
1451,a2,angry,/srv/RL_project/repo/outputs/wav/001451_a2_angry.wav,0.6105141639709473
1452,a2,neutral,/srv/RL_project/repo/outputs/wav/001452_a2_neutral.wav,0.6442093253135681
1453,a2,sad,/srv/RL_project/repo/outputs/wav/001453_a2_sad.wav,0.5666509866714478
1454,a2,neutral,/srv/RL_project/repo/outputs/wav/001454_a2_neutral.wav,0.5639489889144897
1455,a2,happy,/srv/RL_project/repo/outputs/wav/001455_a2_happy.wav,0.4686857759952545
1456,a2,happy,/srv/RL_project/repo/outputs/wav/001456_a2_happy.wav,0.661728024482727
1457,a2,disgusted,/srv/RL_project/repo/outputs/wav/001457_a2_disgusted.wav,0.5550134181976318
1458,a2,neutral,/srv/RL_project/repo/outputs/wav/001458_a2_neutral.wav,0.6194809079170227
1459,a2,neutral,/srv/RL_project/repo/outputs/wav/001459_a2_neutral.wav,0.5846110582351685
1460,a2,surprised,/srv/RL_project/repo/outputs/wav/001460_a2_surprised.wav,0.6587554216384888
1461,a2,neutral,/srv/RL_project/repo/outputs/wav/001461_a2_neutral.wav,0.630204975605011
1462,a2,disgusted,/srv/RL_project/repo/outputs/wav/001462_a2_disgusted.wav,0.6302024722099304
1463,a2,neutral,/srv/RL_project/repo/outputs/wav/001463_a2_neutral.wav,0.3047775328159332
1464,a2,sad,/srv/RL_project/repo/outputs/wav/001464_a2_sad.wav,0.6861727237701416
1465,a2,happy,/srv/RL_project/repo/outputs/wav/001465_a2_happy.wav,0.6419624090194702
1466,a2,neutral,/srv/RL_project/repo/outputs/wav/001466_a2_neutral.wav,0.6588746905326843
1467,a2,neutral,/srv/RL_project/repo/outputs/wav/001467_a2_neutral.wav,0.5875752568244934
1468,a2,angry,/srv/RL_project/repo/outputs/wav/001468_a2_angry.wav,0.627512514591217
1469,a2,happy,/srv/RL_project/repo/outputs/wav/001469_a2_happy.wav,0.5830824971199036
1470,a2,fearful,/srv/RL_project/repo/outputs/wav/001470_a2_fearful.wav,0.5348248481750488
1471,a2,angry,/srv/RL_project/repo/outputs/wav/001471_a2_angry.wav,0.6433464884757996
1472,a2,fearful,/srv/RL_project/repo/outputs/wav/001472_a2_fearful.wav,0.27357643842697144
1473,a2,surprised,/srv/RL_project/repo/outputs/wav/001473_a2_surprised.wav,0.3002622127532959
1474,a2,fearful,/srv/RL_project/repo/outputs/wav/001474_a2_fearful.wav,0.6861238479614258
1475,a2,happy,/srv/RL_project/repo/outputs/wav/001475_a2_happy.wav,0.7041673064231873
1476,a2,neutral,/srv/RL_project/repo/outputs/wav/001476_a2_neutral.wav,0.5929996967315674
1477,a2,happy,/srv/RL_project/repo/outputs/wav/001477_a2_happy.wav,-0.08299390971660614
1478,a2,disgusted,/srv/RL_project/repo/outputs/wav/001478_a2_disgusted.wav,0.6372424364089966
1479,a2,surprised,/srv/RL_project/repo/outputs/wav/001479_a2_surprised.wav,0.5673713088035583
1480,a2,surprised,/srv/RL_project/repo/outputs/wav/001480_a2_surprised.wav,0.618869423866272
1481,a2,surprised,/srv/RL_project/repo/outputs/wav/001481_a2_surprised.wav,0.6392695903778076
1482,a2,fearful,/srv/RL_project/repo/outputs/wav/001482_a2_fearful.wav,0.5770132541656494
1483,a2,disgusted,/srv/RL_project/repo/outputs/wav/001483_a2_disgusted.wav,0.6297974586486816
1484,a2,neutral,/srv/RL_project/repo/outputs/wav/001484_a2_neutral.wav,0.6668257117271423
1485,a2,angry,/srv/RL_project/repo/outputs/wav/001485_a2_angry.wav,0.6603820323944092
1486,a2,disgusted,/srv/RL_project/repo/outputs/wav/001486_a2_disgusted.wav,0.7420822381973267
1487,a2,disgusted,/srv/RL_project/repo/outputs/wav/001487_a2_disgusted.wav,0.5507957339286804
1488,a2,sad,/srv/RL_project/repo/outputs/wav/001488_a2_sad.wav,0.6099456548690796
1489,a2,disgusted,/srv/RL_project/repo/outputs/wav/001489_a2_disgusted.wav,0.6796935200691223
1490,a2,surprised,/srv/RL_project/repo/outputs/wav/001490_a2_surprised.wav,0.46688970923423767
1491,a2,sad,/srv/RL_project/repo/outputs/wav/001491_a2_sad.wav,0.5666219592094421
1492,a2,angry,/srv/RL_project/repo/outputs/wav/001492_a2_angry.wav,0.6672834753990173
1493,a2,fearful,/srv/RL_project/repo/outputs/wav/001493_a2_fearful.wav,0.4434894323348999
1494,a2,angry,/srv/RL_project/repo/outputs/wav/001494_a2_angry.wav,0.6072492599487305
1495,a2,sad,/srv/RL_project/repo/outputs/wav/001495_a2_sad.wav,0.6564866900444031
1496,a2,angry,/srv/RL_project/repo/outputs/wav/001496_a2_angry.wav,0.6274107098579407
1497,a2,disgusted,/srv/RL_project/repo/outputs/wav/001497_a2_disgusted.wav,0.6450618505477905
1498,a2,happy,/srv/RL_project/repo/outputs/wav/001498_a2_happy.wav,0.30793386697769165
1499,a2,sad,/srv/RL_project/repo/outputs/wav/001499_a2_sad.wav,0.6382748484611511
1500,a2,happy,/srv/RL_project/repo/outputs/wav/001500_a2_happy.wav,0.5565606355667114
1501,a2,fearful,/srv/RL_project/repo/outputs/wav/001501_a2_fearful.wav,0.6190935969352722
1502,a2,angry,/srv/RL_project/repo/outputs/wav/001502_a2_angry.wav,0.5752020478248596
1503,a2,fearful,/srv/RL_project/repo/outputs/wav/001503_a2_fearful.wav,0.6192967295646667
1504,a2,angry,/srv/RL_project/repo/outputs/wav/001504_a2_angry.wav,0.6315637230873108
1505,a2,sad,/srv/RL_project/repo/outputs/wav/001505_a2_sad.wav,0.6447330713272095
1506,a2,angry,/srv/RL_project/repo/outputs/wav/001506_a2_angry.wav,0.6173861026763916
1507,a2,neutral,/srv/RL_project/repo/outputs/wav/001507_a2_neutral.wav,0.27316591143608093
1508,a2,happy,/srv/RL_project/repo/outputs/wav/001508_a2_happy.wav,0.651154637336731
1509,a2,sad,/srv/RL_project/repo/outputs/wav/001509_a2_sad.wav,0.581285297870636
1510,a2,angry,/srv/RL_project/repo/outputs/wav/001510_a2_angry.wav,0.6019676923751831
1511,a2,disgusted,/srv/RL_project/repo/outputs/wav/001511_a2_disgusted.wav,0.5511194467544556
1512,a2,fearful,/srv/RL_project/repo/outputs/wav/001512_a2_fearful.wav,0.6315330862998962
1513,a2,sad,/srv/RL_project/repo/outputs/wav/001513_a2_sad.wav,0.6065559983253479
1514,a2,surprised,/srv/RL_project/repo/outputs/wav/001514_a2_surprised.wav,0.6446173787117004
1515,a2,fearful,/srv/RL_project/repo/outputs/wav/001515_a2_fearful.wav,0.658053457736969
1516,a2,disgusted,/srv/RL_project/repo/outputs/wav/001516_a2_disgusted.wav,0.5749991536140442
1517,a2,happy,/srv/RL_project/repo/outputs/wav/001517_a2_happy.wav,0.6223260164260864
1518,a2,angry,/srv/RL_project/repo/outputs/wav/001518_a2_angry.wav,0.6279387474060059
1519,a2,neutral,/srv/RL_project/repo/outputs/wav/001519_a2_neutral.wav,0.6065515875816345
1520,a2,disgusted,/srv/RL_project/repo/outputs/wav/001520_a2_disgusted.wav,0.7161581516265869
1521,a2,neutral,/srv/RL_project/repo/outputs/wav/001521_a2_neutral.wav,0.5367345213890076
1522,a2,happy,/srv/RL_project/repo/outputs/wav/001522_a2_happy.wav,0.5693149566650391
1523,a2,sad,/srv/RL_project/repo/outputs/wav/001523_a2_sad.wav,0.4859136939048767
1524,a2,neutral,/srv/RL_project/repo/outputs/wav/001524_a2_neutral.wav,0.6975724697113037
1525,a2,neutral,/srv/RL_project/repo/outputs/wav/001525_a2_neutral.wav,0.5674440860748291
1526,a2,surprised,/srv/RL_project/repo/outputs/wav/001526_a2_surprised.wav,0.5539591312408447
1527,a2,surprised,/srv/RL_project/repo/outputs/wav/001527_a2_surprised.wav,0.6955708265304565
1528,a2,happy,/srv/RL_project/repo/outputs/wav/001528_a2_happy.wav,0.6573878526687622
1529,a2,neutral,/srv/RL_project/repo/outputs/wav/001529_a2_neutral.wav,0.3510999083518982
1530,a2,fearful,/srv/RL_project/repo/outputs/wav/001530_a2_fearful.wav,0.5326974987983704
1531,a2,angry,/srv/RL_project/repo/outputs/wav/001531_a2_angry.wav,0.6327253580093384
1532,a2,disgusted,/srv/RL_project/repo/outputs/wav/001532_a2_disgusted.wav,0.594701886177063
1533,a2,surprised,/srv/RL_project/repo/outputs/wav/001533_a2_surprised.wav,0.24628221988677979
1534,a2,neutral,/srv/RL_project/repo/outputs/wav/001534_a2_neutral.wav,0.6273632049560547
1535,a2,neutral,/srv/RL_project/repo/outputs/wav/001535_a2_neutral.wav,0.6782389283180237
1536,a2,fearful,/srv/RL_project/repo/outputs/wav/001536_a2_fearful.wav,0.5517697334289551
1537,a2,happy,/srv/RL_project/repo/outputs/wav/001537_a2_happy.wav,0.6528239250183105
1538,a2,fearful,/srv/RL_project/repo/outputs/wav/001538_a2_fearful.wav,0.641065239906311
1539,a2,sad,/srv/RL_project/repo/outputs/wav/001539_a2_sad.wav,0.5515488386154175
1540,a2,angry,/srv/RL_project/repo/outputs/wav/001540_a2_angry.wav,0.5437486171722412
1541,a2,happy,/srv/RL_project/repo/outputs/wav/001541_a2_happy.wav,0.5930378437042236
1542,a2,fearful,/srv/RL_project/repo/outputs/wav/001542_a2_fearful.wav,0.5460162162780762
1543,a2,fearful,/srv/RL_project/repo/outputs/wav/001543_a2_fearful.wav,0.46327540278434753
1544,a2,fearful,/srv/RL_project/repo/outputs/wav/001544_a2_fearful.wav,0.2866637408733368
1545,a2,disgusted,/srv/RL_project/repo/outputs/wav/001545_a2_disgusted.wav,0.6509894132614136
1546,a2,sad,/srv/RL_project/repo/outputs/wav/001546_a2_sad.wav,0.6419639587402344
1547,a2,sad,/srv/RL_project/repo/outputs/wav/001547_a2_sad.wav,0.49750423431396484
1548,a2,surprised,/srv/RL_project/repo/outputs/wav/001548_a2_surprised.wav,0.6345308423042297
1549,a2,fearful,/srv/RL_project/repo/outputs/wav/001549_a2_fearful.wav,0.6401042938232422
1550,a2,disgusted,/srv/RL_project/repo/outputs/wav/001550_a2_disgusted.wav,0.6265162825584412
1551,a2,disgusted,/srv/RL_project/repo/outputs/wav/001551_a2_disgusted.wav,0.5451478362083435
1552,a2,fearful,/srv/RL_project/repo/outputs/wav/001552_a2_fearful.wav,0.522004246711731
1553,a2,disgusted,/srv/RL_project/repo/outputs/wav/001553_a2_disgusted.wav,0.5626235008239746
1554,a2,disgusted,/srv/RL_project/repo/outputs/wav/001554_a2_disgusted.wav,0.5979882478713989
1555,a2,neutral,/srv/RL_project/repo/outputs/wav/001555_a2_neutral.wav,0.6309776306152344
1556,a2,angry,/srv/RL_project/repo/outputs/wav/001556_a2_angry.wav,0.5842430591583252
1557,a2,fearful,/srv/RL_project/repo/outputs/wav/001557_a2_fearful.wav,0.5302245020866394
1558,a2,sad,/srv/RL_project/repo/outputs/wav/001558_a2_sad.wav,0.2596282362937927
1559,a2,happy,/srv/RL_project/repo/outputs/wav/001559_a2_happy.wav,0.5656244158744812
1560,a2,happy,/srv/RL_project/repo/outputs/wav/001560_a2_happy.wav,0.6417784094810486
1561,a2,surprised,/srv/RL_project/repo/outputs/wav/001561_a2_surprised.wav,0.5453837513923645
1562,a2,fearful,/srv/RL_project/repo/outputs/wav/001562_a2_fearful.wav,0.5679112672805786
1563,a2,surprised,/srv/RL_project/repo/outputs/wav/001563_a2_surprised.wav,0.5568763017654419
1564,a2,neutral,/srv/RL_project/repo/outputs/wav/001564_a2_neutral.wav,0.6345438361167908
1565,a2,happy,/srv/RL_project/repo/outputs/wav/001565_a2_happy.wav,0.6336327195167542
1566,a2,fearful,/srv/RL_project/repo/outputs/wav/001566_a2_fearful.wav,0.5446242094039917
1567,a2,angry,/srv/RL_project/repo/outputs/wav/001567_a2_angry.wav,0.592903733253479
1568,a2,fearful,/srv/RL_project/repo/outputs/wav/001568_a2_fearful.wav,0.5969706773757935
1569,a2,neutral,/srv/RL_project/repo/outputs/wav/001569_a2_neutral.wav,0.5966548919677734
1570,a2,surprised,/srv/RL_project/repo/outputs/wav/001570_a2_surprised.wav,0.6176539063453674
1571,a2,sad,/srv/RL_project/repo/outputs/wav/001571_a2_sad.wav,0.6441547870635986
1572,a2,neutral,/srv/RL_project/repo/outputs/wav/001572_a2_neutral.wav,0.6492470502853394
1573,a2,happy,/srv/RL_project/repo/outputs/wav/001573_a2_happy.wav,0.6428970098495483
1574,a2,fearful,/srv/RL_project/repo/outputs/wav/001574_a2_fearful.wav,0.6469012498855591
1575,a2,happy,/srv/RL_project/repo/outputs/wav/001575_a2_happy.wav,0.6161404252052307
1576,a2,happy,/srv/RL_project/repo/outputs/wav/001576_a2_happy.wav,0.58183354139328
1577,a2,angry,/srv/RL_project/repo/outputs/wav/001577_a2_angry.wav,0.6297754049301147
1578,a2,sad,/srv/RL_project/repo/outputs/wav/001578_a2_sad.wav,0.572632372379303
1579,a2,surprised,/srv/RL_project/repo/outputs/wav/001579_a2_surprised.wav,0.7170249223709106
1580,a2,sad,/srv/RL_project/repo/outputs/wav/001580_a2_sad.wav,0.6010099649429321
1581,a2,neutral,/srv/RL_project/repo/outputs/wav/001581_a2_neutral.wav,0.6342703104019165
1582,a2,surprised,/srv/RL_project/repo/outputs/wav/001582_a2_surprised.wav,0.6424379944801331
1583,a2,fearful,/srv/RL_project/repo/outputs/wav/001583_a2_fearful.wav,0.5954291224479675
1584,a2,happy,/srv/RL_project/repo/outputs/wav/001584_a2_happy.wav,0.6571637392044067
1585,a2,fearful,/srv/RL_project/repo/outputs/wav/001585_a2_fearful.wav,0.6136742234230042
1586,a2,sad,/srv/RL_project/repo/outputs/wav/001586_a2_sad.wav,0.6798550486564636
1587,a2,fearful,/srv/RL_project/repo/outputs/wav/001587_a2_fearful.wav,0.600609302520752
1588,a2,neutral,/srv/RL_project/repo/outputs/wav/001588_a2_neutral.wav,0.6019183397293091
1589,a2,disgusted,/srv/RL_project/repo/outputs/wav/001589_a2_disgusted.wav,0.6361913681030273
1590,a2,angry,/srv/RL_project/repo/outputs/wav/001590_a2_angry.wav,0.5453923344612122
1591,a2,sad,/srv/RL_project/repo/outputs/wav/001591_a2_sad.wav,0.6947527527809143
1592,a2,surprised,/srv/RL_project/repo/outputs/wav/001592_a2_surprised.wav,0.6456956267356873
1593,a2,surprised,/srv/RL_project/repo/outputs/wav/001593_a2_surprised.wav,0.5185877084732056
1594,a2,neutral,/srv/RL_project/repo/outputs/wav/001594_a2_neutral.wav,0.681240975856781
1595,a2,neutral,/srv/RL_project/repo/outputs/wav/001595_a2_neutral.wav,0.5912963151931763
1596,a2,surprised,/srv/RL_project/repo/outputs/wav/001596_a2_surprised.wav,0.2704339623451233
1597,a2,angry,/srv/RL_project/repo/outputs/wav/001597_a2_angry.wav,0.642277717590332
1598,a2,surprised,/srv/RL_project/repo/outputs/wav/001598_a2_surprised.wav,0.6359608769416809
1599,a2,angry,/srv/RL_project/repo/outputs/wav/001599_a2_angry.wav,0.6429007649421692
1600,a2,happy,/srv/RL_project/repo/outputs/wav/001600_a2_happy.wav,0.5590617060661316
1601,a2,neutral,/srv/RL_project/repo/outputs/wav/001601_a2_neutral.wav,0.5431095957756042
1602,a2,surprised,/srv/RL_project/repo/outputs/wav/001602_a2_surprised.wav,0.6476700305938721
1603,a2,disgusted,/srv/RL_project/repo/outputs/wav/001603_a2_disgusted.wav,0.644356906414032
1604,a2,angry,/srv/RL_project/repo/outputs/wav/001604_a2_angry.wav,0.6420410871505737
1605,a2,fearful,/srv/RL_project/repo/outputs/wav/001605_a2_fearful.wav,0.5350090265274048
1606,a2,neutral,/srv/RL_project/repo/outputs/wav/001606_a2_neutral.wav,0.7029079794883728
1607,a2,disgusted,/srv/RL_project/repo/outputs/wav/001607_a2_disgusted.wav,0.5764604210853577
1608,a2,happy,/srv/RL_project/repo/outputs/wav/001608_a2_happy.wav,0.3190965950489044
1609,a2,surprised,/srv/RL_project/repo/outputs/wav/001609_a2_surprised.wav,0.7015810012817383
1610,a2,surprised,/srv/RL_project/repo/outputs/wav/001610_a2_surprised.wav,0.6641582250595093
1611,a2,surprised,/srv/RL_project/repo/outputs/wav/001611_a2_surprised.wav,0.5951976776123047
1612,a2,fearful,/srv/RL_project/repo/outputs/wav/001612_a2_fearful.wav,0.5891450643539429
1613,a2,surprised,/srv/RL_project/repo/outputs/wav/001613_a2_surprised.wav,0.47969239950180054
1614,a2,surprised,/srv/RL_project/repo/outputs/wav/001614_a2_surprised.wav,0.6316755414009094
1615,a2,sad,/srv/RL_project/repo/outputs/wav/001615_a2_sad.wav,0.6174489259719849
1616,a2,angry,/srv/RL_project/repo/outputs/wav/001616_a2_angry.wav,0.29037898778915405
1617,a2,fearful,/srv/RL_project/repo/outputs/wav/001617_a2_fearful.wav,0.599336564540863
1618,a2,surprised,/srv/RL_project/repo/outputs/wav/001618_a2_surprised.wav,0.6707621812820435
1619,a2,neutral,/srv/RL_project/repo/outputs/wav/001619_a2_neutral.wav,0.6340405344963074
1620,a2,surprised,/srv/RL_project/repo/outputs/wav/001620_a2_surprised.wav,0.5897594690322876
1621,a2,happy,/srv/RL_project/repo/outputs/wav/001621_a2_happy.wav,0.3198212683200836
1622,a2,fearful,/srv/RL_project/repo/outputs/wav/001622_a2_fearful.wav,0.6607736945152283
1623,a2,fearful,/srv/RL_project/repo/outputs/wav/001623_a2_fearful.wav,0.6673043370246887
1624,a2,happy,/srv/RL_project/repo/outputs/wav/001624_a2_happy.wav,0.546001136302948
1625,a2,angry,/srv/RL_project/repo/outputs/wav/001625_a2_angry.wav,0.32400432229042053
1626,a2,happy,/srv/RL_project/repo/outputs/wav/001626_a2_happy.wav,0.49264875054359436
1627,a2,angry,/srv/RL_project/repo/outputs/wav/001627_a2_angry.wav,0.6236398220062256
1628,a2,happy,/srv/RL_project/repo/outputs/wav/001628_a2_happy.wav,0.2560899555683136
1629,a2,disgusted,/srv/RL_project/repo/outputs/wav/001629_a2_disgusted.wav,0.6073254346847534
1630,a2,fearful,/srv/RL_project/repo/outputs/wav/001630_a2_fearful.wav,0.63707435131073
1631,a2,disgusted,/srv/RL_project/repo/outputs/wav/001631_a2_disgusted.wav,0.6746546030044556
1632,a2,angry,/srv/RL_project/repo/outputs/wav/001632_a2_angry.wav,0.6965083479881287
1633,a2,surprised,/srv/RL_project/repo/outputs/wav/001633_a2_surprised.wav,0.6451631188392639
1634,a2,surprised,/srv/RL_project/repo/outputs/wav/001634_a2_surprised.wav,0.6740435361862183
1635,a2,sad,/srv/RL_project/repo/outputs/wav/001635_a2_sad.wav,0.6110594272613525
1636,a2,happy,/srv/RL_project/repo/outputs/wav/001636_a2_happy.wav,0.5758627653121948
1637,a2,happy,/srv/RL_project/repo/outputs/wav/001637_a2_happy.wav,0.6515452861785889
1638,a2,sad,/srv/RL_project/repo/outputs/wav/001638_a2_sad.wav,0.635573148727417
1639,a2,surprised,/srv/RL_project/repo/outputs/wav/001639_a2_surprised.wav,0.580721378326416
1640,a2,angry,/srv/RL_project/repo/outputs/wav/001640_a2_angry.wav,0.5847724676132202
1641,a2,happy,/srv/RL_project/repo/outputs/wav/001641_a2_happy.wav,0.6507840156555176
1642,a2,sad,/srv/RL_project/repo/outputs/wav/001642_a2_sad.wav,0.6227717399597168
1643,a2,surprised,/srv/RL_project/repo/outputs/wav/001643_a2_surprised.wav,0.6442787647247314
1644,a2,disgusted,/srv/RL_project/repo/outputs/wav/001644_a2_disgusted.wav,0.7039278745651245
1645,a2,disgusted,/srv/RL_project/repo/outputs/wav/001645_a2_disgusted.wav,0.6958643198013306
1646,a2,happy,/srv/RL_project/repo/outputs/wav/001646_a2_happy.wav,0.5695265531539917
1647,a2,neutral,/srv/RL_project/repo/outputs/wav/001647_a2_neutral.wav,0.5772465467453003
1648,a2,happy,/srv/RL_project/repo/outputs/wav/001648_a2_happy.wav,0.6512389779090881
1649,a2,angry,/srv/RL_project/repo/outputs/wav/001649_a2_angry.wav,0.6655290126800537
1650,a2,fearful,/srv/RL_project/repo/outputs/wav/001650_a2_fearful.wav,0.570591390132904
1651,a2,angry,/srv/RL_project/repo/outputs/wav/001651_a2_angry.wav,0.6626452803611755
1652,a2,neutral,/srv/RL_project/repo/outputs/wav/001652_a2_neutral.wav,0.6287356019020081
1653,a2,neutral,/srv/RL_project/repo/outputs/wav/001653_a2_neutral.wav,0.5572755336761475
1654,a2,neutral,/srv/RL_project/repo/outputs/wav/001654_a2_neutral.wav,0.6263785362243652
1655,a2,sad,/srv/RL_project/repo/outputs/wav/001655_a2_sad.wav,0.5770356059074402
1656,a2,neutral,/srv/RL_project/repo/outputs/wav/001656_a2_neutral.wav,0.5719555616378784
1657,a2,sad,/srv/RL_project/repo/outputs/wav/001657_a2_sad.wav,0.6295853853225708
1658,a2,surprised,/srv/RL_project/repo/outputs/wav/001658_a2_surprised.wav,0.5451364517211914
1659,a2,happy,/srv/RL_project/repo/outputs/wav/001659_a2_happy.wav,0.658664345741272
1660,a2,surprised,/srv/RL_project/repo/outputs/wav/001660_a2_surprised.wav,0.581078052520752
1661,a2,happy,/srv/RL_project/repo/outputs/wav/001661_a2_happy.wav,0.6612171530723572
1662,a2,neutral,/srv/RL_project/repo/outputs/wav/001662_a2_neutral.wav,0.6595129370689392
1663,a2,neutral,/srv/RL_project/repo/outputs/wav/001663_a2_neutral.wav,0.5854811668395996
1664,a2,neutral,/srv/RL_project/repo/outputs/wav/001664_a2_neutral.wav,0.6201910972595215
1665,a2,fearful,/srv/RL_project/repo/outputs/wav/001665_a2_fearful.wav,0.5902320146560669
1666,a2,neutral,/srv/RL_project/repo/outputs/wav/001666_a2_neutral.wav,0.5870122313499451
1667,a2,angry,/srv/RL_project/repo/outputs/wav/001667_a2_angry.wav,0.630684494972229
1668,a2,surprised,/srv/RL_project/repo/outputs/wav/001668_a2_surprised.wav,0.6187344789505005
1669,a2,sad,/srv/RL_project/repo/outputs/wav/001669_a2_sad.wav,0.6309838891029358
1670,a2,sad,/srv/RL_project/repo/outputs/wav/001670_a2_sad.wav,0.5903351902961731
1671,a2,disgusted,/srv/RL_project/repo/outputs/wav/001671_a2_disgusted.wav,0.5576727986335754
1672,a2,neutral,/srv/RL_project/repo/outputs/wav/001672_a2_neutral.wav,0.6401915550231934
1673,a2,surprised,/srv/RL_project/repo/outputs/wav/001673_a2_surprised.wav,0.6487482786178589
1674,a2,fearful,/srv/RL_project/repo/outputs/wav/001674_a2_fearful.wav,0.5810787677764893
1675,a2,surprised,/srv/RL_project/repo/outputs/wav/001675_a2_surprised.wav,0.6123479604721069
1676,a2,surprised,/srv/RL_project/repo/outputs/wav/001676_a2_surprised.wav,0.5883617401123047
1677,a2,disgusted,/srv/RL_project/repo/outputs/wav/001677_a2_disgusted.wav,0.6105188727378845
1678,a2,happy,/srv/RL_project/repo/outputs/wav/001678_a2_happy.wav,0.6442148685455322
1679,a2,angry,/srv/RL_project/repo/outputs/wav/001679_a2_angry.wav,0.5946685075759888
1680,a2,fearful,/srv/RL_project/repo/outputs/wav/001680_a2_fearful.wav,0.5639568567276001
1681,a2,sad,/srv/RL_project/repo/outputs/wav/001681_a2_sad.wav,0.46867233514785767
1682,a2,neutral,/srv/RL_project/repo/outputs/wav/001682_a2_neutral.wav,0.6372419595718384
1683,a2,surprised,/srv/RL_project/repo/outputs/wav/001683_a2_surprised.wav,0.5550017356872559
1684,a2,neutral,/srv/RL_project/repo/outputs/wav/001684_a2_neutral.wav,0.6317728161811829
1685,a2,angry,/srv/RL_project/repo/outputs/wav/001685_a2_angry.wav,0.6300547122955322
1686,a2,neutral,/srv/RL_project/repo/outputs/wav/001686_a2_neutral.wav,0.5849778652191162
1687,a2,surprised,/srv/RL_project/repo/outputs/wav/001687_a2_surprised.wav,0.2886539101600647
1688,a2,surprised,/srv/RL_project/repo/outputs/wav/001688_a2_surprised.wav,0.6182601451873779
1689,a2,sad,/srv/RL_project/repo/outputs/wav/001689_a2_sad.wav,0.5615460872650146
1690,a2,disgusted,/srv/RL_project/repo/outputs/wav/001690_a2_disgusted.wav,0.6439266204833984
1691,a2,neutral,/srv/RL_project/repo/outputs/wav/001691_a2_neutral.wav,0.5733014941215515
1692,a2,fearful,/srv/RL_project/repo/outputs/wav/001692_a2_fearful.wav,0.6331092715263367
1693,a2,surprised,/srv/RL_project/repo/outputs/wav/001693_a2_surprised.wav,0.5340675115585327
1694,a2,fearful,/srv/RL_project/repo/outputs/wav/001694_a2_fearful.wav,0.6275160312652588
1695,a2,angry,/srv/RL_project/repo/outputs/wav/001695_a2_angry.wav,0.5830883979797363
1696,a2,happy,/srv/RL_project/repo/outputs/wav/001696_a2_happy.wav,0.5348183512687683
1697,a2,disgusted,/srv/RL_project/repo/outputs/wav/001697_a2_disgusted.wav,0.6609081029891968
1698,a2,happy,/srv/RL_project/repo/outputs/wav/001698_a2_happy.wav,0.2735656499862671
1699,a2,sad,/srv/RL_project/repo/outputs/wav/001699_a2_sad.wav,0.6521307229995728
1700,a2,sad,/srv/RL_project/repo/outputs/wav/001700_a2_sad.wav,0.6861308217048645
1701,a2,angry,/srv/RL_project/repo/outputs/wav/001701_a2_angry.wav,0.6498906016349792
1702,a2,surprised,/srv/RL_project/repo/outputs/wav/001702_a2_surprised.wav,0.5913732051849365
1703,a2,surprised,/srv/RL_project/repo/outputs/wav/001703_a2_surprised.wav,-0.08310405164957047
1704,a2,surprised,/srv/RL_project/repo/outputs/wav/001704_a2_surprised.wav,0.6372438073158264
1705,a2,fearful,/srv/RL_project/repo/outputs/wav/001705_a2_fearful.wav,0.5673759579658508
1706,a2,sad,/srv/RL_project/repo/outputs/wav/001706_a2_sad.wav,0.6327168345451355
1707,a2,angry,/srv/RL_project/repo/outputs/wav/001707_a2_angry.wav,0.6392683982849121
1708,a2,disgusted,/srv/RL_project/repo/outputs/wav/001708_a2_disgusted.wav,0.5770079493522644
1709,a2,happy,/srv/RL_project/repo/outputs/wav/001709_a2_happy.wav,0.5967423915863037
1710,a2,sad,/srv/RL_project/repo/outputs/wav/001710_a2_sad.wav,0.666827917098999
1711,a2,disgusted,/srv/RL_project/repo/outputs/wav/001711_a2_disgusted.wav,0.6603801250457764
1712,a2,angry,/srv/RL_project/repo/outputs/wav/001712_a2_angry.wav,0.6860413551330566
1713,a2,angry,/srv/RL_project/repo/outputs/wav/001713_a2_angry.wav,0.5508027076721191
1714,a2,surprised,/srv/RL_project/repo/outputs/wav/001714_a2_surprised.wav,0.6099408864974976
1715,a2,surprised,/srv/RL_project/repo/outputs/wav/001715_a2_surprised.wav,0.6796947717666626
1716,a2,angry,/srv/RL_project/repo/outputs/wav/001716_a2_angry.wav,0.6437274217605591
1717,a2,disgusted,/srv/RL_project/repo/outputs/wav/001717_a2_disgusted.wav,0.5666083693504333
1718,a2,surprised,/srv/RL_project/repo/outputs/wav/001718_a2_surprised.wav,0.6197749972343445
1719,a2,surprised,/srv/RL_project/repo/outputs/wav/001719_a2_surprised.wav,0.5508941411972046
1720,a2,angry,/srv/RL_project/repo/outputs/wav/001720_a2_angry.wav,0.6072505712509155
1721,a2,disgusted,/srv/RL_project/repo/outputs/wav/001721_a2_disgusted.wav,0.6564764976501465
1722,a2,angry,/srv/RL_project/repo/outputs/wav/001722_a2_angry.wav,0.6497371792793274
1723,a2,disgusted,/srv/RL_project/repo/outputs/wav/001723_a2_disgusted.wav,0.654059648513794
1724,a2,fearful,/srv/RL_project/repo/outputs/wav/001724_a2_fearful.wav,0.3079260289669037
1725,a2,happy,/srv/RL_project/repo/outputs/wav/001725_a2_happy.wav,0.6528390049934387
1726,a2,disgusted,/srv/RL_project/repo/outputs/wav/001726_a2_disgusted.wav,0.53998202085495
1727,a2,angry,/srv/RL_project/repo/outputs/wav/001727_a2_angry.wav,0.6190974116325378
1728,a2,sad,/srv/RL_project/repo/outputs/wav/001728_a2_sad.wav,0.6407327651977539
1729,a2,surprised,/srv/RL_project/repo/outputs/wav/001729_a2_surprised.wav,0.6193031668663025
1730,a2,fearful,/srv/RL_project/repo/outputs/wav/001730_a2_fearful.wav,0.5347654223442078
1731,a2,angry,/srv/RL_project/repo/outputs/wav/001731_a2_angry.wav,0.6495558023452759
1732,a2,surprised,/srv/RL_project/repo/outputs/wav/001732_a2_surprised.wav,0.3005533218383789
1733,a2,neutral,/srv/RL_project/repo/outputs/wav/001733_a2_neutral.wav,0.2731715738773346
1734,a2,neutral,/srv/RL_project/repo/outputs/wav/001734_a2_neutral.wav,0.6511576175689697
1735,a2,angry,/srv/RL_project/repo/outputs/wav/001735_a2_angry.wav,0.5812819004058838
1736,a2,angry,/srv/RL_project/repo/outputs/wav/001736_a2_angry.wav,0.6019698977470398
1737,a2,surprised,/srv/RL_project/repo/outputs/wav/001737_a2_surprised.wav,0.41229894757270813
1738,a2,angry,/srv/RL_project/repo/outputs/wav/001738_a2_angry.wav,0.631531834602356
1739,a2,happy,/srv/RL_project/repo/outputs/wav/001739_a2_happy.wav,0.6295046806335449
1740,a2,neutral,/srv/RL_project/repo/outputs/wav/001740_a2_neutral.wav,0.5820086598396301
1741,a2,fearful,/srv/RL_project/repo/outputs/wav/001741_a2_fearful.wav,0.6549822688102722
1742,a2,angry,/srv/RL_project/repo/outputs/wav/001742_a2_angry.wav,0.6617165803909302
1743,a2,sad,/srv/RL_project/repo/outputs/wav/001743_a2_sad.wav,0.603003978729248
1744,a2,angry,/srv/RL_project/repo/outputs/wav/001744_a2_angry.wav,0.6279411911964417
1745,a2,happy,/srv/RL_project/repo/outputs/wav/001745_a2_happy.wav,0.6065508127212524
1746,a2,disgusted,/srv/RL_project/repo/outputs/wav/001746_a2_disgusted.wav,0.7022039890289307
1747,a2,sad,/srv/RL_project/repo/outputs/wav/001747_a2_sad.wav,0.5367310047149658
1748,a2,disgusted,/srv/RL_project/repo/outputs/wav/001748_a2_disgusted.wav,0.5693082213401794
1749,a2,happy,/srv/RL_project/repo/outputs/wav/001749_a2_happy.wav,0.4859244227409363
1750,a2,sad,/srv/RL_project/repo/outputs/wav/001750_a2_sad.wav,0.6975717544555664
1751,a2,happy,/srv/RL_project/repo/outputs/wav/001751_a2_happy.wav,0.5674463510513306
1752,a2,sad,/srv/RL_project/repo/outputs/wav/001752_a2_sad.wav,0.5539482831954956
1753,a2,happy,/srv/RL_project/repo/outputs/wav/001753_a2_happy.wav,0.6487451791763306
1754,a2,happy,/srv/RL_project/repo/outputs/wav/001754_a2_happy.wav,0.5760700702667236
1755,a2,fearful,/srv/RL_project/repo/outputs/wav/001755_a2_fearful.wav,0.35109010338783264
1756,a2,happy,/srv/RL_project/repo/outputs/wav/001756_a2_happy.wav,0.5326990485191345
1757,a2,neutral,/srv/RL_project/repo/outputs/wav/001757_a2_neutral.wav,0.6327235698699951
1758,a2,fearful,/srv/RL_project/repo/outputs/wav/001758_a2_fearful.wav,0.5946967601776123
1759,a2,surprised,/srv/RL_project/repo/outputs/wav/001759_a2_surprised.wav,0.24628692865371704
1760,a2,neutral,/srv/RL_project/repo/outputs/wav/001760_a2_neutral.wav,0.6273626685142517
1761,a2,neutral,/srv/RL_project/repo/outputs/wav/001761_a2_neutral.wav,0.6782364845275879
1762,a2,neutral,/srv/RL_project/repo/outputs/wav/001762_a2_neutral.wav,0.5517760515213013
1763,a2,neutral,/srv/RL_project/repo/outputs/wav/001763_a2_neutral.wav,0.6972715258598328
1764,a2,disgusted,/srv/RL_project/repo/outputs/wav/001764_a2_disgusted.wav,0.6410629153251648
1765,a2,angry,/srv/RL_project/repo/outputs/wav/001765_a2_angry.wav,0.5515501499176025
1766,a2,fearful,/srv/RL_project/repo/outputs/wav/001766_a2_fearful.wav,0.5437185764312744
1767,a2,angry,/srv/RL_project/repo/outputs/wav/001767_a2_angry.wav,0.6146419048309326
1768,a2,surprised,/srv/RL_project/repo/outputs/wav/001768_a2_surprised.wav,0.5460292100906372
1769,a2,fearful,/srv/RL_project/repo/outputs/wav/001769_a2_fearful.wav,0.46326008439064026
1770,a2,angry,/srv/RL_project/repo/outputs/wav/001770_a2_angry.wav,0.28666579723358154
1771,a2,fearful,/srv/RL_project/repo/outputs/wav/001771_a2_fearful.wav,0.6496322751045227
1772,a2,angry,/srv/RL_project/repo/outputs/wav/001772_a2_angry.wav,0.6396709084510803
1773,a2,surprised,/srv/RL_project/repo/outputs/wav/001773_a2_surprised.wav,0.4974772036075592
1774,a2,sad,/srv/RL_project/repo/outputs/wav/001774_a2_sad.wav,0.5982211232185364
1775,a2,disgusted,/srv/RL_project/repo/outputs/wav/001775_a2_disgusted.wav,0.6401106119155884
1776,a2,fearful,/srv/RL_project/repo/outputs/wav/001776_a2_fearful.wav,0.6487196683883667
1777,a2,surprised,/srv/RL_project/repo/outputs/wav/001777_a2_surprised.wav,0.5451406836509705
1778,a2,angry,/srv/RL_project/repo/outputs/wav/001778_a2_angry.wav,0.5220037698745728
1779,a2,happy,/srv/RL_project/repo/outputs/wav/001779_a2_happy.wav,0.6373413801193237
1780,a2,angry,/srv/RL_project/repo/outputs/wav/001780_a2_angry.wav,0.5979835987091064
1781,a2,surprised,/srv/RL_project/repo/outputs/wav/001781_a2_surprised.wav,0.6309791803359985
1782,a2,disgusted,/srv/RL_project/repo/outputs/wav/001782_a2_disgusted.wav,0.5842434167861938
1783,a2,fearful,/srv/RL_project/repo/outputs/wav/001783_a2_fearful.wav,0.5302280187606812
1784,a2,sad,/srv/RL_project/repo/outputs/wav/001784_a2_sad.wav,0.2596309185028076
1785,a2,sad,/srv/RL_project/repo/outputs/wav/001785_a2_sad.wav,0.5656226873397827
1786,a2,neutral,/srv/RL_project/repo/outputs/wav/001786_a2_neutral.wav,0.5429357290267944
1787,a2,sad,/srv/RL_project/repo/outputs/wav/001787_a2_sad.wav,0.5453888177871704
1788,a2,angry,/srv/RL_project/repo/outputs/wav/001788_a2_angry.wav,0.5678966641426086
1789,a2,happy,/srv/RL_project/repo/outputs/wav/001789_a2_happy.wav,0.5568773150444031
1790,a2,neutral,/srv/RL_project/repo/outputs/wav/001790_a2_neutral.wav,0.5961799621582031
1791,a2,fearful,/srv/RL_project/repo/outputs/wav/001791_a2_fearful.wav,0.6336225271224976
1792,a2,surprised,/srv/RL_project/repo/outputs/wav/001792_a2_surprised.wav,0.544616162776947
1793,a2,angry,/srv/RL_project/repo/outputs/wav/001793_a2_angry.wav,0.5929011106491089
1794,a2,surprised,/srv/RL_project/repo/outputs/wav/001794_a2_surprised.wav,0.4599493443965912
1795,a2,neutral,/srv/RL_project/repo/outputs/wav/001795_a2_neutral.wav,0.5966473817825317
1796,a2,neutral,/srv/RL_project/repo/outputs/wav/001796_a2_neutral.wav,0.6176533102989197
1797,a2,surprised,/srv/RL_project/repo/outputs/wav/001797_a2_surprised.wav,0.6441507935523987
1798,a2,happy,/srv/RL_project/repo/outputs/wav/001798_a2_happy.wav,0.3166061043739319
1799,a2,angry,/srv/RL_project/repo/outputs/wav/001799_a2_angry.wav,0.6428998112678528
1800,a2,happy,/srv/RL_project/repo/outputs/wav/001800_a2_happy.wav,0.6468998193740845
1801,a2,disgusted,/srv/RL_project/repo/outputs/wav/001801_a2_disgusted.wav,0.669308602809906
1802,a2,surprised,/srv/RL_project/repo/outputs/wav/001802_a2_surprised.wav,0.6679263710975647
1803,a2,happy,/srv/RL_project/repo/outputs/wav/001803_a2_happy.wav,0.646898627281189
1804,a2,disgusted,/srv/RL_project/repo/outputs/wav/001804_a2_disgusted.wav,0.5726248025894165
1805,a2,surprised,/srv/RL_project/repo/outputs/wav/001805_a2_surprised.wav,0.7170246839523315
1806,a2,surprised,/srv/RL_project/repo/outputs/wav/001806_a2_surprised.wav,0.6270444989204407
1807,a2,happy,/srv/RL_project/repo/outputs/wav/001807_a2_happy.wav,0.6342740058898926
1808,a2,disgusted,/srv/RL_project/repo/outputs/wav/001808_a2_disgusted.wav,0.642447829246521
1809,a2,happy,/srv/RL_project/repo/outputs/wav/001809_a2_happy.wav,0.5954274535179138
1810,a2,neutral,/srv/RL_project/repo/outputs/wav/001810_a2_neutral.wav,0.6571563482284546
1811,a2,disgusted,/srv/RL_project/repo/outputs/wav/001811_a2_disgusted.wav,0.6136842966079712
1812,a2,happy,/srv/RL_project/repo/outputs/wav/001812_a2_happy.wav,0.6841267943382263
1813,a2,happy,/srv/RL_project/repo/outputs/wav/001813_a2_happy.wav,0.600612223148346
1814,a2,fearful,/srv/RL_project/repo/outputs/wav/001814_a2_fearful.wav,0.6961144208908081
1815,a2,disgusted,/srv/RL_project/repo/outputs/wav/001815_a2_disgusted.wav,0.6533305048942566
1816,a2,disgusted,/srv/RL_project/repo/outputs/wav/001816_a2_disgusted.wav,0.545395016670227
1817,a2,angry,/srv/RL_project/repo/outputs/wav/001817_a2_angry.wav,0.694746196269989
1818,a2,fearful,/srv/RL_project/repo/outputs/wav/001818_a2_fearful.wav,0.6456987261772156
1819,a2,fearful,/srv/RL_project/repo/outputs/wav/001819_a2_fearful.wav,0.5185807347297668
1820,a2,sad,/srv/RL_project/repo/outputs/wav/001820_a2_sad.wav,0.6812407374382019
1821,a2,angry,/srv/RL_project/repo/outputs/wav/001821_a2_angry.wav,0.6033021807670593
1822,a2,sad,/srv/RL_project/repo/outputs/wav/001822_a2_sad.wav,0.27042534947395325
1823,a2,sad,/srv/RL_project/repo/outputs/wav/001823_a2_sad.wav,0.6422748565673828
1824,a2,fearful,/srv/RL_project/repo/outputs/wav/001824_a2_fearful.wav,0.6359629034996033
1825,a2,happy,/srv/RL_project/repo/outputs/wav/001825_a2_happy.wav,0.6428980231285095
1826,a2,fearful,/srv/RL_project/repo/outputs/wav/001826_a2_fearful.wav,0.5590624809265137
1827,a2,disgusted,/srv/RL_project/repo/outputs/wav/001827_a2_disgusted.wav,0.6057304739952087
1828,a2,surprised,/srv/RL_project/repo/outputs/wav/001828_a2_surprised.wav,0.6476674675941467
1829,a2,disgusted,/srv/RL_project/repo/outputs/wav/001829_a2_disgusted.wav,0.644361674785614
1830,a2,disgusted,/srv/RL_project/repo/outputs/wav/001830_a2_disgusted.wav,0.65427166223526
1831,a2,neutral,/srv/RL_project/repo/outputs/wav/001831_a2_neutral.wav,0.5350164175033569
1832,a2,neutral,/srv/RL_project/repo/outputs/wav/001832_a2_neutral.wav,0.5986447930335999
1833,a2,angry,/srv/RL_project/repo/outputs/wav/001833_a2_angry.wav,0.5778321027755737
1834,a2,sad,/srv/RL_project/repo/outputs/wav/001834_a2_sad.wav,0.6710271239280701
1835,a2,angry,/srv/RL_project/repo/outputs/wav/001835_a2_angry.wav,0.7015842199325562
1836,a2,sad,/srv/RL_project/repo/outputs/wav/001836_a2_sad.wav,0.6521454453468323
1837,a2,angry,/srv/RL_project/repo/outputs/wav/001837_a2_angry.wav,0.5951955318450928
1838,a2,sad,/srv/RL_project/repo/outputs/wav/001838_a2_sad.wav,0.6806879043579102
1839,a2,fearful,/srv/RL_project/repo/outputs/wav/001839_a2_fearful.wav,0.47968557476997375
1840,a2,neutral,/srv/RL_project/repo/outputs/wav/001840_a2_neutral.wav,0.6316699981689453
1841,a2,angry,/srv/RL_project/repo/outputs/wav/001841_a2_angry.wav,0.5342468023300171
1842,a2,happy,/srv/RL_project/repo/outputs/wav/001842_a2_happy.wav,0.29037949442863464
1843,a2,angry,/srv/RL_project/repo/outputs/wav/001843_a2_angry.wav,0.599338173866272
1844,a2,happy,/srv/RL_project/repo/outputs/wav/001844_a2_happy.wav,0.5577253103256226
1845,a2,disgusted,/srv/RL_project/repo/outputs/wav/001845_a2_disgusted.wav,0.6747326850891113
1846,a2,disgusted,/srv/RL_project/repo/outputs/wav/001846_a2_disgusted.wav,0.5897555351257324
1847,a2,sad,/srv/RL_project/repo/outputs/wav/001847_a2_sad.wav,0.33475261926651
1848,a2,fearful,/srv/RL_project/repo/outputs/wav/001848_a2_fearful.wav,0.6607694625854492
1849,a2,neutral,/srv/RL_project/repo/outputs/wav/001849_a2_neutral.wav,0.6893291473388672
1850,a2,angry,/srv/RL_project/repo/outputs/wav/001850_a2_angry.wav,0.6477437615394592
1851,a2,fearful,/srv/RL_project/repo/outputs/wav/001851_a2_fearful.wav,0.3239981532096863
1852,a2,neutral,/srv/RL_project/repo/outputs/wav/001852_a2_neutral.wav,0.4926443099975586
1853,a2,disgusted,/srv/RL_project/repo/outputs/wav/001853_a2_disgusted.wav,0.6236364841461182
1854,a2,disgusted,/srv/RL_project/repo/outputs/wav/001854_a2_disgusted.wav,0.2560901343822479
1855,a2,happy,/srv/RL_project/repo/outputs/wav/001855_a2_happy.wav,0.6073300838470459
1856,a2,surprised,/srv/RL_project/repo/outputs/wav/001856_a2_surprised.wav,0.6370704770088196
1857,a2,neutral,/srv/RL_project/repo/outputs/wav/001857_a2_neutral.wav,0.6746530532836914
1858,a2,surprised,/srv/RL_project/repo/outputs/wav/001858_a2_surprised.wav,0.6117090582847595
1859,a2,disgusted,/srv/RL_project/repo/outputs/wav/001859_a2_disgusted.wav,0.6451585292816162
1860,a2,neutral,/srv/RL_project/repo/outputs/wav/001860_a2_neutral.wav,0.653344988822937
1861,a2,neutral,/srv/RL_project/repo/outputs/wav/001861_a2_neutral.wav,0.6110483407974243
1862,a2,neutral,/srv/RL_project/repo/outputs/wav/001862_a2_neutral.wav,0.6838180422782898
1863,a2,fearful,/srv/RL_project/repo/outputs/wav/001863_a2_fearful.wav,0.6515429615974426
1864,a2,disgusted,/srv/RL_project/repo/outputs/wav/001864_a2_disgusted.wav,0.6355654001235962
1865,a2,surprised,/srv/RL_project/repo/outputs/wav/001865_a2_surprised.wav,0.5807136297225952
1866,a2,happy,/srv/RL_project/repo/outputs/wav/001866_a2_happy.wav,0.5705137252807617
1867,a2,happy,/srv/RL_project/repo/outputs/wav/001867_a2_happy.wav,0.6507868766784668
1868,a2,happy,/srv/RL_project/repo/outputs/wav/001868_a2_happy.wav,0.6227686405181885
1869,a2,sad,/srv/RL_project/repo/outputs/wav/001869_a2_sad.wav,0.6268376111984253
1870,a2,surprised,/srv/RL_project/repo/outputs/wav/001870_a2_surprised.wav,0.7039233446121216
1871,a2,disgusted,/srv/RL_project/repo/outputs/wav/001871_a2_disgusted.wav,0.6958620548248291
1872,a2,fearful,/srv/RL_project/repo/outputs/wav/001872_a2_fearful.wav,0.6359012126922607
1873,a2,sad,/srv/RL_project/repo/outputs/wav/001873_a2_sad.wav,0.6470918655395508
1874,a2,sad,/srv/RL_project/repo/outputs/wav/001874_a2_sad.wav,0.6512407064437866
1875,a2,fearful,/srv/RL_project/repo/outputs/wav/001875_a2_fearful.wav,0.6655253171920776
1876,a2,disgusted,/srv/RL_project/repo/outputs/wav/001876_a2_disgusted.wav,0.5705965757369995
1877,a2,surprised,/srv/RL_project/repo/outputs/wav/001877_a2_surprised.wav,0.6626455783843994
1878,a2,neutral,/srv/RL_project/repo/outputs/wav/001878_a2_neutral.wav,0.6287328004837036
1879,a2,surprised,/srv/RL_project/repo/outputs/wav/001879_a2_surprised.wav,0.6454461216926575
1880,a2,neutral,/srv/RL_project/repo/outputs/wav/001880_a2_neutral.wav,0.6263726949691772
1881,a2,disgusted,/srv/RL_project/repo/outputs/wav/001881_a2_disgusted.wav,0.5770368576049805
1882,a2,sad,/srv/RL_project/repo/outputs/wav/001882_a2_sad.wav,0.571955680847168
1883,a2,fearful,/srv/RL_project/repo/outputs/wav/001883_a2_fearful.wav,0.620192289352417
1884,a2,disgusted,/srv/RL_project/repo/outputs/wav/001884_a2_disgusted.wav,0.5451394319534302
1885,a2,neutral,/srv/RL_project/repo/outputs/wav/001885_a2_neutral.wav,0.658668041229248
1886,a2,disgusted,/srv/RL_project/repo/outputs/wav/001886_a2_disgusted.wav,0.5810853242874146
1887,a2,angry,/srv/RL_project/repo/outputs/wav/001887_a2_angry.wav,0.6612182259559631
1888,a2,fearful,/srv/RL_project/repo/outputs/wav/001888_a2_fearful.wav,0.659514844417572
1889,a2,neutral,/srv/RL_project/repo/outputs/wav/001889_a2_neutral.wav,0.585483968257904
1890,a2,fearful,/srv/RL_project/repo/outputs/wav/001890_a2_fearful.wav,0.62018883228302
1891,a2,neutral,/srv/RL_project/repo/outputs/wav/001891_a2_neutral.wav,0.5902429223060608
1892,a2,neutral,/srv/RL_project/repo/outputs/wav/001892_a2_neutral.wav,0.5869972705841064
1893,a2,angry,/srv/RL_project/repo/outputs/wav/001893_a2_angry.wav,0.6306784749031067
1894,a2,neutral,/srv/RL_project/repo/outputs/wav/001894_a2_neutral.wav,0.6187340617179871
1895,a2,sad,/srv/RL_project/repo/outputs/wav/001895_a2_sad.wav,0.6640700697898865
1896,a2,fearful,/srv/RL_project/repo/outputs/wav/001896_a2_fearful.wav,0.5903410911560059
1897,a2,sad,/srv/RL_project/repo/outputs/wav/001897_a2_sad.wav,0.6132609844207764
1898,a2,sad,/srv/RL_project/repo/outputs/wav/001898_a2_sad.wav,0.6401823163032532
1899,a2,angry,/srv/RL_project/repo/outputs/wav/001899_a2_angry.wav,0.648751974105835
1900,a2,disgusted,/srv/RL_project/repo/outputs/wav/001900_a2_disgusted.wav,0.5053457617759705
1901,a2,angry,/srv/RL_project/repo/outputs/wav/001901_a2_angry.wav,0.6123549938201904
1902,a2,sad,/srv/RL_project/repo/outputs/wav/001902_a2_sad.wav,0.6554841995239258
1903,a2,happy,/srv/RL_project/repo/outputs/wav/001903_a2_happy.wav,0.6105149984359741
1904,a2,surprised,/srv/RL_project/repo/outputs/wav/001904_a2_surprised.wav,0.6442154049873352
1905,a2,angry,/srv/RL_project/repo/outputs/wav/001905_a2_angry.wav,0.6763864159584045
1906,a2,disgusted,/srv/RL_project/repo/outputs/wav/001906_a2_disgusted.wav,0.563957691192627
1907,a2,fearful,/srv/RL_project/repo/outputs/wav/001907_a2_fearful.wav,0.46868693828582764
1908,a2,surprised,/srv/RL_project/repo/outputs/wav/001908_a2_surprised.wav,0.6372435688972473
1909,a2,happy,/srv/RL_project/repo/outputs/wav/001909_a2_happy.wav,0.5549858212471008
1910,a2,disgusted,/srv/RL_project/repo/outputs/wav/001910_a2_disgusted.wav,0.6317694187164307
1911,a2,angry,/srv/RL_project/repo/outputs/wav/001911_a2_angry.wav,0.5378907322883606
1912,a2,sad,/srv/RL_project/repo/outputs/wav/001912_a2_sad.wav,0.5849730968475342
1913,a2,surprised,/srv/RL_project/repo/outputs/wav/001913_a2_surprised.wav,0.666507363319397
1914,a2,surprised,/srv/RL_project/repo/outputs/wav/001914_a2_surprised.wav,0.6182695627212524
1915,a2,neutral,/srv/RL_project/repo/outputs/wav/001915_a2_neutral.wav,0.6328316926956177
1916,a2,happy,/srv/RL_project/repo/outputs/wav/001916_a2_happy.wav,0.6439229846000671
1917,a2,happy,/srv/RL_project/repo/outputs/wav/001917_a2_happy.wav,0.5733096599578857
1918,a2,angry,/srv/RL_project/repo/outputs/wav/001918_a2_angry.wav,0.6588772535324097
1919,a2,sad,/srv/RL_project/repo/outputs/wav/001919_a2_sad.wav,0.7006728649139404
1920,a2,neutral,/srv/RL_project/repo/outputs/wav/001920_a2_neutral.wav,0.6275174021720886
1921,a2,fearful,/srv/RL_project/repo/outputs/wav/001921_a2_fearful.wav,0.5830895900726318
1922,a2,angry,/srv/RL_project/repo/outputs/wav/001922_a2_angry.wav,0.5348275303840637
1923,a2,fearful,/srv/RL_project/repo/outputs/wav/001923_a2_fearful.wav,0.6609190106391907
1924,a2,angry,/srv/RL_project/repo/outputs/wav/001924_a2_angry.wav,0.2735690176486969
1925,a2,sad,/srv/RL_project/repo/outputs/wav/001925_a2_sad.wav,0.6575844883918762
1926,a2,sad,/srv/RL_project/repo/outputs/wav/001926_a2_sad.wav,0.6861223578453064
1927,a2,surprised,/srv/RL_project/repo/outputs/wav/001927_a2_surprised.wav,0.6498942971229553
1928,a2,happy,/srv/RL_project/repo/outputs/wav/001928_a2_happy.wav,0.6446958184242249
1929,a2,angry,/srv/RL_project/repo/outputs/wav/001929_a2_angry.wav,-0.08292584866285324
1930,a2,surprised,/srv/RL_project/repo/outputs/wav/001930_a2_surprised.wav,0.23007416725158691
1931,a2,sad,/srv/RL_project/repo/outputs/wav/001931_a2_sad.wav,0.5673689246177673
1932,a2,fearful,/srv/RL_project/repo/outputs/wav/001932_a2_fearful.wav,0.6327089071273804
1933,a2,happy,/srv/RL_project/repo/outputs/wav/001933_a2_happy.wav,0.6392754316329956
1934,a2,fearful,/srv/RL_project/repo/outputs/wav/001934_a2_fearful.wav,0.5770159959793091
1935,a2,neutral,/srv/RL_project/repo/outputs/wav/001935_a2_neutral.wav,0.5967347621917725
1936,a2,neutral,/srv/RL_project/repo/outputs/wav/001936_a2_neutral.wav,0.6668215394020081
1937,a2,fearful,/srv/RL_project/repo/outputs/wav/001937_a2_fearful.wav,0.6603819131851196
1938,a2,surprised,/srv/RL_project/repo/outputs/wav/001938_a2_surprised.wav,0.6860439777374268
1939,a2,disgusted,/srv/RL_project/repo/outputs/wav/001939_a2_disgusted.wav,0.5507993102073669
1940,a2,sad,/srv/RL_project/repo/outputs/wav/001940_a2_sad.wav,0.6099509596824646
1941,a2,fearful,/srv/RL_project/repo/outputs/wav/001941_a2_fearful.wav,0.6796954274177551
1942,a2,neutral,/srv/RL_project/repo/outputs/wav/001942_a2_neutral.wav,0.5386731028556824
1943,a2,neutral,/srv/RL_project/repo/outputs/wav/001943_a2_neutral.wav,0.5666170120239258
1944,a2,disgusted,/srv/RL_project/repo/outputs/wav/001944_a2_disgusted.wav,0.6623141169548035
1945,a2,neutral,/srv/RL_project/repo/outputs/wav/001945_a2_neutral.wav,0.6511989831924438
1946,a2,angry,/srv/RL_project/repo/outputs/wav/001946_a2_angry.wav,0.6072432398796082
1947,a2,sad,/srv/RL_project/repo/outputs/wav/001947_a2_sad.wav,0.6087402105331421
1948,a2,fearful,/srv/RL_project/repo/outputs/wav/001948_a2_fearful.wav,0.6274110674858093
1949,a2,happy,/srv/RL_project/repo/outputs/wav/001949_a2_happy.wav,0.6450679898262024
1950,a2,fearful,/srv/RL_project/repo/outputs/wav/001950_a2_fearful.wav,0.3079413175582886
1951,a2,angry,/srv/RL_project/repo/outputs/wav/001951_a2_angry.wav,0.6699204444885254
1952,a2,neutral,/srv/RL_project/repo/outputs/wav/001952_a2_neutral.wav,0.5565757751464844
1953,a2,surprised,/srv/RL_project/repo/outputs/wav/001953_a2_surprised.wav,0.6190987229347229
1954,a2,fearful,/srv/RL_project/repo/outputs/wav/001954_a2_fearful.wav,0.5751924514770508
1955,a2,angry,/srv/RL_project/repo/outputs/wav/001955_a2_angry.wav,0.6192981600761414
1956,a2,happy,/srv/RL_project/repo/outputs/wav/001956_a2_happy.wav,0.6315659284591675
1957,a2,neutral,/srv/RL_project/repo/outputs/wav/001957_a2_neutral.wav,0.6447370648384094
1958,a2,neutral,/srv/RL_project/repo/outputs/wav/001958_a2_neutral.wav,0.6173879504203796
1959,a2,neutral,/srv/RL_project/repo/outputs/wav/001959_a2_neutral.wav,0.27317115664482117
1960,a2,surprised,/srv/RL_project/repo/outputs/wav/001960_a2_surprised.wav,0.6463835835456848
1961,a2,neutral,/srv/RL_project/repo/outputs/wav/001961_a2_neutral.wav,0.5812875032424927
1962,a2,disgusted,/srv/RL_project/repo/outputs/wav/001962_a2_disgusted.wav,0.6407212018966675
1963,a2,sad,/srv/RL_project/repo/outputs/wav/001963_a2_sad.wav,0.4436604380607605
1964,a2,sad,/srv/RL_project/repo/outputs/wav/001964_a2_sad.wav,0.6178131699562073
1965,a2,sad,/srv/RL_project/repo/outputs/wav/001965_a2_sad.wav,0.6246157288551331
1966,a2,sad,/srv/RL_project/repo/outputs/wav/001966_a2_sad.wav,0.6676515340805054
1967,a2,disgusted,/srv/RL_project/repo/outputs/wav/001967_a2_disgusted.wav,0.6624631285667419
1968,a2,neutral,/srv/RL_project/repo/outputs/wav/001968_a2_neutral.wav,0.6244813799858093
1969,a2,sad,/srv/RL_project/repo/outputs/wav/001969_a2_sad.wav,0.6281070113182068
1970,a2,fearful,/srv/RL_project/repo/outputs/wav/001970_a2_fearful.wav,0.2718401551246643
1971,a2,sad,/srv/RL_project/repo/outputs/wav/001971_a2_sad.wav,0.5658127665519714
1972,a2,surprised,/srv/RL_project/repo/outputs/wav/001972_a2_surprised.wav,0.6615557670593262
1973,a2,surprised,/srv/RL_project/repo/outputs/wav/001973_a2_surprised.wav,0.6362722516059875
1974,a2,angry,/srv/RL_project/repo/outputs/wav/001974_a2_angry.wav,0.1961563378572464
1975,a2,disgusted,/srv/RL_project/repo/outputs/wav/001975_a2_disgusted.wav,0.5573816299438477
1976,a2,angry,/srv/RL_project/repo/outputs/wav/001976_a2_angry.wav,0.6831640005111694
1977,a2,neutral,/srv/RL_project/repo/outputs/wav/001977_a2_neutral.wav,0.5421412587165833
1978,a2,neutral,/srv/RL_project/repo/outputs/wav/001978_a2_neutral.wav,0.6301906704902649
1979,a2,happy,/srv/RL_project/repo/outputs/wav/001979_a2_happy.wav,0.5821447372436523
1980,a2,disgusted,/srv/RL_project/repo/outputs/wav/001980_a2_disgusted.wav,0.5549484491348267
1981,a2,fearful,/srv/RL_project/repo/outputs/wav/001981_a2_fearful.wav,0.6256253719329834
1982,a2,angry,/srv/RL_project/repo/outputs/wav/001982_a2_angry.wav,0.47389811277389526
1983,a2,neutral,/srv/RL_project/repo/outputs/wav/001983_a2_neutral.wav,0.5133109092712402
1984,a2,happy,/srv/RL_project/repo/outputs/wav/001984_a2_happy.wav,0.6608512997627258
1985,a2,surprised,/srv/RL_project/repo/outputs/wav/001985_a2_surprised.wav,0.38644689321517944
1986,a2,fearful,/srv/RL_project/repo/outputs/wav/001986_a2_fearful.wav,0.6371968984603882
1987,a2,angry,/srv/RL_project/repo/outputs/wav/001987_a2_angry.wav,0.6444393396377563
1988,a2,happy,/srv/RL_project/repo/outputs/wav/001988_a2_happy.wav,0.5253114104270935
1989,a2,surprised,/srv/RL_project/repo/outputs/wav/001989_a2_surprised.wav,0.6117458939552307
1990,a2,sad,/srv/RL_project/repo/outputs/wav/001990_a2_sad.wav,0.6659533977508545
1991,a2,surprised,/srv/RL_project/repo/outputs/wav/001991_a2_surprised.wav,0.5078675746917725
1992,a2,sad,/srv/RL_project/repo/outputs/wav/001992_a2_sad.wav,0.5400563478469849
1993,a2,neutral,/srv/RL_project/repo/outputs/wav/001993_a2_neutral.wav,0.7004339098930359
1994,a2,angry,/srv/RL_project/repo/outputs/wav/001994_a2_angry.wav,0.653685450553894
1995,a2,happy,/srv/RL_project/repo/outputs/wav/001995_a2_happy.wav,0.5732085704803467
1996,a2,neutral,/srv/RL_project/repo/outputs/wav/001996_a2_neutral.wav,0.6275514960289001
1997,a2,happy,/srv/RL_project/repo/outputs/wav/001997_a2_happy.wav,0.4568818211555481
1998,a2,disgusted,/srv/RL_project/repo/outputs/wav/001998_a2_disgusted.wav,0.6254923343658447
1999,a2,angry,/srv/RL_project/repo/outputs/wav/001999_a2_angry.wav,0.6345417499542236
2000,a2,surprised,/srv/RL_project/repo/outputs/wav/002000_a2_surprised.wav,0.6331831812858582
2001,a2,disgusted,/srv/RL_project/repo/outputs/wav/002001_a2_disgusted.wav,0.5123351812362671
2002,a2,disgusted,/srv/RL_project/repo/outputs/wav/002002_a2_disgusted.wav,0.5695202350616455
2003,a2,sad,/srv/RL_project/repo/outputs/wav/002003_a2_sad.wav,0.5707818865776062
2004,a2,neutral,/srv/RL_project/repo/outputs/wav/002004_a2_neutral.wav,0.6096727848052979
2005,a2,surprised,/srv/RL_project/repo/outputs/wav/002005_a2_surprised.wav,0.5748761892318726
2006,a2,fearful,/srv/RL_project/repo/outputs/wav/002006_a2_fearful.wav,0.6467308402061462
2007,a2,surprised,/srv/RL_project/repo/outputs/wav/002007_a2_surprised.wav,0.6228496432304382
2008,a2,angry,/srv/RL_project/repo/outputs/wav/002008_a2_angry.wav,0.6236533522605896
2009,a2,sad,/srv/RL_project/repo/outputs/wav/002009_a2_sad.wav,0.5023166537284851
2010,a2,surprised,/srv/RL_project/repo/outputs/wav/002010_a2_surprised.wav,0.6475623846054077
2011,a2,angry,/srv/RL_project/repo/outputs/wav/002011_a2_angry.wav,0.5915883779525757
2012,a2,angry,/srv/RL_project/repo/outputs/wav/002012_a2_angry.wav,0.664759635925293
2013,a2,fearful,/srv/RL_project/repo/outputs/wav/002013_a2_fearful.wav,0.640597939491272
2014,a2,fearful,/srv/RL_project/repo/outputs/wav/002014_a2_fearful.wav,0.6168403625488281
2015,a2,sad,/srv/RL_project/repo/outputs/wav/002015_a2_sad.wav,0.624676525592804
2016,a2,fearful,/srv/RL_project/repo/outputs/wav/002016_a2_fearful.wav,0.481653094291687
2017,a2,surprised,/srv/RL_project/repo/outputs/wav/002017_a2_surprised.wav,0.6318895220756531
2018,a2,disgusted,/srv/RL_project/repo/outputs/wav/002018_a2_disgusted.wav,0.7186897993087769
2019,a2,happy,/srv/RL_project/repo/outputs/wav/002019_a2_happy.wav,0.31652751564979553
2020,a2,happy,/srv/RL_project/repo/outputs/wav/002020_a2_happy.wav,0.5906030535697937
2021,a2,disgusted,/srv/RL_project/repo/outputs/wav/002021_a2_disgusted.wav,0.605746865272522
2022,a2,happy,/srv/RL_project/repo/outputs/wav/002022_a2_happy.wav,0.3094916343688965
2023,a2,surprised,/srv/RL_project/repo/outputs/wav/002023_a2_surprised.wav,0.6170362830162048
2024,a2,neutral,/srv/RL_project/repo/outputs/wav/002024_a2_neutral.wav,0.5958250164985657
2025,a2,sad,/srv/RL_project/repo/outputs/wav/002025_a2_sad.wav,0.5989917516708374
2026,a2,neutral,/srv/RL_project/repo/outputs/wav/002026_a2_neutral.wav,0.6684867143630981
2027,a2,disgusted,/srv/RL_project/repo/outputs/wav/002027_a2_disgusted.wav,0.5860183238983154
2028,a2,happy,/srv/RL_project/repo/outputs/wav/002028_a2_happy.wav,0.6152791976928711
2029,a2,disgusted,/srv/RL_project/repo/outputs/wav/002029_a2_disgusted.wav,0.5697753429412842
2030,a2,neutral,/srv/RL_project/repo/outputs/wav/002030_a2_neutral.wav,0.676642119884491
2031,a2,fearful,/srv/RL_project/repo/outputs/wav/002031_a2_fearful.wav,0.33841586112976074
2032,a2,neutral,/srv/RL_project/repo/outputs/wav/002032_a2_neutral.wav,0.5885745882987976
2033,a2,neutral,/srv/RL_project/repo/outputs/wav/002033_a2_neutral.wav,0.6176252365112305
2034,a2,happy,/srv/RL_project/repo/outputs/wav/002034_a2_happy.wav,0.24394120275974274
2035,a2,happy,/srv/RL_project/repo/outputs/wav/002035_a2_happy.wav,0.5875031352043152
2036,a2,angry,/srv/RL_project/repo/outputs/wav/002036_a2_angry.wav,0.5939726233482361
2037,a2,angry,/srv/RL_project/repo/outputs/wav/002037_a2_angry.wav,0.6266122460365295
2038,a2,sad,/srv/RL_project/repo/outputs/wav/002038_a2_sad.wav,0.6663469076156616
2039,a2,angry,/srv/RL_project/repo/outputs/wav/002039_a2_angry.wav,0.6306211948394775
2040,a2,sad,/srv/RL_project/repo/outputs/wav/002040_a2_sad.wav,0.6093790531158447
2041,a2,fearful,/srv/RL_project/repo/outputs/wav/002041_a2_fearful.wav,0.6567436456680298
2042,a2,fearful,/srv/RL_project/repo/outputs/wav/002042_a2_fearful.wav,0.6605890989303589
2043,a2,fearful,/srv/RL_project/repo/outputs/wav/002043_a2_fearful.wav,0.6071546673774719
2044,a2,happy,/srv/RL_project/repo/outputs/wav/002044_a2_happy.wav,0.5756991505622864
2045,a2,fearful,/srv/RL_project/repo/outputs/wav/002045_a2_fearful.wav,0.6256550550460815
2046,a2,happy,/srv/RL_project/repo/outputs/wav/002046_a2_happy.wav,0.65447998046875
2047,a2,neutral,/srv/RL_project/repo/outputs/wav/002047_a2_neutral.wav,0.2804005444049835
2048,a2,sad,/srv/RL_project/repo/outputs/wav/002048_a2_sad.wav,0.579840898513794
2049,a2,fearful,/srv/RL_project/repo/outputs/wav/002049_a2_fearful.wav,0.6021723747253418
2050,a2,disgusted,/srv/RL_project/repo/outputs/wav/002050_a2_disgusted.wav,0.6009774208068848
2051,a2,sad,/srv/RL_project/repo/outputs/wav/002051_a2_sad.wav,0.6197607517242432
2052,a2,angry,/srv/RL_project/repo/outputs/wav/002052_a2_angry.wav,0.5817238092422485
2053,a2,neutral,/srv/RL_project/repo/outputs/wav/002053_a2_neutral.wav,0.31763240694999695
2054,a2,disgusted,/srv/RL_project/repo/outputs/wav/002054_a2_disgusted.wav,0.4881254732608795
2055,a2,neutral,/srv/RL_project/repo/outputs/wav/002055_a2_neutral.wav,0.6763010621070862
2056,a2,neutral,/srv/RL_project/repo/outputs/wav/002056_a2_neutral.wav,0.6670898199081421
2057,a2,surprised,/srv/RL_project/repo/outputs/wav/002057_a2_surprised.wav,0.6307434439659119
2058,a2,fearful,/srv/RL_project/repo/outputs/wav/002058_a2_fearful.wav,0.5562717914581299
2059,a2,fearful,/srv/RL_project/repo/outputs/wav/002059_a2_fearful.wav,0.6260327696800232
2060,a2,sad,/srv/RL_project/repo/outputs/wav/002060_a2_sad.wav,0.5875320434570312
2061,a2,sad,/srv/RL_project/repo/outputs/wav/002061_a2_sad.wav,0.6329988837242126
2062,a2,neutral,/srv/RL_project/repo/outputs/wav/002062_a2_neutral.wav,0.5937620401382446
2063,a2,surprised,/srv/RL_project/repo/outputs/wav/002063_a2_surprised.wav,0.6705322861671448
2064,a2,happy,/srv/RL_project/repo/outputs/wav/002064_a2_happy.wav,0.5355725884437561
2065,a2,angry,/srv/RL_project/repo/outputs/wav/002065_a2_angry.wav,0.46728500723838806
2066,a2,surprised,/srv/RL_project/repo/outputs/wav/002066_a2_surprised.wav,0.6703139543533325
2067,a2,sad,/srv/RL_project/repo/outputs/wav/002067_a2_sad.wav,0.6015625
2068,a2,happy,/srv/RL_project/repo/outputs/wav/002068_a2_happy.wav,0.6423484683036804
2069,a2,angry,/srv/RL_project/repo/outputs/wav/002069_a2_angry.wav,0.6504215598106384
2070,a2,sad,/srv/RL_project/repo/outputs/wav/002070_a2_sad.wav,0.6141133904457092
2071,a2,disgusted,/srv/RL_project/repo/outputs/wav/002071_a2_disgusted.wav,0.5963175296783447
2072,a2,surprised,/srv/RL_project/repo/outputs/wav/002072_a2_surprised.wav,0.5952426195144653
2073,a2,disgusted,/srv/RL_project/repo/outputs/wav/002073_a2_disgusted.wav,0.5091108083724976
2074,a2,happy,/srv/RL_project/repo/outputs/wav/002074_a2_happy.wav,0.5910329818725586
2075,a2,neutral,/srv/RL_project/repo/outputs/wav/002075_a2_neutral.wav,0.7344061732292175
2076,a2,disgusted,/srv/RL_project/repo/outputs/wav/002076_a2_disgusted.wav,0.55270916223526
2077,a2,sad,/srv/RL_project/repo/outputs/wav/002077_a2_sad.wav,0.6104313731193542
2078,a2,happy,/srv/RL_project/repo/outputs/wav/002078_a2_happy.wav,0.6509053111076355
2079,a2,neutral,/srv/RL_project/repo/outputs/wav/002079_a2_neutral.wav,0.5546994209289551
2080,a2,happy,/srv/RL_project/repo/outputs/wav/002080_a2_happy.wav,0.5880517363548279
2081,a2,surprised,/srv/RL_project/repo/outputs/wav/002081_a2_surprised.wav,0.6748138666152954
2082,a2,surprised,/srv/RL_project/repo/outputs/wav/002082_a2_surprised.wav,0.5717207193374634
2083,a2,happy,/srv/RL_project/repo/outputs/wav/002083_a2_happy.wav,0.5881127715110779
2084,a2,angry,/srv/RL_project/repo/outputs/wav/002084_a2_angry.wav,0.6301611065864563
2085,a2,disgusted,/srv/RL_project/repo/outputs/wav/002085_a2_disgusted.wav,0.6420319676399231
2086,a2,sad,/srv/RL_project/repo/outputs/wav/002086_a2_sad.wav,0.6361002922058105
2087,a2,angry,/srv/RL_project/repo/outputs/wav/002087_a2_angry.wav,0.6576268672943115
2088,a2,sad,/srv/RL_project/repo/outputs/wav/002088_a2_sad.wav,0.6292500495910645
2089,a2,fearful,/srv/RL_project/repo/outputs/wav/002089_a2_fearful.wav,0.30506008863449097
2090,a2,sad,/srv/RL_project/repo/outputs/wav/002090_a2_sad.wav,0.5736455917358398
2091,a2,happy,/srv/RL_project/repo/outputs/wav/002091_a2_happy.wav,0.629854679107666
2092,a2,surprised,/srv/RL_project/repo/outputs/wav/002092_a2_surprised.wav,0.38493970036506653
2093,a2,surprised,/srv/RL_project/repo/outputs/wav/002093_a2_surprised.wav,0.5893763303756714
2094,a2,fearful,/srv/RL_project/repo/outputs/wav/002094_a2_fearful.wav,0.6384947299957275
2095,a2,fearful,/srv/RL_project/repo/outputs/wav/002095_a2_fearful.wav,0.5630893707275391
2096,a2,disgusted,/srv/RL_project/repo/outputs/wav/002096_a2_disgusted.wav,0.6541069746017456
2097,a2,disgusted,/srv/RL_project/repo/outputs/wav/002097_a2_disgusted.wav,0.6070647835731506
2098,a2,neutral,/srv/RL_project/repo/outputs/wav/002098_a2_neutral.wav,0.5316130518913269
2099,a2,disgusted,/srv/RL_project/repo/outputs/wav/002099_a2_disgusted.wav,0.4592689275741577
2100,a2,happy,/srv/RL_project/repo/outputs/wav/002100_a2_happy.wav,0.6250931024551392
2101,a2,sad,/srv/RL_project/repo/outputs/wav/002101_a2_sad.wav,0.5688742399215698
2102,a2,disgusted,/srv/RL_project/repo/outputs/wav/002102_a2_disgusted.wav,0.646744966506958
2103,a2,angry,/srv/RL_project/repo/outputs/wav/002103_a2_angry.wav,0.6088240146636963
2104,a2,disgusted,/srv/RL_project/repo/outputs/wav/002104_a2_disgusted.wav,0.4651334285736084
2105,a2,disgusted,/srv/RL_project/repo/outputs/wav/002105_a2_disgusted.wav,0.6802855134010315
2106,a2,angry,/srv/RL_project/repo/outputs/wav/002106_a2_angry.wav,0.6157100796699524
2107,a2,angry,/srv/RL_project/repo/outputs/wav/002107_a2_angry.wav,0.5619155168533325
2108,a2,disgusted,/srv/RL_project/repo/outputs/wav/002108_a2_disgusted.wav,0.5017284154891968
2109,a2,surprised,/srv/RL_project/repo/outputs/wav/002109_a2_surprised.wav,0.5606778264045715
2110,a2,happy,/srv/RL_project/repo/outputs/wav/002110_a2_happy.wav,0.6887980699539185
2111,a2,disgusted,/srv/RL_project/repo/outputs/wav/002111_a2_disgusted.wav,0.674857497215271
2112,a2,angry,/srv/RL_project/repo/outputs/wav/002112_a2_angry.wav,0.6278393268585205
2113,a2,angry,/srv/RL_project/repo/outputs/wav/002113_a2_angry.wav,0.6192975640296936
2114,a2,surprised,/srv/RL_project/repo/outputs/wav/002114_a2_surprised.wav,0.5489088296890259
2115,a2,happy,/srv/RL_project/repo/outputs/wav/002115_a2_happy.wav,0.6069859862327576
2116,a2,disgusted,/srv/RL_project/repo/outputs/wav/002116_a2_disgusted.wav,0.25445297360420227
2117,a2,fearful,/srv/RL_project/repo/outputs/wav/002117_a2_fearful.wav,0.6181875467300415
2118,a2,surprised,/srv/RL_project/repo/outputs/wav/002118_a2_surprised.wav,0.6579467058181763
2119,a2,neutral,/srv/RL_project/repo/outputs/wav/002119_a2_neutral.wav,0.6648935079574585
2120,a2,sad,/srv/RL_project/repo/outputs/wav/002120_a2_sad.wav,0.5970197916030884
2121,a2,happy,/srv/RL_project/repo/outputs/wav/002121_a2_happy.wav,0.6422632932662964
2122,a2,angry,/srv/RL_project/repo/outputs/wav/002122_a2_angry.wav,0.5843181014060974
2123,a2,happy,/srv/RL_project/repo/outputs/wav/002123_a2_happy.wav,0.6449390053749084
2124,a2,surprised,/srv/RL_project/repo/outputs/wav/002124_a2_surprised.wav,0.25818613171577454
2125,a2,happy,/srv/RL_project/repo/outputs/wav/002125_a2_happy.wav,0.5917636752128601
2126,a2,surprised,/srv/RL_project/repo/outputs/wav/002126_a2_surprised.wav,0.6552895903587341
2127,a2,neutral,/srv/RL_project/repo/outputs/wav/002127_a2_neutral.wav,0.6370952725410461
2128,a2,neutral,/srv/RL_project/repo/outputs/wav/002128_a2_neutral.wav,0.6243774890899658
2129,a2,neutral,/srv/RL_project/repo/outputs/wav/002129_a2_neutral.wav,0.5712015628814697
2130,a2,disgusted,/srv/RL_project/repo/outputs/wav/002130_a2_disgusted.wav,0.6385006308555603
2131,a2,sad,/srv/RL_project/repo/outputs/wav/002131_a2_sad.wav,0.6390646696090698
2132,a2,neutral,/srv/RL_project/repo/outputs/wav/002132_a2_neutral.wav,0.6008559465408325
2133,a2,sad,/srv/RL_project/repo/outputs/wav/002133_a2_sad.wav,0.5350401997566223
2134,a2,angry,/srv/RL_project/repo/outputs/wav/002134_a2_angry.wav,0.6520462036132812
2135,a2,neutral,/srv/RL_project/repo/outputs/wav/002135_a2_neutral.wav,0.5390310883522034
2136,a2,neutral,/srv/RL_project/repo/outputs/wav/002136_a2_neutral.wav,0.6125209331512451
2137,a2,neutral,/srv/RL_project/repo/outputs/wav/002137_a2_neutral.wav,0.6677282452583313
2138,a2,disgusted,/srv/RL_project/repo/outputs/wav/002138_a2_disgusted.wav,0.5782255530357361
2139,a2,disgusted,/srv/RL_project/repo/outputs/wav/002139_a2_disgusted.wav,0.6404097676277161
2140,a2,disgusted,/srv/RL_project/repo/outputs/wav/002140_a2_disgusted.wav,0.5587183833122253
2141,a2,disgusted,/srv/RL_project/repo/outputs/wav/002141_a2_disgusted.wav,0.648303210735321
2142,a2,angry,/srv/RL_project/repo/outputs/wav/002142_a2_angry.wav,0.6668165326118469
2143,a2,fearful,/srv/RL_project/repo/outputs/wav/002143_a2_fearful.wav,0.6318860650062561
2144,a2,surprised,/srv/RL_project/repo/outputs/wav/002144_a2_surprised.wav,0.6013948321342468
2145,a2,surprised,/srv/RL_project/repo/outputs/wav/002145_a2_surprised.wav,0.6000768542289734
2146,a2,disgusted,/srv/RL_project/repo/outputs/wav/002146_a2_disgusted.wav,0.6406674981117249
2147,a2,sad,/srv/RL_project/repo/outputs/wav/002147_a2_sad.wav,0.6399354338645935
2148,a2,surprised,/srv/RL_project/repo/outputs/wav/002148_a2_surprised.wav,0.6466390490531921
2149,a2,disgusted,/srv/RL_project/repo/outputs/wav/002149_a2_disgusted.wav,0.6302984952926636
2150,a2,angry,/srv/RL_project/repo/outputs/wav/002150_a2_angry.wav,0.6119679808616638
2151,a2,neutral,/srv/RL_project/repo/outputs/wav/002151_a2_neutral.wav,0.6670723557472229
2152,a2,disgusted,/srv/RL_project/repo/outputs/wav/002152_a2_disgusted.wav,0.5566617250442505
2153,a2,sad,/srv/RL_project/repo/outputs/wav/002153_a2_sad.wav,0.5402405261993408
2154,a2,sad,/srv/RL_project/repo/outputs/wav/002154_a2_sad.wav,0.5872324705123901
2155,a2,disgusted,/srv/RL_project/repo/outputs/wav/002155_a2_disgusted.wav,0.25525423884391785
2156,a2,disgusted,/srv/RL_project/repo/outputs/wav/002156_a2_disgusted.wav,0.5613780617713928
2157,a2,angry,/srv/RL_project/repo/outputs/wav/002157_a2_angry.wav,0.6405397653579712
2158,a2,sad,/srv/RL_project/repo/outputs/wav/002158_a2_sad.wav,0.5883274674415588
2159,a2,neutral,/srv/RL_project/repo/outputs/wav/002159_a2_neutral.wav,0.6241939663887024
2160,a2,neutral,/srv/RL_project/repo/outputs/wav/002160_a2_neutral.wav,0.5710376501083374
2161,a2,angry,/srv/RL_project/repo/outputs/wav/002161_a2_angry.wav,0.6396448016166687
2162,a2,fearful,/srv/RL_project/repo/outputs/wav/002162_a2_fearful.wav,0.4763543903827667
2163,a2,happy,/srv/RL_project/repo/outputs/wav/002163_a2_happy.wav,0.33596476912498474
2164,a2,disgusted,/srv/RL_project/repo/outputs/wav/002164_a2_disgusted.wav,0.5863210558891296
2165,a2,angry,/srv/RL_project/repo/outputs/wav/002165_a2_angry.wav,0.6776189804077148
2166,a2,disgusted,/srv/RL_project/repo/outputs/wav/002166_a2_disgusted.wav,0.2600257992744446
2167,a2,happy,/srv/RL_project/repo/outputs/wav/002167_a2_happy.wav,0.5565671324729919
2168,a2,happy,/srv/RL_project/repo/outputs/wav/002168_a2_happy.wav,0.6483021974563599
2169,a2,angry,/srv/RL_project/repo/outputs/wav/002169_a2_angry.wav,0.5473551154136658
2170,a2,fearful,/srv/RL_project/repo/outputs/wav/002170_a2_fearful.wav,0.6907755732536316
2171,a2,sad,/srv/RL_project/repo/outputs/wav/002171_a2_sad.wav,0.6313866376876831
2172,a2,happy,/srv/RL_project/repo/outputs/wav/002172_a2_happy.wav,0.5696032643318176
2173,a2,fearful,/srv/RL_project/repo/outputs/wav/002173_a2_fearful.wav,0.6450592875480652
2174,a2,happy,/srv/RL_project/repo/outputs/wav/002174_a2_happy.wav,0.4789990186691284
2175,a2,angry,/srv/RL_project/repo/outputs/wav/002175_a2_angry.wav,0.638359785079956
2176,a2,angry,/srv/RL_project/repo/outputs/wav/002176_a2_angry.wav,0.5682384371757507
2177,a2,fearful,/srv/RL_project/repo/outputs/wav/002177_a2_fearful.wav,0.6095774173736572
2178,a2,fearful,/srv/RL_project/repo/outputs/wav/002178_a2_fearful.wav,0.539172351360321
2179,a2,surprised,/srv/RL_project/repo/outputs/wav/002179_a2_surprised.wav,0.2559164762496948
2180,a2,happy,/srv/RL_project/repo/outputs/wav/002180_a2_happy.wav,0.5509036779403687
2181,a2,fearful,/srv/RL_project/repo/outputs/wav/002181_a2_fearful.wav,0.6345916390419006
2182,a2,neutral,/srv/RL_project/repo/outputs/wav/002182_a2_neutral.wav,0.2975955903530121
2183,a2,angry,/srv/RL_project/repo/outputs/wav/002183_a2_angry.wav,0.6135882139205933
2184,a2,happy,/srv/RL_project/repo/outputs/wav/002184_a2_happy.wav,0.30343717336654663
2185,a2,neutral,/srv/RL_project/repo/outputs/wav/002185_a2_neutral.wav,0.44115298986434937
2186,a2,fearful,/srv/RL_project/repo/outputs/wav/002186_a2_fearful.wav,0.5969427227973938
2187,a2,fearful,/srv/RL_project/repo/outputs/wav/002187_a2_fearful.wav,0.2592998743057251
2188,a2,fearful,/srv/RL_project/repo/outputs/wav/002188_a2_fearful.wav,0.6166865825653076
2189,a2,neutral,/srv/RL_project/repo/outputs/wav/002189_a2_neutral.wav,0.5996415615081787
2190,a2,angry,/srv/RL_project/repo/outputs/wav/002190_a2_angry.wav,0.5931644439697266
2191,a2,surprised,/srv/RL_project/repo/outputs/wav/002191_a2_surprised.wav,0.6169863343238831
2192,a2,fearful,/srv/RL_project/repo/outputs/wav/002192_a2_fearful.wav,0.637479841709137
2193,a2,fearful,/srv/RL_project/repo/outputs/wav/002193_a2_fearful.wav,0.33140140771865845
2194,a2,disgusted,/srv/RL_project/repo/outputs/wav/002194_a2_disgusted.wav,0.2390781193971634
2195,a2,disgusted,/srv/RL_project/repo/outputs/wav/002195_a2_disgusted.wav,0.6015641689300537
2196,a2,disgusted,/srv/RL_project/repo/outputs/wav/002196_a2_disgusted.wav,0.5657904148101807
2197,a2,angry,/srv/RL_project/repo/outputs/wav/002197_a2_angry.wav,0.6614260077476501
2198,a2,fearful,/srv/RL_project/repo/outputs/wav/002198_a2_fearful.wav,0.5995044112205505
2199,a2,fearful,/srv/RL_project/repo/outputs/wav/002199_a2_fearful.wav,0.681568443775177
2200,a2,angry,/srv/RL_project/repo/outputs/wav/002200_a2_angry.wav,0.5834367275238037
2201,a2,sad,/srv/RL_project/repo/outputs/wav/002201_a2_sad.wav,0.5813869833946228
2202,a2,surprised,/srv/RL_project/repo/outputs/wav/002202_a2_surprised.wav,0.5704028606414795
2203,a2,surprised,/srv/RL_project/repo/outputs/wav/002203_a2_surprised.wav,0.6579709649085999
2204,a2,neutral,/srv/RL_project/repo/outputs/wav/002204_a2_neutral.wav,0.46361297369003296
2205,a2,sad,/srv/RL_project/repo/outputs/wav/002205_a2_sad.wav,0.555195689201355
2206,a2,neutral,/srv/RL_project/repo/outputs/wav/002206_a2_neutral.wav,0.6365684866905212
2207,a2,sad,/srv/RL_project/repo/outputs/wav/002207_a2_sad.wav,0.5930076241493225
2208,a2,happy,/srv/RL_project/repo/outputs/wav/002208_a2_happy.wav,0.6179746985435486
2209,a2,neutral,/srv/RL_project/repo/outputs/wav/002209_a2_neutral.wav,0.503473699092865
2210,a2,disgusted,/srv/RL_project/repo/outputs/wav/002210_a2_disgusted.wav,0.5294981598854065
2211,a2,angry,/srv/RL_project/repo/outputs/wav/002211_a2_angry.wav,0.6898431777954102
2212,a2,sad,/srv/RL_project/repo/outputs/wav/002212_a2_sad.wav,0.598587155342102
2213,a2,happy,/srv/RL_project/repo/outputs/wav/002213_a2_happy.wav,0.5727811455726624
2214,a2,fearful,/srv/RL_project/repo/outputs/wav/002214_a2_fearful.wav,0.5576149225234985
2215,a2,neutral,/srv/RL_project/repo/outputs/wav/002215_a2_neutral.wav,0.6655148267745972
2216,a2,fearful,/srv/RL_project/repo/outputs/wav/002216_a2_fearful.wav,0.6336966156959534
2217,a2,disgusted,/srv/RL_project/repo/outputs/wav/002217_a2_disgusted.wav,0.5571200847625732
2218,a2,disgusted,/srv/RL_project/repo/outputs/wav/002218_a2_disgusted.wav,0.6089748740196228
2219,a2,angry,/srv/RL_project/repo/outputs/wav/002219_a2_angry.wav,0.5746471881866455
2220,a2,surprised,/srv/RL_project/repo/outputs/wav/002220_a2_surprised.wav,0.6213039755821228
2221,a2,disgusted,/srv/RL_project/repo/outputs/wav/002221_a2_disgusted.wav,0.6241305470466614
2222,a2,disgusted,/srv/RL_project/repo/outputs/wav/002222_a2_disgusted.wav,0.6219066977500916
2223,a2,surprised,/srv/RL_project/repo/outputs/wav/002223_a2_surprised.wav,0.5593521595001221
2224,a2,happy,/srv/RL_project/repo/outputs/wav/002224_a2_happy.wav,0.5745615363121033
2225,a2,fearful,/srv/RL_project/repo/outputs/wav/002225_a2_fearful.wav,0.3330337405204773
2226,a2,neutral,/srv/RL_project/repo/outputs/wav/002226_a2_neutral.wav,0.6047006249427795
2227,a2,happy,/srv/RL_project/repo/outputs/wav/002227_a2_happy.wav,0.30273327231407166
2228,a2,neutral,/srv/RL_project/repo/outputs/wav/002228_a2_neutral.wav,0.5768874883651733
2229,a2,surprised,/srv/RL_project/repo/outputs/wav/002229_a2_surprised.wav,0.5431632399559021
2230,a2,disgusted,/srv/RL_project/repo/outputs/wav/002230_a2_disgusted.wav,0.5951797962188721
2231,a2,happy,/srv/RL_project/repo/outputs/wav/002231_a2_happy.wav,0.5905131697654724
2232,a2,angry,/srv/RL_project/repo/outputs/wav/002232_a2_angry.wav,0.684378445148468
2233,a2,fearful,/srv/RL_project/repo/outputs/wav/002233_a2_fearful.wav,0.612503707408905
2234,a2,sad,/srv/RL_project/repo/outputs/wav/002234_a2_sad.wav,0.6674749851226807
2235,a2,disgusted,/srv/RL_project/repo/outputs/wav/002235_a2_disgusted.wav,0.2581877112388611
2236,a2,neutral,/srv/RL_project/repo/outputs/wav/002236_a2_neutral.wav,0.6098494529724121
2237,a2,fearful,/srv/RL_project/repo/outputs/wav/002237_a2_fearful.wav,0.5390221476554871
2238,a2,happy,/srv/RL_project/repo/outputs/wav/002238_a2_happy.wav,0.6474252939224243
2239,a2,disgusted,/srv/RL_project/repo/outputs/wav/002239_a2_disgusted.wav,0.5121815204620361
2240,a2,sad,/srv/RL_project/repo/outputs/wav/002240_a2_sad.wav,0.5961594581604004
2241,a2,fearful,/srv/RL_project/repo/outputs/wav/002241_a2_fearful.wav,0.6578943729400635
2242,a2,angry,/srv/RL_project/repo/outputs/wav/002242_a2_angry.wav,0.5869047045707703
2243,a2,sad,/srv/RL_project/repo/outputs/wav/002243_a2_sad.wav,0.6087906360626221
2244,a2,surprised,/srv/RL_project/repo/outputs/wav/002244_a2_surprised.wav,0.5874063372612
2245,a2,sad,/srv/RL_project/repo/outputs/wav/002245_a2_sad.wav,0.4123063087463379
2246,a2,disgusted,/srv/RL_project/repo/outputs/wav/002246_a2_disgusted.wav,0.6178085803985596
2247,a2,surprised,/srv/RL_project/repo/outputs/wav/002247_a2_surprised.wav,0.272235244512558
2248,a2,disgusted,/srv/RL_project/repo/outputs/wav/002248_a2_disgusted.wav,0.6083918213844299
2249,a2,neutral,/srv/RL_project/repo/outputs/wav/002249_a2_neutral.wav,0.6360633373260498
2250,a2,sad,/srv/RL_project/repo/outputs/wav/002250_a2_sad.wav,0.624481201171875
2251,a2,sad,/srv/RL_project/repo/outputs/wav/002251_a2_sad.wav,0.6894196271896362
2252,a2,neutral,/srv/RL_project/repo/outputs/wav/002252_a2_neutral.wav,0.6133631467819214
2253,a2,disgusted,/srv/RL_project/repo/outputs/wav/002253_a2_disgusted.wav,0.5658104419708252
2254,a2,surprised,/srv/RL_project/repo/outputs/wav/002254_a2_surprised.wav,0.661547839641571
2255,a2,angry,/srv/RL_project/repo/outputs/wav/002255_a2_angry.wav,0.5367347002029419
2256,a2,fearful,/srv/RL_project/repo/outputs/wav/002256_a2_fearful.wav,0.1961410939693451
2257,a2,disgusted,/srv/RL_project/repo/outputs/wav/002257_a2_disgusted.wav,0.5760867595672607
2258,a2,neutral,/srv/RL_project/repo/outputs/wav/002258_a2_neutral.wav,0.6831640005111694
2259,a2,angry,/srv/RL_project/repo/outputs/wav/002259_a2_angry.wav,0.5421464443206787
2260,a2,angry,/srv/RL_project/repo/outputs/wav/002260_a2_angry.wav,0.6301922798156738
2261,a2,angry,/srv/RL_project/repo/outputs/wav/002261_a2_angry.wav,0.5821450352668762
2262,a2,surprised,/srv/RL_project/repo/outputs/wav/002262_a2_surprised.wav,0.5549546480178833
2263,a2,neutral,/srv/RL_project/repo/outputs/wav/002263_a2_neutral.wav,0.6256187558174133
2264,a2,neutral,/srv/RL_project/repo/outputs/wav/002264_a2_neutral.wav,0.47387680411338806
2265,a2,happy,/srv/RL_project/repo/outputs/wav/002265_a2_happy.wav,0.6032267212867737
2266,a2,disgusted,/srv/RL_project/repo/outputs/wav/002266_a2_disgusted.wav,0.6608554720878601
2267,a2,surprised,/srv/RL_project/repo/outputs/wav/002267_a2_surprised.wav,0.3864457905292511
2268,a2,neutral,/srv/RL_project/repo/outputs/wav/002268_a2_neutral.wav,0.5556402802467346
2269,a2,happy,/srv/RL_project/repo/outputs/wav/002269_a2_happy.wav,0.6444408297538757
2270,a2,surprised,/srv/RL_project/repo/outputs/wav/002270_a2_surprised.wav,0.5253109335899353
2271,a2,fearful,/srv/RL_project/repo/outputs/wav/002271_a2_fearful.wav,0.611758291721344
2272,a2,disgusted,/srv/RL_project/repo/outputs/wav/002272_a2_disgusted.wav,0.30343228578567505
2273,a2,angry,/srv/RL_project/repo/outputs/wav/002273_a2_angry.wav,0.5078568458557129
2274,a2,disgusted,/srv/RL_project/repo/outputs/wav/002274_a2_disgusted.wav,0.5400577783584595
2275,a2,happy,/srv/RL_project/repo/outputs/wav/002275_a2_happy.wav,0.7004355788230896
2276,a2,neutral,/srv/RL_project/repo/outputs/wav/002276_a2_neutral.wav,0.6536847352981567
2277,a2,surprised,/srv/RL_project/repo/outputs/wav/002277_a2_surprised.wav,0.5739386677742004
2278,a2,angry,/srv/RL_project/repo/outputs/wav/002278_a2_angry.wav,0.6275574564933777
2279,a2,surprised,/srv/RL_project/repo/outputs/wav/002279_a2_surprised.wav,0.4568760395050049
2280,a2,angry,/srv/RL_project/repo/outputs/wav/002280_a2_angry.wav,0.6254887580871582
2281,a2,happy,/srv/RL_project/repo/outputs/wav/002281_a2_happy.wav,0.6476873159408569
2282,a2,happy,/srv/RL_project/repo/outputs/wav/002282_a2_happy.wav,0.5460420250892639
2283,a2,happy,/srv/RL_project/repo/outputs/wav/002283_a2_happy.wav,0.5123316645622253
2284,a2,sad,/srv/RL_project/repo/outputs/wav/002284_a2_sad.wav,0.56952965259552
2285,a2,surprised,/srv/RL_project/repo/outputs/wav/002285_a2_surprised.wav,0.5707850456237793
2286,a2,disgusted,/srv/RL_project/repo/outputs/wav/002286_a2_disgusted.wav,0.6096741557121277
2287,a2,fearful,/srv/RL_project/repo/outputs/wav/002287_a2_fearful.wav,0.5748750567436218
2288,a2,fearful,/srv/RL_project/repo/outputs/wav/002288_a2_fearful.wav,0.522242546081543
2289,a2,disgusted,/srv/RL_project/repo/outputs/wav/002289_a2_disgusted.wav,0.6228532195091248
2290,a2,sad,/srv/RL_project/repo/outputs/wav/002290_a2_sad.wav,0.6236483454704285
2291,a2,fearful,/srv/RL_project/repo/outputs/wav/002291_a2_fearful.wav,0.5023213624954224
2292,a2,neutral,/srv/RL_project/repo/outputs/wav/002292_a2_neutral.wav,0.6475635766983032
2293,a2,happy,/srv/RL_project/repo/outputs/wav/002293_a2_happy.wav,0.5915952324867249
2294,a2,sad,/srv/RL_project/repo/outputs/wav/002294_a2_sad.wav,0.6647512316703796
2295,a2,angry,/srv/RL_project/repo/outputs/wav/002295_a2_angry.wav,0.6405941247940063
2296,a2,angry,/srv/RL_project/repo/outputs/wav/002296_a2_angry.wav,0.6168436408042908
2297,a2,neutral,/srv/RL_project/repo/outputs/wav/002297_a2_neutral.wav,0.6246612668037415
2298,a2,happy,/srv/RL_project/repo/outputs/wav/002298_a2_happy.wav,0.46372538805007935
2299,a2,surprised,/srv/RL_project/repo/outputs/wav/002299_a2_surprised.wav,0.6318870782852173
2300,a2,sad,/srv/RL_project/repo/outputs/wav/002300_a2_sad.wav,0.718684732913971
2301,a2,sad,/srv/RL_project/repo/outputs/wav/002301_a2_sad.wav,0.3165234923362732
2302,a2,disgusted,/srv/RL_project/repo/outputs/wav/002302_a2_disgusted.wav,0.5906062126159668
2303,a2,sad,/srv/RL_project/repo/outputs/wav/002303_a2_sad.wav,0.6057497262954712
2304,a2,surprised,/srv/RL_project/repo/outputs/wav/002304_a2_surprised.wav,0.30948662757873535
2305,a2,disgusted,/srv/RL_project/repo/outputs/wav/002305_a2_disgusted.wav,0.6170367002487183
2306,a2,neutral,/srv/RL_project/repo/outputs/wav/002306_a2_neutral.wav,0.595829427242279
2307,a2,sad,/srv/RL_project/repo/outputs/wav/002307_a2_sad.wav,0.5989912152290344
2308,a2,fearful,/srv/RL_project/repo/outputs/wav/002308_a2_fearful.wav,0.6685042381286621
2309,a2,surprised,/srv/RL_project/repo/outputs/wav/002309_a2_surprised.wav,0.5860245823860168
2310,a2,angry,/srv/RL_project/repo/outputs/wav/002310_a2_angry.wav,0.6290340423583984
2311,a2,fearful,/srv/RL_project/repo/outputs/wav/002311_a2_fearful.wav,0.56977379322052
2312,a2,fearful,/srv/RL_project/repo/outputs/wav/002312_a2_fearful.wav,0.6067570447921753
2313,a2,neutral,/srv/RL_project/repo/outputs/wav/002313_a2_neutral.wav,0.6483346223831177
2314,a2,neutral,/srv/RL_project/repo/outputs/wav/002314_a2_neutral.wav,0.588575005531311
2315,a2,happy,/srv/RL_project/repo/outputs/wav/002315_a2_happy.wav,0.6256822943687439
2316,a2,disgusted,/srv/RL_project/repo/outputs/wav/002316_a2_disgusted.wav,0.24393834173679352
2317,a2,sad,/srv/RL_project/repo/outputs/wav/002317_a2_sad.wav,0.5875040292739868
2318,a2,fearful,/srv/RL_project/repo/outputs/wav/002318_a2_fearful.wav,0.5939740538597107
2319,a2,disgusted,/srv/RL_project/repo/outputs/wav/002319_a2_disgusted.wav,0.6266000866889954
2320,a2,surprised,/srv/RL_project/repo/outputs/wav/002320_a2_surprised.wav,0.6663459539413452
2321,a2,fearful,/srv/RL_project/repo/outputs/wav/002321_a2_fearful.wav,0.6306254863739014
2322,a2,angry,/srv/RL_project/repo/outputs/wav/002322_a2_angry.wav,0.6093710064888
2323,a2,surprised,/srv/RL_project/repo/outputs/wav/002323_a2_surprised.wav,0.7009595036506653
2324,a2,disgusted,/srv/RL_project/repo/outputs/wav/002324_a2_disgusted.wav,0.6605892181396484
2325,a2,disgusted,/srv/RL_project/repo/outputs/wav/002325_a2_disgusted.wav,0.6071716547012329
2326,a2,surprised,/srv/RL_project/repo/outputs/wav/002326_a2_surprised.wav,0.5801302194595337
2327,a2,fearful,/srv/RL_project/repo/outputs/wav/002327_a2_fearful.wav,0.6467082500457764
2328,a2,surprised,/srv/RL_project/repo/outputs/wav/002328_a2_surprised.wav,0.6544829607009888
2329,a2,fearful,/srv/RL_project/repo/outputs/wav/002329_a2_fearful.wav,0.280396968126297
2330,a2,sad,/srv/RL_project/repo/outputs/wav/002330_a2_sad.wav,0.5798426270484924
2331,a2,happy,/srv/RL_project/repo/outputs/wav/002331_a2_happy.wav,0.602184534072876
2332,a2,neutral,/srv/RL_project/repo/outputs/wav/002332_a2_neutral.wav,0.6010065674781799
2333,a2,angry,/srv/RL_project/repo/outputs/wav/002333_a2_angry.wav,0.6197603940963745
2334,a2,surprised,/srv/RL_project/repo/outputs/wav/002334_a2_surprised.wav,0.5817265510559082
2335,a2,happy,/srv/RL_project/repo/outputs/wav/002335_a2_happy.wav,0.3176344633102417
2336,a2,fearful,/srv/RL_project/repo/outputs/wav/002336_a2_fearful.wav,0.4881332516670227
2337,a2,disgusted,/srv/RL_project/repo/outputs/wav/002337_a2_disgusted.wav,0.6762994527816772
2338,a2,happy,/srv/RL_project/repo/outputs/wav/002338_a2_happy.wav,0.6670934557914734
2339,a2,surprised,/srv/RL_project/repo/outputs/wav/002339_a2_surprised.wav,0.630742073059082
2340,a2,surprised,/srv/RL_project/repo/outputs/wav/002340_a2_surprised.wav,0.5562741160392761
2341,a2,angry,/srv/RL_project/repo/outputs/wav/002341_a2_angry.wav,0.6260404586791992
2342,a2,fearful,/srv/RL_project/repo/outputs/wav/002342_a2_fearful.wav,0.5875347852706909
2343,a2,neutral,/srv/RL_project/repo/outputs/wav/002343_a2_neutral.wav,0.6329939961433411
2344,a2,sad,/srv/RL_project/repo/outputs/wav/002344_a2_sad.wav,0.593757152557373
2345,a2,sad,/srv/RL_project/repo/outputs/wav/002345_a2_sad.wav,0.5993595719337463
2346,a2,neutral,/srv/RL_project/repo/outputs/wav/002346_a2_neutral.wav,0.6177256107330322
2347,a2,sad,/srv/RL_project/repo/outputs/wav/002347_a2_sad.wav,0.4673009514808655
2348,a2,fearful,/srv/RL_project/repo/outputs/wav/002348_a2_fearful.wav,0.6703135967254639
2349,a2,sad,/srv/RL_project/repo/outputs/wav/002349_a2_sad.wav,0.6015672087669373
2350,a2,fearful,/srv/RL_project/repo/outputs/wav/002350_a2_fearful.wav,0.6423472762107849
2351,a2,neutral,/srv/RL_project/repo/outputs/wav/002351_a2_neutral.wav,0.6352507472038269
2352,a2,sad,/srv/RL_project/repo/outputs/wav/002352_a2_sad.wav,0.6141144633293152
2353,a2,fearful,/srv/RL_project/repo/outputs/wav/002353_a2_fearful.wav,0.5963128209114075
2354,a2,sad,/srv/RL_project/repo/outputs/wav/002354_a2_sad.wav,0.5952439308166504
2355,a2,angry,/srv/RL_project/repo/outputs/wav/002355_a2_angry.wav,0.5091255903244019
2356,a2,fearful,/srv/RL_project/repo/outputs/wav/002356_a2_fearful.wav,0.5910354852676392
2357,a2,angry,/srv/RL_project/repo/outputs/wav/002357_a2_angry.wav,0.7344041466712952
2358,a2,angry,/srv/RL_project/repo/outputs/wav/002358_a2_angry.wav,0.5527101755142212
2359,a2,fearful,/srv/RL_project/repo/outputs/wav/002359_a2_fearful.wav,0.6104282140731812
2360,a2,angry,/srv/RL_project/repo/outputs/wav/002360_a2_angry.wav,0.6308718919754028
2361,a2,sad,/srv/RL_project/repo/outputs/wav/002361_a2_sad.wav,0.5547036528587341
2362,a2,surprised,/srv/RL_project/repo/outputs/wav/002362_a2_surprised.wav,0.5880560278892517
2363,a2,disgusted,/srv/RL_project/repo/outputs/wav/002363_a2_disgusted.wav,0.6708489656448364
2364,a2,angry,/srv/RL_project/repo/outputs/wav/002364_a2_angry.wav,0.5717000365257263
2365,a2,happy,/srv/RL_project/repo/outputs/wav/002365_a2_happy.wav,0.5881161093711853
2366,a2,fearful,/srv/RL_project/repo/outputs/wav/002366_a2_fearful.wav,0.6301581859588623
2367,a2,neutral,/srv/RL_project/repo/outputs/wav/002367_a2_neutral.wav,0.6420325040817261
2368,a2,disgusted,/srv/RL_project/repo/outputs/wav/002368_a2_disgusted.wav,0.6361100673675537
2369,a2,angry,/srv/RL_project/repo/outputs/wav/002369_a2_angry.wav,0.5900769233703613
2370,a2,happy,/srv/RL_project/repo/outputs/wav/002370_a2_happy.wav,0.629255473613739
2371,a2,happy,/srv/RL_project/repo/outputs/wav/002371_a2_happy.wav,0.3050588369369507
2372,a2,sad,/srv/RL_project/repo/outputs/wav/002372_a2_sad.wav,0.5736411213874817
2373,a2,disgusted,/srv/RL_project/repo/outputs/wav/002373_a2_disgusted.wav,0.5929717421531677
2374,a2,fearful,/srv/RL_project/repo/outputs/wav/002374_a2_fearful.wav,0.38495323061943054
2375,a2,surprised,/srv/RL_project/repo/outputs/wav/002375_a2_surprised.wav,0.6571530103683472
2376,a2,sad,/srv/RL_project/repo/outputs/wav/002376_a2_sad.wav,0.684798538684845
2377,a2,angry,/srv/RL_project/repo/outputs/wav/002377_a2_angry.wav,0.563096284866333
2378,a2,happy,/srv/RL_project/repo/outputs/wav/002378_a2_happy.wav,0.6541075110435486
2379,a2,disgusted,/srv/RL_project/repo/outputs/wav/002379_a2_disgusted.wav,0.6070659160614014
2380,a2,disgusted,/srv/RL_project/repo/outputs/wav/002380_a2_disgusted.wav,0.5316136479377747
2381,a2,sad,/srv/RL_project/repo/outputs/wav/002381_a2_sad.wav,0.45923879742622375
2382,a2,disgusted,/srv/RL_project/repo/outputs/wav/002382_a2_disgusted.wav,0.6492293477058411
2383,a2,angry,/srv/RL_project/repo/outputs/wav/002383_a2_angry.wav,0.5688759088516235
2384,a2,surprised,/srv/RL_project/repo/outputs/wav/002384_a2_surprised.wav,0.6467349529266357
2385,a2,neutral,/srv/RL_project/repo/outputs/wav/002385_a2_neutral.wav,0.6088168621063232
2386,a2,neutral,/srv/RL_project/repo/outputs/wav/002386_a2_neutral.wav,0.4651430547237396
2387,a2,disgusted,/srv/RL_project/repo/outputs/wav/002387_a2_disgusted.wav,0.6802939772605896
2388,a2,angry,/srv/RL_project/repo/outputs/wav/002388_a2_angry.wav,0.6157064437866211
2389,a2,neutral,/srv/RL_project/repo/outputs/wav/002389_a2_neutral.wav,0.561897337436676
2390,a2,disgusted,/srv/RL_project/repo/outputs/wav/002390_a2_disgusted.wav,0.5017306208610535
2391,a2,neutral,/srv/RL_project/repo/outputs/wav/002391_a2_neutral.wav,0.6563683748245239
2392,a2,fearful,/srv/RL_project/repo/outputs/wav/002392_a2_fearful.wav,0.688793957233429
2393,a2,neutral,/srv/RL_project/repo/outputs/wav/002393_a2_neutral.wav,0.6748577952384949
2394,a2,neutral,/srv/RL_project/repo/outputs/wav/002394_a2_neutral.wav,0.6278529763221741
2395,a2,fearful,/srv/RL_project/repo/outputs/wav/002395_a2_fearful.wav,0.6192968487739563
2396,a2,fearful,/srv/RL_project/repo/outputs/wav/002396_a2_fearful.wav,0.54888516664505
2397,a2,fearful,/srv/RL_project/repo/outputs/wav/002397_a2_fearful.wav,0.6069859266281128
2398,a2,neutral,/srv/RL_project/repo/outputs/wav/002398_a2_neutral.wav,0.2544628083705902
2399,a2,neutral,/srv/RL_project/repo/outputs/wav/002399_a2_neutral.wav,0.3646393418312073
2400,a2,happy,/srv/RL_project/repo/outputs/wav/002400_a2_happy.wav,0.6579495668411255
2401,a2,neutral,/srv/RL_project/repo/outputs/wav/002401_a2_neutral.wav,0.6648908853530884
2402,a2,disgusted,/srv/RL_project/repo/outputs/wav/002402_a2_disgusted.wav,0.5970320105552673
2403,a2,fearful,/srv/RL_project/repo/outputs/wav/002403_a2_fearful.wav,0.5820378661155701
2404,a2,disgusted,/srv/RL_project/repo/outputs/wav/002404_a2_disgusted.wav,0.5843109488487244
2405,a2,disgusted,/srv/RL_project/repo/outputs/wav/002405_a2_disgusted.wav,0.644941508769989
2406,a2,surprised,/srv/RL_project/repo/outputs/wav/002406_a2_surprised.wav,0.25818488001823425
2407,a2,surprised,/srv/RL_project/repo/outputs/wav/002407_a2_surprised.wav,0.5917670130729675
2408,a2,fearful,/srv/RL_project/repo/outputs/wav/002408_a2_fearful.wav,0.6552932262420654
2409,a2,happy,/srv/RL_project/repo/outputs/wav/002409_a2_happy.wav,0.6371036767959595
2410,a2,neutral,/srv/RL_project/repo/outputs/wav/002410_a2_neutral.wav,0.6243741512298584
2411,a2,happy,/srv/RL_project/repo/outputs/wav/002411_a2_happy.wav,0.2988223135471344
2412,a2,fearful,/srv/RL_project/repo/outputs/wav/002412_a2_fearful.wav,0.6385133862495422
2413,a2,angry,/srv/RL_project/repo/outputs/wav/002413_a2_angry.wav,0.6390718817710876
2414,a2,happy,/srv/RL_project/repo/outputs/wav/002414_a2_happy.wav,0.6008594632148743
2415,a2,fearful,/srv/RL_project/repo/outputs/wav/002415_a2_fearful.wav,0.5350382328033447
2416,a2,surprised,/srv/RL_project/repo/outputs/wav/002416_a2_surprised.wav,0.6520563960075378
2417,a2,angry,/srv/RL_project/repo/outputs/wav/002417_a2_angry.wav,0.5390259027481079
2418,a2,sad,/srv/RL_project/repo/outputs/wav/002418_a2_sad.wav,0.6125155091285706
2419,a2,fearful,/srv/RL_project/repo/outputs/wav/002419_a2_fearful.wav,0.6361408829689026
2420,a2,sad,/srv/RL_project/repo/outputs/wav/002420_a2_sad.wav,0.5782203674316406
2421,a2,fearful,/srv/RL_project/repo/outputs/wav/002421_a2_fearful.wav,0.6403968930244446
2422,a2,fearful,/srv/RL_project/repo/outputs/wav/002422_a2_fearful.wav,0.5587196946144104
2423,a2,angry,/srv/RL_project/repo/outputs/wav/002423_a2_angry.wav,0.6483022570610046
2424,a2,sad,/srv/RL_project/repo/outputs/wav/002424_a2_sad.wav,0.666814923286438
2425,a2,angry,/srv/RL_project/repo/outputs/wav/002425_a2_angry.wav,0.631888210773468
2426,a2,angry,/srv/RL_project/repo/outputs/wav/002426_a2_angry.wav,0.6014006733894348
2427,a2,surprised,/srv/RL_project/repo/outputs/wav/002427_a2_surprised.wav,0.6000781059265137
2428,a2,surprised,/srv/RL_project/repo/outputs/wav/002428_a2_surprised.wav,0.6383870244026184
2429,a2,surprised,/srv/RL_project/repo/outputs/wav/002429_a2_surprised.wav,0.6399248838424683
2430,a2,neutral,/srv/RL_project/repo/outputs/wav/002430_a2_neutral.wav,0.6466456055641174
2431,a2,happy,/srv/RL_project/repo/outputs/wav/002431_a2_happy.wav,0.630300760269165
2432,a2,angry,/srv/RL_project/repo/outputs/wav/002432_a2_angry.wav,0.46009206771850586
2433,a2,sad,/srv/RL_project/repo/outputs/wav/002433_a2_sad.wav,0.667070746421814
2434,a2,disgusted,/srv/RL_project/repo/outputs/wav/002434_a2_disgusted.wav,0.5566609501838684
2435,a2,angry,/srv/RL_project/repo/outputs/wav/002435_a2_angry.wav,0.5402364730834961
2436,a2,angry,/srv/RL_project/repo/outputs/wav/002436_a2_angry.wav,0.6361135840415955
2437,a2,disgusted,/srv/RL_project/repo/outputs/wav/002437_a2_disgusted.wav,0.25524044036865234
2438,a2,surprised,/srv/RL_project/repo/outputs/wav/002438_a2_surprised.wav,0.5613733530044556
2439,a2,fearful,/srv/RL_project/repo/outputs/wav/002439_a2_fearful.wav,0.6405450701713562
2440,a2,happy,/srv/RL_project/repo/outputs/wav/002440_a2_happy.wav,0.5883354544639587
2441,a2,angry,/srv/RL_project/repo/outputs/wav/002441_a2_angry.wav,0.6241925954818726
2442,a2,neutral,/srv/RL_project/repo/outputs/wav/002442_a2_neutral.wav,0.5710418224334717
2443,a2,surprised,/srv/RL_project/repo/outputs/wav/002443_a2_surprised.wav,0.6396312117576599
2444,a2,angry,/srv/RL_project/repo/outputs/wav/002444_a2_angry.wav,0.4763585031032562
2445,a2,neutral,/srv/RL_project/repo/outputs/wav/002445_a2_neutral.wav,0.33597394824028015
2446,a2,angry,/srv/RL_project/repo/outputs/wav/002446_a2_angry.wav,0.586320161819458
2447,a2,happy,/srv/RL_project/repo/outputs/wav/002447_a2_happy.wav,0.6776154041290283
2448,a2,disgusted,/srv/RL_project/repo/outputs/wav/002448_a2_disgusted.wav,0.601820170879364
2449,a2,surprised,/srv/RL_project/repo/outputs/wav/002449_a2_surprised.wav,0.5565618872642517
2450,a2,disgusted,/srv/RL_project/repo/outputs/wav/002450_a2_disgusted.wav,0.6483049392700195
2451,a2,happy,/srv/RL_project/repo/outputs/wav/002451_a2_happy.wav,0.547351062297821
2452,a2,disgusted,/srv/RL_project/repo/outputs/wav/002452_a2_disgusted.wav,0.6907792687416077
2453,a2,surprised,/srv/RL_project/repo/outputs/wav/002453_a2_surprised.wav,0.6313738226890564
2454,a2,neutral,/srv/RL_project/repo/outputs/wav/002454_a2_neutral.wav,0.6429236531257629
2455,a2,sad,/srv/RL_project/repo/outputs/wav/002455_a2_sad.wav,0.6450590491294861
2456,a2,disgusted,/srv/RL_project/repo/outputs/wav/002456_a2_disgusted.wav,0.4789997935295105
2457,a2,neutral,/srv/RL_project/repo/outputs/wav/002457_a2_neutral.wav,0.24468713998794556
2458,a2,angry,/srv/RL_project/repo/outputs/wav/002458_a2_angry.wav,0.5682373642921448
2459,a2,disgusted,/srv/RL_project/repo/outputs/wav/002459_a2_disgusted.wav,0.6492679119110107
2460,a2,surprised,/srv/RL_project/repo/outputs/wav/002460_a2_surprised.wav,0.5391814708709717
2461,a2,neutral,/srv/RL_project/repo/outputs/wav/002461_a2_neutral.wav,0.25591135025024414
2462,a2,surprised,/srv/RL_project/repo/outputs/wav/002462_a2_surprised.wav,0.5369001626968384
2463,a2,surprised,/srv/RL_project/repo/outputs/wav/002463_a2_surprised.wav,0.6345871686935425
2464,a2,surprised,/srv/RL_project/repo/outputs/wav/002464_a2_surprised.wav,0.6107323169708252
2465,a2,sad,/srv/RL_project/repo/outputs/wav/002465_a2_sad.wav,0.42397600412368774
2466,a2,disgusted,/srv/RL_project/repo/outputs/wav/002466_a2_disgusted.wav,0.6383658647537231
2467,a2,disgusted,/srv/RL_project/repo/outputs/wav/002467_a2_disgusted.wav,0.44116026163101196
2468,a2,fearful,/srv/RL_project/repo/outputs/wav/002468_a2_fearful.wav,0.5403804779052734
2469,a2,sad,/srv/RL_project/repo/outputs/wav/002469_a2_sad.wav,0.2593066990375519
2470,a2,angry,/srv/RL_project/repo/outputs/wav/002470_a2_angry.wav,0.6166750192642212
2471,a2,angry,/srv/RL_project/repo/outputs/wav/002471_a2_angry.wav,0.6192467212677002
2472,a2,sad,/srv/RL_project/repo/outputs/wav/002472_a2_sad.wav,0.5931620597839355
2473,a2,sad,/srv/RL_project/repo/outputs/wav/002473_a2_sad.wav,0.6169828772544861
2474,a2,neutral,/srv/RL_project/repo/outputs/wav/002474_a2_neutral.wav,0.6374775767326355
2475,a2,happy,/srv/RL_project/repo/outputs/wav/002475_a2_happy.wav,0.3314189314842224
2476,a2,neutral,/srv/RL_project/repo/outputs/wav/002476_a2_neutral.wav,0.23908469080924988
2477,a2,disgusted,/srv/RL_project/repo/outputs/wav/002477_a2_disgusted.wav,0.5729628205299377
2478,a2,angry,/srv/RL_project/repo/outputs/wav/002478_a2_angry.wav,0.5658059120178223
2479,a2,neutral,/srv/RL_project/repo/outputs/wav/002479_a2_neutral.wav,0.6614357829093933
2480,a2,fearful,/srv/RL_project/repo/outputs/wav/002480_a2_fearful.wav,0.5995042324066162
2481,a2,sad,/srv/RL_project/repo/outputs/wav/002481_a2_sad.wav,0.68156498670578
2482,a2,happy,/srv/RL_project/repo/outputs/wav/002482_a2_happy.wav,0.5834345817565918
2483,a2,neutral,/srv/RL_project/repo/outputs/wav/002483_a2_neutral.wav,0.5813905596733093
2484,a2,angry,/srv/RL_project/repo/outputs/wav/002484_a2_angry.wav,0.5704193115234375
2485,a2,happy,/srv/RL_project/repo/outputs/wav/002485_a2_happy.wav,0.6579800248146057
2486,a2,fearful,/srv/RL_project/repo/outputs/wav/002486_a2_fearful.wav,0.4636225998401642
2487,a2,fearful,/srv/RL_project/repo/outputs/wav/002487_a2_fearful.wav,0.5551937222480774
2488,a2,happy,/srv/RL_project/repo/outputs/wav/002488_a2_happy.wav,0.6365623474121094
2489,a2,neutral,/srv/RL_project/repo/outputs/wav/002489_a2_neutral.wav,0.5930084586143494
2490,a2,happy,/srv/RL_project/repo/outputs/wav/002490_a2_happy.wav,0.6179692149162292
2491,a2,disgusted,/srv/RL_project/repo/outputs/wav/002491_a2_disgusted.wav,0.5034826397895813
2492,a2,disgusted,/srv/RL_project/repo/outputs/wav/002492_a2_disgusted.wav,0.529492974281311
2493,a2,angry,/srv/RL_project/repo/outputs/wav/002493_a2_angry.wav,0.6898421049118042
2494,a2,surprised,/srv/RL_project/repo/outputs/wav/002494_a2_surprised.wav,0.5985788106918335
2495,a2,angry,/srv/RL_project/repo/outputs/wav/002495_a2_angry.wav,0.5727823972702026
2496,a2,fearful,/srv/RL_project/repo/outputs/wav/002496_a2_fearful.wav,0.5428087711334229
2497,a2,sad,/srv/RL_project/repo/outputs/wav/002497_a2_sad.wav,0.6567668914794922
2498,a2,sad,/srv/RL_project/repo/outputs/wav/002498_a2_sad.wav,0.6336948871612549
2499,a2,sad,/srv/RL_project/repo/outputs/wav/002499_a2_sad.wav,0.5571227073669434
2500,a2,fearful,/srv/RL_project/repo/outputs/wav/002500_a2_fearful.wav,0.6089662909507751
2501,a2,neutral,/srv/RL_project/repo/outputs/wav/002501_a2_neutral.wav,0.5746585130691528
2502,a2,fearful,/srv/RL_project/repo/outputs/wav/002502_a2_fearful.wav,0.621290385723114
2503,a2,fearful,/srv/RL_project/repo/outputs/wav/002503_a2_fearful.wav,0.6344533562660217
2504,a2,fearful,/srv/RL_project/repo/outputs/wav/002504_a2_fearful.wav,0.6219040155410767
2505,a2,disgusted,/srv/RL_project/repo/outputs/wav/002505_a2_disgusted.wav,0.5593385696411133
2506,a2,sad,/srv/RL_project/repo/outputs/wav/002506_a2_sad.wav,0.5745669603347778
2507,a2,surprised,/srv/RL_project/repo/outputs/wav/002507_a2_surprised.wav,0.333029180765152
2508,a2,surprised,/srv/RL_project/repo/outputs/wav/002508_a2_surprised.wav,0.5666545629501343
2509,a2,surprised,/srv/RL_project/repo/outputs/wav/002509_a2_surprised.wav,0.3027369976043701
2510,a2,surprised,/srv/RL_project/repo/outputs/wav/002510_a2_surprised.wav,0.5768812894821167
2511,a2,sad,/srv/RL_project/repo/outputs/wav/002511_a2_sad.wav,0.5431622266769409
2512,a2,fearful,/srv/RL_project/repo/outputs/wav/002512_a2_fearful.wav,0.5951744914054871
2513,a2,disgusted,/srv/RL_project/repo/outputs/wav/002513_a2_disgusted.wav,0.5905243158340454
2514,a2,fearful,/srv/RL_project/repo/outputs/wav/002514_a2_fearful.wav,0.6843842267990112
2515,a2,disgusted,/srv/RL_project/repo/outputs/wav/002515_a2_disgusted.wav,0.612510085105896
2516,a2,neutral,/srv/RL_project/repo/outputs/wav/002516_a2_neutral.wav,0.725544273853302
2517,a2,angry,/srv/RL_project/repo/outputs/wav/002517_a2_angry.wav,0.25817498564720154
2518,a2,surprised,/srv/RL_project/repo/outputs/wav/002518_a2_surprised.wav,0.6098390817642212
2519,a2,surprised,/srv/RL_project/repo/outputs/wav/002519_a2_surprised.wav,0.5390209555625916
2520,a2,happy,/srv/RL_project/repo/outputs/wav/002520_a2_happy.wav,0.5924162864685059
2521,a2,fearful,/srv/RL_project/repo/outputs/wav/002521_a2_fearful.wav,0.512189507484436
2522,a2,angry,/srv/RL_project/repo/outputs/wav/002522_a2_angry.wav,0.5961697101593018
2523,a2,sad,/srv/RL_project/repo/outputs/wav/002523_a2_sad.wav,0.6578966379165649
2524,a2,sad,/srv/RL_project/repo/outputs/wav/002524_a2_sad.wav,0.586902379989624
2525,a2,disgusted,/srv/RL_project/repo/outputs/wav/002525_a2_disgusted.wav,0.6087948083877563
2526,a2,happy,/srv/RL_project/repo/outputs/wav/002526_a2_happy.wav,0.5889036059379578
2527,a2,angry,/srv/RL_project/repo/outputs/wav/002527_a2_angry.wav,0.5511191487312317
2528,a2,surprised,/srv/RL_project/repo/outputs/wav/002528_a2_surprised.wav,0.6315361261367798
2529,a2,fearful,/srv/RL_project/repo/outputs/wav/002529_a2_fearful.wav,0.6065552830696106
2530,a2,neutral,/srv/RL_project/repo/outputs/wav/002530_a2_neutral.wav,0.5675954818725586
2531,a2,disgusted,/srv/RL_project/repo/outputs/wav/002531_a2_disgusted.wav,0.6580539345741272
2532,a2,fearful,/srv/RL_project/repo/outputs/wav/002532_a2_fearful.wav,0.5749934911727905
2533,a2,neutral,/srv/RL_project/repo/outputs/wav/002533_a2_neutral.wav,0.6223208904266357
2534,a2,surprised,/srv/RL_project/repo/outputs/wav/002534_a2_surprised.wav,0.627940833568573
2535,a2,disgusted,/srv/RL_project/repo/outputs/wav/002535_a2_disgusted.wav,0.6643816828727722
2536,a2,sad,/srv/RL_project/repo/outputs/wav/002536_a2_sad.wav,0.7161622047424316
2537,a2,neutral,/srv/RL_project/repo/outputs/wav/002537_a2_neutral.wav,0.5367313623428345
2538,a2,surprised,/srv/RL_project/repo/outputs/wav/002538_a2_surprised.wav,0.5693153142929077
2539,a2,fearful,/srv/RL_project/repo/outputs/wav/002539_a2_fearful.wav,0.4859425127506256
2540,a2,surprised,/srv/RL_project/repo/outputs/wav/002540_a2_surprised.wav,0.6975690126419067
2541,a2,disgusted,/srv/RL_project/repo/outputs/wav/002541_a2_disgusted.wav,0.5674396753311157
2542,a2,neutral,/srv/RL_project/repo/outputs/wav/002542_a2_neutral.wav,0.5539530515670776
2543,a2,sad,/srv/RL_project/repo/outputs/wav/002543_a2_sad.wav,0.6955722570419312
2544,a2,surprised,/srv/RL_project/repo/outputs/wav/002544_a2_surprised.wav,0.6573882102966309
2545,a2,surprised,/srv/RL_project/repo/outputs/wav/002545_a2_surprised.wav,0.35110628604888916
2546,a2,happy,/srv/RL_project/repo/outputs/wav/002546_a2_happy.wav,0.5871201753616333
2547,a2,happy,/srv/RL_project/repo/outputs/wav/002547_a2_happy.wav,0.6327215433120728
2548,a2,angry,/srv/RL_project/repo/outputs/wav/002548_a2_angry.wav,0.5946997404098511
2549,a2,angry,/srv/RL_project/repo/outputs/wav/002549_a2_angry.wav,0.2462906837463379
2550,a2,fearful,/srv/RL_project/repo/outputs/wav/002550_a2_fearful.wav,0.6273590326309204
2551,a2,angry,/srv/RL_project/repo/outputs/wav/002551_a2_angry.wav,0.6782349348068237
2552,a2,surprised,/srv/RL_project/repo/outputs/wav/002552_a2_surprised.wav,0.5517809391021729
2553,a2,angry,/srv/RL_project/repo/outputs/wav/002553_a2_angry.wav,0.6528255939483643
2554,a2,neutral,/srv/RL_project/repo/outputs/wav/002554_a2_neutral.wav,0.6410644054412842
2555,a2,angry,/srv/RL_project/repo/outputs/wav/002555_a2_angry.wav,0.5515511631965637
2556,a2,fearful,/srv/RL_project/repo/outputs/wav/002556_a2_fearful.wav,0.5437331795692444
2557,a2,disgusted,/srv/RL_project/repo/outputs/wav/002557_a2_disgusted.wav,0.5930392146110535
2558,a2,happy,/srv/RL_project/repo/outputs/wav/002558_a2_happy.wav,0.5817937850952148
2559,a2,fearful,/srv/RL_project/repo/outputs/wav/002559_a2_fearful.wav,0.463284432888031
2560,a2,angry,/srv/RL_project/repo/outputs/wav/002560_a2_angry.wav,0.6396273374557495
2561,a2,surprised,/srv/RL_project/repo/outputs/wav/002561_a2_surprised.wav,0.6536111235618591
2562,a2,angry,/srv/RL_project/repo/outputs/wav/002562_a2_angry.wav,0.5551891326904297
2563,a2,sad,/srv/RL_project/repo/outputs/wav/002563_a2_sad.wav,0.4974777102470398
2564,a2,neutral,/srv/RL_project/repo/outputs/wav/002564_a2_neutral.wav,0.5982180833816528
2565,a2,surprised,/srv/RL_project/repo/outputs/wav/002565_a2_surprised.wav,0.6401063203811646
2566,a2,neutral,/srv/RL_project/repo/outputs/wav/002566_a2_neutral.wav,0.6487146019935608
2567,a2,happy,/srv/RL_project/repo/outputs/wav/002567_a2_happy.wav,0.5451422929763794
2568,a2,disgusted,/srv/RL_project/repo/outputs/wav/002568_a2_disgusted.wav,0.5219954252243042
2569,a2,neutral,/srv/RL_project/repo/outputs/wav/002569_a2_neutral.wav,0.5626264810562134
2570,a2,surprised,/srv/RL_project/repo/outputs/wav/002570_a2_surprised.wav,0.5979834794998169
2571,a2,neutral,/srv/RL_project/repo/outputs/wav/002571_a2_neutral.wav,0.6309778094291687
2572,a2,fearful,/srv/RL_project/repo/outputs/wav/002572_a2_fearful.wav,0.5842353701591492
2573,a2,angry,/srv/RL_project/repo/outputs/wav/002573_a2_angry.wav,0.5302339792251587
2574,a2,disgusted,/srv/RL_project/repo/outputs/wav/002574_a2_disgusted.wav,0.2596326470375061
2575,a2,happy,/srv/RL_project/repo/outputs/wav/002575_a2_happy.wav,0.5656204223632812
2576,a2,happy,/srv/RL_project/repo/outputs/wav/002576_a2_happy.wav,0.5429321527481079
2577,a2,happy,/srv/RL_project/repo/outputs/wav/002577_a2_happy.wav,0.5453907251358032
2578,a2,surprised,/srv/RL_project/repo/outputs/wav/002578_a2_surprised.wav,0.5679117441177368
2579,a2,neutral,/srv/RL_project/repo/outputs/wav/002579_a2_neutral.wav,0.5568832159042358
2580,a2,angry,/srv/RL_project/repo/outputs/wav/002580_a2_angry.wav,0.5961793661117554
2581,a2,angry,/srv/RL_project/repo/outputs/wav/002581_a2_angry.wav,0.6336309909820557
2582,a2,surprised,/srv/RL_project/repo/outputs/wav/002582_a2_surprised.wav,0.5446246862411499
2583,a2,neutral,/srv/RL_project/repo/outputs/wav/002583_a2_neutral.wav,0.5929080843925476
2584,a2,happy,/srv/RL_project/repo/outputs/wav/002584_a2_happy.wav,0.5969691872596741
2585,a2,happy,/srv/RL_project/repo/outputs/wav/002585_a2_happy.wav,0.5966373682022095
2586,a2,happy,/srv/RL_project/repo/outputs/wav/002586_a2_happy.wav,0.6176490783691406
2587,a2,fearful,/srv/RL_project/repo/outputs/wav/002587_a2_fearful.wav,0.600003182888031
2588,a2,disgusted,/srv/RL_project/repo/outputs/wav/002588_a2_disgusted.wav,0.3166014552116394
2589,a2,surprised,/srv/RL_project/repo/outputs/wav/002589_a2_surprised.wav,0.64289790391922
2590,a2,happy,/srv/RL_project/repo/outputs/wav/002590_a2_happy.wav,0.6469093561172485
2591,a2,neutral,/srv/RL_project/repo/outputs/wav/002591_a2_neutral.wav,0.6161354780197144
2592,a2,fearful,/srv/RL_project/repo/outputs/wav/002592_a2_fearful.wav,0.6679261326789856
2593,a2,sad,/srv/RL_project/repo/outputs/wav/002593_a2_sad.wav,0.6297750473022461
2594,a2,disgusted,/srv/RL_project/repo/outputs/wav/002594_a2_disgusted.wav,0.5726232528686523
2595,a2,surprised,/srv/RL_project/repo/outputs/wav/002595_a2_surprised.wav,0.7170345783233643
2596,a2,happy,/srv/RL_project/repo/outputs/wav/002596_a2_happy.wav,0.6010116934776306
2597,a2,disgusted,/srv/RL_project/repo/outputs/wav/002597_a2_disgusted.wav,0.6342658400535583
2598,a2,surprised,/srv/RL_project/repo/outputs/wav/002598_a2_surprised.wav,0.642450213432312
2599,a2,happy,/srv/RL_project/repo/outputs/wav/002599_a2_happy.wav,0.595425009727478
2600,a2,sad,/srv/RL_project/repo/outputs/wav/002600_a2_sad.wav,0.6571600437164307
2601,a2,sad,/srv/RL_project/repo/outputs/wav/002601_a2_sad.wav,0.6136869192123413
2602,a2,surprised,/srv/RL_project/repo/outputs/wav/002602_a2_surprised.wav,0.6841275095939636
2603,a2,fearful,/srv/RL_project/repo/outputs/wav/002603_a2_fearful.wav,0.6006022691726685
2604,a2,sad,/srv/RL_project/repo/outputs/wav/002604_a2_sad.wav,0.6019167900085449
2605,a2,surprised,/srv/RL_project/repo/outputs/wav/002605_a2_surprised.wav,0.6361887454986572
2606,a2,fearful,/srv/RL_project/repo/outputs/wav/002606_a2_fearful.wav,0.5453905463218689
2607,a2,neutral,/srv/RL_project/repo/outputs/wav/002607_a2_neutral.wav,0.6947543621063232
2608,a2,disgusted,/srv/RL_project/repo/outputs/wav/002608_a2_disgusted.wav,0.6456887722015381
2609,a2,fearful,/srv/RL_project/repo/outputs/wav/002609_a2_fearful.wav,0.5185862183570862
2610,a2,sad,/srv/RL_project/repo/outputs/wav/002610_a2_sad.wav,0.6812410950660706
2611,a2,sad,/srv/RL_project/repo/outputs/wav/002611_a2_sad.wav,0.5913116335868835
2612,a2,angry,/srv/RL_project/repo/outputs/wav/002612_a2_angry.wav,0.2704281210899353
2613,a2,disgusted,/srv/RL_project/repo/outputs/wav/002613_a2_disgusted.wav,0.6422744989395142
2614,a2,angry,/srv/RL_project/repo/outputs/wav/002614_a2_angry.wav,0.6359604597091675
2615,a2,disgusted,/srv/RL_project/repo/outputs/wav/002615_a2_disgusted.wav,0.6429025530815125
2616,a2,surprised,/srv/RL_project/repo/outputs/wav/002616_a2_surprised.wav,0.5590638518333435
2617,a2,happy,/srv/RL_project/repo/outputs/wav/002617_a2_happy.wav,0.605729341506958
2618,a2,happy,/srv/RL_project/repo/outputs/wav/002618_a2_happy.wav,0.6476670503616333
2619,a2,happy,/srv/RL_project/repo/outputs/wav/002619_a2_happy.wav,0.6443651914596558
2620,a2,disgusted,/srv/RL_project/repo/outputs/wav/002620_a2_disgusted.wav,0.6283140182495117
2621,a2,angry,/srv/RL_project/repo/outputs/wav/002621_a2_angry.wav,0.5350044965744019
2622,a2,angry,/srv/RL_project/repo/outputs/wav/002622_a2_angry.wav,0.7029043436050415
2623,a2,happy,/srv/RL_project/repo/outputs/wav/002623_a2_happy.wav,0.5764544606208801
2624,a2,surprised,/srv/RL_project/repo/outputs/wav/002624_a2_surprised.wav,0.31909793615341187
2625,a2,sad,/srv/RL_project/repo/outputs/wav/002625_a2_sad.wav,0.6594252586364746
2626,a2,happy,/srv/RL_project/repo/outputs/wav/002626_a2_happy.wav,0.6521431803703308
2627,a2,sad,/srv/RL_project/repo/outputs/wav/002627_a2_sad.wav,0.5088440179824829
2628,a2,happy,/srv/RL_project/repo/outputs/wav/002628_a2_happy.wav,0.666790783405304
2629,a2,disgusted,/srv/RL_project/repo/outputs/wav/002629_a2_disgusted.wav,0.2093822956085205
2630,a2,disgusted,/srv/RL_project/repo/outputs/wav/002630_a2_disgusted.wav,0.6457446813583374
2631,a2,surprised,/srv/RL_project/repo/outputs/wav/002631_a2_surprised.wav,0.6195398569107056
2632,a2,fearful,/srv/RL_project/repo/outputs/wav/002632_a2_fearful.wav,0.29037192463874817
2633,a2,surprised,/srv/RL_project/repo/outputs/wav/002633_a2_surprised.wav,0.5993329286575317
2634,a2,angry,/srv/RL_project/repo/outputs/wav/002634_a2_angry.wav,0.5577304363250732
2635,a2,neutral,/srv/RL_project/repo/outputs/wav/002635_a2_neutral.wav,0.6340423822402954
2636,a2,disgusted,/srv/RL_project/repo/outputs/wav/002636_a2_disgusted.wav,0.5897448062896729
2637,a2,neutral,/srv/RL_project/repo/outputs/wav/002637_a2_neutral.wav,0.31982383131980896
2638,a2,surprised,/srv/RL_project/repo/outputs/wav/002638_a2_surprised.wav,0.6607745885848999
2639,a2,neutral,/srv/RL_project/repo/outputs/wav/002639_a2_neutral.wav,0.6775942444801331
2640,a2,happy,/srv/RL_project/repo/outputs/wav/002640_a2_happy.wav,0.5459929704666138
2641,a2,disgusted,/srv/RL_project/repo/outputs/wav/002641_a2_disgusted.wav,0.628109872341156
2642,a2,angry,/srv/RL_project/repo/outputs/wav/002642_a2_angry.wav,0.4926316738128662
2643,a2,surprised,/srv/RL_project/repo/outputs/wav/002643_a2_surprised.wav,0.6236402988433838
2644,a2,surprised,/srv/RL_project/repo/outputs/wav/002644_a2_surprised.wav,0.25607913732528687
2645,a2,disgusted,/srv/RL_project/repo/outputs/wav/002645_a2_disgusted.wav,0.6073234677314758
2646,a2,fearful,/srv/RL_project/repo/outputs/wav/002646_a2_fearful.wav,0.6370638608932495
2647,a2,happy,/srv/RL_project/repo/outputs/wav/002647_a2_happy.wav,0.6746497750282288
2648,a2,disgusted,/srv/RL_project/repo/outputs/wav/002648_a2_disgusted.wav,0.6230357885360718
2649,a2,disgusted,/srv/RL_project/repo/outputs/wav/002649_a2_disgusted.wav,0.6451610326766968
2650,a2,fearful,/srv/RL_project/repo/outputs/wav/002650_a2_fearful.wav,0.6740423440933228
2651,a2,disgusted,/srv/RL_project/repo/outputs/wav/002651_a2_disgusted.wav,0.6110581159591675
2652,a2,angry,/srv/RL_project/repo/outputs/wav/002652_a2_angry.wav,0.575874924659729
2653,a2,happy,/srv/RL_project/repo/outputs/wav/002653_a2_happy.wav,0.651545524597168
2654,a2,angry,/srv/RL_project/repo/outputs/wav/002654_a2_angry.wav,0.6590358018875122
2655,a2,sad,/srv/RL_project/repo/outputs/wav/002655_a2_sad.wav,0.6611374020576477
2656,a2,sad,/srv/RL_project/repo/outputs/wav/002656_a2_sad.wav,0.5999240279197693
2657,a2,sad,/srv/RL_project/repo/outputs/wav/002657_a2_sad.wav,0.6507828831672668
2658,a2,angry,/srv/RL_project/repo/outputs/wav/002658_a2_angry.wav,0.6227635741233826
2659,a2,angry,/srv/RL_project/repo/outputs/wav/002659_a2_angry.wav,0.6442861557006836
2660,a2,surprised,/srv/RL_project/repo/outputs/wav/002660_a2_surprised.wav,0.6187806129455566
2661,a2,angry,/srv/RL_project/repo/outputs/wav/002661_a2_angry.wav,0.6958649158477783
2662,a2,sad,/srv/RL_project/repo/outputs/wav/002662_a2_sad.wav,0.6359089016914368
2663,a2,angry,/srv/RL_project/repo/outputs/wav/002663_a2_angry.wav,0.6470946073532104
2664,a2,disgusted,/srv/RL_project/repo/outputs/wav/002664_a2_disgusted.wav,0.6512422561645508
2665,a2,happy,/srv/RL_project/repo/outputs/wav/002665_a2_happy.wav,0.6655221581459045
2666,a2,neutral,/srv/RL_project/repo/outputs/wav/002666_a2_neutral.wav,0.5705993175506592
2667,a2,disgusted,/srv/RL_project/repo/outputs/wav/002667_a2_disgusted.wav,0.6626460552215576
2668,a2,neutral,/srv/RL_project/repo/outputs/wav/002668_a2_neutral.wav,0.6287335157394409
2669,a2,sad,/srv/RL_project/repo/outputs/wav/002669_a2_sad.wav,0.5572656393051147
2670,a2,disgusted,/srv/RL_project/repo/outputs/wav/002670_a2_disgusted.wav,0.6263761520385742
2671,a2,surprised,/srv/RL_project/repo/outputs/wav/002671_a2_surprised.wav,0.34718725085258484
2672,a2,surprised,/srv/RL_project/repo/outputs/wav/002672_a2_surprised.wav,0.5719572901725769
2673,a2,angry,/srv/RL_project/repo/outputs/wav/002673_a2_angry.wav,0.620201826095581
2674,a2,neutral,/srv/RL_project/repo/outputs/wav/002674_a2_neutral.wav,0.5451291799545288
2675,a2,happy,/srv/RL_project/repo/outputs/wav/002675_a2_happy.wav,0.6586645245552063
2676,a2,fearful,/srv/RL_project/repo/outputs/wav/002676_a2_fearful.wav,0.5810818076133728
2677,a2,angry,/srv/RL_project/repo/outputs/wav/002677_a2_angry.wav,0.6612139940261841
2678,a2,angry,/srv/RL_project/repo/outputs/wav/002678_a2_angry.wav,0.6411135196685791
2679,a2,happy,/srv/RL_project/repo/outputs/wav/002679_a2_happy.wav,0.5854882597923279
2680,a2,angry,/srv/RL_project/repo/outputs/wav/002680_a2_angry.wav,0.6201919317245483
2681,a2,happy,/srv/RL_project/repo/outputs/wav/002681_a2_happy.wav,0.5902357697486877
2682,a2,surprised,/srv/RL_project/repo/outputs/wav/002682_a2_surprised.wav,0.5870053172111511
2683,a2,surprised,/srv/RL_project/repo/outputs/wav/002683_a2_surprised.wav,0.6306830048561096
2684,a2,disgusted,/srv/RL_project/repo/outputs/wav/002684_a2_disgusted.wav,0.6187339425086975
2685,a2,sad,/srv/RL_project/repo/outputs/wav/002685_a2_sad.wav,0.5909218788146973
2686,a2,disgusted,/srv/RL_project/repo/outputs/wav/002686_a2_disgusted.wav,0.5903421640396118
2687,a2,happy,/srv/RL_project/repo/outputs/wav/002687_a2_happy.wav,0.5979846715927124
2688,a2,fearful,/srv/RL_project/repo/outputs/wav/002688_a2_fearful.wav,0.4919714331626892
2689,a2,happy,/srv/RL_project/repo/outputs/wav/002689_a2_happy.wav,0.6487467885017395
2690,a2,neutral,/srv/RL_project/repo/outputs/wav/002690_a2_neutral.wav,0.5053502917289734
2691,a2,angry,/srv/RL_project/repo/outputs/wav/002691_a2_angry.wav,0.6123549342155457
2692,a2,disgusted,/srv/RL_project/repo/outputs/wav/002692_a2_disgusted.wav,0.6192318201065063
2693,a2,neutral,/srv/RL_project/repo/outputs/wav/002693_a2_neutral.wav,0.6105191707611084
2694,a2,sad,/srv/RL_project/repo/outputs/wav/002694_a2_sad.wav,0.60060054063797
2695,a2,fearful,/srv/RL_project/repo/outputs/wav/002695_a2_fearful.wav,0.5946750640869141
2696,a2,surprised,/srv/RL_project/repo/outputs/wav/002696_a2_surprised.wav,0.5639562606811523
2697,a2,fearful,/srv/RL_project/repo/outputs/wav/002697_a2_fearful.wav,0.46868348121643066
2698,a2,angry,/srv/RL_project/repo/outputs/wav/002698_a2_angry.wav,0.6617215871810913
2699,a2,sad,/srv/RL_project/repo/outputs/wav/002699_a2_sad.wav,0.5549923181533813
2700,a2,happy,/srv/RL_project/repo/outputs/wav/002700_a2_happy.wav,0.6317781805992126
2701,a2,happy,/srv/RL_project/repo/outputs/wav/002701_a2_happy.wav,0.6489492654800415
2702,a2,sad,/srv/RL_project/repo/outputs/wav/002702_a2_sad.wav,0.6587559580802917
2703,a2,disgusted,/srv/RL_project/repo/outputs/wav/002703_a2_disgusted.wav,0.2886499762535095
2704,a2,neutral,/srv/RL_project/repo/outputs/wav/002704_a2_neutral.wav,0.6182566285133362
2705,a2,angry,/srv/RL_project/repo/outputs/wav/002705_a2_angry.wav,0.5615440607070923
2706,a2,neutral,/srv/RL_project/repo/outputs/wav/002706_a2_neutral.wav,0.6861730217933655
2707,a2,neutral,/srv/RL_project/repo/outputs/wav/002707_a2_neutral.wav,0.6419556140899658
2708,a2,fearful,/srv/RL_project/repo/outputs/wav/002708_a2_fearful.wav,0.6588757634162903
2709,a2,happy,/srv/RL_project/repo/outputs/wav/002709_a2_happy.wav,0.6093132495880127
2710,a2,neutral,/srv/RL_project/repo/outputs/wav/002710_a2_neutral.wav,0.627515435218811
2711,a2,surprised,/srv/RL_project/repo/outputs/wav/002711_a2_surprised.wav,0.5830813646316528
2712,a2,fearful,/srv/RL_project/repo/outputs/wav/002712_a2_fearful.wav,0.5348258018493652
2713,a2,angry,/srv/RL_project/repo/outputs/wav/002713_a2_angry.wav,0.6609214544296265
1,a3,sad,/srv/RL_project/repo/outputs/wav/000001_a3_sad.wav,0.6884035468101501
2,a3,neutral,/srv/RL_project/repo/outputs/wav/000002_a3_neutral.wav,0.7408044338226318
3,a3,fearful,/srv/RL_project/repo/outputs/wav/000003_a3_fearful.wav,0.6608728766441345
4,a3,happy,/srv/RL_project/repo/outputs/wav/000004_a3_happy.wav,0.6332420110702515
5,a3,angry,/srv/RL_project/repo/outputs/wav/000005_a3_angry.wav,0.6473397612571716
6,a3,happy,/srv/RL_project/repo/outputs/wav/000006_a3_happy.wav,0.7350670099258423
7,a3,disgusted,/srv/RL_project/repo/outputs/wav/000007_a3_disgusted.wav,0.7235428690910339
8,a3,surprised,/srv/RL_project/repo/outputs/wav/000008_a3_surprised.wav,0.7294368743896484
9,a3,disgusted,/srv/RL_project/repo/outputs/wav/000009_a3_disgusted.wav,0.7348854541778564
10,a3,happy,/srv/RL_project/repo/outputs/wav/000010_a3_happy.wav,0.6897672414779663
11,a3,neutral,/srv/RL_project/repo/outputs/wav/000011_a3_neutral.wav,0.6284245252609253
12,a3,sad,/srv/RL_project/repo/outputs/wav/000012_a3_sad.wav,0.7548719644546509
13,a3,neutral,/srv/RL_project/repo/outputs/wav/000013_a3_neutral.wav,0.6706182956695557
14,a3,disgusted,/srv/RL_project/repo/outputs/wav/000014_a3_disgusted.wav,0.7190358638763428
15,a3,sad,/srv/RL_project/repo/outputs/wav/000015_a3_sad.wav,0.652349591255188
16,a3,fearful,/srv/RL_project/repo/outputs/wav/000016_a3_fearful.wav,0.7611283659934998
17,a3,sad,/srv/RL_project/repo/outputs/wav/000017_a3_sad.wav,0.7283153533935547
18,a3,happy,/srv/RL_project/repo/outputs/wav/000018_a3_happy.wav,0.565973162651062
19,a3,neutral,/srv/RL_project/repo/outputs/wav/000019_a3_neutral.wav,0.7139010429382324
20,a3,angry,/srv/RL_project/repo/outputs/wav/000020_a3_angry.wav,0.7049136161804199
21,a3,sad,/srv/RL_project/repo/outputs/wav/000021_a3_sad.wav,0.6655799746513367
22,a3,surprised,/srv/RL_project/repo/outputs/wav/000022_a3_surprised.wav,0.7139561176300049
23,a3,happy,/srv/RL_project/repo/outputs/wav/000023_a3_happy.wav,0.7018091678619385
29,a3,happy,/srv/RL_project/repo/outputs/wav/000029_a3_happy.wav,0.5731418132781982
30,a3,disgusted,/srv/RL_project/repo/outputs/wav/000030_a3_disgusted.wav,0.5572922229766846
31,a3,surprised,/srv/RL_project/repo/outputs/wav/000031_a3_surprised.wav,0.4689590036869049
32,a3,disgusted,/srv/RL_project/repo/outputs/wav/000032_a3_disgusted.wav,0.6177101731300354
33,a3,happy,/srv/RL_project/repo/outputs/wav/000033_a3_happy.wav,0.5367174744606018
34,a3,happy,/srv/RL_project/repo/outputs/wav/000034_a3_happy.wav,0.6562525629997253
35,a3,surprised,/srv/RL_project/repo/outputs/wav/000035_a3_surprised.wav,0.639574408531189
36,a3,neutral,/srv/RL_project/repo/outputs/wav/000036_a3_neutral.wav,0.6526490449905396
37,a3,surprised,/srv/RL_project/repo/outputs/wav/000037_a3_surprised.wav,0.5877798795700073
38,a3,angry,/srv/RL_project/repo/outputs/wav/000038_a3_angry.wav,0.6122170686721802
39,a3,angry,/srv/RL_project/repo/outputs/wav/000039_a3_angry.wav,0.5713805556297302
40,a3,fearful,/srv/RL_project/repo/outputs/wav/000040_a3_fearful.wav,0.5982020497322083
41,a3,happy,/srv/RL_project/repo/outputs/wav/000041_a3_happy.wav,0.5100148916244507
42,a3,surprised,/srv/RL_project/repo/outputs/wav/000042_a3_surprised.wav,0.6127153635025024
43,a3,fearful,/srv/RL_project/repo/outputs/wav/000043_a3_fearful.wav,0.5132255554199219
44,a3,fearful,/srv/RL_project/repo/outputs/wav/000044_a3_fearful.wav,0.5803053379058838
45,a3,surprised,/srv/RL_project/repo/outputs/wav/000045_a3_surprised.wav,0.5487058758735657
46,a3,happy,/srv/RL_project/repo/outputs/wav/000046_a3_happy.wav,0.6104235053062439
47,a3,surprised,/srv/RL_project/repo/outputs/wav/000047_a3_surprised.wav,0.6686426997184753
48,a3,angry,/srv/RL_project/repo/outputs/wav/000048_a3_angry.wav,0.5507282018661499
49,a3,angry,/srv/RL_project/repo/outputs/wav/000049_a3_angry.wav,0.6736574172973633
50,a3,happy,/srv/RL_project/repo/outputs/wav/000050_a3_happy.wav,0.548799455165863
51,a3,sad,/srv/RL_project/repo/outputs/wav/000051_a3_sad.wav,0.5557512640953064
52,a3,disgusted,/srv/RL_project/repo/outputs/wav/000052_a3_disgusted.wav,0.6010117530822754
53,a3,disgusted,/srv/RL_project/repo/outputs/wav/000053_a3_disgusted.wav,0.5837814807891846
54,a3,happy,/srv/RL_project/repo/outputs/wav/000054_a3_happy.wav,0.5061434507369995
55,a3,sad,/srv/RL_project/repo/outputs/wav/000055_a3_sad.wav,0.46864014863967896
56,a3,sad,/srv/RL_project/repo/outputs/wav/000056_a3_sad.wav,0.6255701780319214
57,a3,fearful,/srv/RL_project/repo/outputs/wav/000057_a3_fearful.wav,0.6012771129608154
58,a3,disgusted,/srv/RL_project/repo/outputs/wav/000058_a3_disgusted.wav,0.5694277882575989
59,a3,fearful,/srv/RL_project/repo/outputs/wav/000059_a3_fearful.wav,0.562049388885498
60,a3,happy,/srv/RL_project/repo/outputs/wav/000060_a3_happy.wav,0.6448667049407959
61,a3,fearful,/srv/RL_project/repo/outputs/wav/000061_a3_fearful.wav,0.5314939022064209
62,a3,surprised,/srv/RL_project/repo/outputs/wav/000062_a3_surprised.wav,0.5205918550491333
63,a3,angry,/srv/RL_project/repo/outputs/wav/000063_a3_angry.wav,0.6334262490272522
64,a3,sad,/srv/RL_project/repo/outputs/wav/000064_a3_sad.wav,0.6080594658851624
65,a3,fearful,/srv/RL_project/repo/outputs/wav/000065_a3_fearful.wav,0.5743886828422546
66,a3,angry,/srv/RL_project/repo/outputs/wav/000066_a3_angry.wav,0.5310887694358826
67,a3,disgusted,/srv/RL_project/repo/outputs/wav/000067_a3_disgusted.wav,0.5866920948028564
68,a3,disgusted,/srv/RL_project/repo/outputs/wav/000068_a3_disgusted.wav,0.5512202382087708
69,a3,angry,/srv/RL_project/repo/outputs/wav/000069_a3_angry.wav,0.5710514187812805
70,a3,neutral,/srv/RL_project/repo/outputs/wav/000070_a3_neutral.wav,0.588398814201355
71,a3,neutral,/srv/RL_project/repo/outputs/wav/000071_a3_neutral.wav,0.5529739856719971
72,a3,sad,/srv/RL_project/repo/outputs/wav/000072_a3_sad.wav,0.5691978335380554
73,a3,disgusted,/srv/RL_project/repo/outputs/wav/000073_a3_disgusted.wav,0.5446106791496277
74,a3,angry,/srv/RL_project/repo/outputs/wav/000074_a3_angry.wav,0.5166683793067932
75,a3,sad,/srv/RL_project/repo/outputs/wav/000075_a3_sad.wav,0.6339176893234253
76,a3,neutral,/srv/RL_project/repo/outputs/wav/000076_a3_neutral.wav,0.6199641227722168
77,a3,neutral,/srv/RL_project/repo/outputs/wav/000077_a3_neutral.wav,0.5529882907867432
78,a3,fearful,/srv/RL_project/repo/outputs/wav/000078_a3_fearful.wav,0.6201090812683105
79,a3,happy,/srv/RL_project/repo/outputs/wav/000079_a3_happy.wav,0.5588546395301819
80,a3,sad,/srv/RL_project/repo/outputs/wav/000080_a3_sad.wav,0.6304342150688171
81,a3,disgusted,/srv/RL_project/repo/outputs/wav/000081_a3_disgusted.wav,0.6142226457595825
82,a3,surprised,/srv/RL_project/repo/outputs/wav/000082_a3_surprised.wav,0.5675604343414307
83,a3,disgusted,/srv/RL_project/repo/outputs/wav/000083_a3_disgusted.wav,0.5370498895645142
84,a3,surprised,/srv/RL_project/repo/outputs/wav/000084_a3_surprised.wav,0.5570831894874573
85,a3,sad,/srv/RL_project/repo/outputs/wav/000085_a3_sad.wav,0.4841711223125458
86,a3,surprised,/srv/RL_project/repo/outputs/wav/000086_a3_surprised.wav,0.5656747817993164
87,a3,neutral,/srv/RL_project/repo/outputs/wav/000087_a3_neutral.wav,0.6231873035430908
88,a3,fearful,/srv/RL_project/repo/outputs/wav/000088_a3_fearful.wav,0.6226309537887573
89,a3,fearful,/srv/RL_project/repo/outputs/wav/000089_a3_fearful.wav,0.5872205495834351
90,a3,fearful,/srv/RL_project/repo/outputs/wav/000090_a3_fearful.wav,0.5280560851097107
91,a3,happy,/srv/RL_project/repo/outputs/wav/000091_a3_happy.wav,0.6490307450294495
92,a3,angry,/srv/RL_project/repo/outputs/wav/000092_a3_angry.wav,0.5946608185768127
93,a3,surprised,/srv/RL_project/repo/outputs/wav/000093_a3_surprised.wav,0.584364116191864
94,a3,neutral,/srv/RL_project/repo/outputs/wav/000094_a3_neutral.wav,0.5324203968048096
95,a3,surprised,/srv/RL_project/repo/outputs/wav/000095_a3_surprised.wav,0.5420145988464355
96,a3,surprised,/srv/RL_project/repo/outputs/wav/000096_a3_surprised.wav,0.6471377015113831
97,a3,happy,/srv/RL_project/repo/outputs/wav/000097_a3_happy.wav,0.5945162773132324
98,a3,fearful,/srv/RL_project/repo/outputs/wav/000098_a3_fearful.wav,0.6123214960098267
99,a3,angry,/srv/RL_project/repo/outputs/wav/000099_a3_angry.wav,0.6543307900428772
100,a3,neutral,/srv/RL_project/repo/outputs/wav/000100_a3_neutral.wav,0.6529172658920288
101,a3,fearful,/srv/RL_project/repo/outputs/wav/000101_a3_fearful.wav,0.5823014974594116
102,a3,disgusted,/srv/RL_project/repo/outputs/wav/000102_a3_disgusted.wav,0.5612875819206238
103,a3,angry,/srv/RL_project/repo/outputs/wav/000103_a3_angry.wav,0.6516461372375488
104,a3,sad,/srv/RL_project/repo/outputs/wav/000104_a3_sad.wav,0.5500729084014893
105,a3,sad,/srv/RL_project/repo/outputs/wav/000105_a3_sad.wav,0.590106725692749
106,a3,disgusted,/srv/RL_project/repo/outputs/wav/000106_a3_disgusted.wav,0.621112585067749
107,a3,fearful,/srv/RL_project/repo/outputs/wav/000107_a3_fearful.wav,0.594406247138977
108,a3,neutral,/srv/RL_project/repo/outputs/wav/000108_a3_neutral.wav,0.6105203032493591
109,a3,happy,/srv/RL_project/repo/outputs/wav/000109_a3_happy.wav,0.5817010998725891
110,a3,fearful,/srv/RL_project/repo/outputs/wav/000110_a3_fearful.wav,0.5965569615364075
111,a3,angry,/srv/RL_project/repo/outputs/wav/000111_a3_angry.wav,0.24663233757019043
112,a3,fearful,/srv/RL_project/repo/outputs/wav/000112_a3_fearful.wav,0.49163568019866943
113,a3,disgusted,/srv/RL_project/repo/outputs/wav/000113_a3_disgusted.wav,0.6207630634307861
114,a3,sad,/srv/RL_project/repo/outputs/wav/000114_a3_sad.wav,0.6205448508262634
115,a3,fearful,/srv/RL_project/repo/outputs/wav/000115_a3_fearful.wav,0.44395872950553894
116,a3,disgusted,/srv/RL_project/repo/outputs/wav/000116_a3_disgusted.wav,0.609428346157074
117,a3,sad,/srv/RL_project/repo/outputs/wav/000117_a3_sad.wav,0.5910380482673645
118,a3,surprised,/srv/RL_project/repo/outputs/wav/000118_a3_surprised.wav,0.5447006225585938
119,a3,fearful,/srv/RL_project/repo/outputs/wav/000119_a3_fearful.wav,0.5909360647201538
120,a3,disgusted,/srv/RL_project/repo/outputs/wav/000120_a3_disgusted.wav,0.6110514998435974
121,a3,disgusted,/srv/RL_project/repo/outputs/wav/000121_a3_disgusted.wav,0.550711989402771
122,a3,neutral,/srv/RL_project/repo/outputs/wav/000122_a3_neutral.wav,0.6372560262680054
123,a3,fearful,/srv/RL_project/repo/outputs/wav/000123_a3_fearful.wav,0.606927752494812
124,a3,angry,/srv/RL_project/repo/outputs/wav/000124_a3_angry.wav,0.6586727499961853
125,a3,neutral,/srv/RL_project/repo/outputs/wav/000125_a3_neutral.wav,0.5870707631111145
126,a3,surprised,/srv/RL_project/repo/outputs/wav/000126_a3_surprised.wav,0.59751296043396
127,a3,fearful,/srv/RL_project/repo/outputs/wav/000127_a3_fearful.wav,0.6531299948692322
128,a3,sad,/srv/RL_project/repo/outputs/wav/000128_a3_sad.wav,0.580456018447876
129,a3,happy,/srv/RL_project/repo/outputs/wav/000129_a3_happy.wav,0.5526827573776245
130,a3,fearful,/srv/RL_project/repo/outputs/wav/000130_a3_fearful.wav,0.6135954260826111
131,a3,angry,/srv/RL_project/repo/outputs/wav/000131_a3_angry.wav,0.5555475950241089
132,a3,sad,/srv/RL_project/repo/outputs/wav/000132_a3_sad.wav,0.6161912083625793
133,a3,happy,/srv/RL_project/repo/outputs/wav/000133_a3_happy.wav,0.6078996062278748
134,a3,disgusted,/srv/RL_project/repo/outputs/wav/000134_a3_disgusted.wav,0.5653967261314392
135,a3,angry,/srv/RL_project/repo/outputs/wav/000135_a3_angry.wav,0.6591542363166809
136,a3,happy,/srv/RL_project/repo/outputs/wav/000136_a3_happy.wav,0.5817393064498901
137,a3,surprised,/srv/RL_project/repo/outputs/wav/000137_a3_surprised.wav,0.5814234614372253
138,a3,disgusted,/srv/RL_project/repo/outputs/wav/000138_a3_disgusted.wav,0.6285865306854248
139,a3,angry,/srv/RL_project/repo/outputs/wav/000139_a3_angry.wav,0.5546830892562866
140,a3,happy,/srv/RL_project/repo/outputs/wav/000140_a3_happy.wav,0.5319225788116455
141,a3,neutral,/srv/RL_project/repo/outputs/wav/000141_a3_neutral.wav,0.48462700843811035
142,a3,disgusted,/srv/RL_project/repo/outputs/wav/000142_a3_disgusted.wav,0.5957337021827698
143,a3,angry,/srv/RL_project/repo/outputs/wav/000143_a3_angry.wav,0.652974545955658
144,a3,happy,/srv/RL_project/repo/outputs/wav/000144_a3_happy.wav,0.5759760141372681
145,a3,angry,/srv/RL_project/repo/outputs/wav/000145_a3_angry.wav,0.6224256157875061
146,a3,disgusted,/srv/RL_project/repo/outputs/wav/000146_a3_disgusted.wav,0.6379830837249756
147,a3,neutral,/srv/RL_project/repo/outputs/wav/000147_a3_neutral.wav,0.540664553642273
148,a3,fearful,/srv/RL_project/repo/outputs/wav/000148_a3_fearful.wav,0.5646778345108032
149,a3,disgusted,/srv/RL_project/repo/outputs/wav/000149_a3_disgusted.wav,0.5937591791152954
150,a3,sad,/srv/RL_project/repo/outputs/wav/000150_a3_sad.wav,0.6079230904579163
151,a3,angry,/srv/RL_project/repo/outputs/wav/000151_a3_angry.wav,0.5386301875114441
152,a3,disgusted,/srv/RL_project/repo/outputs/wav/000152_a3_disgusted.wav,0.5793425440788269
153,a3,surprised,/srv/RL_project/repo/outputs/wav/000153_a3_surprised.wav,0.6220649480819702
154,a3,neutral,/srv/RL_project/repo/outputs/wav/000154_a3_neutral.wav,0.5335444211959839
155,a3,angry,/srv/RL_project/repo/outputs/wav/000155_a3_angry.wav,0.6368464827537537
156,a3,surprised,/srv/RL_project/repo/outputs/wav/000156_a3_surprised.wav,0.5029444694519043
157,a3,sad,/srv/RL_project/repo/outputs/wav/000157_a3_sad.wav,0.5745829343795776
158,a3,angry,/srv/RL_project/repo/outputs/wav/000158_a3_angry.wav,0.5567110776901245
159,a3,happy,/srv/RL_project/repo/outputs/wav/000159_a3_happy.wav,0.657091498374939
160,a3,surprised,/srv/RL_project/repo/outputs/wav/000160_a3_surprised.wav,0.5780010223388672
161,a3,fearful,/srv/RL_project/repo/outputs/wav/000161_a3_fearful.wav,0.5865647792816162
162,a3,surprised,/srv/RL_project/repo/outputs/wav/000162_a3_surprised.wav,0.5232421159744263
163,a3,angry,/srv/RL_project/repo/outputs/wav/000163_a3_angry.wav,0.6442609429359436
164,a3,neutral,/srv/RL_project/repo/outputs/wav/000164_a3_neutral.wav,0.5750629305839539
165,a3,fearful,/srv/RL_project/repo/outputs/wav/000165_a3_fearful.wav,0.5851577520370483
166,a3,happy,/srv/RL_project/repo/outputs/wav/000166_a3_happy.wav,0.5813125371932983
167,a3,disgusted,/srv/RL_project/repo/outputs/wav/000167_a3_disgusted.wav,0.6820332407951355
168,a3,happy,/srv/RL_project/repo/outputs/wav/000168_a3_happy.wav,0.49950891733169556
169,a3,surprised,/srv/RL_project/repo/outputs/wav/000169_a3_surprised.wav,0.532428503036499
170,a3,surprised,/srv/RL_project/repo/outputs/wav/000170_a3_surprised.wav,0.6052446365356445
171,a3,sad,/srv/RL_project/repo/outputs/wav/000171_a3_sad.wav,0.4488649368286133
172,a3,sad,/srv/RL_project/repo/outputs/wav/000172_a3_sad.wav,0.6459416151046753
173,a3,angry,/srv/RL_project/repo/outputs/wav/000173_a3_angry.wav,0.5624130368232727
174,a3,sad,/srv/RL_project/repo/outputs/wav/000174_a3_sad.wav,0.585964560508728
175,a3,disgusted,/srv/RL_project/repo/outputs/wav/000175_a3_disgusted.wav,0.6239449977874756
176,a3,happy,/srv/RL_project/repo/outputs/wav/000176_a3_happy.wav,0.6064143180847168
177,a3,surprised,/srv/RL_project/repo/outputs/wav/000177_a3_surprised.wav,0.617917537689209
178,a3,happy,/srv/RL_project/repo/outputs/wav/000178_a3_happy.wav,0.5699425935745239
179,a3,neutral,/srv/RL_project/repo/outputs/wav/000179_a3_neutral.wav,0.5668494701385498
180,a3,sad,/srv/RL_project/repo/outputs/wav/000180_a3_sad.wav,0.5952948331832886
181,a3,happy,/srv/RL_project/repo/outputs/wav/000181_a3_happy.wav,0.5420557856559753
182,a3,neutral,/srv/RL_project/repo/outputs/wav/000182_a3_neutral.wav,0.5602149963378906
183,a3,happy,/srv/RL_project/repo/outputs/wav/000183_a3_happy.wav,0.5871458053588867
184,a3,neutral,/srv/RL_project/repo/outputs/wav/000184_a3_neutral.wav,0.5848984122276306
185,a3,happy,/srv/RL_project/repo/outputs/wav/000185_a3_happy.wav,0.6026678681373596
186,a3,sad,/srv/RL_project/repo/outputs/wav/000186_a3_sad.wav,0.5907784104347229
187,a3,disgusted,/srv/RL_project/repo/outputs/wav/000187_a3_disgusted.wav,0.4266664981842041
188,a3,disgusted,/srv/RL_project/repo/outputs/wav/000188_a3_disgusted.wav,0.6189927458763123
189,a3,sad,/srv/RL_project/repo/outputs/wav/000189_a3_sad.wav,0.6520061492919922
190,a3,disgusted,/srv/RL_project/repo/outputs/wav/000190_a3_disgusted.wav,0.5270499587059021
191,a3,angry,/srv/RL_project/repo/outputs/wav/000191_a3_angry.wav,0.6709818840026855
192,a3,disgusted,/srv/RL_project/repo/outputs/wav/000192_a3_disgusted.wav,0.5267593860626221
193,a3,disgusted,/srv/RL_project/repo/outputs/wav/000193_a3_disgusted.wav,0.6040149927139282
194,a3,angry,/srv/RL_project/repo/outputs/wav/000194_a3_angry.wav,0.5446057915687561
195,a3,sad,/srv/RL_project/repo/outputs/wav/000195_a3_sad.wav,0.6174955368041992
196,a3,disgusted,/srv/RL_project/repo/outputs/wav/000196_a3_disgusted.wav,0.4514778256416321
197,a3,disgusted,/srv/RL_project/repo/outputs/wav/000197_a3_disgusted.wav,0.585164487361908
198,a3,neutral,/srv/RL_project/repo/outputs/wav/000198_a3_neutral.wav,0.5509921312332153
199,a3,sad,/srv/RL_project/repo/outputs/wav/000199_a3_sad.wav,0.533622145652771
200,a3,happy,/srv/RL_project/repo/outputs/wav/000200_a3_happy.wav,0.6032293438911438
201,a3,disgusted,/srv/RL_project/repo/outputs/wav/000201_a3_disgusted.wav,0.4792332351207733
202,a3,disgusted,/srv/RL_project/repo/outputs/wav/000202_a3_disgusted.wav,0.5866019129753113
203,a3,neutral,/srv/RL_project/repo/outputs/wav/000203_a3_neutral.wav,0.5368707180023193
204,a3,neutral,/srv/RL_project/repo/outputs/wav/000204_a3_neutral.wav,0.5817776322364807
205,a3,disgusted,/srv/RL_project/repo/outputs/wav/000205_a3_disgusted.wav,0.5011686086654663
206,a3,sad,/srv/RL_project/repo/outputs/wav/000206_a3_sad.wav,0.6878939270973206
207,a3,surprised,/srv/RL_project/repo/outputs/wav/000207_a3_surprised.wav,0.6225426197052002
208,a3,surprised,/srv/RL_project/repo/outputs/wav/000208_a3_surprised.wav,0.6029348373413086
209,a3,happy,/srv/RL_project/repo/outputs/wav/000209_a3_happy.wav,0.6072070002555847
210,a3,happy,/srv/RL_project/repo/outputs/wav/000210_a3_happy.wav,0.7045540809631348
211,a3,sad,/srv/RL_project/repo/outputs/wav/000211_a3_sad.wav,0.6901268362998962
212,a3,angry,/srv/RL_project/repo/outputs/wav/000212_a3_angry.wav,0.5622662305831909
213,a3,angry,/srv/RL_project/repo/outputs/wav/000213_a3_angry.wav,0.6230565905570984
214,a3,surprised,/srv/RL_project/repo/outputs/wav/000214_a3_surprised.wav,0.5622706413269043
215,a3,surprised,/srv/RL_project/repo/outputs/wav/000215_a3_surprised.wav,0.5685368776321411
216,a3,fearful,/srv/RL_project/repo/outputs/wav/000216_a3_fearful.wav,0.5858302712440491
217,a3,neutral,/srv/RL_project/repo/outputs/wav/000217_a3_neutral.wav,0.6159908175468445
218,a3,sad,/srv/RL_project/repo/outputs/wav/000218_a3_sad.wav,0.5927899479866028
219,a3,disgusted,/srv/RL_project/repo/outputs/wav/000219_a3_disgusted.wav,0.5913180112838745
220,a3,surprised,/srv/RL_project/repo/outputs/wav/000220_a3_surprised.wav,0.6796708106994629
221,a3,sad,/srv/RL_project/repo/outputs/wav/000221_a3_sad.wav,0.637100338935852
222,a3,angry,/srv/RL_project/repo/outputs/wav/000222_a3_angry.wav,0.5875999927520752
223,a3,surprised,/srv/RL_project/repo/outputs/wav/000223_a3_surprised.wav,0.5981581211090088
224,a3,sad,/srv/RL_project/repo/outputs/wav/000224_a3_sad.wav,0.5819355845451355
225,a3,neutral,/srv/RL_project/repo/outputs/wav/000225_a3_neutral.wav,0.5560183525085449
226,a3,neutral,/srv/RL_project/repo/outputs/wav/000226_a3_neutral.wav,0.5550714135169983
227,a3,surprised,/srv/RL_project/repo/outputs/wav/000227_a3_surprised.wav,0.5602740049362183
228,a3,disgusted,/srv/RL_project/repo/outputs/wav/000228_a3_disgusted.wav,0.5583358407020569
229,a3,sad,/srv/RL_project/repo/outputs/wav/000229_a3_sad.wav,0.6015397310256958
230,a3,surprised,/srv/RL_project/repo/outputs/wav/000230_a3_surprised.wav,0.5707598328590393
231,a3,fearful,/srv/RL_project/repo/outputs/wav/000231_a3_fearful.wav,0.60734623670578
232,a3,happy,/srv/RL_project/repo/outputs/wav/000232_a3_happy.wav,0.6159721612930298
233,a3,surprised,/srv/RL_project/repo/outputs/wav/000233_a3_surprised.wav,0.593767523765564
234,a3,sad,/srv/RL_project/repo/outputs/wav/000234_a3_sad.wav,0.5704488754272461
235,a3,fearful,/srv/RL_project/repo/outputs/wav/000235_a3_fearful.wav,0.6457005143165588
236,a3,sad,/srv/RL_project/repo/outputs/wav/000236_a3_sad.wav,0.6504600048065186
237,a3,disgusted,/srv/RL_project/repo/outputs/wav/000237_a3_disgusted.wav,0.47928887605667114
238,a3,surprised,/srv/RL_project/repo/outputs/wav/000238_a3_surprised.wav,0.6093469858169556
239,a3,neutral,/srv/RL_project/repo/outputs/wav/000239_a3_neutral.wav,0.6123422980308533
240,a3,disgusted,/srv/RL_project/repo/outputs/wav/000240_a3_disgusted.wav,0.5860782861709595
241,a3,disgusted,/srv/RL_project/repo/outputs/wav/000241_a3_disgusted.wav,0.675395667552948
242,a3,sad,/srv/RL_project/repo/outputs/wav/000242_a3_sad.wav,0.6484679579734802
243,a3,sad,/srv/RL_project/repo/outputs/wav/000243_a3_sad.wav,0.4343445897102356
244,a3,fearful,/srv/RL_project/repo/outputs/wav/000244_a3_fearful.wav,0.4284908175468445
245,a3,surprised,/srv/RL_project/repo/outputs/wav/000245_a3_surprised.wav,0.6311949491500854
246,a3,disgusted,/srv/RL_project/repo/outputs/wav/000246_a3_disgusted.wav,0.6310110092163086
247,a3,surprised,/srv/RL_project/repo/outputs/wav/000247_a3_surprised.wav,0.598842442035675
248,a3,fearful,/srv/RL_project/repo/outputs/wav/000248_a3_fearful.wav,0.5866503119468689
249,a3,angry,/srv/RL_project/repo/outputs/wav/000249_a3_angry.wav,0.6687745451927185
250,a3,fearful,/srv/RL_project/repo/outputs/wav/000250_a3_fearful.wav,0.5590534806251526
251,a3,fearful,/srv/RL_project/repo/outputs/wav/000251_a3_fearful.wav,0.42683959007263184
252,a3,neutral,/srv/RL_project/repo/outputs/wav/000252_a3_neutral.wav,0.6047283411026001
253,a3,happy,/srv/RL_project/repo/outputs/wav/000253_a3_happy.wav,0.5161892175674438
254,a3,sad,/srv/RL_project/repo/outputs/wav/000254_a3_sad.wav,0.5926351547241211
255,a3,fearful,/srv/RL_project/repo/outputs/wav/000255_a3_fearful.wav,0.5994066596031189
256,a3,fearful,/srv/RL_project/repo/outputs/wav/000256_a3_fearful.wav,0.49224191904067993
257,a3,fearful,/srv/RL_project/repo/outputs/wav/000257_a3_fearful.wav,0.6305584907531738
258,a3,neutral,/srv/RL_project/repo/outputs/wav/000258_a3_neutral.wav,0.5691878795623779
259,a3,fearful,/srv/RL_project/repo/outputs/wav/000259_a3_fearful.wav,0.6147291660308838
260,a3,happy,/srv/RL_project/repo/outputs/wav/000260_a3_happy.wav,0.6625482439994812
261,a3,happy,/srv/RL_project/repo/outputs/wav/000261_a3_happy.wav,0.6767954230308533
262,a3,happy,/srv/RL_project/repo/outputs/wav/000262_a3_happy.wav,0.5428685545921326
263,a3,disgusted,/srv/RL_project/repo/outputs/wav/000263_a3_disgusted.wav,0.5117020010948181
264,a3,neutral,/srv/RL_project/repo/outputs/wav/000264_a3_neutral.wav,0.572504997253418
265,a3,angry,/srv/RL_project/repo/outputs/wav/000265_a3_angry.wav,0.5753766894340515
266,a3,disgusted,/srv/RL_project/repo/outputs/wav/000266_a3_disgusted.wav,0.5739006400108337
267,a3,sad,/srv/RL_project/repo/outputs/wav/000267_a3_sad.wav,0.42845702171325684
268,a3,disgusted,/srv/RL_project/repo/outputs/wav/000268_a3_disgusted.wav,0.5138992071151733
269,a3,neutral,/srv/RL_project/repo/outputs/wav/000269_a3_neutral.wav,0.5521900653839111
270,a3,disgusted,/srv/RL_project/repo/outputs/wav/000270_a3_disgusted.wav,0.5624562501907349
271,a3,neutral,/srv/RL_project/repo/outputs/wav/000271_a3_neutral.wav,0.657060980796814
272,a3,sad,/srv/RL_project/repo/outputs/wav/000272_a3_sad.wav,0.652574896812439
273,a3,sad,/srv/RL_project/repo/outputs/wav/000273_a3_sad.wav,0.645356297492981
274,a3,angry,/srv/RL_project/repo/outputs/wav/000274_a3_angry.wav,0.5271310806274414
275,a3,angry,/srv/RL_project/repo/outputs/wav/000275_a3_angry.wav,0.6004431247711182
276,a3,surprised,/srv/RL_project/repo/outputs/wav/000276_a3_surprised.wav,0.551708459854126
277,a3,fearful,/srv/RL_project/repo/outputs/wav/000277_a3_fearful.wav,0.527753472328186
278,a3,fearful,/srv/RL_project/repo/outputs/wav/000278_a3_fearful.wav,0.5742048025131226
279,a3,sad,/srv/RL_project/repo/outputs/wav/000279_a3_sad.wav,0.5186767578125
280,a3,fearful,/srv/RL_project/repo/outputs/wav/000280_a3_fearful.wav,0.6381963491439819
281,a3,neutral,/srv/RL_project/repo/outputs/wav/000281_a3_neutral.wav,0.5560721755027771
282,a3,disgusted,/srv/RL_project/repo/outputs/wav/000282_a3_disgusted.wav,0.6032609343528748
283,a3,surprised,/srv/RL_project/repo/outputs/wav/000283_a3_surprised.wav,0.605534553527832
284,a3,angry,/srv/RL_project/repo/outputs/wav/000284_a3_angry.wav,0.5757525563240051
285,a3,surprised,/srv/RL_project/repo/outputs/wav/000285_a3_surprised.wav,0.48434263467788696
286,a3,disgusted,/srv/RL_project/repo/outputs/wav/000286_a3_disgusted.wav,0.5733570456504822
287,a3,disgusted,/srv/RL_project/repo/outputs/wav/000287_a3_disgusted.wav,0.5512052178382874
288,a3,fearful,/srv/RL_project/repo/outputs/wav/000288_a3_fearful.wav,0.5742077827453613
289,a3,sad,/srv/RL_project/repo/outputs/wav/000289_a3_sad.wav,0.5621351003646851
290,a3,disgusted,/srv/RL_project/repo/outputs/wav/000290_a3_disgusted.wav,0.506427526473999
291,a3,neutral,/srv/RL_project/repo/outputs/wav/000291_a3_neutral.wav,0.6057900190353394
292,a3,neutral,/srv/RL_project/repo/outputs/wav/000292_a3_neutral.wav,0.6375777125358582
293,a3,fearful,/srv/RL_project/repo/outputs/wav/000293_a3_fearful.wav,0.618887186050415
294,a3,neutral,/srv/RL_project/repo/outputs/wav/000294_a3_neutral.wav,0.44423019886016846
295,a3,happy,/srv/RL_project/repo/outputs/wav/000295_a3_happy.wav,0.5253585577011108
296,a3,happy,/srv/RL_project/repo/outputs/wav/000296_a3_happy.wav,0.5524017810821533
297,a3,disgusted,/srv/RL_project/repo/outputs/wav/000297_a3_disgusted.wav,0.6672430038452148
298,a3,happy,/srv/RL_project/repo/outputs/wav/000298_a3_happy.wav,0.5782026052474976
299,a3,neutral,/srv/RL_project/repo/outputs/wav/000299_a3_neutral.wav,0.5894596576690674
300,a3,angry,/srv/RL_project/repo/outputs/wav/000300_a3_angry.wav,0.6163128018379211
301,a3,sad,/srv/RL_project/repo/outputs/wav/000301_a3_sad.wav,0.6306571364402771
302,a3,fearful,/srv/RL_project/repo/outputs/wav/000302_a3_fearful.wav,0.40774697065353394
303,a3,fearful,/srv/RL_project/repo/outputs/wav/000303_a3_fearful.wav,0.37781789898872375
304,a3,surprised,/srv/RL_project/repo/outputs/wav/000304_a3_surprised.wav,0.5577127933502197
305,a3,disgusted,/srv/RL_project/repo/outputs/wav/000305_a3_disgusted.wav,0.5266697406768799
306,a3,fearful,/srv/RL_project/repo/outputs/wav/000306_a3_fearful.wav,0.5250486135482788
307,a3,angry,/srv/RL_project/repo/outputs/wav/000307_a3_angry.wav,0.5325255393981934
308,a3,neutral,/srv/RL_project/repo/outputs/wav/000308_a3_neutral.wav,0.5219281911849976
309,a3,neutral,/srv/RL_project/repo/outputs/wav/000309_a3_neutral.wav,0.58344966173172
310,a3,happy,/srv/RL_project/repo/outputs/wav/000310_a3_happy.wav,0.5892777442932129
311,a3,fearful,/srv/RL_project/repo/outputs/wav/000311_a3_fearful.wav,0.563196063041687
312,a3,disgusted,/srv/RL_project/repo/outputs/wav/000312_a3_disgusted.wav,0.5458879470825195
313,a3,neutral,/srv/RL_project/repo/outputs/wav/000313_a3_neutral.wav,0.5240013003349304
314,a3,happy,/srv/RL_project/repo/outputs/wav/000314_a3_happy.wav,0.5042853355407715
315,a3,angry,/srv/RL_project/repo/outputs/wav/000315_a3_angry.wav,0.5078089833259583
316,a3,surprised,/srv/RL_project/repo/outputs/wav/000316_a3_surprised.wav,0.5146557092666626
317,a3,sad,/srv/RL_project/repo/outputs/wav/000317_a3_sad.wav,0.5203934907913208
318,a3,sad,/srv/RL_project/repo/outputs/wav/000318_a3_sad.wav,0.6582327485084534
319,a3,disgusted,/srv/RL_project/repo/outputs/wav/000319_a3_disgusted.wav,0.5727453827857971
320,a3,fearful,/srv/RL_project/repo/outputs/wav/000320_a3_fearful.wav,0.5649373531341553
321,a3,angry,/srv/RL_project/repo/outputs/wav/000321_a3_angry.wav,0.5328726172447205
322,a3,disgusted,/srv/RL_project/repo/outputs/wav/000322_a3_disgusted.wav,0.5751398801803589
323,a3,neutral,/srv/RL_project/repo/outputs/wav/000323_a3_neutral.wav,0.5335721969604492
324,a3,surprised,/srv/RL_project/repo/outputs/wav/000324_a3_surprised.wav,0.5300805568695068
325,a3,neutral,/srv/RL_project/repo/outputs/wav/000325_a3_neutral.wav,0.6426417231559753
326,a3,angry,/srv/RL_project/repo/outputs/wav/000326_a3_angry.wav,0.5699630975723267
327,a3,angry,/srv/RL_project/repo/outputs/wav/000327_a3_angry.wav,0.6284587979316711
328,a3,angry,/srv/RL_project/repo/outputs/wav/000328_a3_angry.wav,0.6180623769760132
329,a3,happy,/srv/RL_project/repo/outputs/wav/000329_a3_happy.wav,0.5350000858306885
330,a3,surprised,/srv/RL_project/repo/outputs/wav/000330_a3_surprised.wav,0.6049739718437195
331,a3,fearful,/srv/RL_project/repo/outputs/wav/000331_a3_fearful.wav,0.6765410304069519
332,a3,happy,/srv/RL_project/repo/outputs/wav/000332_a3_happy.wav,0.5038052797317505
333,a3,surprised,/srv/RL_project/repo/outputs/wav/000333_a3_surprised.wav,0.5418353080749512
334,a3,sad,/srv/RL_project/repo/outputs/wav/000334_a3_sad.wav,0.5406792163848877
335,a3,disgusted,/srv/RL_project/repo/outputs/wav/000335_a3_disgusted.wav,0.6118775606155396
336,a3,fearful,/srv/RL_project/repo/outputs/wav/000336_a3_fearful.wav,0.6442831158638
337,a3,disgusted,/srv/RL_project/repo/outputs/wav/000337_a3_disgusted.wav,0.6426767706871033
338,a3,fearful,/srv/RL_project/repo/outputs/wav/000338_a3_fearful.wav,0.5198594331741333
339,a3,sad,/srv/RL_project/repo/outputs/wav/000339_a3_sad.wav,0.5894933342933655
340,a3,fearful,/srv/RL_project/repo/outputs/wav/000340_a3_fearful.wav,0.67281574010849
341,a3,disgusted,/srv/RL_project/repo/outputs/wav/000341_a3_disgusted.wav,0.6426538825035095
342,a3,angry,/srv/RL_project/repo/outputs/wav/000342_a3_angry.wav,0.6200074553489685
343,a3,fearful,/srv/RL_project/repo/outputs/wav/000343_a3_fearful.wav,0.5837379693984985
344,a3,happy,/srv/RL_project/repo/outputs/wav/000344_a3_happy.wav,0.65578693151474
345,a3,surprised,/srv/RL_project/repo/outputs/wav/000345_a3_surprised.wav,0.5523289442062378
346,a3,fearful,/srv/RL_project/repo/outputs/wav/000346_a3_fearful.wav,0.6476463675498962
347,a3,neutral,/srv/RL_project/repo/outputs/wav/000347_a3_neutral.wav,0.5602176785469055
348,a3,happy,/srv/RL_project/repo/outputs/wav/000348_a3_happy.wav,0.6508297920227051
349,a3,fearful,/srv/RL_project/repo/outputs/wav/000349_a3_fearful.wav,0.5193252563476562
350,a3,happy,/srv/RL_project/repo/outputs/wav/000350_a3_happy.wav,0.5731404423713684
351,a3,disgusted,/srv/RL_project/repo/outputs/wav/000351_a3_disgusted.wav,0.5572866797447205
352,a3,sad,/srv/RL_project/repo/outputs/wav/000352_a3_sad.wav,0.4689706265926361
353,a3,fearful,/srv/RL_project/repo/outputs/wav/000353_a3_fearful.wav,0.6177068948745728
354,a3,sad,/srv/RL_project/repo/outputs/wav/000354_a3_sad.wav,0.5252662301063538
355,a3,disgusted,/srv/RL_project/repo/outputs/wav/000355_a3_disgusted.wav,0.6562467813491821
356,a3,happy,/srv/RL_project/repo/outputs/wav/000356_a3_happy.wav,0.6395747661590576
357,a3,happy,/srv/RL_project/repo/outputs/wav/000357_a3_happy.wav,0.652646541595459
358,a3,fearful,/srv/RL_project/repo/outputs/wav/000358_a3_fearful.wav,0.5877806544303894
359,a3,disgusted,/srv/RL_project/repo/outputs/wav/000359_a3_disgusted.wav,0.6122169494628906
360,a3,angry,/srv/RL_project/repo/outputs/wav/000360_a3_angry.wav,0.5561297535896301
361,a3,disgusted,/srv/RL_project/repo/outputs/wav/000361_a3_disgusted.wav,0.5981980562210083
362,a3,sad,/srv/RL_project/repo/outputs/wav/000362_a3_sad.wav,0.5640737414360046
363,a3,sad,/srv/RL_project/repo/outputs/wav/000363_a3_sad.wav,0.11165499687194824
364,a3,surprised,/srv/RL_project/repo/outputs/wav/000364_a3_surprised.wav,0.5132315754890442
365,a3,angry,/srv/RL_project/repo/outputs/wav/000365_a3_angry.wav,0.6672945618629456
366,a3,neutral,/srv/RL_project/repo/outputs/wav/000366_a3_neutral.wav,0.5262078046798706
367,a3,neutral,/srv/RL_project/repo/outputs/wav/000367_a3_neutral.wav,0.43058568239212036
368,a3,neutral,/srv/RL_project/repo/outputs/wav/000368_a3_neutral.wav,0.6011348962783813
369,a3,angry,/srv/RL_project/repo/outputs/wav/000369_a3_angry.wav,0.640982985496521
370,a3,sad,/srv/RL_project/repo/outputs/wav/000370_a3_sad.wav,0.6736536026000977
371,a3,happy,/srv/RL_project/repo/outputs/wav/000371_a3_happy.wav,0.5487968921661377
372,a3,neutral,/srv/RL_project/repo/outputs/wav/000372_a3_neutral.wav,0.5557454824447632
373,a3,surprised,/srv/RL_project/repo/outputs/wav/000373_a3_surprised.wav,0.6010050177574158
374,a3,happy,/srv/RL_project/repo/outputs/wav/000374_a3_happy.wav,0.5837810039520264
375,a3,sad,/srv/RL_project/repo/outputs/wav/000375_a3_sad.wav,0.5061469078063965
376,a3,surprised,/srv/RL_project/repo/outputs/wav/000376_a3_surprised.wav,0.4686371684074402
377,a3,happy,/srv/RL_project/repo/outputs/wav/000377_a3_happy.wav,0.5420519709587097
378,a3,disgusted,/srv/RL_project/repo/outputs/wav/000378_a3_disgusted.wav,0.656196653842926
379,a3,disgusted,/srv/RL_project/repo/outputs/wav/000379_a3_disgusted.wav,0.569431483745575
380,a3,fearful,/srv/RL_project/repo/outputs/wav/000380_a3_fearful.wav,0.5620467662811279
381,a3,disgusted,/srv/RL_project/repo/outputs/wav/000381_a3_disgusted.wav,0.6286951899528503
382,a3,neutral,/srv/RL_project/repo/outputs/wav/000382_a3_neutral.wav,0.5314958691596985
383,a3,disgusted,/srv/RL_project/repo/outputs/wav/000383_a3_disgusted.wav,0.5205961465835571
384,a3,fearful,/srv/RL_project/repo/outputs/wav/000384_a3_fearful.wav,0.6334249377250671
385,a3,fearful,/srv/RL_project/repo/outputs/wav/000385_a3_fearful.wav,0.6308658123016357
386,a3,neutral,/srv/RL_project/repo/outputs/wav/000386_a3_neutral.wav,0.5743908882141113
387,a3,disgusted,/srv/RL_project/repo/outputs/wav/000387_a3_disgusted.wav,0.5310853123664856
388,a3,fearful,/srv/RL_project/repo/outputs/wav/000388_a3_fearful.wav,0.5866931080818176
389,a3,fearful,/srv/RL_project/repo/outputs/wav/000389_a3_fearful.wav,0.5837318897247314
390,a3,surprised,/srv/RL_project/repo/outputs/wav/000390_a3_surprised.wav,0.5562738180160522
391,a3,fearful,/srv/RL_project/repo/outputs/wav/000391_a3_fearful.wav,0.5883971452713013
392,a3,sad,/srv/RL_project/repo/outputs/wav/000392_a3_sad.wav,0.5529717803001404
393,a3,surprised,/srv/RL_project/repo/outputs/wav/000393_a3_surprised.wav,0.5691890120506287
394,a3,happy,/srv/RL_project/repo/outputs/wav/000394_a3_happy.wav,0.49288761615753174
395,a3,angry,/srv/RL_project/repo/outputs/wav/000395_a3_angry.wav,0.5166715979576111
396,a3,surprised,/srv/RL_project/repo/outputs/wav/000396_a3_surprised.wav,0.3539750576019287
397,a3,angry,/srv/RL_project/repo/outputs/wav/000397_a3_angry.wav,0.6199618577957153
398,a3,neutral,/srv/RL_project/repo/outputs/wav/000398_a3_neutral.wav,0.46105778217315674
399,a3,disgusted,/srv/RL_project/repo/outputs/wav/000399_a3_disgusted.wav,0.6201099753379822
400,a3,angry,/srv/RL_project/repo/outputs/wav/000400_a3_angry.wav,0.5588531494140625
401,a3,sad,/srv/RL_project/repo/outputs/wav/000401_a3_sad.wav,0.6082956790924072
402,a3,angry,/srv/RL_project/repo/outputs/wav/000402_a3_angry.wav,0.6383699774742126
403,a3,surprised,/srv/RL_project/repo/outputs/wav/000403_a3_surprised.wav,0.5675685405731201
404,a3,fearful,/srv/RL_project/repo/outputs/wav/000404_a3_fearful.wav,0.5486969351768494
405,a3,fearful,/srv/RL_project/repo/outputs/wav/000405_a3_fearful.wav,0.5570826530456543
406,a3,happy,/srv/RL_project/repo/outputs/wav/000406_a3_happy.wav,0.4841911196708679
407,a3,surprised,/srv/RL_project/repo/outputs/wav/000407_a3_surprised.wav,0.5656775236129761
408,a3,disgusted,/srv/RL_project/repo/outputs/wav/000408_a3_disgusted.wav,0.6715532541275024
409,a3,angry,/srv/RL_project/repo/outputs/wav/000409_a3_angry.wav,0.6226310729980469
410,a3,happy,/srv/RL_project/repo/outputs/wav/000410_a3_happy.wav,0.5872183442115784
411,a3,neutral,/srv/RL_project/repo/outputs/wav/000411_a3_neutral.wav,0.5280488729476929
412,a3,surprised,/srv/RL_project/repo/outputs/wav/000412_a3_surprised.wav,0.6490302085876465
413,a3,angry,/srv/RL_project/repo/outputs/wav/000413_a3_angry.wav,0.5946649312973022
414,a3,neutral,/srv/RL_project/repo/outputs/wav/000414_a3_neutral.wav,0.5843645334243774
415,a3,sad,/srv/RL_project/repo/outputs/wav/000415_a3_sad.wav,0.5324239730834961
416,a3,sad,/srv/RL_project/repo/outputs/wav/000416_a3_sad.wav,0.5420151352882385
417,a3,angry,/srv/RL_project/repo/outputs/wav/000417_a3_angry.wav,0.6471365690231323
418,a3,angry,/srv/RL_project/repo/outputs/wav/000418_a3_angry.wav,0.594517707824707
419,a3,fearful,/srv/RL_project/repo/outputs/wav/000419_a3_fearful.wav,0.6123243570327759
420,a3,fearful,/srv/RL_project/repo/outputs/wav/000420_a3_fearful.wav,0.6543295383453369
421,a3,sad,/srv/RL_project/repo/outputs/wav/000421_a3_sad.wav,0.6529159545898438
422,a3,neutral,/srv/RL_project/repo/outputs/wav/000422_a3_neutral.wav,0.51535964012146
423,a3,angry,/srv/RL_project/repo/outputs/wav/000423_a3_angry.wav,0.5612865686416626
424,a3,angry,/srv/RL_project/repo/outputs/wav/000424_a3_angry.wav,0.6516481637954712
425,a3,angry,/srv/RL_project/repo/outputs/wav/000425_a3_angry.wav,0.5500749945640564
426,a3,surprised,/srv/RL_project/repo/outputs/wav/000426_a3_surprised.wav,0.5900993347167969
427,a3,happy,/srv/RL_project/repo/outputs/wav/000427_a3_happy.wav,0.621110737323761
428,a3,surprised,/srv/RL_project/repo/outputs/wav/000428_a3_surprised.wav,0.5669902563095093
429,a3,happy,/srv/RL_project/repo/outputs/wav/000429_a3_happy.wav,0.6105203628540039
430,a3,neutral,/srv/RL_project/repo/outputs/wav/000430_a3_neutral.wav,0.5816916823387146
431,a3,fearful,/srv/RL_project/repo/outputs/wav/000431_a3_fearful.wav,0.5965599417686462
432,a3,neutral,/srv/RL_project/repo/outputs/wav/000432_a3_neutral.wav,0.2466181069612503
433,a3,surprised,/srv/RL_project/repo/outputs/wav/000433_a3_surprised.wav,0.49163538217544556
434,a3,sad,/srv/RL_project/repo/outputs/wav/000434_a3_sad.wav,0.5781413912773132
435,a3,angry,/srv/RL_project/repo/outputs/wav/000435_a3_angry.wav,0.5648583173751831
436,a3,neutral,/srv/RL_project/repo/outputs/wav/000436_a3_neutral.wav,0.44395071268081665
437,a3,surprised,/srv/RL_project/repo/outputs/wav/000437_a3_surprised.wav,0.6094261407852173
438,a3,happy,/srv/RL_project/repo/outputs/wav/000438_a3_happy.wav,0.565253734588623
439,a3,fearful,/srv/RL_project/repo/outputs/wav/000439_a3_fearful.wav,0.5447019934654236
440,a3,surprised,/srv/RL_project/repo/outputs/wav/000440_a3_surprised.wav,0.5909320116043091
441,a3,surprised,/srv/RL_project/repo/outputs/wav/000441_a3_surprised.wav,0.5315367579460144
442,a3,disgusted,/srv/RL_project/repo/outputs/wav/000442_a3_disgusted.wav,0.5507090091705322
443,a3,angry,/srv/RL_project/repo/outputs/wav/000443_a3_angry.wav,0.620891273021698
444,a3,sad,/srv/RL_project/repo/outputs/wav/000444_a3_sad.wav,0.5781415104866028
445,a3,neutral,/srv/RL_project/repo/outputs/wav/000445_a3_neutral.wav,0.6586766242980957
446,a3,surprised,/srv/RL_project/repo/outputs/wav/000446_a3_surprised.wav,0.5870660543441772
447,a3,angry,/srv/RL_project/repo/outputs/wav/000447_a3_angry.wav,0.5975103974342346
448,a3,happy,/srv/RL_project/repo/outputs/wav/000448_a3_happy.wav,0.6531260013580322
449,a3,disgusted,/srv/RL_project/repo/outputs/wav/000449_a3_disgusted.wav,0.5763572454452515
450,a3,happy,/srv/RL_project/repo/outputs/wav/000450_a3_happy.wav,0.5526821613311768
451,a3,surprised,/srv/RL_project/repo/outputs/wav/000451_a3_surprised.wav,0.6136000156402588
452,a3,sad,/srv/RL_project/repo/outputs/wav/000452_a3_sad.wav,0.5267331600189209
453,a3,disgusted,/srv/RL_project/repo/outputs/wav/000453_a3_disgusted.wav,0.5905417203903198
454,a3,disgusted,/srv/RL_project/repo/outputs/wav/000454_a3_disgusted.wav,0.6079052090644836
455,a3,angry,/srv/RL_project/repo/outputs/wav/000455_a3_angry.wav,0.5654179453849792
456,a3,happy,/srv/RL_project/repo/outputs/wav/000456_a3_happy.wav,0.659152090549469
457,a3,happy,/srv/RL_project/repo/outputs/wav/000457_a3_happy.wav,0.5817394256591797
458,a3,disgusted,/srv/RL_project/repo/outputs/wav/000458_a3_disgusted.wav,0.6679365038871765
459,a3,happy,/srv/RL_project/repo/outputs/wav/000459_a3_happy.wav,0.6285841464996338
460,a3,disgusted,/srv/RL_project/repo/outputs/wav/000460_a3_disgusted.wav,0.5546848177909851
461,a3,disgusted,/srv/RL_project/repo/outputs/wav/000461_a3_disgusted.wav,0.531915545463562
462,a3,happy,/srv/RL_project/repo/outputs/wav/000462_a3_happy.wav,0.5328104496002197
463,a3,happy,/srv/RL_project/repo/outputs/wav/000463_a3_happy.wav,0.5957356691360474
464,a3,fearful,/srv/RL_project/repo/outputs/wav/000464_a3_fearful.wav,0.6529765725135803
465,a3,neutral,/srv/RL_project/repo/outputs/wav/000465_a3_neutral.wav,0.575978696346283
466,a3,angry,/srv/RL_project/repo/outputs/wav/000466_a3_angry.wav,0.6224238872528076
467,a3,disgusted,/srv/RL_project/repo/outputs/wav/000467_a3_disgusted.wav,0.6379830241203308
468,a3,happy,/srv/RL_project/repo/outputs/wav/000468_a3_happy.wav,0.5406668782234192
469,a3,neutral,/srv/RL_project/repo/outputs/wav/000469_a3_neutral.wav,0.5646815896034241
470,a3,surprised,/srv/RL_project/repo/outputs/wav/000470_a3_surprised.wav,0.5937612652778625
471,a3,surprised,/srv/RL_project/repo/outputs/wav/000471_a3_surprised.wav,0.6079297661781311
472,a3,angry,/srv/RL_project/repo/outputs/wav/000472_a3_angry.wav,0.5386301279067993
473,a3,fearful,/srv/RL_project/repo/outputs/wav/000473_a3_fearful.wav,0.5793456435203552
474,a3,happy,/srv/RL_project/repo/outputs/wav/000474_a3_happy.wav,0.5947918891906738
475,a3,angry,/srv/RL_project/repo/outputs/wav/000475_a3_angry.wav,0.533545196056366
476,a3,angry,/srv/RL_project/repo/outputs/wav/000476_a3_angry.wav,0.6368429064750671
477,a3,surprised,/srv/RL_project/repo/outputs/wav/000477_a3_surprised.wav,0.5029442310333252
478,a3,disgusted,/srv/RL_project/repo/outputs/wav/000478_a3_disgusted.wav,0.5745812654495239
479,a3,happy,/srv/RL_project/repo/outputs/wav/000479_a3_happy.wav,0.5567095279693604
480,a3,sad,/srv/RL_project/repo/outputs/wav/000480_a3_sad.wav,0.6570949554443359
481,a3,disgusted,/srv/RL_project/repo/outputs/wav/000481_a3_disgusted.wav,0.5780014991760254
482,a3,angry,/srv/RL_project/repo/outputs/wav/000482_a3_angry.wav,0.5865700244903564
483,a3,neutral,/srv/RL_project/repo/outputs/wav/000483_a3_neutral.wav,0.5232478976249695
484,a3,surprised,/srv/RL_project/repo/outputs/wav/000484_a3_surprised.wav,0.644263744354248
485,a3,happy,/srv/RL_project/repo/outputs/wav/000485_a3_happy.wav,0.5750723481178284
486,a3,surprised,/srv/RL_project/repo/outputs/wav/000486_a3_surprised.wav,0.5851598381996155
487,a3,surprised,/srv/RL_project/repo/outputs/wav/000487_a3_surprised.wav,0.5813153982162476
488,a3,sad,/srv/RL_project/repo/outputs/wav/000488_a3_sad.wav,0.6820340752601624
489,a3,fearful,/srv/RL_project/repo/outputs/wav/000489_a3_fearful.wav,0.5040399432182312
490,a3,neutral,/srv/RL_project/repo/outputs/wav/000490_a3_neutral.wav,0.5324264764785767
491,a3,fearful,/srv/RL_project/repo/outputs/wav/000491_a3_fearful.wav,0.6052476763725281
492,a3,angry,/srv/RL_project/repo/outputs/wav/000492_a3_angry.wav,0.44886401295661926
493,a3,happy,/srv/RL_project/repo/outputs/wav/000493_a3_happy.wav,0.5879567861557007
494,a3,fearful,/srv/RL_project/repo/outputs/wav/000494_a3_fearful.wav,0.5624080896377563
495,a3,fearful,/srv/RL_project/repo/outputs/wav/000495_a3_fearful.wav,0.5859649181365967
496,a3,happy,/srv/RL_project/repo/outputs/wav/000496_a3_happy.wav,0.6239432096481323
497,a3,sad,/srv/RL_project/repo/outputs/wav/000497_a3_sad.wav,0.36491021513938904
498,a3,fearful,/srv/RL_project/repo/outputs/wav/000498_a3_fearful.wav,0.6179150342941284
499,a3,disgusted,/srv/RL_project/repo/outputs/wav/000499_a3_disgusted.wav,0.5699345469474792
500,a3,happy,/srv/RL_project/repo/outputs/wav/000500_a3_happy.wav,0.609431266784668
501,a3,happy,/srv/RL_project/repo/outputs/wav/000501_a3_happy.wav,0.5952938199043274
502,a3,disgusted,/srv/RL_project/repo/outputs/wav/000502_a3_disgusted.wav,0.5420645475387573
503,a3,fearful,/srv/RL_project/repo/outputs/wav/000503_a3_fearful.wav,0.5602127909660339
504,a3,angry,/srv/RL_project/repo/outputs/wav/000504_a3_angry.wav,0.6361876726150513
505,a3,neutral,/srv/RL_project/repo/outputs/wav/000505_a3_neutral.wav,0.5878028869628906
506,a3,surprised,/srv/RL_project/repo/outputs/wav/000506_a3_surprised.wav,0.6026688814163208
507,a3,sad,/srv/RL_project/repo/outputs/wav/000507_a3_sad.wav,0.5907765626907349
508,a3,surprised,/srv/RL_project/repo/outputs/wav/000508_a3_surprised.wav,0.42667701840400696
509,a3,surprised,/srv/RL_project/repo/outputs/wav/000509_a3_surprised.wav,0.5880966186523438
510,a3,happy,/srv/RL_project/repo/outputs/wav/000510_a3_happy.wav,0.6520041823387146
511,a3,disgusted,/srv/RL_project/repo/outputs/wav/000511_a3_disgusted.wav,0.5270487070083618
512,a3,angry,/srv/RL_project/repo/outputs/wav/000512_a3_angry.wav,0.43225032091140747
513,a3,sad,/srv/RL_project/repo/outputs/wav/000513_a3_sad.wav,0.5267535448074341
514,a3,angry,/srv/RL_project/repo/outputs/wav/000514_a3_angry.wav,0.6040192246437073
515,a3,neutral,/srv/RL_project/repo/outputs/wav/000515_a3_neutral.wav,0.5486125946044922
516,a3,disgusted,/srv/RL_project/repo/outputs/wav/000516_a3_disgusted.wav,0.6112874746322632
517,a3,fearful,/srv/RL_project/repo/outputs/wav/000517_a3_fearful.wav,0.451482355594635
518,a3,neutral,/srv/RL_project/repo/outputs/wav/000518_a3_neutral.wav,0.5990329384803772
519,a3,happy,/srv/RL_project/repo/outputs/wav/000519_a3_happy.wav,0.550988495349884
520,a3,neutral,/srv/RL_project/repo/outputs/wav/000520_a3_neutral.wav,0.533613920211792
521,a3,happy,/srv/RL_project/repo/outputs/wav/000521_a3_happy.wav,0.5810527205467224
522,a3,disgusted,/srv/RL_project/repo/outputs/wav/000522_a3_disgusted.wav,0.4662611782550812
523,a3,angry,/srv/RL_project/repo/outputs/wav/000523_a3_angry.wav,0.6226059198379517
524,a3,angry,/srv/RL_project/repo/outputs/wav/000524_a3_angry.wav,0.564720869064331
525,a3,fearful,/srv/RL_project/repo/outputs/wav/000525_a3_fearful.wav,0.581777811050415
526,a3,fearful,/srv/RL_project/repo/outputs/wav/000526_a3_fearful.wav,0.5011804103851318
527,a3,neutral,/srv/RL_project/repo/outputs/wav/000527_a3_neutral.wav,0.5106022357940674
528,a3,neutral,/srv/RL_project/repo/outputs/wav/000528_a3_neutral.wav,0.5758083462715149
529,a3,fearful,/srv/RL_project/repo/outputs/wav/000529_a3_fearful.wav,0.6142127513885498
530,a3,angry,/srv/RL_project/repo/outputs/wav/000530_a3_angry.wav,0.6136000752449036
531,a3,happy,/srv/RL_project/repo/outputs/wav/000531_a3_happy.wav,0.6786481738090515
532,a3,sad,/srv/RL_project/repo/outputs/wav/000532_a3_sad.wav,0.6901214122772217
533,a3,sad,/srv/RL_project/repo/outputs/wav/000533_a3_sad.wav,0.5870279669761658
534,a3,sad,/srv/RL_project/repo/outputs/wav/000534_a3_sad.wav,0.6230559349060059
535,a3,disgusted,/srv/RL_project/repo/outputs/wav/000535_a3_disgusted.wav,0.5352513194084167
536,a3,happy,/srv/RL_project/repo/outputs/wav/000536_a3_happy.wav,0.5639547109603882
537,a3,surprised,/srv/RL_project/repo/outputs/wav/000537_a3_surprised.wav,0.5858340859413147
538,a3,fearful,/srv/RL_project/repo/outputs/wav/000538_a3_fearful.wav,0.6159929037094116
539,a3,sad,/srv/RL_project/repo/outputs/wav/000539_a3_sad.wav,0.5944927334785461
540,a3,surprised,/srv/RL_project/repo/outputs/wav/000540_a3_surprised.wav,0.5994104743003845
541,a3,disgusted,/srv/RL_project/repo/outputs/wav/000541_a3_disgusted.wav,0.6796636581420898
542,a3,happy,/srv/RL_project/repo/outputs/wav/000542_a3_happy.wav,0.6371002197265625
543,a3,disgusted,/srv/RL_project/repo/outputs/wav/000543_a3_disgusted.wav,0.48532962799072266
544,a3,happy,/srv/RL_project/repo/outputs/wav/000544_a3_happy.wav,0.5981649160385132
545,a3,fearful,/srv/RL_project/repo/outputs/wav/000545_a3_fearful.wav,0.5503576397895813
546,a3,neutral,/srv/RL_project/repo/outputs/wav/000546_a3_neutral.wav,0.5755254626274109
547,a3,sad,/srv/RL_project/repo/outputs/wav/000547_a3_sad.wav,0.5328025817871094
548,a3,neutral,/srv/RL_project/repo/outputs/wav/000548_a3_neutral.wav,0.5416036248207092
549,a3,happy,/srv/RL_project/repo/outputs/wav/000549_a3_happy.wav,0.558334469795227
550,a3,happy,/srv/RL_project/repo/outputs/wav/000550_a3_happy.wav,0.6015374064445496
551,a3,neutral,/srv/RL_project/repo/outputs/wav/000551_a3_neutral.wav,0.6557523012161255
552,a3,happy,/srv/RL_project/repo/outputs/wav/000552_a3_happy.wav,0.5242812633514404
553,a3,fearful,/srv/RL_project/repo/outputs/wav/000553_a3_fearful.wav,0.6159749031066895
554,a3,surprised,/srv/RL_project/repo/outputs/wav/000554_a3_surprised.wav,0.5937698483467102
555,a3,fearful,/srv/RL_project/repo/outputs/wav/000555_a3_fearful.wav,0.570448100566864
556,a3,fearful,/srv/RL_project/repo/outputs/wav/000556_a3_fearful.wav,0.667171061038971
557,a3,fearful,/srv/RL_project/repo/outputs/wav/000557_a3_fearful.wav,0.5327624082565308
558,a3,neutral,/srv/RL_project/repo/outputs/wav/000558_a3_neutral.wav,0.4811983108520508
559,a3,neutral,/srv/RL_project/repo/outputs/wav/000559_a3_neutral.wav,0.6441565752029419
560,a3,surprised,/srv/RL_project/repo/outputs/wav/000560_a3_surprised.wav,0.6059522032737732
561,a3,neutral,/srv/RL_project/repo/outputs/wav/000561_a3_neutral.wav,0.5860737562179565
562,a3,sad,/srv/RL_project/repo/outputs/wav/000562_a3_sad.wav,0.6753947734832764
563,a3,happy,/srv/RL_project/repo/outputs/wav/000563_a3_happy.wav,0.648468017578125
564,a3,sad,/srv/RL_project/repo/outputs/wav/000564_a3_sad.wav,0.6254869103431702
565,a3,neutral,/srv/RL_project/repo/outputs/wav/000565_a3_neutral.wav,0.6064552068710327
566,a3,angry,/srv/RL_project/repo/outputs/wav/000566_a3_angry.wav,0.6311951279640198
567,a3,angry,/srv/RL_project/repo/outputs/wav/000567_a3_angry.wav,0.6134109497070312
568,a3,angry,/srv/RL_project/repo/outputs/wav/000568_a3_angry.wav,0.6110180616378784
569,a3,neutral,/srv/RL_project/repo/outputs/wav/000569_a3_neutral.wav,0.5056816339492798
570,a3,disgusted,/srv/RL_project/repo/outputs/wav/000570_a3_disgusted.wav,0.5421024560928345
571,a3,disgusted,/srv/RL_project/repo/outputs/wav/000571_a3_disgusted.wav,0.5590522289276123
572,a3,surprised,/srv/RL_project/repo/outputs/wav/000572_a3_surprised.wav,0.4268369674682617
573,a3,disgusted,/srv/RL_project/repo/outputs/wav/000573_a3_disgusted.wav,0.4862125515937805
574,a3,disgusted,/srv/RL_project/repo/outputs/wav/000574_a3_disgusted.wav,0.5306074619293213
575,a3,sad,/srv/RL_project/repo/outputs/wav/000575_a3_sad.wav,0.5926312208175659
576,a3,angry,/srv/RL_project/repo/outputs/wav/000576_a3_angry.wav,0.6488840579986572
577,a3,disgusted,/srv/RL_project/repo/outputs/wav/000577_a3_disgusted.wav,0.492238312959671
578,a3,fearful,/srv/RL_project/repo/outputs/wav/000578_a3_fearful.wav,0.5539472103118896
579,a3,fearful,/srv/RL_project/repo/outputs/wav/000579_a3_fearful.wav,0.5691846013069153
580,a3,fearful,/srv/RL_project/repo/outputs/wav/000580_a3_fearful.wav,0.6147249937057495
581,a3,neutral,/srv/RL_project/repo/outputs/wav/000581_a3_neutral.wav,0.662553071975708
582,a3,surprised,/srv/RL_project/repo/outputs/wav/000582_a3_surprised.wav,0.6767854690551758
583,a3,fearful,/srv/RL_project/repo/outputs/wav/000583_a3_fearful.wav,0.5428794026374817
584,a3,disgusted,/srv/RL_project/repo/outputs/wav/000584_a3_disgusted.wav,0.5116947293281555
585,a3,disgusted,/srv/RL_project/repo/outputs/wav/000585_a3_disgusted.wav,0.5725079774856567
586,a3,surprised,/srv/RL_project/repo/outputs/wav/000586_a3_surprised.wav,0.6436964869499207
587,a3,disgusted,/srv/RL_project/repo/outputs/wav/000587_a3_disgusted.wav,0.5738993883132935
588,a3,fearful,/srv/RL_project/repo/outputs/wav/000588_a3_fearful.wav,0.4284574091434479
589,a3,neutral,/srv/RL_project/repo/outputs/wav/000589_a3_neutral.wav,0.5139034390449524
590,a3,angry,/srv/RL_project/repo/outputs/wav/000590_a3_angry.wav,0.5707655549049377
591,a3,sad,/srv/RL_project/repo/outputs/wav/000591_a3_sad.wav,0.5624649524688721
592,a3,disgusted,/srv/RL_project/repo/outputs/wav/000592_a3_disgusted.wav,0.6570606231689453
593,a3,fearful,/srv/RL_project/repo/outputs/wav/000593_a3_fearful.wav,0.6525723934173584
594,a3,happy,/srv/RL_project/repo/outputs/wav/000594_a3_happy.wav,0.6453572511672974
595,a3,happy,/srv/RL_project/repo/outputs/wav/000595_a3_happy.wav,0.5438544750213623
596,a3,happy,/srv/RL_project/repo/outputs/wav/000596_a3_happy.wav,0.5548165440559387
597,a3,angry,/srv/RL_project/repo/outputs/wav/000597_a3_angry.wav,0.5517083406448364
598,a3,happy,/srv/RL_project/repo/outputs/wav/000598_a3_happy.wav,0.5519669651985168
599,a3,sad,/srv/RL_project/repo/outputs/wav/000599_a3_sad.wav,0.57420814037323
600,a3,happy,/srv/RL_project/repo/outputs/wav/000600_a3_happy.wav,0.5186796188354492
601,a3,surprised,/srv/RL_project/repo/outputs/wav/000601_a3_surprised.wav,0.5067654252052307
602,a3,angry,/srv/RL_project/repo/outputs/wav/000602_a3_angry.wav,0.5560747385025024
603,a3,disgusted,/srv/RL_project/repo/outputs/wav/000603_a3_disgusted.wav,0.6032620072364807
604,a3,neutral,/srv/RL_project/repo/outputs/wav/000604_a3_neutral.wav,0.6055333614349365
605,a3,surprised,/srv/RL_project/repo/outputs/wav/000605_a3_surprised.wav,0.5404115319252014
606,a3,fearful,/srv/RL_project/repo/outputs/wav/000606_a3_fearful.wav,0.4843394160270691
607,a3,disgusted,/srv/RL_project/repo/outputs/wav/000607_a3_disgusted.wav,0.5929933786392212
608,a3,sad,/srv/RL_project/repo/outputs/wav/000608_a3_sad.wav,0.551202654838562
609,a3,neutral,/srv/RL_project/repo/outputs/wav/000609_a3_neutral.wav,0.5742058157920837
610,a3,neutral,/srv/RL_project/repo/outputs/wav/000610_a3_neutral.wav,0.5621440410614014
611,a3,sad,/srv/RL_project/repo/outputs/wav/000611_a3_sad.wav,0.5935865640640259
612,a3,neutral,/srv/RL_project/repo/outputs/wav/000612_a3_neutral.wav,0.6057916879653931
613,a3,surprised,/srv/RL_project/repo/outputs/wav/000613_a3_surprised.wav,0.615433931350708
614,a3,disgusted,/srv/RL_project/repo/outputs/wav/000614_a3_disgusted.wav,0.5858814716339111
615,a3,neutral,/srv/RL_project/repo/outputs/wav/000615_a3_neutral.wav,0.44422757625579834
616,a3,angry,/srv/RL_project/repo/outputs/wav/000616_a3_angry.wav,0.5108857154846191
617,a3,angry,/srv/RL_project/repo/outputs/wav/000617_a3_angry.wav,0.5523996353149414
618,a3,neutral,/srv/RL_project/repo/outputs/wav/000618_a3_neutral.wav,0.5680182576179504
619,a3,surprised,/srv/RL_project/repo/outputs/wav/000619_a3_surprised.wav,0.5782113075256348
620,a3,fearful,/srv/RL_project/repo/outputs/wav/000620_a3_fearful.wav,0.6222516894340515
621,a3,surprised,/srv/RL_project/repo/outputs/wav/000621_a3_surprised.wav,0.6163111925125122
622,a3,angry,/srv/RL_project/repo/outputs/wav/000622_a3_angry.wav,0.6306563019752502
623,a3,angry,/srv/RL_project/repo/outputs/wav/000623_a3_angry.wav,0.40774136781692505
624,a3,sad,/srv/RL_project/repo/outputs/wav/000624_a3_sad.wav,0.3778095841407776
625,a3,happy,/srv/RL_project/repo/outputs/wav/000625_a3_happy.wav,0.5577198266983032
626,a3,sad,/srv/RL_project/repo/outputs/wav/000626_a3_sad.wav,0.5266752243041992
627,a3,disgusted,/srv/RL_project/repo/outputs/wav/000627_a3_disgusted.wav,0.6152918338775635
628,a3,fearful,/srv/RL_project/repo/outputs/wav/000628_a3_fearful.wav,0.5325230360031128
629,a3,angry,/srv/RL_project/repo/outputs/wav/000629_a3_angry.wav,0.5219273567199707
630,a3,surprised,/srv/RL_project/repo/outputs/wav/000630_a3_surprised.wav,0.5834523439407349
631,a3,disgusted,/srv/RL_project/repo/outputs/wav/000631_a3_disgusted.wav,0.589286208152771
632,a3,angry,/srv/RL_project/repo/outputs/wav/000632_a3_angry.wav,0.5064424276351929
633,a3,disgusted,/srv/RL_project/repo/outputs/wav/000633_a3_disgusted.wav,0.545895516872406
634,a3,angry,/srv/RL_project/repo/outputs/wav/000634_a3_angry.wav,0.652983546257019
635,a3,sad,/srv/RL_project/repo/outputs/wav/000635_a3_sad.wav,0.5042936205863953
636,a3,surprised,/srv/RL_project/repo/outputs/wav/000636_a3_surprised.wav,0.5078000426292419
637,a3,disgusted,/srv/RL_project/repo/outputs/wav/000637_a3_disgusted.wav,0.5146546959877014
638,a3,happy,/srv/RL_project/repo/outputs/wav/000638_a3_happy.wav,0.43406206369400024
639,a3,angry,/srv/RL_project/repo/outputs/wav/000639_a3_angry.wav,0.5699540972709656
640,a3,sad,/srv/RL_project/repo/outputs/wav/000640_a3_sad.wav,0.5727422833442688
641,a3,neutral,/srv/RL_project/repo/outputs/wav/000641_a3_neutral.wav,0.5649371147155762
642,a3,fearful,/srv/RL_project/repo/outputs/wav/000642_a3_fearful.wav,0.532873272895813
643,a3,angry,/srv/RL_project/repo/outputs/wav/000643_a3_angry.wav,0.5751370191574097
644,a3,neutral,/srv/RL_project/repo/outputs/wav/000644_a3_neutral.wav,0.5782518982887268
645,a3,neutral,/srv/RL_project/repo/outputs/wav/000645_a3_neutral.wav,0.5300837755203247
646,a3,neutral,/srv/RL_project/repo/outputs/wav/000646_a3_neutral.wav,0.6426410675048828
647,a3,sad,/srv/RL_project/repo/outputs/wav/000647_a3_sad.wav,0.569957971572876
648,a3,happy,/srv/RL_project/repo/outputs/wav/000648_a3_happy.wav,0.6284494400024414
649,a3,disgusted,/srv/RL_project/repo/outputs/wav/000649_a3_disgusted.wav,0.622877836227417
650,a3,fearful,/srv/RL_project/repo/outputs/wav/000650_a3_fearful.wav,0.535001277923584
651,a3,neutral,/srv/RL_project/repo/outputs/wav/000651_a3_neutral.wav,0.6049814224243164
652,a3,neutral,/srv/RL_project/repo/outputs/wav/000652_a3_neutral.wav,0.67653888463974
653,a3,fearful,/srv/RL_project/repo/outputs/wav/000653_a3_fearful.wav,0.5038049221038818
654,a3,disgusted,/srv/RL_project/repo/outputs/wav/000654_a3_disgusted.wav,0.5418366193771362
655,a3,fearful,/srv/RL_project/repo/outputs/wav/000655_a3_fearful.wav,0.5724536180496216
656,a3,sad,/srv/RL_project/repo/outputs/wav/000656_a3_sad.wav,0.6103689074516296
657,a3,neutral,/srv/RL_project/repo/outputs/wav/000657_a3_neutral.wav,0.6442822813987732
658,a3,happy,/srv/RL_project/repo/outputs/wav/000658_a3_happy.wav,0.642680823802948
659,a3,neutral,/srv/RL_project/repo/outputs/wav/000659_a3_neutral.wav,0.5920012593269348
660,a3,sad,/srv/RL_project/repo/outputs/wav/000660_a3_sad.wav,0.521155834197998
661,a3,neutral,/srv/RL_project/repo/outputs/wav/000661_a3_neutral.wav,0.6341350078582764
662,a3,angry,/srv/RL_project/repo/outputs/wav/000662_a3_angry.wav,0.6426520347595215
663,a3,happy,/srv/RL_project/repo/outputs/wav/000663_a3_happy.wav,0.6200082898139954
664,a3,surprised,/srv/RL_project/repo/outputs/wav/000664_a3_surprised.wav,0.5837302803993225
665,a3,neutral,/srv/RL_project/repo/outputs/wav/000665_a3_neutral.wav,0.6557861566543579
666,a3,happy,/srv/RL_project/repo/outputs/wav/000666_a3_happy.wav,0.521461546421051
667,a3,surprised,/srv/RL_project/repo/outputs/wav/000667_a3_surprised.wav,0.5429027080535889
668,a3,disgusted,/srv/RL_project/repo/outputs/wav/000668_a3_disgusted.wav,0.5602191686630249
669,a3,fearful,/srv/RL_project/repo/outputs/wav/000669_a3_fearful.wav,0.6935602426528931
670,a3,neutral,/srv/RL_project/repo/outputs/wav/000670_a3_neutral.wav,0.5987338423728943
671,a3,happy,/srv/RL_project/repo/outputs/wav/000671_a3_happy.wav,0.5731371641159058
672,a3,fearful,/srv/RL_project/repo/outputs/wav/000672_a3_fearful.wav,0.5286188125610352
673,a3,surprised,/srv/RL_project/repo/outputs/wav/000673_a3_surprised.wav,0.46896228194236755
674,a3,disgusted,/srv/RL_project/repo/outputs/wav/000674_a3_disgusted.wav,0.6177139282226562
675,a3,neutral,/srv/RL_project/repo/outputs/wav/000675_a3_neutral.wav,0.5971284508705139
676,a3,neutral,/srv/RL_project/repo/outputs/wav/000676_a3_neutral.wav,0.6562502980232239
677,a3,angry,/srv/RL_project/repo/outputs/wav/000677_a3_angry.wav,0.6395723223686218
678,a3,neutral,/srv/RL_project/repo/outputs/wav/000678_a3_neutral.wav,0.5772563815116882
679,a3,happy,/srv/RL_project/repo/outputs/wav/000679_a3_happy.wav,0.5877845287322998
680,a3,sad,/srv/RL_project/repo/outputs/wav/000680_a3_sad.wav,0.6122169494628906
681,a3,angry,/srv/RL_project/repo/outputs/wav/000681_a3_angry.wav,0.5520988702774048
682,a3,angry,/srv/RL_project/repo/outputs/wav/000682_a3_angry.wav,0.598200798034668
683,a3,surprised,/srv/RL_project/repo/outputs/wav/000683_a3_surprised.wav,0.5640590190887451
684,a3,surprised,/srv/RL_project/repo/outputs/wav/000684_a3_surprised.wav,0.5728920102119446
685,a3,angry,/srv/RL_project/repo/outputs/wav/000685_a3_angry.wav,0.5132287740707397
686,a3,sad,/srv/RL_project/repo/outputs/wav/000686_a3_sad.wav,0.5803112983703613
687,a3,fearful,/srv/RL_project/repo/outputs/wav/000687_a3_fearful.wav,0.5487089157104492
688,a3,neutral,/srv/RL_project/repo/outputs/wav/000688_a3_neutral.wav,0.4305885434150696
689,a3,neutral,/srv/RL_project/repo/outputs/wav/000689_a3_neutral.wav,0.5321085453033447
690,a3,disgusted,/srv/RL_project/repo/outputs/wav/000690_a3_disgusted.wav,0.6032441854476929
691,a3,angry,/srv/RL_project/repo/outputs/wav/000691_a3_angry.wav,0.6117566823959351
692,a3,neutral,/srv/RL_project/repo/outputs/wav/000692_a3_neutral.wav,0.5487949252128601
693,a3,sad,/srv/RL_project/repo/outputs/wav/000693_a3_sad.wav,0.5557461977005005
694,a3,fearful,/srv/RL_project/repo/outputs/wav/000694_a3_fearful.wav,0.6010065674781799
695,a3,fearful,/srv/RL_project/repo/outputs/wav/000695_a3_fearful.wav,0.583776593208313
696,a3,surprised,/srv/RL_project/repo/outputs/wav/000696_a3_surprised.wav,0.5061441659927368
697,a3,sad,/srv/RL_project/repo/outputs/wav/000697_a3_sad.wav,0.5649087429046631
698,a3,happy,/srv/RL_project/repo/outputs/wav/000698_a3_happy.wav,0.5420507192611694
699,a3,sad,/srv/RL_project/repo/outputs/wav/000699_a3_sad.wav,0.6365034580230713
700,a3,sad,/srv/RL_project/repo/outputs/wav/000700_a3_sad.wav,0.5694245100021362
701,a3,neutral,/srv/RL_project/repo/outputs/wav/000701_a3_neutral.wav,0.5620489120483398
702,a3,angry,/srv/RL_project/repo/outputs/wav/000702_a3_angry.wav,0.6286940574645996
703,a3,angry,/srv/RL_project/repo/outputs/wav/000703_a3_angry.wav,0.5314919948577881
704,a3,happy,/srv/RL_project/repo/outputs/wav/000704_a3_happy.wav,0.5205911993980408
705,a3,neutral,/srv/RL_project/repo/outputs/wav/000705_a3_neutral.wav,0.6334277987480164
706,a3,happy,/srv/RL_project/repo/outputs/wav/000706_a3_happy.wav,0.6080608367919922
707,a3,sad,/srv/RL_project/repo/outputs/wav/000707_a3_sad.wav,0.5743920207023621
708,a3,angry,/srv/RL_project/repo/outputs/wav/000708_a3_angry.wav,0.5310817956924438
709,a3,fearful,/srv/RL_project/repo/outputs/wav/000709_a3_fearful.wav,0.586690366268158
710,a3,surprised,/srv/RL_project/repo/outputs/wav/000710_a3_surprised.wav,0.5837299227714539
711,a3,sad,/srv/RL_project/repo/outputs/wav/000711_a3_sad.wav,0.5562762022018433
712,a3,neutral,/srv/RL_project/repo/outputs/wav/000712_a3_neutral.wav,0.32137954235076904
713,a3,fearful,/srv/RL_project/repo/outputs/wav/000713_a3_fearful.wav,0.5529747009277344
714,a3,fearful,/srv/RL_project/repo/outputs/wav/000714_a3_fearful.wav,0.5691948533058167
715,a3,fearful,/srv/RL_project/repo/outputs/wav/000715_a3_fearful.wav,0.4928767681121826
716,a3,surprised,/srv/RL_project/repo/outputs/wav/000716_a3_surprised.wav,0.516663670539856
717,a3,fearful,/srv/RL_project/repo/outputs/wav/000717_a3_fearful.wav,0.6138229966163635
718,a3,disgusted,/srv/RL_project/repo/outputs/wav/000718_a3_disgusted.wav,0.6199617385864258
719,a3,happy,/srv/RL_project/repo/outputs/wav/000719_a3_happy.wav,0.6583073139190674
720,a3,neutral,/srv/RL_project/repo/outputs/wav/000720_a3_neutral.wav,0.6201084852218628
721,a3,surprised,/srv/RL_project/repo/outputs/wav/000721_a3_surprised.wav,0.558854341506958
722,a3,neutral,/srv/RL_project/repo/outputs/wav/000722_a3_neutral.wav,0.6082990169525146
723,a3,happy,/srv/RL_project/repo/outputs/wav/000723_a3_happy.wav,0.6392356157302856
724,a3,disgusted,/srv/RL_project/repo/outputs/wav/000724_a3_disgusted.wav,0.5675674676895142
725,a3,surprised,/srv/RL_project/repo/outputs/wav/000725_a3_surprised.wav,0.5385860800743103
726,a3,fearful,/srv/RL_project/repo/outputs/wav/000726_a3_fearful.wav,0.557081937789917
727,a3,happy,/srv/RL_project/repo/outputs/wav/000727_a3_happy.wav,0.48418328166007996
728,a3,sad,/srv/RL_project/repo/outputs/wav/000728_a3_sad.wav,0.5656810402870178
729,a3,happy,/srv/RL_project/repo/outputs/wav/000729_a3_happy.wav,0.6715542078018188
730,a3,fearful,/srv/RL_project/repo/outputs/wav/000730_a3_fearful.wav,0.6226316094398499
731,a3,surprised,/srv/RL_project/repo/outputs/wav/000731_a3_surprised.wav,0.5872165560722351
732,a3,neutral,/srv/RL_project/repo/outputs/wav/000732_a3_neutral.wav,0.5280572175979614
733,a3,happy,/srv/RL_project/repo/outputs/wav/000733_a3_happy.wav,0.6490327715873718
734,a3,surprised,/srv/RL_project/repo/outputs/wav/000734_a3_surprised.wav,0.603242039680481
735,a3,sad,/srv/RL_project/repo/outputs/wav/000735_a3_sad.wav,0.5843733549118042
736,a3,sad,/srv/RL_project/repo/outputs/wav/000736_a3_sad.wav,0.5507671236991882
737,a3,happy,/srv/RL_project/repo/outputs/wav/000737_a3_happy.wav,0.5420177578926086
738,a3,surprised,/srv/RL_project/repo/outputs/wav/000738_a3_surprised.wav,0.6471391320228577
739,a3,happy,/srv/RL_project/repo/outputs/wav/000739_a3_happy.wav,0.5945187211036682
740,a3,neutral,/srv/RL_project/repo/outputs/wav/000740_a3_neutral.wav,0.6123214960098267
741,a3,neutral,/srv/RL_project/repo/outputs/wav/000741_a3_neutral.wav,0.6543296575546265
742,a3,disgusted,/srv/RL_project/repo/outputs/wav/000742_a3_disgusted.wav,0.6529178619384766
743,a3,disgusted,/srv/RL_project/repo/outputs/wav/000743_a3_disgusted.wav,0.5822911858558655
744,a3,angry,/srv/RL_project/repo/outputs/wav/000744_a3_angry.wav,0.5612866878509521
745,a3,happy,/srv/RL_project/repo/outputs/wav/000745_a3_happy.wav,0.6516494750976562
746,a3,surprised,/srv/RL_project/repo/outputs/wav/000746_a3_surprised.wav,0.550075352191925
747,a3,surprised,/srv/RL_project/repo/outputs/wav/000747_a3_surprised.wav,0.5900964736938477
748,a3,angry,/srv/RL_project/repo/outputs/wav/000748_a3_angry.wav,0.6211154460906982
749,a3,angry,/srv/RL_project/repo/outputs/wav/000749_a3_angry.wav,0.594403088092804
750,a3,sad,/srv/RL_project/repo/outputs/wav/000750_a3_sad.wav,0.6105207204818726
751,a3,angry,/srv/RL_project/repo/outputs/wav/000751_a3_angry.wav,0.5816921591758728
752,a3,sad,/srv/RL_project/repo/outputs/wav/000752_a3_sad.wav,0.5965635180473328
753,a3,sad,/srv/RL_project/repo/outputs/wav/000753_a3_sad.wav,0.24662040174007416
754,a3,sad,/srv/RL_project/repo/outputs/wav/000754_a3_sad.wav,0.4916321039199829
755,a3,angry,/srv/RL_project/repo/outputs/wav/000755_a3_angry.wav,0.5566954016685486
756,a3,disgusted,/srv/RL_project/repo/outputs/wav/000756_a3_disgusted.wav,0.5648513436317444
757,a3,angry,/srv/RL_project/repo/outputs/wav/000757_a3_angry.wav,0.4439592659473419
758,a3,disgusted,/srv/RL_project/repo/outputs/wav/000758_a3_disgusted.wav,0.6094281077384949
759,a3,disgusted,/srv/RL_project/repo/outputs/wav/000759_a3_disgusted.wav,0.5652474761009216
760,a3,disgusted,/srv/RL_project/repo/outputs/wav/000760_a3_disgusted.wav,0.5446996092796326
761,a3,happy,/srv/RL_project/repo/outputs/wav/000761_a3_happy.wav,0.6091230511665344
762,a3,surprised,/srv/RL_project/repo/outputs/wav/000762_a3_surprised.wav,0.5315378308296204
763,a3,neutral,/srv/RL_project/repo/outputs/wav/000763_a3_neutral.wav,0.550713837146759
764,a3,sad,/srv/RL_project/repo/outputs/wav/000764_a3_sad.wav,0.6372580528259277
765,a3,neutral,/srv/RL_project/repo/outputs/wav/000765_a3_neutral.wav,0.6069304943084717
766,a3,sad,/srv/RL_project/repo/outputs/wav/000766_a3_sad.wav,0.6727749705314636
767,a3,angry,/srv/RL_project/repo/outputs/wav/000767_a3_angry.wav,0.5870702266693115
768,a3,disgusted,/srv/RL_project/repo/outputs/wav/000768_a3_disgusted.wav,0.5975134968757629
769,a3,surprised,/srv/RL_project/repo/outputs/wav/000769_a3_surprised.wav,0.6531211137771606
770,a3,angry,/srv/RL_project/repo/outputs/wav/000770_a3_angry.wav,0.5724117755889893
771,a3,surprised,/srv/RL_project/repo/outputs/wav/000771_a3_surprised.wav,0.5526870489120483
772,a3,disgusted,/srv/RL_project/repo/outputs/wav/000772_a3_disgusted.wav,0.6135910153388977
773,a3,angry,/srv/RL_project/repo/outputs/wav/000773_a3_angry.wav,0.5555522441864014
774,a3,happy,/srv/RL_project/repo/outputs/wav/000774_a3_happy.wav,0.6161940097808838
775,a3,happy,/srv/RL_project/repo/outputs/wav/000775_a3_happy.wav,0.5412957668304443
776,a3,fearful,/srv/RL_project/repo/outputs/wav/000776_a3_fearful.wav,0.5654215216636658
777,a3,surprised,/srv/RL_project/repo/outputs/wav/000777_a3_surprised.wav,0.6591520309448242
778,a3,angry,/srv/RL_project/repo/outputs/wav/000778_a3_angry.wav,0.50716632604599
779,a3,happy,/srv/RL_project/repo/outputs/wav/000779_a3_happy.wav,0.5814238786697388
780,a3,neutral,/srv/RL_project/repo/outputs/wav/000780_a3_neutral.wav,0.536933183670044
781,a3,angry,/srv/RL_project/repo/outputs/wav/000781_a3_angry.wav,0.5546849370002747
782,a3,surprised,/srv/RL_project/repo/outputs/wav/000782_a3_surprised.wav,0.5319154262542725
783,a3,surprised,/srv/RL_project/repo/outputs/wav/000783_a3_surprised.wav,0.5749967098236084
784,a3,angry,/srv/RL_project/repo/outputs/wav/000784_a3_angry.wav,0.5957356095314026
785,a3,neutral,/srv/RL_project/repo/outputs/wav/000785_a3_neutral.wav,0.6529762744903564
786,a3,fearful,/srv/RL_project/repo/outputs/wav/000786_a3_fearful.wav,0.5759748816490173
787,a3,disgusted,/srv/RL_project/repo/outputs/wav/000787_a3_disgusted.wav,0.6224263310432434
788,a3,surprised,/srv/RL_project/repo/outputs/wav/000788_a3_surprised.wav,0.6379849314689636
789,a3,angry,/srv/RL_project/repo/outputs/wav/000789_a3_angry.wav,0.587310254573822
790,a3,happy,/srv/RL_project/repo/outputs/wav/000790_a3_happy.wav,0.5646805763244629
791,a3,surprised,/srv/RL_project/repo/outputs/wav/000791_a3_surprised.wav,0.5016965866088867
792,a3,disgusted,/srv/RL_project/repo/outputs/wav/000792_a3_disgusted.wav,0.5892663598060608
793,a3,disgusted,/srv/RL_project/repo/outputs/wav/000793_a3_disgusted.wav,0.5386296510696411
794,a3,neutral,/srv/RL_project/repo/outputs/wav/000794_a3_neutral.wav,0.5793430805206299
795,a3,angry,/srv/RL_project/repo/outputs/wav/000795_a3_angry.wav,0.5947993993759155
796,a3,fearful,/srv/RL_project/repo/outputs/wav/000796_a3_fearful.wav,0.5335512757301331
797,a3,angry,/srv/RL_project/repo/outputs/wav/000797_a3_angry.wav,0.636843204498291
798,a3,disgusted,/srv/RL_project/repo/outputs/wav/000798_a3_disgusted.wav,0.5029470920562744
799,a3,sad,/srv/RL_project/repo/outputs/wav/000799_a3_sad.wav,0.5745875835418701
800,a3,angry,/srv/RL_project/repo/outputs/wav/000800_a3_angry.wav,0.5567192435264587
801,a3,angry,/srv/RL_project/repo/outputs/wav/000801_a3_angry.wav,0.6571004986763
802,a3,surprised,/srv/RL_project/repo/outputs/wav/000802_a3_surprised.wav,0.5780046582221985
803,a3,angry,/srv/RL_project/repo/outputs/wav/000803_a3_angry.wav,0.5865632891654968
804,a3,angry,/srv/RL_project/repo/outputs/wav/000804_a3_angry.wav,0.5232325792312622
805,a3,disgusted,/srv/RL_project/repo/outputs/wav/000805_a3_disgusted.wav,0.5838293433189392
806,a3,surprised,/srv/RL_project/repo/outputs/wav/000806_a3_surprised.wav,0.5750671625137329
807,a3,surprised,/srv/RL_project/repo/outputs/wav/000807_a3_surprised.wav,0.585160493850708
808,a3,surprised,/srv/RL_project/repo/outputs/wav/000808_a3_surprised.wav,0.629238486289978
809,a3,happy,/srv/RL_project/repo/outputs/wav/000809_a3_happy.wav,0.682033360004425
810,a3,sad,/srv/RL_project/repo/outputs/wav/000810_a3_sad.wav,0.4995131194591522
811,a3,fearful,/srv/RL_project/repo/outputs/wav/000811_a3_fearful.wav,0.5324276089668274
812,a3,sad,/srv/RL_project/repo/outputs/wav/000812_a3_sad.wav,0.5630097389221191
813,a3,fearful,/srv/RL_project/repo/outputs/wav/000813_a3_fearful.wav,0.4488629400730133
814,a3,sad,/srv/RL_project/repo/outputs/wav/000814_a3_sad.wav,0.6107587814331055
815,a3,disgusted,/srv/RL_project/repo/outputs/wav/000815_a3_disgusted.wav,0.5624160170555115
816,a3,sad,/srv/RL_project/repo/outputs/wav/000816_a3_sad.wav,0.5028188824653625
817,a3,disgusted,/srv/RL_project/repo/outputs/wav/000817_a3_disgusted.wav,0.6239445805549622
818,a3,sad,/srv/RL_project/repo/outputs/wav/000818_a3_sad.wav,0.3649098575115204
819,a3,happy,/srv/RL_project/repo/outputs/wav/000819_a3_happy.wav,0.6179153919219971
820,a3,sad,/srv/RL_project/repo/outputs/wav/000820_a3_sad.wav,0.5699431896209717
821,a3,surprised,/srv/RL_project/repo/outputs/wav/000821_a3_surprised.wav,0.6094298362731934
822,a3,disgusted,/srv/RL_project/repo/outputs/wav/000822_a3_disgusted.wav,0.5952975749969482
823,a3,neutral,/srv/RL_project/repo/outputs/wav/000823_a3_neutral.wav,0.5420577526092529
824,a3,fearful,/srv/RL_project/repo/outputs/wav/000824_a3_fearful.wav,0.5602229833602905
825,a3,disgusted,/srv/RL_project/repo/outputs/wav/000825_a3_disgusted.wav,0.6361881494522095
826,a3,angry,/srv/RL_project/repo/outputs/wav/000826_a3_angry.wav,0.5878027677536011
827,a3,neutral,/srv/RL_project/repo/outputs/wav/000827_a3_neutral.wav,0.6026683449745178
828,a3,fearful,/srv/RL_project/repo/outputs/wav/000828_a3_fearful.wav,0.5907781720161438
829,a3,happy,/srv/RL_project/repo/outputs/wav/000829_a3_happy.wav,0.42668676376342773
830,a3,happy,/srv/RL_project/repo/outputs/wav/000830_a3_happy.wav,0.5880968570709229
831,a3,fearful,/srv/RL_project/repo/outputs/wav/000831_a3_fearful.wav,0.6520063281059265
832,a3,neutral,/srv/RL_project/repo/outputs/wav/000832_a3_neutral.wav,0.5270503759384155
833,a3,surprised,/srv/RL_project/repo/outputs/wav/000833_a3_surprised.wav,0.6142123937606812
834,a3,sad,/srv/RL_project/repo/outputs/wav/000834_a3_sad.wav,0.526758074760437
835,a3,sad,/srv/RL_project/repo/outputs/wav/000835_a3_sad.wav,0.62345951795578
836,a3,neutral,/srv/RL_project/repo/outputs/wav/000836_a3_neutral.wav,0.5486130118370056
837,a3,fearful,/srv/RL_project/repo/outputs/wav/000837_a3_fearful.wav,0.6174980998039246
838,a3,happy,/srv/RL_project/repo/outputs/wav/000838_a3_happy.wav,0.4514814615249634
839,a3,happy,/srv/RL_project/repo/outputs/wav/000839_a3_happy.wav,0.5990343689918518
840,a3,sad,/srv/RL_project/repo/outputs/wav/000840_a3_sad.wav,0.550994336605072
841,a3,disgusted,/srv/RL_project/repo/outputs/wav/000841_a3_disgusted.wav,0.5336174964904785
842,a3,angry,/srv/RL_project/repo/outputs/wav/000842_a3_angry.wav,0.5810567140579224
843,a3,surprised,/srv/RL_project/repo/outputs/wav/000843_a3_surprised.wav,0.47923463582992554
844,a3,happy,/srv/RL_project/repo/outputs/wav/000844_a3_happy.wav,0.5072364211082458
845,a3,surprised,/srv/RL_project/repo/outputs/wav/000845_a3_surprised.wav,0.564720094203949
846,a3,fearful,/srv/RL_project/repo/outputs/wav/000846_a3_fearful.wav,0.5817791223526001
847,a3,neutral,/srv/RL_project/repo/outputs/wav/000847_a3_neutral.wav,0.5011721253395081
848,a3,sad,/srv/RL_project/repo/outputs/wav/000848_a3_sad.wav,0.5105996131896973
849,a3,sad,/srv/RL_project/repo/outputs/wav/000849_a3_sad.wav,0.6203824281692505
850,a3,fearful,/srv/RL_project/repo/outputs/wav/000850_a3_fearful.wav,0.6142126321792603
851,a3,angry,/srv/RL_project/repo/outputs/wav/000851_a3_angry.wav,0.6253799200057983
852,a3,surprised,/srv/RL_project/repo/outputs/wav/000852_a3_surprised.wav,0.7045542597770691
853,a3,disgusted,/srv/RL_project/repo/outputs/wav/000853_a3_disgusted.wav,0.6901269555091858
854,a3,angry,/srv/RL_project/repo/outputs/wav/000854_a3_angry.wav,0.5870185494422913
855,a3,fearful,/srv/RL_project/repo/outputs/wav/000855_a3_fearful.wav,0.6230672001838684
856,a3,fearful,/srv/RL_project/repo/outputs/wav/000856_a3_fearful.wav,0.5622707605361938
857,a3,sad,/srv/RL_project/repo/outputs/wav/000857_a3_sad.wav,0.5923816561698914
858,a3,sad,/srv/RL_project/repo/outputs/wav/000858_a3_sad.wav,0.5858335494995117
859,a3,neutral,/srv/RL_project/repo/outputs/wav/000859_a3_neutral.wav,0.6159884333610535
860,a3,disgusted,/srv/RL_project/repo/outputs/wav/000860_a3_disgusted.wav,0.5927910208702087
861,a3,sad,/srv/RL_project/repo/outputs/wav/000861_a3_sad.wav,0.5392677783966064
862,a3,neutral,/srv/RL_project/repo/outputs/wav/000862_a3_neutral.wav,0.6796647906303406
863,a3,neutral,/srv/RL_project/repo/outputs/wav/000863_a3_neutral.wav,0.6370931267738342
864,a3,angry,/srv/RL_project/repo/outputs/wav/000864_a3_angry.wav,0.48531585931777954
865,a3,surprised,/srv/RL_project/repo/outputs/wav/000865_a3_surprised.wav,0.5981615781784058
866,a3,happy,/srv/RL_project/repo/outputs/wav/000866_a3_happy.wav,0.5503560900688171
867,a3,disgusted,/srv/RL_project/repo/outputs/wav/000867_a3_disgusted.wav,0.6272250413894653
868,a3,fearful,/srv/RL_project/repo/outputs/wav/000868_a3_fearful.wav,0.5743939280509949
869,a3,neutral,/srv/RL_project/repo/outputs/wav/000869_a3_neutral.wav,0.5416057705879211
870,a3,angry,/srv/RL_project/repo/outputs/wav/000870_a3_angry.wav,0.5583317279815674
871,a3,surprised,/srv/RL_project/repo/outputs/wav/000871_a3_surprised.wav,0.6015412211418152
872,a3,sad,/srv/RL_project/repo/outputs/wav/000872_a3_sad.wav,0.5707590579986572
873,a3,surprised,/srv/RL_project/repo/outputs/wav/000873_a3_surprised.wav,0.5242851972579956
874,a3,neutral,/srv/RL_project/repo/outputs/wav/000874_a3_neutral.wav,0.6159681677818298
875,a3,surprised,/srv/RL_project/repo/outputs/wav/000875_a3_surprised.wav,0.5937651991844177
876,a3,happy,/srv/RL_project/repo/outputs/wav/000876_a3_happy.wav,0.5704412460327148
877,a3,surprised,/srv/RL_project/repo/outputs/wav/000877_a3_surprised.wav,0.6671718955039978
878,a3,surprised,/srv/RL_project/repo/outputs/wav/000878_a3_surprised.wav,0.6183992028236389
879,a3,sad,/srv/RL_project/repo/outputs/wav/000879_a3_sad.wav,0.4812030792236328
880,a3,neutral,/srv/RL_project/repo/outputs/wav/000880_a3_neutral.wav,0.6441595554351807
881,a3,fearful,/srv/RL_project/repo/outputs/wav/000881_a3_fearful.wav,0.6357576251029968
882,a3,neutral,/srv/RL_project/repo/outputs/wav/000882_a3_neutral.wav,0.5860762000083923
883,a3,happy,/srv/RL_project/repo/outputs/wav/000883_a3_happy.wav,0.6056632399559021
884,a3,angry,/srv/RL_project/repo/outputs/wav/000884_a3_angry.wav,0.57725590467453
885,a3,angry,/srv/RL_project/repo/outputs/wav/000885_a3_angry.wav,0.4343453049659729
886,a3,happy,/srv/RL_project/repo/outputs/wav/000886_a3_happy.wav,0.42849186062812805
887,a3,angry,/srv/RL_project/repo/outputs/wav/000887_a3_angry.wav,0.6311970949172974
888,a3,angry,/srv/RL_project/repo/outputs/wav/000888_a3_angry.wav,0.607517421245575
889,a3,disgusted,/srv/RL_project/repo/outputs/wav/000889_a3_disgusted.wav,0.6174452304840088
890,a3,neutral,/srv/RL_project/repo/outputs/wav/000890_a3_neutral.wav,0.5056789517402649
891,a3,happy,/srv/RL_project/repo/outputs/wav/000891_a3_happy.wav,0.6687739491462708
892,a3,happy,/srv/RL_project/repo/outputs/wav/000892_a3_happy.wav,0.5590581297874451
893,a3,sad,/srv/RL_project/repo/outputs/wav/000893_a3_sad.wav,0.42682889103889465
894,a3,sad,/srv/RL_project/repo/outputs/wav/000894_a3_sad.wav,0.5618365406990051
895,a3,surprised,/srv/RL_project/repo/outputs/wav/000895_a3_surprised.wav,0.5306065082550049
896,a3,fearful,/srv/RL_project/repo/outputs/wav/000896_a3_fearful.wav,0.5926318764686584
897,a3,angry,/srv/RL_project/repo/outputs/wav/000897_a3_angry.wav,0.6488847732543945
898,a3,angry,/srv/RL_project/repo/outputs/wav/000898_a3_angry.wav,0.49224546551704407
899,a3,happy,/srv/RL_project/repo/outputs/wav/000899_a3_happy.wav,0.5797099471092224
900,a3,happy,/srv/RL_project/repo/outputs/wav/000900_a3_happy.wav,0.5691863894462585
901,a3,sad,/srv/RL_project/repo/outputs/wav/000901_a3_sad.wav,0.5819815397262573
902,a3,neutral,/srv/RL_project/repo/outputs/wav/000902_a3_neutral.wav,0.6625491380691528
903,a3,happy,/srv/RL_project/repo/outputs/wav/000903_a3_happy.wav,0.676797091960907
904,a3,happy,/srv/RL_project/repo/outputs/wav/000904_a3_happy.wav,0.5428736209869385
905,a3,happy,/srv/RL_project/repo/outputs/wav/000905_a3_happy.wav,0.5116928815841675
906,a3,fearful,/srv/RL_project/repo/outputs/wav/000906_a3_fearful.wav,0.5725057125091553
907,a3,sad,/srv/RL_project/repo/outputs/wav/000907_a3_sad.wav,0.575369656085968
908,a3,fearful,/srv/RL_project/repo/outputs/wav/000908_a3_fearful.wav,0.5738944411277771
909,a3,angry,/srv/RL_project/repo/outputs/wav/000909_a3_angry.wav,0.42845481634140015
910,a3,neutral,/srv/RL_project/repo/outputs/wav/000910_a3_neutral.wav,0.6207449436187744
911,a3,sad,/srv/RL_project/repo/outputs/wav/000911_a3_sad.wav,0.5707612037658691
912,a3,surprised,/srv/RL_project/repo/outputs/wav/000912_a3_surprised.wav,0.42934319376945496
913,a3,disgusted,/srv/RL_project/repo/outputs/wav/000913_a3_disgusted.wav,0.6570584774017334
914,a3,disgusted,/srv/RL_project/repo/outputs/wav/000914_a3_disgusted.wav,0.6525693535804749
915,a3,angry,/srv/RL_project/repo/outputs/wav/000915_a3_angry.wav,0.6453580856323242
916,a3,neutral,/srv/RL_project/repo/outputs/wav/000916_a3_neutral.wav,0.5438688397407532
917,a3,disgusted,/srv/RL_project/repo/outputs/wav/000917_a3_disgusted.wav,0.5548165440559387
918,a3,fearful,/srv/RL_project/repo/outputs/wav/000918_a3_fearful.wav,0.5639618635177612
919,a3,surprised,/srv/RL_project/repo/outputs/wav/000919_a3_surprised.wav,0.5277490615844727
920,a3,fearful,/srv/RL_project/repo/outputs/wav/000920_a3_fearful.wav,0.5742063522338867
921,a3,happy,/srv/RL_project/repo/outputs/wav/000921_a3_happy.wav,0.5186735391616821
922,a3,angry,/srv/RL_project/repo/outputs/wav/000922_a3_angry.wav,0.5495595335960388
923,a3,surprised,/srv/RL_project/repo/outputs/wav/000923_a3_surprised.wav,0.5560726523399353
924,a3,happy,/srv/RL_project/repo/outputs/wav/000924_a3_happy.wav,0.6032626628875732
925,a3,surprised,/srv/RL_project/repo/outputs/wav/000925_a3_surprised.wav,0.6055334806442261
926,a3,surprised,/srv/RL_project/repo/outputs/wav/000926_a3_surprised.wav,0.5757518410682678
927,a3,surprised,/srv/RL_project/repo/outputs/wav/000927_a3_surprised.wav,0.48434415459632874
928,a3,disgusted,/srv/RL_project/repo/outputs/wav/000928_a3_disgusted.wav,0.5733592510223389
929,a3,sad,/srv/RL_project/repo/outputs/wav/000929_a3_sad.wav,0.5472714304924011
930,a3,sad,/srv/RL_project/repo/outputs/wav/000930_a3_sad.wav,0.5741989612579346
931,a3,neutral,/srv/RL_project/repo/outputs/wav/000931_a3_neutral.wav,0.5621349811553955
932,a3,surprised,/srv/RL_project/repo/outputs/wav/000932_a3_surprised.wav,0.5935885310173035
933,a3,disgusted,/srv/RL_project/repo/outputs/wav/000933_a3_disgusted.wav,0.6057897806167603
934,a3,neutral,/srv/RL_project/repo/outputs/wav/000934_a3_neutral.wav,0.6438782811164856
935,a3,happy,/srv/RL_project/repo/outputs/wav/000935_a3_happy.wav,0.5858756899833679
936,a3,fearful,/srv/RL_project/repo/outputs/wav/000936_a3_fearful.wav,0.44421690702438354
937,a3,neutral,/srv/RL_project/repo/outputs/wav/000937_a3_neutral.wav,0.5253587365150452
938,a3,neutral,/srv/RL_project/repo/outputs/wav/000938_a3_neutral.wav,0.5523991584777832
939,a3,surprised,/srv/RL_project/repo/outputs/wav/000939_a3_surprised.wav,0.5680137276649475
940,a3,happy,/srv/RL_project/repo/outputs/wav/000940_a3_happy.wav,0.630333423614502
941,a3,sad,/srv/RL_project/repo/outputs/wav/000941_a3_sad.wav,0.632152795791626
942,a3,happy,/srv/RL_project/repo/outputs/wav/000942_a3_happy.wav,0.6163143515586853
943,a3,neutral,/srv/RL_project/repo/outputs/wav/000943_a3_neutral.wav,0.6306615471839905
944,a3,sad,/srv/RL_project/repo/outputs/wav/000944_a3_sad.wav,0.40774911642074585
945,a3,happy,/srv/RL_project/repo/outputs/wav/000945_a3_happy.wav,0.37782034277915955
946,a3,angry,/srv/RL_project/repo/outputs/wav/000946_a3_angry.wav,0.5577225089073181
947,a3,surprised,/srv/RL_project/repo/outputs/wav/000947_a3_surprised.wav,0.5266650319099426
948,a3,sad,/srv/RL_project/repo/outputs/wav/000948_a3_sad.wav,0.6152902841567993
949,a3,neutral,/srv/RL_project/repo/outputs/wav/000949_a3_neutral.wav,0.5325231552124023
950,a3,angry,/srv/RL_project/repo/outputs/wav/000950_a3_angry.wav,0.5219290256500244
951,a3,neutral,/srv/RL_project/repo/outputs/wav/000951_a3_neutral.wav,0.5834551453590393
952,a3,neutral,/srv/RL_project/repo/outputs/wav/000952_a3_neutral.wav,0.5892765522003174
953,a3,neutral,/srv/RL_project/repo/outputs/wav/000953_a3_neutral.wav,0.6183896064758301
954,a3,angry,/srv/RL_project/repo/outputs/wav/000954_a3_angry.wav,0.5458887219429016
955,a3,disgusted,/srv/RL_project/repo/outputs/wav/000955_a3_disgusted.wav,0.6529859304428101
956,a3,surprised,/srv/RL_project/repo/outputs/wav/000956_a3_surprised.wav,0.5042940974235535
957,a3,sad,/srv/RL_project/repo/outputs/wav/000957_a3_sad.wav,0.5077999234199524
958,a3,angry,/srv/RL_project/repo/outputs/wav/000958_a3_angry.wav,0.514657735824585
959,a3,sad,/srv/RL_project/repo/outputs/wav/000959_a3_sad.wav,0.49827444553375244
960,a3,surprised,/srv/RL_project/repo/outputs/wav/000960_a3_surprised.wav,0.5699523687362671
961,a3,disgusted,/srv/RL_project/repo/outputs/wav/000961_a3_disgusted.wav,0.5727450251579285
962,a3,happy,/srv/RL_project/repo/outputs/wav/000962_a3_happy.wav,0.5649369955062866
963,a3,happy,/srv/RL_project/repo/outputs/wav/000963_a3_happy.wav,0.5328719615936279
964,a3,fearful,/srv/RL_project/repo/outputs/wav/000964_a3_fearful.wav,0.6162312030792236
965,a3,sad,/srv/RL_project/repo/outputs/wav/000965_a3_sad.wav,0.5922373533248901
966,a3,disgusted,/srv/RL_project/repo/outputs/wav/000966_a3_disgusted.wav,0.5300862193107605
967,a3,neutral,/srv/RL_project/repo/outputs/wav/000967_a3_neutral.wav,0.6426433324813843
968,a3,disgusted,/srv/RL_project/repo/outputs/wav/000968_a3_disgusted.wav,0.5700345039367676
969,a3,fearful,/srv/RL_project/repo/outputs/wav/000969_a3_fearful.wav,0.6284539103507996
970,a3,disgusted,/srv/RL_project/repo/outputs/wav/000970_a3_disgusted.wav,0.6111589074134827
971,a3,disgusted,/srv/RL_project/repo/outputs/wav/000971_a3_disgusted.wav,0.5349963903427124
972,a3,happy,/srv/RL_project/repo/outputs/wav/000972_a3_happy.wav,0.6049821376800537
973,a3,angry,/srv/RL_project/repo/outputs/wav/000973_a3_angry.wav,0.6765434741973877
974,a3,angry,/srv/RL_project/repo/outputs/wav/000974_a3_angry.wav,0.5882107019424438
975,a3,sad,/srv/RL_project/repo/outputs/wav/000975_a3_sad.wav,0.5418389439582825
976,a3,fearful,/srv/RL_project/repo/outputs/wav/000976_a3_fearful.wav,0.5406813621520996
977,a3,fearful,/srv/RL_project/repo/outputs/wav/000977_a3_fearful.wav,0.6118769645690918
978,a3,happy,/srv/RL_project/repo/outputs/wav/000978_a3_happy.wav,0.6442869901657104
979,a3,fearful,/srv/RL_project/repo/outputs/wav/000979_a3_fearful.wav,0.6426810622215271
980,a3,neutral,/srv/RL_project/repo/outputs/wav/000980_a3_neutral.wav,0.5198588967323303
981,a3,happy,/srv/RL_project/repo/outputs/wav/000981_a3_happy.wav,0.5060679912567139
982,a3,happy,/srv/RL_project/repo/outputs/wav/000982_a3_happy.wav,0.6427168846130371
983,a3,disgusted,/srv/RL_project/repo/outputs/wav/000983_a3_disgusted.wav,0.6426527500152588
984,a3,surprised,/srv/RL_project/repo/outputs/wav/000984_a3_surprised.wav,0.6200107336044312
985,a3,happy,/srv/RL_project/repo/outputs/wav/000985_a3_happy.wav,0.5837314128875732
986,a3,sad,/srv/RL_project/repo/outputs/wav/000986_a3_sad.wav,0.6557855010032654
987,a3,angry,/srv/RL_project/repo/outputs/wav/000987_a3_angry.wav,0.5457751750946045
988,a3,sad,/srv/RL_project/repo/outputs/wav/000988_a3_sad.wav,0.6543633937835693
989,a3,happy,/srv/RL_project/repo/outputs/wav/000989_a3_happy.wav,0.5602226257324219
990,a3,angry,/srv/RL_project/repo/outputs/wav/000990_a3_angry.wav,0.6935595273971558
991,a3,sad,/srv/RL_project/repo/outputs/wav/000991_a3_sad.wav,0.5987335443496704
992,a3,sad,/srv/RL_project/repo/outputs/wav/000992_a3_sad.wav,0.5731425881385803
993,a3,angry,/srv/RL_project/repo/outputs/wav/000993_a3_angry.wav,0.5572928786277771
994,a3,neutral,/srv/RL_project/repo/outputs/wav/000994_a3_neutral.wav,0.4689537286758423
995,a3,neutral,/srv/RL_project/repo/outputs/wav/000995_a3_neutral.wav,0.6177108883857727
996,a3,sad,/srv/RL_project/repo/outputs/wav/000996_a3_sad.wav,0.5252671837806702
997,a3,fearful,/srv/RL_project/repo/outputs/wav/000997_a3_fearful.wav,0.6562493443489075
998,a3,angry,/srv/RL_project/repo/outputs/wav/000998_a3_angry.wav,0.6395756602287292
999,a3,neutral,/srv/RL_project/repo/outputs/wav/000999_a3_neutral.wav,0.6526447534561157
1000,a3,angry,/srv/RL_project/repo/outputs/wav/001000_a3_angry.wav,0.587785005569458
1001,a3,surprised,/srv/RL_project/repo/outputs/wav/001001_a3_surprised.wav,0.6122162938117981
1002,a3,surprised,/srv/RL_project/repo/outputs/wav/001002_a3_surprised.wav,0.5521011352539062
1003,a3,sad,/srv/RL_project/repo/outputs/wav/001003_a3_sad.wav,0.5982001423835754
1004,a3,fearful,/srv/RL_project/repo/outputs/wav/001004_a3_fearful.wav,0.6583226323127747
1005,a3,disgusted,/srv/RL_project/repo/outputs/wav/001005_a3_disgusted.wav,0.5729045867919922
1006,a3,happy,/srv/RL_project/repo/outputs/wav/001006_a3_happy.wav,0.513232946395874
1007,a3,happy,/srv/RL_project/repo/outputs/wav/001007_a3_happy.wav,0.6672993898391724
1008,a3,happy,/srv/RL_project/repo/outputs/wav/001008_a3_happy.wav,0.5262007713317871
1009,a3,sad,/srv/RL_project/repo/outputs/wav/001009_a3_sad.wav,0.5614166259765625
1010,a3,angry,/srv/RL_project/repo/outputs/wav/001010_a3_angry.wav,0.6011286377906799
1011,a3,happy,/srv/RL_project/repo/outputs/wav/001011_a3_happy.wav,0.640981912612915
1012,a3,neutral,/srv/RL_project/repo/outputs/wav/001012_a3_neutral.wav,0.6736522912979126
1013,a3,neutral,/srv/RL_project/repo/outputs/wav/001013_a3_neutral.wav,0.5487921237945557
1014,a3,surprised,/srv/RL_project/repo/outputs/wav/001014_a3_surprised.wav,0.5557513236999512
1015,a3,disgusted,/srv/RL_project/repo/outputs/wav/001015_a3_disgusted.wav,0.41688472032546997
1016,a3,sad,/srv/RL_project/repo/outputs/wav/001016_a3_sad.wav,0.5837787389755249
1017,a3,sad,/srv/RL_project/repo/outputs/wav/001017_a3_sad.wav,0.5061464905738831
1018,a3,surprised,/srv/RL_project/repo/outputs/wav/001018_a3_surprised.wav,0.5649018287658691
1019,a3,fearful,/srv/RL_project/repo/outputs/wav/001019_a3_fearful.wav,0.5420504808425903
1020,a3,surprised,/srv/RL_project/repo/outputs/wav/001020_a3_surprised.wav,0.6364967823028564
1021,a3,angry,/srv/RL_project/repo/outputs/wav/001021_a3_angry.wav,0.5694302916526794
1022,a3,neutral,/srv/RL_project/repo/outputs/wav/001022_a3_neutral.wav,0.5620537400245667
1023,a3,neutral,/srv/RL_project/repo/outputs/wav/001023_a3_neutral.wav,0.6286933422088623
1024,a3,angry,/srv/RL_project/repo/outputs/wav/001024_a3_angry.wav,0.5314991474151611
1025,a3,neutral,/srv/RL_project/repo/outputs/wav/001025_a3_neutral.wav,0.5205986499786377
1026,a3,angry,/srv/RL_project/repo/outputs/wav/001026_a3_angry.wav,0.6334278583526611
1027,a3,happy,/srv/RL_project/repo/outputs/wav/001027_a3_happy.wav,0.6080544590950012
1028,a3,fearful,/srv/RL_project/repo/outputs/wav/001028_a3_fearful.wav,0.574387788772583
1029,a3,happy,/srv/RL_project/repo/outputs/wav/001029_a3_happy.wav,0.5310807228088379
1030,a3,angry,/srv/RL_project/repo/outputs/wav/001030_a3_angry.wav,0.5866926908493042
1031,a3,sad,/srv/RL_project/repo/outputs/wav/001031_a3_sad.wav,0.5837303996086121
1032,a3,fearful,/srv/RL_project/repo/outputs/wav/001032_a3_fearful.wav,0.41819271445274353
1033,a3,sad,/srv/RL_project/repo/outputs/wav/001033_a3_sad.wav,0.32137009501457214
1034,a3,fearful,/srv/RL_project/repo/outputs/wav/001034_a3_fearful.wav,0.5529763698577881
1035,a3,surprised,/srv/RL_project/repo/outputs/wav/001035_a3_surprised.wav,0.5691938996315002
1036,a3,angry,/srv/RL_project/repo/outputs/wav/001036_a3_angry.wav,0.4928739070892334
1037,a3,fearful,/srv/RL_project/repo/outputs/wav/001037_a3_fearful.wav,0.5166704654693604
1038,a3,angry,/srv/RL_project/repo/outputs/wav/001038_a3_angry.wav,0.3539832830429077
1039,a3,happy,/srv/RL_project/repo/outputs/wav/001039_a3_happy.wav,0.6199647784233093
1040,a3,neutral,/srv/RL_project/repo/outputs/wav/001040_a3_neutral.wav,0.46105170249938965
1041,a3,angry,/srv/RL_project/repo/outputs/wav/001041_a3_angry.wav,0.6201092004776001
1042,a3,happy,/srv/RL_project/repo/outputs/wav/001042_a3_happy.wav,0.5588512420654297
1043,a3,surprised,/srv/RL_project/repo/outputs/wav/001043_a3_surprised.wav,0.608301043510437
1044,a3,surprised,/srv/RL_project/repo/outputs/wav/001044_a3_surprised.wav,0.6392372846603394
1045,a3,sad,/srv/RL_project/repo/outputs/wav/001045_a3_sad.wav,0.5675609707832336
1046,a3,fearful,/srv/RL_project/repo/outputs/wav/001046_a3_fearful.wav,0.5486935377120972
1047,a3,sad,/srv/RL_project/repo/outputs/wav/001047_a3_sad.wav,0.5570725202560425
1048,a3,surprised,/srv/RL_project/repo/outputs/wav/001048_a3_surprised.wav,0.4841862916946411
1049,a3,fearful,/srv/RL_project/repo/outputs/wav/001049_a3_fearful.wav,0.565675675868988
1050,a3,happy,/srv/RL_project/repo/outputs/wav/001050_a3_happy.wav,0.6715545654296875
1051,a3,sad,/srv/RL_project/repo/outputs/wav/001051_a3_sad.wav,0.6226282119750977
1052,a3,neutral,/srv/RL_project/repo/outputs/wav/001052_a3_neutral.wav,0.5872175693511963
1053,a3,happy,/srv/RL_project/repo/outputs/wav/001053_a3_happy.wav,0.5280597805976868
1054,a3,fearful,/srv/RL_project/repo/outputs/wav/001054_a3_fearful.wav,0.6490316390991211
1055,a3,angry,/srv/RL_project/repo/outputs/wav/001055_a3_angry.wav,0.5946725010871887
1056,a3,angry,/srv/RL_project/repo/outputs/wav/001056_a3_angry.wav,0.5843676924705505
1057,a3,disgusted,/srv/RL_project/repo/outputs/wav/001057_a3_disgusted.wav,0.5507725477218628
1058,a3,disgusted,/srv/RL_project/repo/outputs/wav/001058_a3_disgusted.wav,0.5420164465904236
1059,a3,happy,/srv/RL_project/repo/outputs/wav/001059_a3_happy.wav,0.6471408605575562
1060,a3,neutral,/srv/RL_project/repo/outputs/wav/001060_a3_neutral.wav,0.6222565770149231
1061,a3,fearful,/srv/RL_project/repo/outputs/wav/001061_a3_fearful.wav,0.6123262643814087
1062,a3,surprised,/srv/RL_project/repo/outputs/wav/001062_a3_surprised.wav,0.6543302536010742
1063,a3,surprised,/srv/RL_project/repo/outputs/wav/001063_a3_surprised.wav,0.6529213786125183
1064,a3,surprised,/srv/RL_project/repo/outputs/wav/001064_a3_surprised.wav,0.5709370970726013
1065,a3,sad,/srv/RL_project/repo/outputs/wav/001065_a3_sad.wav,0.5612914562225342
1066,a3,angry,/srv/RL_project/repo/outputs/wav/001066_a3_angry.wav,0.6516475677490234
1067,a3,surprised,/srv/RL_project/repo/outputs/wav/001067_a3_surprised.wav,0.5500657558441162
1068,a3,surprised,/srv/RL_project/repo/outputs/wav/001068_a3_surprised.wav,0.5900970697402954
1069,a3,neutral,/srv/RL_project/repo/outputs/wav/001069_a3_neutral.wav,0.614724338054657
1070,a3,disgusted,/srv/RL_project/repo/outputs/wav/001070_a3_disgusted.wav,0.5944085121154785
1071,a3,disgusted,/srv/RL_project/repo/outputs/wav/001071_a3_disgusted.wav,0.6105185151100159
1072,a3,disgusted,/srv/RL_project/repo/outputs/wav/001072_a3_disgusted.wav,0.5816919803619385
1073,a3,disgusted,/srv/RL_project/repo/outputs/wav/001073_a3_disgusted.wav,0.5965548753738403
1074,a3,surprised,/srv/RL_project/repo/outputs/wav/001074_a3_surprised.wav,0.24663664400577545
1075,a3,angry,/srv/RL_project/repo/outputs/wav/001075_a3_angry.wav,0.4916344881057739
1076,a3,disgusted,/srv/RL_project/repo/outputs/wav/001076_a3_disgusted.wav,0.5566953420639038
1077,a3,disgusted,/srv/RL_project/repo/outputs/wav/001077_a3_disgusted.wav,0.56485915184021
1078,a3,fearful,/srv/RL_project/repo/outputs/wav/001078_a3_fearful.wav,0.44395703077316284
1079,a3,surprised,/srv/RL_project/repo/outputs/wav/001079_a3_surprised.wav,0.6094239950180054
1080,a3,happy,/srv/RL_project/repo/outputs/wav/001080_a3_happy.wav,0.5652509927749634
1081,a3,disgusted,/srv/RL_project/repo/outputs/wav/001081_a3_disgusted.wav,0.5446988940238953
1082,a3,angry,/srv/RL_project/repo/outputs/wav/001082_a3_angry.wav,0.6091252565383911
1083,a3,sad,/srv/RL_project/repo/outputs/wav/001083_a3_sad.wav,0.5315387845039368
1084,a3,sad,/srv/RL_project/repo/outputs/wav/001084_a3_sad.wav,0.5507053136825562
1085,a3,fearful,/srv/RL_project/repo/outputs/wav/001085_a3_fearful.wav,0.6372631788253784
1086,a3,sad,/srv/RL_project/repo/outputs/wav/001086_a3_sad.wav,0.6069309711456299
1087,a3,disgusted,/srv/RL_project/repo/outputs/wav/001087_a3_disgusted.wav,0.6586785316467285
1088,a3,fearful,/srv/RL_project/repo/outputs/wav/001088_a3_fearful.wav,0.5870695114135742
1089,a3,surprised,/srv/RL_project/repo/outputs/wav/001089_a3_surprised.wav,0.5975100994110107
1090,a3,sad,/srv/RL_project/repo/outputs/wav/001090_a3_sad.wav,0.6531214118003845
1091,a3,happy,/srv/RL_project/repo/outputs/wav/001091_a3_happy.wav,0.572409451007843
1092,a3,sad,/srv/RL_project/repo/outputs/wav/001092_a3_sad.wav,0.5526809096336365
1093,a3,angry,/srv/RL_project/repo/outputs/wav/001093_a3_angry.wav,0.6135913729667664
1094,a3,sad,/srv/RL_project/repo/outputs/wav/001094_a3_sad.wav,0.5267389416694641
1095,a3,sad,/srv/RL_project/repo/outputs/wav/001095_a3_sad.wav,0.6161932945251465
1096,a3,sad,/srv/RL_project/repo/outputs/wav/001096_a3_sad.wav,0.5413030982017517
1097,a3,happy,/srv/RL_project/repo/outputs/wav/001097_a3_happy.wav,0.5654035210609436
1098,a3,happy,/srv/RL_project/repo/outputs/wav/001098_a3_happy.wav,0.6591559648513794
1099,a3,sad,/srv/RL_project/repo/outputs/wav/001099_a3_sad.wav,0.5071566104888916
1100,a3,happy,/srv/RL_project/repo/outputs/wav/001100_a3_happy.wav,0.6679370403289795
1101,a3,happy,/srv/RL_project/repo/outputs/wav/001101_a3_happy.wav,0.628580629825592
1102,a3,disgusted,/srv/RL_project/repo/outputs/wav/001102_a3_disgusted.wav,0.5546845197677612
1103,a3,angry,/srv/RL_project/repo/outputs/wav/001103_a3_angry.wav,0.5319101810455322
1104,a3,neutral,/srv/RL_project/repo/outputs/wav/001104_a3_neutral.wav,0.5328071713447571
1105,a3,fearful,/srv/RL_project/repo/outputs/wav/001105_a3_fearful.wav,0.5957316160202026
1106,a3,fearful,/srv/RL_project/repo/outputs/wav/001106_a3_fearful.wav,0.6529772877693176
1107,a3,sad,/srv/RL_project/repo/outputs/wav/001107_a3_sad.wav,0.5759849548339844
1108,a3,surprised,/srv/RL_project/repo/outputs/wav/001108_a3_surprised.wav,0.6224261522293091
1109,a3,angry,/srv/RL_project/repo/outputs/wav/001109_a3_angry.wav,0.6379799246788025
1110,a3,disgusted,/srv/RL_project/repo/outputs/wav/001110_a3_disgusted.wav,0.5406691431999207
1111,a3,happy,/srv/RL_project/repo/outputs/wav/001111_a3_happy.wav,0.5646791458129883
1112,a3,fearful,/srv/RL_project/repo/outputs/wav/001112_a3_fearful.wav,0.5937617421150208
1113,a3,fearful,/srv/RL_project/repo/outputs/wav/001113_a3_fearful.wav,0.5892665982246399
1114,a3,happy,/srv/RL_project/repo/outputs/wav/001114_a3_happy.wav,0.5386289954185486
1115,a3,neutral,/srv/RL_project/repo/outputs/wav/001115_a3_neutral.wav,0.5793434977531433
1116,a3,sad,/srv/RL_project/repo/outputs/wav/001116_a3_sad.wav,0.5947883725166321
1117,a3,disgusted,/srv/RL_project/repo/outputs/wav/001117_a3_disgusted.wav,0.5335456132888794
1118,a3,surprised,/srv/RL_project/repo/outputs/wav/001118_a3_surprised.wav,0.6368435621261597
1119,a3,surprised,/srv/RL_project/repo/outputs/wav/001119_a3_surprised.wav,0.5029415488243103
1120,a3,fearful,/srv/RL_project/repo/outputs/wav/001120_a3_fearful.wav,0.5745882987976074
1121,a3,disgusted,/srv/RL_project/repo/outputs/wav/001121_a3_disgusted.wav,0.5567067861557007
1122,a3,neutral,/srv/RL_project/repo/outputs/wav/001122_a3_neutral.wav,0.6570854187011719
1123,a3,happy,/srv/RL_project/repo/outputs/wav/001123_a3_happy.wav,0.5780006051063538
1124,a3,disgusted,/srv/RL_project/repo/outputs/wav/001124_a3_disgusted.wav,0.5865639448165894
1125,a3,disgusted,/srv/RL_project/repo/outputs/wav/001125_a3_disgusted.wav,0.5232405662536621
1126,a3,fearful,/srv/RL_project/repo/outputs/wav/001126_a3_fearful.wav,0.6442624926567078
1127,a3,angry,/srv/RL_project/repo/outputs/wav/001127_a3_angry.wav,0.5750725269317627
1128,a3,neutral,/srv/RL_project/repo/outputs/wav/001128_a3_neutral.wav,0.5851606726646423
1129,a3,surprised,/srv/RL_project/repo/outputs/wav/001129_a3_surprised.wav,0.6292372941970825
1130,a3,fearful,/srv/RL_project/repo/outputs/wav/001130_a3_fearful.wav,0.6820284128189087
1131,a3,fearful,/srv/RL_project/repo/outputs/wav/001131_a3_fearful.wav,0.5417594909667969
1132,a3,disgusted,/srv/RL_project/repo/outputs/wav/001132_a3_disgusted.wav,0.5324349403381348
1133,a3,neutral,/srv/RL_project/repo/outputs/wav/001133_a3_neutral.wav,0.6383004188537598
1134,a3,surprised,/srv/RL_project/repo/outputs/wav/001134_a3_surprised.wav,0.4488677978515625
1135,a3,neutral,/srv/RL_project/repo/outputs/wav/001135_a3_neutral.wav,0.6107634902000427
1136,a3,disgusted,/srv/RL_project/repo/outputs/wav/001136_a3_disgusted.wav,0.5624149441719055
1137,a3,fearful,/srv/RL_project/repo/outputs/wav/001137_a3_fearful.wav,0.5859667658805847
1138,a3,surprised,/srv/RL_project/repo/outputs/wav/001138_a3_surprised.wav,0.514745831489563
1139,a3,surprised,/srv/RL_project/repo/outputs/wav/001139_a3_surprised.wav,0.36490803956985474
1140,a3,happy,/srv/RL_project/repo/outputs/wav/001140_a3_happy.wav,0.6179168224334717
1141,a3,surprised,/srv/RL_project/repo/outputs/wav/001141_a3_surprised.wav,0.5699483156204224
1142,a3,disgusted,/srv/RL_project/repo/outputs/wav/001142_a3_disgusted.wav,0.6094338297843933
1143,a3,fearful,/srv/RL_project/repo/outputs/wav/001143_a3_fearful.wav,0.595301628112793
1144,a3,disgusted,/srv/RL_project/repo/outputs/wav/001144_a3_disgusted.wav,0.5420553088188171
1145,a3,happy,/srv/RL_project/repo/outputs/wav/001145_a3_happy.wav,0.5602201223373413
1146,a3,surprised,/srv/RL_project/repo/outputs/wav/001146_a3_surprised.wav,0.6361889243125916
1147,a3,surprised,/srv/RL_project/repo/outputs/wav/001147_a3_surprised.wav,0.5878016948699951
1148,a3,happy,/srv/RL_project/repo/outputs/wav/001148_a3_happy.wav,0.6026662588119507
1149,a3,disgusted,/srv/RL_project/repo/outputs/wav/001149_a3_disgusted.wav,0.5907772779464722
1150,a3,neutral,/srv/RL_project/repo/outputs/wav/001150_a3_neutral.wav,0.42667102813720703
1151,a3,fearful,/srv/RL_project/repo/outputs/wav/001151_a3_fearful.wav,0.5880820155143738
1152,a3,angry,/srv/RL_project/repo/outputs/wav/001152_a3_angry.wav,0.6520086526870728
1153,a3,sad,/srv/RL_project/repo/outputs/wav/001153_a3_sad.wav,0.5270538926124573
1154,a3,angry,/srv/RL_project/repo/outputs/wav/001154_a3_angry.wav,0.4322396516799927
1155,a3,fearful,/srv/RL_project/repo/outputs/wav/001155_a3_fearful.wav,0.5267578959465027
1156,a3,fearful,/srv/RL_project/repo/outputs/wav/001156_a3_fearful.wav,0.6234582662582397
1157,a3,surprised,/srv/RL_project/repo/outputs/wav/001157_a3_surprised.wav,0.5486116409301758
1158,a3,surprised,/srv/RL_project/repo/outputs/wav/001158_a3_surprised.wav,0.6174943447113037
1159,a3,surprised,/srv/RL_project/repo/outputs/wav/001159_a3_surprised.wav,0.45147669315338135
1160,a3,sad,/srv/RL_project/repo/outputs/wav/001160_a3_sad.wav,0.5990319848060608
1161,a3,neutral,/srv/RL_project/repo/outputs/wav/001161_a3_neutral.wav,0.5509870648384094
1162,a3,surprised,/srv/RL_project/repo/outputs/wav/001162_a3_surprised.wav,0.5336137413978577
1163,a3,fearful,/srv/RL_project/repo/outputs/wav/001163_a3_fearful.wav,0.5810521841049194
1164,a3,sad,/srv/RL_project/repo/outputs/wav/001164_a3_sad.wav,0.4792301058769226
1165,a3,fearful,/srv/RL_project/repo/outputs/wav/001165_a3_fearful.wav,0.641454815864563
1166,a3,angry,/srv/RL_project/repo/outputs/wav/001166_a3_angry.wav,0.5601286888122559
1167,a3,angry,/srv/RL_project/repo/outputs/wav/001167_a3_angry.wav,0.5817775130271912
1168,a3,angry,/srv/RL_project/repo/outputs/wav/001168_a3_angry.wav,0.5011723041534424
1169,a3,angry,/srv/RL_project/repo/outputs/wav/001169_a3_angry.wav,0.5105767250061035
1170,a3,neutral,/srv/RL_project/repo/outputs/wav/001170_a3_neutral.wav,0.6096574068069458
1171,a3,disgusted,/srv/RL_project/repo/outputs/wav/001171_a3_disgusted.wav,0.6142148971557617
1172,a3,fearful,/srv/RL_project/repo/outputs/wav/001172_a3_fearful.wav,0.608940601348877
1173,a3,happy,/srv/RL_project/repo/outputs/wav/001173_a3_happy.wav,0.7045557498931885
1174,a3,fearful,/srv/RL_project/repo/outputs/wav/001174_a3_fearful.wav,0.6901302933692932
1175,a3,surprised,/srv/RL_project/repo/outputs/wav/001175_a3_surprised.wav,0.587023138999939
1176,a3,surprised,/srv/RL_project/repo/outputs/wav/001176_a3_surprised.wav,0.6230564713478088
1177,a3,surprised,/srv/RL_project/repo/outputs/wav/001177_a3_surprised.wav,0.5136640071868896
1178,a3,disgusted,/srv/RL_project/repo/outputs/wav/001178_a3_disgusted.wav,0.5639514923095703
1179,a3,disgusted,/srv/RL_project/repo/outputs/wav/001179_a3_disgusted.wav,0.5303995013237
1180,a3,surprised,/srv/RL_project/repo/outputs/wav/001180_a3_surprised.wav,0.6159894466400146
1181,a3,happy,/srv/RL_project/repo/outputs/wav/001181_a3_happy.wav,0.5944947600364685
1182,a3,surprised,/srv/RL_project/repo/outputs/wav/001182_a3_surprised.wav,0.6131956577301025
1183,a3,fearful,/srv/RL_project/repo/outputs/wav/001183_a3_fearful.wav,0.6796613931655884
1184,a3,fearful,/srv/RL_project/repo/outputs/wav/001184_a3_fearful.wav,0.637097954750061
1185,a3,disgusted,/srv/RL_project/repo/outputs/wav/001185_a3_disgusted.wav,0.48533159494400024
1186,a3,disgusted,/srv/RL_project/repo/outputs/wav/001186_a3_disgusted.wav,0.598161518573761
1187,a3,angry,/srv/RL_project/repo/outputs/wav/001187_a3_angry.wav,0.5503610372543335
1188,a3,surprised,/srv/RL_project/repo/outputs/wav/001188_a3_surprised.wav,0.627225399017334
1189,a3,neutral,/srv/RL_project/repo/outputs/wav/001189_a3_neutral.wav,0.5328036546707153
1190,a3,neutral,/srv/RL_project/repo/outputs/wav/001190_a3_neutral.wav,0.541599452495575
1191,a3,fearful,/srv/RL_project/repo/outputs/wav/001191_a3_fearful.wav,0.5583314895629883
1192,a3,neutral,/srv/RL_project/repo/outputs/wav/001192_a3_neutral.wav,0.6015399694442749
1193,a3,surprised,/srv/RL_project/repo/outputs/wav/001193_a3_surprised.wav,0.6377291083335876
1194,a3,happy,/srv/RL_project/repo/outputs/wav/001194_a3_happy.wav,0.5242812037467957
1195,a3,disgusted,/srv/RL_project/repo/outputs/wav/001195_a3_disgusted.wav,0.6159718632698059
1196,a3,angry,/srv/RL_project/repo/outputs/wav/001196_a3_angry.wav,0.5937722325325012
1197,a3,neutral,/srv/RL_project/repo/outputs/wav/001197_a3_neutral.wav,0.5704516172409058
1198,a3,neutral,/srv/RL_project/repo/outputs/wav/001198_a3_neutral.wav,0.66717129945755
1199,a3,sad,/srv/RL_project/repo/outputs/wav/001199_a3_sad.wav,0.5327644944190979
1200,a3,sad,/srv/RL_project/repo/outputs/wav/001200_a3_sad.wav,0.48119425773620605
1201,a3,sad,/srv/RL_project/repo/outputs/wav/001201_a3_sad.wav,0.6441593170166016
1202,a3,happy,/srv/RL_project/repo/outputs/wav/001202_a3_happy.wav,0.6357613801956177
1203,a3,sad,/srv/RL_project/repo/outputs/wav/001203_a3_sad.wav,0.5860739350318909
1204,a3,happy,/srv/RL_project/repo/outputs/wav/001204_a3_happy.wav,0.6753970980644226
1205,a3,angry,/srv/RL_project/repo/outputs/wav/001205_a3_angry.wav,0.6484677791595459
1206,a3,disgusted,/srv/RL_project/repo/outputs/wav/001206_a3_disgusted.wav,0.6254849433898926
1207,a3,angry,/srv/RL_project/repo/outputs/wav/001207_a3_angry.wav,0.6064581274986267
1208,a3,happy,/srv/RL_project/repo/outputs/wav/001208_a3_happy.wav,0.596001923084259
1209,a3,disgusted,/srv/RL_project/repo/outputs/wav/001209_a3_disgusted.wav,0.6134090423583984
1210,a3,neutral,/srv/RL_project/repo/outputs/wav/001210_a3_neutral.wav,0.611016571521759
1211,a3,happy,/srv/RL_project/repo/outputs/wav/001211_a3_happy.wav,0.5056796669960022
1212,a3,surprised,/srv/RL_project/repo/outputs/wav/001212_a3_surprised.wav,0.6687809824943542
1213,a3,fearful,/srv/RL_project/repo/outputs/wav/001213_a3_fearful.wav,0.5590555667877197
1214,a3,sad,/srv/RL_project/repo/outputs/wav/001214_a3_sad.wav,0.42682141065597534
1215,a3,sad,/srv/RL_project/repo/outputs/wav/001215_a3_sad.wav,0.561832845211029
1216,a3,fearful,/srv/RL_project/repo/outputs/wav/001216_a3_fearful.wav,0.530616044998169
1217,a3,disgusted,/srv/RL_project/repo/outputs/wav/001217_a3_disgusted.wav,0.5926285982131958
1218,a3,happy,/srv/RL_project/repo/outputs/wav/001218_a3_happy.wav,0.648879885673523
1219,a3,angry,/srv/RL_project/repo/outputs/wav/001219_a3_angry.wav,0.4922434091567993
1220,a3,disgusted,/srv/RL_project/repo/outputs/wav/001220_a3_disgusted.wav,0.5539460182189941
1221,a3,surprised,/srv/RL_project/repo/outputs/wav/001221_a3_surprised.wav,0.5691841840744019
1222,a3,angry,/srv/RL_project/repo/outputs/wav/001222_a3_angry.wav,0.5819817781448364
1223,a3,disgusted,/srv/RL_project/repo/outputs/wav/001223_a3_disgusted.wav,0.6625481247901917
1224,a3,neutral,/srv/RL_project/repo/outputs/wav/001224_a3_neutral.wav,0.6767913103103638
1225,a3,sad,/srv/RL_project/repo/outputs/wav/001225_a3_sad.wav,0.5428645610809326
1226,a3,neutral,/srv/RL_project/repo/outputs/wav/001226_a3_neutral.wav,0.5116915702819824
1227,a3,disgusted,/srv/RL_project/repo/outputs/wav/001227_a3_disgusted.wav,0.5725045204162598
1228,a3,sad,/srv/RL_project/repo/outputs/wav/001228_a3_sad.wav,0.5753709077835083
1229,a3,fearful,/srv/RL_project/repo/outputs/wav/001229_a3_fearful.wav,0.5739034414291382
1230,a3,neutral,/srv/RL_project/repo/outputs/wav/001230_a3_neutral.wav,0.4284689426422119
1231,a3,angry,/srv/RL_project/repo/outputs/wav/001231_a3_angry.wav,0.6207356452941895
1232,a3,surprised,/srv/RL_project/repo/outputs/wav/001232_a3_surprised.wav,0.5707604885101318
1233,a3,neutral,/srv/RL_project/repo/outputs/wav/001233_a3_neutral.wav,0.4293423295021057
1234,a3,disgusted,/srv/RL_project/repo/outputs/wav/001234_a3_disgusted.wav,0.6570582389831543
1235,a3,disgusted,/srv/RL_project/repo/outputs/wav/001235_a3_disgusted.wav,0.6525656580924988
1236,a3,angry,/srv/RL_project/repo/outputs/wav/001236_a3_angry.wav,0.645354151725769
1237,a3,fearful,/srv/RL_project/repo/outputs/wav/001237_a3_fearful.wav,0.5438699722290039
1238,a3,fearful,/srv/RL_project/repo/outputs/wav/001238_a3_fearful.wav,0.554816484451294
1239,a3,angry,/srv/RL_project/repo/outputs/wav/001239_a3_angry.wav,0.5639578104019165
1240,a3,surprised,/srv/RL_project/repo/outputs/wav/001240_a3_surprised.wav,0.551963210105896
1241,a3,happy,/srv/RL_project/repo/outputs/wav/001241_a3_happy.wav,0.5742058157920837
1242,a3,fearful,/srv/RL_project/repo/outputs/wav/001242_a3_fearful.wav,0.518661618232727
1243,a3,disgusted,/srv/RL_project/repo/outputs/wav/001243_a3_disgusted.wav,0.5067663192749023
1244,a3,angry,/srv/RL_project/repo/outputs/wav/001244_a3_angry.wav,0.5560702681541443
1245,a3,neutral,/srv/RL_project/repo/outputs/wav/001245_a3_neutral.wav,0.6032605171203613
1246,a3,happy,/srv/RL_project/repo/outputs/wav/001246_a3_happy.wav,0.6100860834121704
1247,a3,surprised,/srv/RL_project/repo/outputs/wav/001247_a3_surprised.wav,0.5757491588592529
1248,a3,angry,/srv/RL_project/repo/outputs/wav/001248_a3_angry.wav,0.48435965180397034
1249,a3,fearful,/srv/RL_project/repo/outputs/wav/001249_a3_fearful.wav,0.5733622312545776
1250,a3,disgusted,/srv/RL_project/repo/outputs/wav/001250_a3_disgusted.wav,0.551199734210968
1251,a3,surprised,/srv/RL_project/repo/outputs/wav/001251_a3_surprised.wav,0.5742018818855286
1252,a3,happy,/srv/RL_project/repo/outputs/wav/001252_a3_happy.wav,0.5621376037597656
1253,a3,sad,/srv/RL_project/repo/outputs/wav/001253_a3_sad.wav,0.5935986638069153
1254,a3,fearful,/srv/RL_project/repo/outputs/wav/001254_a3_fearful.wav,0.6057922840118408
1255,a3,surprised,/srv/RL_project/repo/outputs/wav/001255_a3_surprised.wav,0.6154346466064453
1256,a3,surprised,/srv/RL_project/repo/outputs/wav/001256_a3_surprised.wav,0.5858811140060425
1257,a3,sad,/srv/RL_project/repo/outputs/wav/001257_a3_sad.wav,0.4442213773727417
1258,a3,happy,/srv/RL_project/repo/outputs/wav/001258_a3_happy.wav,0.510887086391449
1259,a3,happy,/srv/RL_project/repo/outputs/wav/001259_a3_happy.wav,0.5523970723152161
1260,a3,neutral,/srv/RL_project/repo/outputs/wav/001260_a3_neutral.wav,0.5680239200592041
1261,a3,happy,/srv/RL_project/repo/outputs/wav/001261_a3_happy.wav,0.5782047510147095
1262,a3,surprised,/srv/RL_project/repo/outputs/wav/001262_a3_surprised.wav,0.6222501397132874
1263,a3,disgusted,/srv/RL_project/repo/outputs/wav/001263_a3_disgusted.wav,0.5991190671920776
1264,a3,sad,/srv/RL_project/repo/outputs/wav/001264_a3_sad.wav,0.6306592226028442
1265,a3,fearful,/srv/RL_project/repo/outputs/wav/001265_a3_fearful.wav,0.40775126218795776
1266,a3,disgusted,/srv/RL_project/repo/outputs/wav/001266_a3_disgusted.wav,0.3778248727321625
1267,a3,sad,/srv/RL_project/repo/outputs/wav/001267_a3_sad.wav,0.5577198266983032
1268,a3,neutral,/srv/RL_project/repo/outputs/wav/001268_a3_neutral.wav,0.5266740322113037
1269,a3,angry,/srv/RL_project/repo/outputs/wav/001269_a3_angry.wav,0.6630852222442627
1270,a3,neutral,/srv/RL_project/repo/outputs/wav/001270_a3_neutral.wav,0.5325263738632202
1271,a3,neutral,/srv/RL_project/repo/outputs/wav/001271_a3_neutral.wav,0.5219258666038513
1272,a3,fearful,/srv/RL_project/repo/outputs/wav/001272_a3_fearful.wav,0.5834466218948364
1273,a3,surprised,/srv/RL_project/repo/outputs/wav/001273_a3_surprised.wav,0.5892824530601501
1274,a3,disgusted,/srv/RL_project/repo/outputs/wav/001274_a3_disgusted.wav,0.5064370036125183
1275,a3,sad,/srv/RL_project/repo/outputs/wav/001275_a3_sad.wav,0.5458936095237732
1276,a3,neutral,/srv/RL_project/repo/outputs/wav/001276_a3_neutral.wav,0.6529881954193115
1277,a3,happy,/srv/RL_project/repo/outputs/wav/001277_a3_happy.wav,0.5043038725852966
1278,a3,surprised,/srv/RL_project/repo/outputs/wav/001278_a3_surprised.wav,0.5078068971633911
1279,a3,sad,/srv/RL_project/repo/outputs/wav/001279_a3_sad.wav,0.5146476030349731
1280,a3,angry,/srv/RL_project/repo/outputs/wav/001280_a3_angry.wav,0.43405795097351074
1281,a3,fearful,/srv/RL_project/repo/outputs/wav/001281_a3_fearful.wav,0.5699611902236938
1282,a3,disgusted,/srv/RL_project/repo/outputs/wav/001282_a3_disgusted.wav,0.5727452635765076
1283,a3,disgusted,/srv/RL_project/repo/outputs/wav/001283_a3_disgusted.wav,0.5649381279945374
1284,a3,surprised,/srv/RL_project/repo/outputs/wav/001284_a3_surprised.wav,0.5328742861747742
1285,a3,surprised,/srv/RL_project/repo/outputs/wav/001285_a3_surprised.wav,0.5026042461395264
1286,a3,happy,/srv/RL_project/repo/outputs/wav/001286_a3_happy.wav,0.5742570161819458
1287,a3,disgusted,/srv/RL_project/repo/outputs/wav/001287_a3_disgusted.wav,0.6179519891738892
1288,a3,surprised,/srv/RL_project/repo/outputs/wav/001288_a3_surprised.wav,0.6098868250846863
1289,a3,disgusted,/srv/RL_project/repo/outputs/wav/001289_a3_disgusted.wav,0.5708621740341187
1290,a3,surprised,/srv/RL_project/repo/outputs/wav/001290_a3_surprised.wav,0.591716468334198
1291,a3,sad,/srv/RL_project/repo/outputs/wav/001291_a3_sad.wav,0.6359922289848328
1292,a3,neutral,/srv/RL_project/repo/outputs/wav/001292_a3_neutral.wav,0.5427535176277161
1293,a3,happy,/srv/RL_project/repo/outputs/wav/001293_a3_happy.wav,0.4603206217288971
1294,a3,sad,/srv/RL_project/repo/outputs/wav/001294_a3_sad.wav,0.4519363045692444
1295,a3,angry,/srv/RL_project/repo/outputs/wav/001295_a3_angry.wav,0.5717191100120544
1296,a3,sad,/srv/RL_project/repo/outputs/wav/001296_a3_sad.wav,0.5653215050697327
1297,a3,fearful,/srv/RL_project/repo/outputs/wav/001297_a3_fearful.wav,0.48537373542785645
1298,a3,angry,/srv/RL_project/repo/outputs/wav/001298_a3_angry.wav,0.5635892152786255
1299,a3,fearful,/srv/RL_project/repo/outputs/wav/001299_a3_fearful.wav,0.6578103303909302
1300,a3,sad,/srv/RL_project/repo/outputs/wav/001300_a3_sad.wav,0.6235826015472412
1301,a3,fearful,/srv/RL_project/repo/outputs/wav/001301_a3_fearful.wav,0.6503421664237976
1302,a3,disgusted,/srv/RL_project/repo/outputs/wav/001302_a3_disgusted.wav,0.6364232897758484
1303,a3,disgusted,/srv/RL_project/repo/outputs/wav/001303_a3_disgusted.wav,0.5909280776977539
1304,a3,sad,/srv/RL_project/repo/outputs/wav/001304_a3_sad.wav,0.49429476261138916
1305,a3,disgusted,/srv/RL_project/repo/outputs/wav/001305_a3_disgusted.wav,0.6969072818756104
1306,a3,sad,/srv/RL_project/repo/outputs/wav/001306_a3_sad.wav,0.6065319776535034
1307,a3,happy,/srv/RL_project/repo/outputs/wav/001307_a3_happy.wav,0.5194182395935059
1308,a3,angry,/srv/RL_project/repo/outputs/wav/001308_a3_angry.wav,0.6775419116020203
1309,a3,fearful,/srv/RL_project/repo/outputs/wav/001309_a3_fearful.wav,0.599242091178894
1310,a3,happy,/srv/RL_project/repo/outputs/wav/001310_a3_happy.wav,0.5561573505401611
1311,a3,neutral,/srv/RL_project/repo/outputs/wav/001311_a3_neutral.wav,0.6251633763313293
1312,a3,sad,/srv/RL_project/repo/outputs/wav/001312_a3_sad.wav,0.6595867872238159
1313,a3,angry,/srv/RL_project/repo/outputs/wav/001313_a3_angry.wav,0.683426022529602
1314,a3,disgusted,/srv/RL_project/repo/outputs/wav/001314_a3_disgusted.wav,0.5351397395133972
1315,a3,surprised,/srv/RL_project/repo/outputs/wav/001315_a3_surprised.wav,0.5438856482505798
1316,a3,happy,/srv/RL_project/repo/outputs/wav/001316_a3_happy.wav,0.5685611963272095
1317,a3,disgusted,/srv/RL_project/repo/outputs/wav/001317_a3_disgusted.wav,0.5652613639831543
1318,a3,sad,/srv/RL_project/repo/outputs/wav/001318_a3_sad.wav,0.5286470055580139
1319,a3,surprised,/srv/RL_project/repo/outputs/wav/001319_a3_surprised.wav,0.6876143217086792
1320,a3,happy,/srv/RL_project/repo/outputs/wav/001320_a3_happy.wav,0.5645760893821716
1321,a3,disgusted,/srv/RL_project/repo/outputs/wav/001321_a3_disgusted.wav,0.3828989863395691
1322,a3,sad,/srv/RL_project/repo/outputs/wav/001322_a3_sad.wav,0.5615595579147339
1323,a3,happy,/srv/RL_project/repo/outputs/wav/001323_a3_happy.wav,0.557830810546875
1324,a3,sad,/srv/RL_project/repo/outputs/wav/001324_a3_sad.wav,0.5346081256866455
1325,a3,angry,/srv/RL_project/repo/outputs/wav/001325_a3_angry.wav,0.647817850112915
1326,a3,neutral,/srv/RL_project/repo/outputs/wav/001326_a3_neutral.wav,0.5254307985305786
1327,a3,happy,/srv/RL_project/repo/outputs/wav/001327_a3_happy.wav,0.5154538750648499
1328,a3,disgusted,/srv/RL_project/repo/outputs/wav/001328_a3_disgusted.wav,0.5087424516677856
1329,a3,angry,/srv/RL_project/repo/outputs/wav/001329_a3_angry.wav,0.5699151754379272
1330,a3,disgusted,/srv/RL_project/repo/outputs/wav/001330_a3_disgusted.wav,0.5507319569587708
1331,a3,sad,/srv/RL_project/repo/outputs/wav/001331_a3_sad.wav,0.5037896037101746
1332,a3,surprised,/srv/RL_project/repo/outputs/wav/001332_a3_surprised.wav,0.6086158752441406
1333,a3,surprised,/srv/RL_project/repo/outputs/wav/001333_a3_surprised.wav,0.5451755523681641
1334,a3,angry,/srv/RL_project/repo/outputs/wav/001334_a3_angry.wav,0.6183684468269348
1335,a3,disgusted,/srv/RL_project/repo/outputs/wav/001335_a3_disgusted.wav,0.546911895275116
1336,a3,neutral,/srv/RL_project/repo/outputs/wav/001336_a3_neutral.wav,0.5801292657852173
1337,a3,sad,/srv/RL_project/repo/outputs/wav/001337_a3_sad.wav,0.543438196182251
1338,a3,fearful,/srv/RL_project/repo/outputs/wav/001338_a3_fearful.wav,0.4660484492778778
1339,a3,happy,/srv/RL_project/repo/outputs/wav/001339_a3_happy.wav,0.6347066760063171
1340,a3,sad,/srv/RL_project/repo/outputs/wav/001340_a3_sad.wav,0.5589732527732849
1341,a3,happy,/srv/RL_project/repo/outputs/wav/001341_a3_happy.wav,0.6625223755836487
1342,a3,disgusted,/srv/RL_project/repo/outputs/wav/001342_a3_disgusted.wav,0.6298915147781372
1343,a3,neutral,/srv/RL_project/repo/outputs/wav/001343_a3_neutral.wav,0.39461904764175415
1344,a3,happy,/srv/RL_project/repo/outputs/wav/001344_a3_happy.wav,0.504679262638092
1345,a3,disgusted,/srv/RL_project/repo/outputs/wav/001345_a3_disgusted.wav,0.5286478996276855
1346,a3,surprised,/srv/RL_project/repo/outputs/wav/001346_a3_surprised.wav,0.626152515411377
1347,a3,surprised,/srv/RL_project/repo/outputs/wav/001347_a3_surprised.wav,0.5602368712425232
1348,a3,disgusted,/srv/RL_project/repo/outputs/wav/001348_a3_disgusted.wav,0.6649892926216125
1349,a3,happy,/srv/RL_project/repo/outputs/wav/001349_a3_happy.wav,0.5980356931686401
1350,a3,happy,/srv/RL_project/repo/outputs/wav/001350_a3_happy.wav,0.6070297360420227
1351,a3,disgusted,/srv/RL_project/repo/outputs/wav/001351_a3_disgusted.wav,0.5490847826004028
1352,a3,disgusted,/srv/RL_project/repo/outputs/wav/001352_a3_disgusted.wav,0.5216268301010132
1353,a3,sad,/srv/RL_project/repo/outputs/wav/001353_a3_sad.wav,0.6026477813720703
1354,a3,angry,/srv/RL_project/repo/outputs/wav/001354_a3_angry.wav,0.5567407011985779
1355,a3,happy,/srv/RL_project/repo/outputs/wav/001355_a3_happy.wav,0.5621445775032043
1356,a3,sad,/srv/RL_project/repo/outputs/wav/001356_a3_sad.wav,0.5361518263816833
1357,a3,fearful,/srv/RL_project/repo/outputs/wav/001357_a3_fearful.wav,0.5426868200302124
1358,a3,happy,/srv/RL_project/repo/outputs/wav/001358_a3_happy.wav,0.6381945013999939
1359,a3,neutral,/srv/RL_project/repo/outputs/wav/001359_a3_neutral.wav,0.6141022443771362
1360,a3,happy,/srv/RL_project/repo/outputs/wav/001360_a3_happy.wav,0.524883508682251
1361,a3,surprised,/srv/RL_project/repo/outputs/wav/001361_a3_surprised.wav,0.523461103439331
1362,a3,sad,/srv/RL_project/repo/outputs/wav/001362_a3_sad.wav,0.625012218952179
1363,a3,happy,/srv/RL_project/repo/outputs/wav/001363_a3_happy.wav,0.46571069955825806
1364,a3,happy,/srv/RL_project/repo/outputs/wav/001364_a3_happy.wav,0.546919047832489
1365,a3,happy,/srv/RL_project/repo/outputs/wav/001365_a3_happy.wav,0.5722001194953918
1366,a3,neutral,/srv/RL_project/repo/outputs/wav/001366_a3_neutral.wav,0.5154321193695068
1367,a3,surprised,/srv/RL_project/repo/outputs/wav/001367_a3_surprised.wav,0.5943726301193237
1368,a3,neutral,/srv/RL_project/repo/outputs/wav/001368_a3_neutral.wav,0.5826506018638611
1369,a3,surprised,/srv/RL_project/repo/outputs/wav/001369_a3_surprised.wav,0.5247487425804138
1370,a3,disgusted,/srv/RL_project/repo/outputs/wav/001370_a3_disgusted.wav,0.5207101106643677
1371,a3,fearful,/srv/RL_project/repo/outputs/wav/001371_a3_fearful.wav,0.5449387431144714
1372,a3,angry,/srv/RL_project/repo/outputs/wav/001372_a3_angry.wav,0.5338953733444214
1373,a3,angry,/srv/RL_project/repo/outputs/wav/001373_a3_angry.wav,0.4500868320465088
1374,a3,fearful,/srv/RL_project/repo/outputs/wav/001374_a3_fearful.wav,0.5584150552749634
1375,a3,fearful,/srv/RL_project/repo/outputs/wav/001375_a3_fearful.wav,0.5399753451347351
1376,a3,sad,/srv/RL_project/repo/outputs/wav/001376_a3_sad.wav,0.5736774802207947
1377,a3,surprised,/srv/RL_project/repo/outputs/wav/001377_a3_surprised.wav,0.5271319150924683
1378,a3,sad,/srv/RL_project/repo/outputs/wav/001378_a3_sad.wav,0.6067270040512085
1379,a3,neutral,/srv/RL_project/repo/outputs/wav/001379_a3_neutral.wav,0.475736141204834
1380,a3,happy,/srv/RL_project/repo/outputs/wav/001380_a3_happy.wav,0.5651860237121582
1381,a3,angry,/srv/RL_project/repo/outputs/wav/001381_a3_angry.wav,0.5047255158424377
1382,a3,disgusted,/srv/RL_project/repo/outputs/wav/001382_a3_disgusted.wav,0.6970669031143188
1383,a3,neutral,/srv/RL_project/repo/outputs/wav/001383_a3_neutral.wav,0.6476388573646545
1384,a3,sad,/srv/RL_project/repo/outputs/wav/001384_a3_sad.wav,0.5911644697189331
1385,a3,fearful,/srv/RL_project/repo/outputs/wav/001385_a3_fearful.wav,0.4446088671684265
1386,a3,surprised,/srv/RL_project/repo/outputs/wav/001386_a3_surprised.wav,0.5770197510719299
1387,a3,sad,/srv/RL_project/repo/outputs/wav/001387_a3_sad.wav,0.5740466117858887
1388,a3,angry,/srv/RL_project/repo/outputs/wav/001388_a3_angry.wav,0.5950310826301575
1389,a3,sad,/srv/RL_project/repo/outputs/wav/001389_a3_sad.wav,0.4774248003959656
1390,a3,fearful,/srv/RL_project/repo/outputs/wav/001390_a3_fearful.wav,0.6234833002090454
1391,a3,neutral,/srv/RL_project/repo/outputs/wav/001391_a3_neutral.wav,0.5651271343231201
1392,a3,happy,/srv/RL_project/repo/outputs/wav/001392_a3_happy.wav,0.4946821630001068
1393,a3,sad,/srv/RL_project/repo/outputs/wav/001393_a3_sad.wav,0.5584059357643127
1394,a3,sad,/srv/RL_project/repo/outputs/wav/001394_a3_sad.wav,0.630496621131897
1395,a3,happy,/srv/RL_project/repo/outputs/wav/001395_a3_happy.wav,0.5142761468887329
1396,a3,neutral,/srv/RL_project/repo/outputs/wav/001396_a3_neutral.wav,0.6752929091453552
1397,a3,angry,/srv/RL_project/repo/outputs/wav/001397_a3_angry.wav,0.5863732099533081
1398,a3,angry,/srv/RL_project/repo/outputs/wav/001398_a3_angry.wav,0.5760212540626526
1399,a3,sad,/srv/RL_project/repo/outputs/wav/001399_a3_sad.wav,0.6039539575576782
1400,a3,fearful,/srv/RL_project/repo/outputs/wav/001400_a3_fearful.wav,0.516515851020813
1401,a3,disgusted,/srv/RL_project/repo/outputs/wav/001401_a3_disgusted.wav,0.4802846312522888
1402,a3,disgusted,/srv/RL_project/repo/outputs/wav/001402_a3_disgusted.wav,0.3861241638660431
1403,a3,surprised,/srv/RL_project/repo/outputs/wav/001403_a3_surprised.wav,0.7045706510543823
1404,a3,disgusted,/srv/RL_project/repo/outputs/wav/001404_a3_disgusted.wav,0.5874693393707275
1405,a3,neutral,/srv/RL_project/repo/outputs/wav/001405_a3_neutral.wav,0.6192452907562256
1406,a3,fearful,/srv/RL_project/repo/outputs/wav/001406_a3_fearful.wav,0.6159204840660095
1407,a3,disgusted,/srv/RL_project/repo/outputs/wav/001407_a3_disgusted.wav,0.6935537457466125
1408,a3,surprised,/srv/RL_project/repo/outputs/wav/001408_a3_surprised.wav,0.6066709756851196
1409,a3,happy,/srv/RL_project/repo/outputs/wav/001409_a3_happy.wav,0.5581912398338318
1410,a3,neutral,/srv/RL_project/repo/outputs/wav/001410_a3_neutral.wav,0.6487659811973572
1411,a3,fearful,/srv/RL_project/repo/outputs/wav/001411_a3_fearful.wav,0.6096116304397583
1412,a3,sad,/srv/RL_project/repo/outputs/wav/001412_a3_sad.wav,0.6562395691871643
1413,a3,angry,/srv/RL_project/repo/outputs/wav/001413_a3_angry.wav,0.6640585064888
1414,a3,neutral,/srv/RL_project/repo/outputs/wav/001414_a3_neutral.wav,0.569312334060669
1415,a3,surprised,/srv/RL_project/repo/outputs/wav/001415_a3_surprised.wav,0.6477013826370239
1416,a3,disgusted,/srv/RL_project/repo/outputs/wav/001416_a3_disgusted.wav,0.5717087388038635
1417,a3,fearful,/srv/RL_project/repo/outputs/wav/001417_a3_fearful.wav,0.5396186709403992
1418,a3,fearful,/srv/RL_project/repo/outputs/wav/001418_a3_fearful.wav,0.584972083568573
1419,a3,fearful,/srv/RL_project/repo/outputs/wav/001419_a3_fearful.wav,0.5333495140075684
1420,a3,surprised,/srv/RL_project/repo/outputs/wav/001420_a3_surprised.wav,0.5790631771087646
1421,a3,surprised,/srv/RL_project/repo/outputs/wav/001421_a3_surprised.wav,0.6149687767028809
1422,a3,fearful,/srv/RL_project/repo/outputs/wav/001422_a3_fearful.wav,0.572148859500885
1423,a3,angry,/srv/RL_project/repo/outputs/wav/001423_a3_angry.wav,0.6775004267692566
1424,a3,disgusted,/srv/RL_project/repo/outputs/wav/001424_a3_disgusted.wav,0.5150474309921265
1425,a3,happy,/srv/RL_project/repo/outputs/wav/001425_a3_happy.wav,0.5326154232025146
1426,a3,angry,/srv/RL_project/repo/outputs/wav/001426_a3_angry.wav,0.552786648273468
1427,a3,angry,/srv/RL_project/repo/outputs/wav/001427_a3_angry.wav,0.6063872575759888
1428,a3,fearful,/srv/RL_project/repo/outputs/wav/001428_a3_fearful.wav,0.5726214647293091
1429,a3,surprised,/srv/RL_project/repo/outputs/wav/001429_a3_surprised.wav,0.6314699649810791
1430,a3,sad,/srv/RL_project/repo/outputs/wav/001430_a3_sad.wav,0.4291050136089325
1431,a3,sad,/srv/RL_project/repo/outputs/wav/001431_a3_sad.wav,0.5741280317306519
1432,a3,fearful,/srv/RL_project/repo/outputs/wav/001432_a3_fearful.wav,0.5634819269180298
1433,a3,sad,/srv/RL_project/repo/outputs/wav/001433_a3_sad.wav,0.6122044324874878
1434,a3,happy,/srv/RL_project/repo/outputs/wav/001434_a3_happy.wav,0.657392144203186
1435,a3,happy,/srv/RL_project/repo/outputs/wav/001435_a3_happy.wav,0.539726197719574
1436,a3,fearful,/srv/RL_project/repo/outputs/wav/001436_a3_fearful.wav,0.6789754629135132
1437,a3,sad,/srv/RL_project/repo/outputs/wav/001437_a3_sad.wav,0.5928910970687866
1438,a3,neutral,/srv/RL_project/repo/outputs/wav/001438_a3_neutral.wav,0.6476230025291443
1439,a3,sad,/srv/RL_project/repo/outputs/wav/001439_a3_sad.wav,0.5806336402893066
1440,a3,angry,/srv/RL_project/repo/outputs/wav/001440_a3_angry.wav,0.5206311941146851
1441,a3,neutral,/srv/RL_project/repo/outputs/wav/001441_a3_neutral.wav,0.4914975166320801
1442,a3,happy,/srv/RL_project/repo/outputs/wav/001442_a3_happy.wav,0.5385637879371643
1443,a3,disgusted,/srv/RL_project/repo/outputs/wav/001443_a3_disgusted.wav,0.6015805602073669
1444,a3,happy,/srv/RL_project/repo/outputs/wav/001444_a3_happy.wav,0.6088391542434692
1445,a3,neutral,/srv/RL_project/repo/outputs/wav/001445_a3_neutral.wav,0.5040932893753052
1446,a3,fearful,/srv/RL_project/repo/outputs/wav/001446_a3_fearful.wav,0.49003857374191284
1447,a3,sad,/srv/RL_project/repo/outputs/wav/001447_a3_sad.wav,0.5891909003257751
1448,a3,surprised,/srv/RL_project/repo/outputs/wav/001448_a3_surprised.wav,0.5438742637634277
1449,a3,surprised,/srv/RL_project/repo/outputs/wav/001449_a3_surprised.wav,0.612402617931366
1450,a3,happy,/srv/RL_project/repo/outputs/wav/001450_a3_happy.wav,0.579685389995575
1451,a3,angry,/srv/RL_project/repo/outputs/wav/001451_a3_angry.wav,0.6144356727600098
1452,a3,surprised,/srv/RL_project/repo/outputs/wav/001452_a3_surprised.wav,0.5815221071243286
1453,a3,disgusted,/srv/RL_project/repo/outputs/wav/001453_a3_disgusted.wav,0.5632489323616028
1454,a3,fearful,/srv/RL_project/repo/outputs/wav/001454_a3_fearful.wav,0.6346242427825928
1455,a3,sad,/srv/RL_project/repo/outputs/wav/001455_a3_sad.wav,0.5083181262016296
1456,a3,neutral,/srv/RL_project/repo/outputs/wav/001456_a3_neutral.wav,0.5691009759902954
1457,a3,neutral,/srv/RL_project/repo/outputs/wav/001457_a3_neutral.wav,0.5468218922615051
1458,a3,surprised,/srv/RL_project/repo/outputs/wav/001458_a3_surprised.wav,0.4645387828350067
1459,a3,surprised,/srv/RL_project/repo/outputs/wav/001459_a3_surprised.wav,0.6185097694396973
1460,a3,fearful,/srv/RL_project/repo/outputs/wav/001460_a3_fearful.wav,0.5594762563705444
1461,a3,neutral,/srv/RL_project/repo/outputs/wav/001461_a3_neutral.wav,0.5235576629638672
1462,a3,neutral,/srv/RL_project/repo/outputs/wav/001462_a3_neutral.wav,0.555386483669281
1463,a3,happy,/srv/RL_project/repo/outputs/wav/001463_a3_happy.wav,0.448449969291687
1464,a3,sad,/srv/RL_project/repo/outputs/wav/001464_a3_sad.wav,0.5645104646682739
1465,a3,fearful,/srv/RL_project/repo/outputs/wav/001465_a3_fearful.wav,0.6463348865509033
1466,a3,neutral,/srv/RL_project/repo/outputs/wav/001466_a3_neutral.wav,0.6140581369400024
1467,a3,fearful,/srv/RL_project/repo/outputs/wav/001467_a3_fearful.wav,0.6112364530563354
1468,a3,disgusted,/srv/RL_project/repo/outputs/wav/001468_a3_disgusted.wav,0.5822217464447021
1469,a3,disgusted,/srv/RL_project/repo/outputs/wav/001469_a3_disgusted.wav,0.5336339473724365
1470,a3,happy,/srv/RL_project/repo/outputs/wav/001470_a3_happy.wav,0.5598497986793518
1471,a3,angry,/srv/RL_project/repo/outputs/wav/001471_a3_angry.wav,0.5923172235488892
1472,a3,disgusted,/srv/RL_project/repo/outputs/wav/001472_a3_disgusted.wav,0.6366023421287537
1473,a3,fearful,/srv/RL_project/repo/outputs/wav/001473_a3_fearful.wav,0.5923770666122437
1474,a3,sad,/srv/RL_project/repo/outputs/wav/001474_a3_sad.wav,0.5415143370628357
1475,a3,sad,/srv/RL_project/repo/outputs/wav/001475_a3_sad.wav,0.5234784483909607
1476,a3,happy,/srv/RL_project/repo/outputs/wav/001476_a3_happy.wav,0.596062183380127
1477,a3,surprised,/srv/RL_project/repo/outputs/wav/001477_a3_surprised.wav,0.5639106035232544
1478,a3,surprised,/srv/RL_project/repo/outputs/wav/001478_a3_surprised.wav,0.4525522291660309
1479,a3,sad,/srv/RL_project/repo/outputs/wav/001479_a3_sad.wav,0.6334474682807922
1480,a3,surprised,/srv/RL_project/repo/outputs/wav/001480_a3_surprised.wav,0.6421514749526978
1481,a3,surprised,/srv/RL_project/repo/outputs/wav/001481_a3_surprised.wav,0.5340723991394043
1482,a3,happy,/srv/RL_project/repo/outputs/wav/001482_a3_happy.wav,0.5766332745552063
1483,a3,angry,/srv/RL_project/repo/outputs/wav/001483_a3_angry.wav,0.5712999701499939
1484,a3,angry,/srv/RL_project/repo/outputs/wav/001484_a3_angry.wav,0.6166870594024658
1485,a3,happy,/srv/RL_project/repo/outputs/wav/001485_a3_happy.wav,0.5882224440574646
1486,a3,sad,/srv/RL_project/repo/outputs/wav/001486_a3_sad.wav,0.481920063495636
1487,a3,disgusted,/srv/RL_project/repo/outputs/wav/001487_a3_disgusted.wav,0.6652357578277588
1488,a3,angry,/srv/RL_project/repo/outputs/wav/001488_a3_angry.wav,0.524183452129364
1489,a3,surprised,/srv/RL_project/repo/outputs/wav/001489_a3_surprised.wav,0.6640864610671997
1490,a3,fearful,/srv/RL_project/repo/outputs/wav/001490_a3_fearful.wav,0.5890364646911621
1491,a3,neutral,/srv/RL_project/repo/outputs/wav/001491_a3_neutral.wav,0.4254634976387024
1492,a3,sad,/srv/RL_project/repo/outputs/wav/001492_a3_sad.wav,0.5390253067016602
1493,a3,sad,/srv/RL_project/repo/outputs/wav/001493_a3_sad.wav,0.48987698554992676
1494,a3,surprised,/srv/RL_project/repo/outputs/wav/001494_a3_surprised.wav,0.4262694716453552
1495,a3,surprised,/srv/RL_project/repo/outputs/wav/001495_a3_surprised.wav,0.5709444284439087
1496,a3,disgusted,/srv/RL_project/repo/outputs/wav/001496_a3_disgusted.wav,0.49328142404556274
1497,a3,angry,/srv/RL_project/repo/outputs/wav/001497_a3_angry.wav,0.5789350867271423
1498,a3,neutral,/srv/RL_project/repo/outputs/wav/001498_a3_neutral.wav,0.6111106872558594
1499,a3,neutral,/srv/RL_project/repo/outputs/wav/001499_a3_neutral.wav,0.5962486267089844
1500,a3,surprised,/srv/RL_project/repo/outputs/wav/001500_a3_surprised.wav,0.5951337814331055
1501,a3,happy,/srv/RL_project/repo/outputs/wav/001501_a3_happy.wav,0.5751610398292542
1502,a3,sad,/srv/RL_project/repo/outputs/wav/001502_a3_sad.wav,0.5742247700691223
1503,a3,surprised,/srv/RL_project/repo/outputs/wav/001503_a3_surprised.wav,0.5979365110397339
1504,a3,disgusted,/srv/RL_project/repo/outputs/wav/001504_a3_disgusted.wav,0.6371645927429199
1505,a3,neutral,/srv/RL_project/repo/outputs/wav/001505_a3_neutral.wav,0.5727248191833496
1506,a3,angry,/srv/RL_project/repo/outputs/wav/001506_a3_angry.wav,0.6352736949920654
1507,a3,disgusted,/srv/RL_project/repo/outputs/wav/001507_a3_disgusted.wav,0.5769815444946289
1508,a3,disgusted,/srv/RL_project/repo/outputs/wav/001508_a3_disgusted.wav,0.6480259299278259
1509,a3,surprised,/srv/RL_project/repo/outputs/wav/001509_a3_surprised.wav,0.5810720920562744
1510,a3,happy,/srv/RL_project/repo/outputs/wav/001510_a3_happy.wav,0.5110193490982056
1511,a3,surprised,/srv/RL_project/repo/outputs/wav/001511_a3_surprised.wav,0.4973323345184326
1512,a3,fearful,/srv/RL_project/repo/outputs/wav/001512_a3_fearful.wav,0.5742587447166443
1513,a3,fearful,/srv/RL_project/repo/outputs/wav/001513_a3_fearful.wav,0.6179490089416504
1514,a3,fearful,/srv/RL_project/repo/outputs/wav/001514_a3_fearful.wav,0.6348105072975159
1515,a3,sad,/srv/RL_project/repo/outputs/wav/001515_a3_sad.wav,0.5708538889884949
1516,a3,fearful,/srv/RL_project/repo/outputs/wav/001516_a3_fearful.wav,0.47861865162849426
1517,a3,neutral,/srv/RL_project/repo/outputs/wav/001517_a3_neutral.wav,0.7078205943107605
1518,a3,disgusted,/srv/RL_project/repo/outputs/wav/001518_a3_disgusted.wav,0.5427523255348206
1519,a3,fearful,/srv/RL_project/repo/outputs/wav/001519_a3_fearful.wav,0.4603203237056732
1520,a3,disgusted,/srv/RL_project/repo/outputs/wav/001520_a3_disgusted.wav,0.5545628666877747
1521,a3,disgusted,/srv/RL_project/repo/outputs/wav/001521_a3_disgusted.wav,0.5717085003852844
1522,a3,surprised,/srv/RL_project/repo/outputs/wav/001522_a3_surprised.wav,0.5653185844421387
1523,a3,angry,/srv/RL_project/repo/outputs/wav/001523_a3_angry.wav,0.48536255955696106
1524,a3,disgusted,/srv/RL_project/repo/outputs/wav/001524_a3_disgusted.wav,0.5635963082313538
1525,a3,neutral,/srv/RL_project/repo/outputs/wav/001525_a3_neutral.wav,0.6578116416931152
1526,a3,happy,/srv/RL_project/repo/outputs/wav/001526_a3_happy.wav,0.6235857009887695
1527,a3,neutral,/srv/RL_project/repo/outputs/wav/001527_a3_neutral.wav,0.6503400802612305
1528,a3,fearful,/srv/RL_project/repo/outputs/wav/001528_a3_fearful.wav,0.6364210247993469
1529,a3,neutral,/srv/RL_project/repo/outputs/wav/001529_a3_neutral.wav,0.5909274220466614
1530,a3,surprised,/srv/RL_project/repo/outputs/wav/001530_a3_surprised.wav,0.49430006742477417
1531,a3,happy,/srv/RL_project/repo/outputs/wav/001531_a3_happy.wav,0.6969038844108582
1532,a3,fearful,/srv/RL_project/repo/outputs/wav/001532_a3_fearful.wav,0.6065353155136108
1533,a3,surprised,/srv/RL_project/repo/outputs/wav/001533_a3_surprised.wav,0.5194193124771118
1534,a3,fearful,/srv/RL_project/repo/outputs/wav/001534_a3_fearful.wav,0.6775453090667725
1535,a3,fearful,/srv/RL_project/repo/outputs/wav/001535_a3_fearful.wav,0.5673425793647766
1536,a3,happy,/srv/RL_project/repo/outputs/wav/001536_a3_happy.wav,0.5561562776565552
1537,a3,sad,/srv/RL_project/repo/outputs/wav/001537_a3_sad.wav,0.6286895871162415
1538,a3,sad,/srv/RL_project/repo/outputs/wav/001538_a3_sad.wav,0.6595874428749084
1539,a3,surprised,/srv/RL_project/repo/outputs/wav/001539_a3_surprised.wav,0.683430016040802
1540,a3,fearful,/srv/RL_project/repo/outputs/wav/001540_a3_fearful.wav,0.535150408744812
1541,a3,neutral,/srv/RL_project/repo/outputs/wav/001541_a3_neutral.wav,0.5438822507858276
1542,a3,happy,/srv/RL_project/repo/outputs/wav/001542_a3_happy.wav,0.5685659646987915
1543,a3,angry,/srv/RL_project/repo/outputs/wav/001543_a3_angry.wav,0.6020301580429077
1544,a3,sad,/srv/RL_project/repo/outputs/wav/001544_a3_sad.wav,0.5999148488044739
1545,a3,fearful,/srv/RL_project/repo/outputs/wav/001545_a3_fearful.wav,0.6876122355461121
1546,a3,surprised,/srv/RL_project/repo/outputs/wav/001546_a3_surprised.wav,0.5998532176017761
1547,a3,happy,/srv/RL_project/repo/outputs/wav/001547_a3_happy.wav,0.38289302587509155
1548,a3,surprised,/srv/RL_project/repo/outputs/wav/001548_a3_surprised.wav,0.5615556240081787
1549,a3,happy,/srv/RL_project/repo/outputs/wav/001549_a3_happy.wav,0.4570717215538025
1550,a3,sad,/srv/RL_project/repo/outputs/wav/001550_a3_sad.wav,0.5995836853981018
1551,a3,surprised,/srv/RL_project/repo/outputs/wav/001551_a3_surprised.wav,0.6478054523468018
1552,a3,surprised,/srv/RL_project/repo/outputs/wav/001552_a3_surprised.wav,0.5254199504852295
1553,a3,fearful,/srv/RL_project/repo/outputs/wav/001553_a3_fearful.wav,0.5154552459716797
1554,a3,fearful,/srv/RL_project/repo/outputs/wav/001554_a3_fearful.wav,0.5087373852729797
1555,a3,sad,/srv/RL_project/repo/outputs/wav/001555_a3_sad.wav,0.5699098110198975
1556,a3,fearful,/srv/RL_project/repo/outputs/wav/001556_a3_fearful.wav,0.550735354423523
1557,a3,disgusted,/srv/RL_project/repo/outputs/wav/001557_a3_disgusted.wav,0.5037862062454224
1558,a3,neutral,/srv/RL_project/repo/outputs/wav/001558_a3_neutral.wav,0.6086055040359497
1559,a3,angry,/srv/RL_project/repo/outputs/wav/001559_a3_angry.wav,0.5451739430427551
1560,a3,surprised,/srv/RL_project/repo/outputs/wav/001560_a3_surprised.wav,0.6183675527572632
1561,a3,disgusted,/srv/RL_project/repo/outputs/wav/001561_a3_disgusted.wav,0.5469205379486084
1562,a3,happy,/srv/RL_project/repo/outputs/wav/001562_a3_happy.wav,0.5801214575767517
1563,a3,angry,/srv/RL_project/repo/outputs/wav/001563_a3_angry.wav,0.5602586269378662
1564,a3,angry,/srv/RL_project/repo/outputs/wav/001564_a3_angry.wav,0.5358457565307617
1565,a3,happy,/srv/RL_project/repo/outputs/wav/001565_a3_happy.wav,0.6346997022628784
1566,a3,happy,/srv/RL_project/repo/outputs/wav/001566_a3_happy.wav,0.558969259262085
1567,a3,fearful,/srv/RL_project/repo/outputs/wav/001567_a3_fearful.wav,0.6625188589096069
1568,a3,sad,/srv/RL_project/repo/outputs/wav/001568_a3_sad.wav,0.6298927068710327
1569,a3,surprised,/srv/RL_project/repo/outputs/wav/001569_a3_surprised.wav,0.39461660385131836
1570,a3,surprised,/srv/RL_project/repo/outputs/wav/001570_a3_surprised.wav,0.5663881301879883
1571,a3,surprised,/srv/RL_project/repo/outputs/wav/001571_a3_surprised.wav,0.5286496877670288
1572,a3,neutral,/srv/RL_project/repo/outputs/wav/001572_a3_neutral.wav,0.6261566877365112
1573,a3,disgusted,/srv/RL_project/repo/outputs/wav/001573_a3_disgusted.wav,0.5602374076843262
1574,a3,disgusted,/srv/RL_project/repo/outputs/wav/001574_a3_disgusted.wav,0.6649882197380066
1575,a3,disgusted,/srv/RL_project/repo/outputs/wav/001575_a3_disgusted.wav,0.5309565663337708
1576,a3,surprised,/srv/RL_project/repo/outputs/wav/001576_a3_surprised.wav,0.43935394287109375
1577,a3,disgusted,/srv/RL_project/repo/outputs/wav/001577_a3_disgusted.wav,0.62436842918396
1578,a3,neutral,/srv/RL_project/repo/outputs/wav/001578_a3_neutral.wav,0.5216273665428162
1579,a3,angry,/srv/RL_project/repo/outputs/wav/001579_a3_angry.wav,0.511964738368988
1580,a3,happy,/srv/RL_project/repo/outputs/wav/001580_a3_happy.wav,0.5567401051521301
1581,a3,happy,/srv/RL_project/repo/outputs/wav/001581_a3_happy.wav,0.5621379613876343
1582,a3,sad,/srv/RL_project/repo/outputs/wav/001582_a3_sad.wav,0.5361567139625549
1583,a3,disgusted,/srv/RL_project/repo/outputs/wav/001583_a3_disgusted.wav,0.542681872844696
1584,a3,fearful,/srv/RL_project/repo/outputs/wav/001584_a3_fearful.wav,0.6382022500038147
1585,a3,angry,/srv/RL_project/repo/outputs/wav/001585_a3_angry.wav,0.6141010522842407
1586,a3,disgusted,/srv/RL_project/repo/outputs/wav/001586_a3_disgusted.wav,0.614605188369751
1587,a3,neutral,/srv/RL_project/repo/outputs/wav/001587_a3_neutral.wav,0.5234646201133728
1588,a3,angry,/srv/RL_project/repo/outputs/wav/001588_a3_angry.wav,0.62501060962677
1589,a3,fearful,/srv/RL_project/repo/outputs/wav/001589_a3_fearful.wav,0.46571430563926697
1590,a3,disgusted,/srv/RL_project/repo/outputs/wav/001590_a3_disgusted.wav,0.5469111204147339
1591,a3,neutral,/srv/RL_project/repo/outputs/wav/001591_a3_neutral.wav,0.5722013711929321
1592,a3,fearful,/srv/RL_project/repo/outputs/wav/001592_a3_fearful.wav,0.5154404044151306
1593,a3,fearful,/srv/RL_project/repo/outputs/wav/001593_a3_fearful.wav,0.5521641969680786
1594,a3,disgusted,/srv/RL_project/repo/outputs/wav/001594_a3_disgusted.wav,0.5826461911201477
1595,a3,happy,/srv/RL_project/repo/outputs/wav/001595_a3_happy.wav,0.5247587561607361
1596,a3,disgusted,/srv/RL_project/repo/outputs/wav/001596_a3_disgusted.wav,0.5207076072692871
1597,a3,angry,/srv/RL_project/repo/outputs/wav/001597_a3_angry.wav,0.6603136658668518
1598,a3,angry,/srv/RL_project/repo/outputs/wav/001598_a3_angry.wav,0.53389972448349
1599,a3,happy,/srv/RL_project/repo/outputs/wav/001599_a3_happy.wav,0.4500879645347595
1600,a3,sad,/srv/RL_project/repo/outputs/wav/001600_a3_sad.wav,0.558417022228241
1601,a3,neutral,/srv/RL_project/repo/outputs/wav/001601_a3_neutral.wav,0.503410279750824
1602,a3,sad,/srv/RL_project/repo/outputs/wav/001602_a3_sad.wav,0.5736777186393738
1603,a3,surprised,/srv/RL_project/repo/outputs/wav/001603_a3_surprised.wav,0.5271293520927429
1604,a3,angry,/srv/RL_project/repo/outputs/wav/001604_a3_angry.wav,0.5595360398292542
1605,a3,surprised,/srv/RL_project/repo/outputs/wav/001605_a3_surprised.wav,0.47573432326316833
1606,a3,fearful,/srv/RL_project/repo/outputs/wav/001606_a3_fearful.wav,0.6279321908950806
1607,a3,surprised,/srv/RL_project/repo/outputs/wav/001607_a3_surprised.wav,0.5768452286720276
1608,a3,fearful,/srv/RL_project/repo/outputs/wav/001608_a3_fearful.wav,0.6970697045326233
1609,a3,neutral,/srv/RL_project/repo/outputs/wav/001609_a3_neutral.wav,0.6476327180862427
1610,a3,surprised,/srv/RL_project/repo/outputs/wav/001610_a3_surprised.wav,0.5539419054985046
1611,a3,fearful,/srv/RL_project/repo/outputs/wav/001611_a3_fearful.wav,0.44459110498428345
1612,a3,sad,/srv/RL_project/repo/outputs/wav/001612_a3_sad.wav,0.6284935474395752
1613,a3,neutral,/srv/RL_project/repo/outputs/wav/001613_a3_neutral.wav,0.47482866048812866
1614,a3,surprised,/srv/RL_project/repo/outputs/wav/001614_a3_surprised.wav,0.5950320959091187
1615,a3,angry,/srv/RL_project/repo/outputs/wav/001615_a3_angry.wav,0.520998477935791
1616,a3,angry,/srv/RL_project/repo/outputs/wav/001616_a3_angry.wav,0.6234836578369141
1617,a3,sad,/srv/RL_project/repo/outputs/wav/001617_a3_sad.wav,0.5651323199272156
1618,a3,sad,/srv/RL_project/repo/outputs/wav/001618_a3_sad.wav,0.57505202293396
1619,a3,angry,/srv/RL_project/repo/outputs/wav/001619_a3_angry.wav,0.558400571346283
1620,a3,neutral,/srv/RL_project/repo/outputs/wav/001620_a3_neutral.wav,0.630495548248291
1621,a3,fearful,/srv/RL_project/repo/outputs/wav/001621_a3_fearful.wav,0.5727635025978088
1622,a3,surprised,/srv/RL_project/repo/outputs/wav/001622_a3_surprised.wav,0.6164685487747192
1623,a3,fearful,/srv/RL_project/repo/outputs/wav/001623_a3_fearful.wav,0.5771854519844055
1624,a3,sad,/srv/RL_project/repo/outputs/wav/001624_a3_sad.wav,0.5325201153755188
1625,a3,happy,/srv/RL_project/repo/outputs/wav/001625_a3_happy.wav,0.3955553472042084
1626,a3,sad,/srv/RL_project/repo/outputs/wav/001626_a3_sad.wav,0.5165071487426758
1627,a3,disgusted,/srv/RL_project/repo/outputs/wav/001627_a3_disgusted.wav,0.4802863597869873
1628,a3,surprised,/srv/RL_project/repo/outputs/wav/001628_a3_surprised.wav,0.38611912727355957
1629,a3,angry,/srv/RL_project/repo/outputs/wav/001629_a3_angry.wav,0.7045719623565674
1630,a3,happy,/srv/RL_project/repo/outputs/wav/001630_a3_happy.wav,0.5874673128128052
1631,a3,surprised,/srv/RL_project/repo/outputs/wav/001631_a3_surprised.wav,0.5388839244842529
1632,a3,angry,/srv/RL_project/repo/outputs/wav/001632_a3_angry.wav,0.6440089344978333
1633,a3,surprised,/srv/RL_project/repo/outputs/wav/001633_a3_surprised.wav,0.6935497522354126
1634,a3,sad,/srv/RL_project/repo/outputs/wav/001634_a3_sad.wav,0.5894022583961487
1635,a3,happy,/srv/RL_project/repo/outputs/wav/001635_a3_happy.wav,0.5581917762756348
1636,a3,happy,/srv/RL_project/repo/outputs/wav/001636_a3_happy.wav,0.5802790522575378
1637,a3,angry,/srv/RL_project/repo/outputs/wav/001637_a3_angry.wav,0.6248842477798462
1638,a3,happy,/srv/RL_project/repo/outputs/wav/001638_a3_happy.wav,0.6562387943267822
1639,a3,sad,/srv/RL_project/repo/outputs/wav/001639_a3_sad.wav,0.6640599966049194
1640,a3,happy,/srv/RL_project/repo/outputs/wav/001640_a3_happy.wav,0.6207726001739502
1641,a3,disgusted,/srv/RL_project/repo/outputs/wav/001641_a3_disgusted.wav,0.5424158573150635
1642,a3,disgusted,/srv/RL_project/repo/outputs/wav/001642_a3_disgusted.wav,0.5717107057571411
1643,a3,happy,/srv/RL_project/repo/outputs/wav/001643_a3_happy.wav,0.5396155118942261
1644,a3,happy,/srv/RL_project/repo/outputs/wav/001644_a3_happy.wav,0.5575035810470581
1645,a3,fearful,/srv/RL_project/repo/outputs/wav/001645_a3_fearful.wav,0.5333475470542908
1646,a3,angry,/srv/RL_project/repo/outputs/wav/001646_a3_angry.wav,0.5929827690124512
1647,a3,neutral,/srv/RL_project/repo/outputs/wav/001647_a3_neutral.wav,0.5286411046981812
1648,a3,neutral,/srv/RL_project/repo/outputs/wav/001648_a3_neutral.wav,0.6194871664047241
1649,a3,fearful,/srv/RL_project/repo/outputs/wav/001649_a3_fearful.wav,0.6774957180023193
1650,a3,disgusted,/srv/RL_project/repo/outputs/wav/001650_a3_disgusted.wav,0.5150403380393982
1651,a3,happy,/srv/RL_project/repo/outputs/wav/001651_a3_happy.wav,0.5326237678527832
1652,a3,neutral,/srv/RL_project/repo/outputs/wav/001652_a3_neutral.wav,0.5527828931808472
1653,a3,disgusted,/srv/RL_project/repo/outputs/wav/001653_a3_disgusted.wav,0.6063899397850037
1654,a3,happy,/srv/RL_project/repo/outputs/wav/001654_a3_happy.wav,0.5809861421585083
1655,a3,sad,/srv/RL_project/repo/outputs/wav/001655_a3_sad.wav,0.48761966824531555
1656,a3,disgusted,/srv/RL_project/repo/outputs/wav/001656_a3_disgusted.wav,0.4291079044342041
1657,a3,fearful,/srv/RL_project/repo/outputs/wav/001657_a3_fearful.wav,0.5405657291412354
1658,a3,angry,/srv/RL_project/repo/outputs/wav/001658_a3_angry.wav,0.5634870529174805
1659,a3,sad,/srv/RL_project/repo/outputs/wav/001659_a3_sad.wav,0.6122053861618042
1660,a3,happy,/srv/RL_project/repo/outputs/wav/001660_a3_happy.wav,0.6573941111564636
1661,a3,sad,/srv/RL_project/repo/outputs/wav/001661_a3_sad.wav,0.5397312045097351
1662,a3,fearful,/srv/RL_project/repo/outputs/wav/001662_a3_fearful.wav,0.5925790071487427
1663,a3,sad,/srv/RL_project/repo/outputs/wav/001663_a3_sad.wav,0.5928958058357239
1664,a3,surprised,/srv/RL_project/repo/outputs/wav/001664_a3_surprised.wav,0.647627592086792
1665,a3,angry,/srv/RL_project/repo/outputs/wav/001665_a3_angry.wav,0.5806295275688171
1666,a3,fearful,/srv/RL_project/repo/outputs/wav/001666_a3_fearful.wav,0.557458758354187
1667,a3,disgusted,/srv/RL_project/repo/outputs/wav/001667_a3_disgusted.wav,0.4914954900741577
1668,a3,fearful,/srv/RL_project/repo/outputs/wav/001668_a3_fearful.wav,0.5385607481002808
1669,a3,sad,/srv/RL_project/repo/outputs/wav/001669_a3_sad.wav,0.4943199157714844
1670,a3,neutral,/srv/RL_project/repo/outputs/wav/001670_a3_neutral.wav,0.6088390350341797
1671,a3,sad,/srv/RL_project/repo/outputs/wav/001671_a3_sad.wav,0.5173028707504272
1672,a3,angry,/srv/RL_project/repo/outputs/wav/001672_a3_angry.wav,0.4570319652557373
1673,a3,surprised,/srv/RL_project/repo/outputs/wav/001673_a3_surprised.wav,0.5891937613487244
1674,a3,disgusted,/srv/RL_project/repo/outputs/wav/001674_a3_disgusted.wav,0.5438637733459473
1675,a3,angry,/srv/RL_project/repo/outputs/wav/001675_a3_angry.wav,0.6124039888381958
1676,a3,disgusted,/srv/RL_project/repo/outputs/wav/001676_a3_disgusted.wav,0.5679660439491272
1677,a3,neutral,/srv/RL_project/repo/outputs/wav/001677_a3_neutral.wav,0.6144392490386963
1678,a3,sad,/srv/RL_project/repo/outputs/wav/001678_a3_sad.wav,0.5815209746360779
1679,a3,neutral,/srv/RL_project/repo/outputs/wav/001679_a3_neutral.wav,0.5601650476455688
1680,a3,neutral,/srv/RL_project/repo/outputs/wav/001680_a3_neutral.wav,0.6346250772476196
1681,a3,neutral,/srv/RL_project/repo/outputs/wav/001681_a3_neutral.wav,0.5083157420158386
1682,a3,surprised,/srv/RL_project/repo/outputs/wav/001682_a3_surprised.wav,0.5765005946159363
1683,a3,happy,/srv/RL_project/repo/outputs/wav/001683_a3_happy.wav,0.5468205213546753
1684,a3,sad,/srv/RL_project/repo/outputs/wav/001684_a3_sad.wav,0.6032446622848511
1685,a3,surprised,/srv/RL_project/repo/outputs/wav/001685_a3_surprised.wav,0.6198089718818665
1686,a3,surprised,/srv/RL_project/repo/outputs/wav/001686_a3_surprised.wav,0.6196292042732239
1687,a3,sad,/srv/RL_project/repo/outputs/wav/001687_a3_sad.wav,0.6077920198440552
1688,a3,sad,/srv/RL_project/repo/outputs/wav/001688_a3_sad.wav,0.5345989465713501
1689,a3,happy,/srv/RL_project/repo/outputs/wav/001689_a3_happy.wav,0.5371009111404419
1690,a3,angry,/srv/RL_project/repo/outputs/wav/001690_a3_angry.wav,0.5843585729598999
1691,a3,disgusted,/srv/RL_project/repo/outputs/wav/001691_a3_disgusted.wav,0.5307325720787048
1692,a3,fearful,/srv/RL_project/repo/outputs/wav/001692_a3_fearful.wav,0.5221306085586548
1693,a3,surprised,/srv/RL_project/repo/outputs/wav/001693_a3_surprised.wav,0.6390466094017029
1694,a3,happy,/srv/RL_project/repo/outputs/wav/001694_a3_happy.wav,0.5822170376777649
1695,a3,sad,/srv/RL_project/repo/outputs/wav/001695_a3_sad.wav,0.5336342453956604
1696,a3,neutral,/srv/RL_project/repo/outputs/wav/001696_a3_neutral.wav,0.559853732585907
1697,a3,disgusted,/srv/RL_project/repo/outputs/wav/001697_a3_disgusted.wav,0.5771719813346863
1698,a3,sad,/srv/RL_project/repo/outputs/wav/001698_a3_sad.wav,0.6366032361984253
1699,a3,surprised,/srv/RL_project/repo/outputs/wav/001699_a3_surprised.wav,0.5732021927833557
1700,a3,angry,/srv/RL_project/repo/outputs/wav/001700_a3_angry.wav,0.5415109395980835
1701,a3,fearful,/srv/RL_project/repo/outputs/wav/001701_a3_fearful.wav,0.5942139625549316
1702,a3,angry,/srv/RL_project/repo/outputs/wav/001702_a3_angry.wav,0.6055713295936584
1703,a3,surprised,/srv/RL_project/repo/outputs/wav/001703_a3_surprised.wav,0.5639078617095947
1704,a3,disgusted,/srv/RL_project/repo/outputs/wav/001704_a3_disgusted.wav,0.45255613327026367
1705,a3,surprised,/srv/RL_project/repo/outputs/wav/001705_a3_surprised.wav,0.6334521770477295
1706,a3,neutral,/srv/RL_project/repo/outputs/wav/001706_a3_neutral.wav,0.6317874193191528
1707,a3,happy,/srv/RL_project/repo/outputs/wav/001707_a3_happy.wav,0.5340639352798462
1708,a3,neutral,/srv/RL_project/repo/outputs/wav/001708_a3_neutral.wav,0.5766222476959229
1709,a3,surprised,/srv/RL_project/repo/outputs/wav/001709_a3_surprised.wav,0.6154438257217407
1710,a3,neutral,/srv/RL_project/repo/outputs/wav/001710_a3_neutral.wav,0.6166973114013672
1711,a3,angry,/srv/RL_project/repo/outputs/wav/001711_a3_angry.wav,0.5882237553596497
1712,a3,disgusted,/srv/RL_project/repo/outputs/wav/001712_a3_disgusted.wav,0.5365792512893677
1713,a3,surprised,/srv/RL_project/repo/outputs/wav/001713_a3_surprised.wav,0.665237307548523
1714,a3,fearful,/srv/RL_project/repo/outputs/wav/001714_a3_fearful.wav,0.5241905450820923
1715,a3,surprised,/srv/RL_project/repo/outputs/wav/001715_a3_surprised.wav,0.6640884280204773
1716,a3,happy,/srv/RL_project/repo/outputs/wav/001716_a3_happy.wav,0.5742183923721313
1717,a3,fearful,/srv/RL_project/repo/outputs/wav/001717_a3_fearful.wav,0.4254600703716278
1718,a3,angry,/srv/RL_project/repo/outputs/wav/001718_a3_angry.wav,0.6084886193275452
1719,a3,fearful,/srv/RL_project/repo/outputs/wav/001719_a3_fearful.wav,0.5494480729103088
1720,a3,surprised,/srv/RL_project/repo/outputs/wav/001720_a3_surprised.wav,0.42627739906311035
1721,a3,surprised,/srv/RL_project/repo/outputs/wav/001721_a3_surprised.wav,0.570942759513855
1722,a3,disgusted,/srv/RL_project/repo/outputs/wav/001722_a3_disgusted.wav,0.581166684627533
1723,a3,fearful,/srv/RL_project/repo/outputs/wav/001723_a3_fearful.wav,0.5110917091369629
1724,a3,surprised,/srv/RL_project/repo/outputs/wav/001724_a3_surprised.wav,0.6111147403717041
1725,a3,fearful,/srv/RL_project/repo/outputs/wav/001725_a3_fearful.wav,0.6278218626976013
1726,a3,neutral,/srv/RL_project/repo/outputs/wav/001726_a3_neutral.wav,0.3956354856491089
1727,a3,sad,/srv/RL_project/repo/outputs/wav/001727_a3_sad.wav,0.5751657485961914
1728,a3,neutral,/srv/RL_project/repo/outputs/wav/001728_a3_neutral.wav,0.6062270998954773
1729,a3,happy,/srv/RL_project/repo/outputs/wav/001729_a3_happy.wav,0.597934365272522
1730,a3,sad,/srv/RL_project/repo/outputs/wav/001730_a3_sad.wav,0.5961113572120667
1731,a3,disgusted,/srv/RL_project/repo/outputs/wav/001731_a3_disgusted.wav,0.6071661710739136
1732,a3,surprised,/srv/RL_project/repo/outputs/wav/001732_a3_surprised.wav,0.5990375280380249
1733,a3,fearful,/srv/RL_project/repo/outputs/wav/001733_a3_fearful.wav,0.5769841074943542
1734,a3,neutral,/srv/RL_project/repo/outputs/wav/001734_a3_neutral.wav,0.6480247378349304
1735,a3,fearful,/srv/RL_project/repo/outputs/wav/001735_a3_fearful.wav,0.5810734033584595
1736,a3,disgusted,/srv/RL_project/repo/outputs/wav/001736_a3_disgusted.wav,0.5110172033309937
1737,a3,fearful,/srv/RL_project/repo/outputs/wav/001737_a3_fearful.wav,0.5025919675827026
1738,a3,happy,/srv/RL_project/repo/outputs/wav/001738_a3_happy.wav,0.5742532014846802
1739,a3,happy,/srv/RL_project/repo/outputs/wav/001739_a3_happy.wav,0.497174471616745
1740,a3,neutral,/srv/RL_project/repo/outputs/wav/001740_a3_neutral.wav,0.6180148720741272
1741,a3,neutral,/srv/RL_project/repo/outputs/wav/001741_a3_neutral.wav,0.6185457706451416
1742,a3,neutral,/srv/RL_project/repo/outputs/wav/001742_a3_neutral.wav,0.5934665203094482
1743,a3,sad,/srv/RL_project/repo/outputs/wav/001743_a3_sad.wav,0.6359913349151611
1744,a3,neutral,/srv/RL_project/repo/outputs/wav/001744_a3_neutral.wav,0.5427515506744385
1745,a3,fearful,/srv/RL_project/repo/outputs/wav/001745_a3_fearful.wav,0.46031996607780457
1746,a3,fearful,/srv/RL_project/repo/outputs/wav/001746_a3_fearful.wav,0.45194143056869507
1747,a3,fearful,/srv/RL_project/repo/outputs/wav/001747_a3_fearful.wav,0.5717135667800903
1748,a3,sad,/srv/RL_project/repo/outputs/wav/001748_a3_sad.wav,0.5653297305107117
1749,a3,angry,/srv/RL_project/repo/outputs/wav/001749_a3_angry.wav,0.48537489771842957
1750,a3,disgusted,/srv/RL_project/repo/outputs/wav/001750_a3_disgusted.wav,0.5635899305343628
1751,a3,disgusted,/srv/RL_project/repo/outputs/wav/001751_a3_disgusted.wav,0.6578116416931152
1752,a3,disgusted,/srv/RL_project/repo/outputs/wav/001752_a3_disgusted.wav,0.623582124710083
1753,a3,happy,/srv/RL_project/repo/outputs/wav/001753_a3_happy.wav,0.5994347333908081
1754,a3,angry,/srv/RL_project/repo/outputs/wav/001754_a3_angry.wav,0.5865247249603271
1755,a3,surprised,/srv/RL_project/repo/outputs/wav/001755_a3_surprised.wav,0.5909229516983032
1756,a3,surprised,/srv/RL_project/repo/outputs/wav/001756_a3_surprised.wav,0.49429523944854736
1757,a3,neutral,/srv/RL_project/repo/outputs/wav/001757_a3_neutral.wav,0.6969100832939148
1758,a3,happy,/srv/RL_project/repo/outputs/wav/001758_a3_happy.wav,0.6065343618392944
1759,a3,angry,/srv/RL_project/repo/outputs/wav/001759_a3_angry.wav,0.5194087624549866
1760,a3,disgusted,/srv/RL_project/repo/outputs/wav/001760_a3_disgusted.wav,0.6775408983230591
1761,a3,sad,/srv/RL_project/repo/outputs/wav/001761_a3_sad.wav,0.5673474669456482
1762,a3,happy,/srv/RL_project/repo/outputs/wav/001762_a3_happy.wav,0.556160569190979
1763,a3,happy,/srv/RL_project/repo/outputs/wav/001763_a3_happy.wav,0.6251567006111145
1764,a3,happy,/srv/RL_project/repo/outputs/wav/001764_a3_happy.wav,0.6595866084098816
1765,a3,happy,/srv/RL_project/repo/outputs/wav/001765_a3_happy.wav,0.6834276914596558
1766,a3,happy,/srv/RL_project/repo/outputs/wav/001766_a3_happy.wav,0.5351465940475464
1767,a3,angry,/srv/RL_project/repo/outputs/wav/001767_a3_angry.wav,0.6112772226333618
1768,a3,sad,/srv/RL_project/repo/outputs/wav/001768_a3_sad.wav,0.568571150302887
1769,a3,disgusted,/srv/RL_project/repo/outputs/wav/001769_a3_disgusted.wav,0.6020300388336182
1770,a3,surprised,/srv/RL_project/repo/outputs/wav/001770_a3_surprised.wav,0.5999175310134888
1771,a3,disgusted,/srv/RL_project/repo/outputs/wav/001771_a3_disgusted.wav,0.6650062799453735
1772,a3,surprised,/srv/RL_project/repo/outputs/wav/001772_a3_surprised.wav,0.5464788675308228
1773,a3,happy,/srv/RL_project/repo/outputs/wav/001773_a3_happy.wav,0.38291940093040466
1774,a3,angry,/srv/RL_project/repo/outputs/wav/001774_a3_angry.wav,0.548729658126831
1775,a3,happy,/srv/RL_project/repo/outputs/wav/001775_a3_happy.wav,0.45706623792648315
1776,a3,fearful,/srv/RL_project/repo/outputs/wav/001776_a3_fearful.wav,0.5744262933731079
1777,a3,disgusted,/srv/RL_project/repo/outputs/wav/001777_a3_disgusted.wav,0.6478114128112793
1778,a3,surprised,/srv/RL_project/repo/outputs/wav/001778_a3_surprised.wav,0.5254250764846802
1779,a3,neutral,/srv/RL_project/repo/outputs/wav/001779_a3_neutral.wav,0.5333334803581238
1780,a3,fearful,/srv/RL_project/repo/outputs/wav/001780_a3_fearful.wav,0.5087342262268066
1781,a3,neutral,/srv/RL_project/repo/outputs/wav/001781_a3_neutral.wav,0.569912314414978
1782,a3,disgusted,/srv/RL_project/repo/outputs/wav/001782_a3_disgusted.wav,0.5507336854934692
1783,a3,sad,/srv/RL_project/repo/outputs/wav/001783_a3_sad.wav,0.5037921667098999
1784,a3,fearful,/srv/RL_project/repo/outputs/wav/001784_a3_fearful.wav,0.6086130738258362
1785,a3,happy,/srv/RL_project/repo/outputs/wav/001785_a3_happy.wav,0.5451749563217163
1786,a3,disgusted,/srv/RL_project/repo/outputs/wav/001786_a3_disgusted.wav,0.5933422446250916
1787,a3,neutral,/srv/RL_project/repo/outputs/wav/001787_a3_neutral.wav,0.546912431716919
1788,a3,disgusted,/srv/RL_project/repo/outputs/wav/001788_a3_disgusted.wav,0.5801335573196411
1789,a3,fearful,/srv/RL_project/repo/outputs/wav/001789_a3_fearful.wav,0.5602678656578064
1790,a3,disgusted,/srv/RL_project/repo/outputs/wav/001790_a3_disgusted.wav,0.466050386428833
1791,a3,neutral,/srv/RL_project/repo/outputs/wav/001791_a3_neutral.wav,0.6347053050994873
1792,a3,angry,/srv/RL_project/repo/outputs/wav/001792_a3_angry.wav,0.5589694380760193
1793,a3,disgusted,/srv/RL_project/repo/outputs/wav/001793_a3_disgusted.wav,0.6625173091888428
1794,a3,sad,/srv/RL_project/repo/outputs/wav/001794_a3_sad.wav,0.609640896320343
1795,a3,neutral,/srv/RL_project/repo/outputs/wav/001795_a3_neutral.wav,0.3946131467819214
1796,a3,disgusted,/srv/RL_project/repo/outputs/wav/001796_a3_disgusted.wav,0.5663828253746033
1797,a3,happy,/srv/RL_project/repo/outputs/wav/001797_a3_happy.wav,0.5286481380462646
1798,a3,disgusted,/srv/RL_project/repo/outputs/wav/001798_a3_disgusted.wav,0.62567138671875
1799,a3,neutral,/srv/RL_project/repo/outputs/wav/001799_a3_neutral.wav,0.5602370500564575
1800,a3,neutral,/srv/RL_project/repo/outputs/wav/001800_a3_neutral.wav,0.6649861335754395
1801,a3,happy,/srv/RL_project/repo/outputs/wav/001801_a3_happy.wav,0.48245424032211304
1802,a3,disgusted,/srv/RL_project/repo/outputs/wav/001802_a3_disgusted.wav,0.6070290207862854
1803,a3,happy,/srv/RL_project/repo/outputs/wav/001803_a3_happy.wav,0.5490946769714355
1804,a3,sad,/srv/RL_project/repo/outputs/wav/001804_a3_sad.wav,0.5216255187988281
1805,a3,disgusted,/srv/RL_project/repo/outputs/wav/001805_a3_disgusted.wav,0.5119669437408447
1806,a3,surprised,/srv/RL_project/repo/outputs/wav/001806_a3_surprised.wav,0.4779750406742096
1807,a3,surprised,/srv/RL_project/repo/outputs/wav/001807_a3_surprised.wav,0.5621432662010193
1808,a3,happy,/srv/RL_project/repo/outputs/wav/001808_a3_happy.wav,0.5361546277999878
1809,a3,happy,/srv/RL_project/repo/outputs/wav/001809_a3_happy.wav,0.5426925420761108
1810,a3,disgusted,/srv/RL_project/repo/outputs/wav/001810_a3_disgusted.wav,0.6382017135620117
1811,a3,disgusted,/srv/RL_project/repo/outputs/wav/001811_a3_disgusted.wav,0.6141036748886108
1812,a3,fearful,/srv/RL_project/repo/outputs/wav/001812_a3_fearful.wav,0.5879431366920471
1813,a3,angry,/srv/RL_project/repo/outputs/wav/001813_a3_angry.wav,0.5234578251838684
1814,a3,surprised,/srv/RL_project/repo/outputs/wav/001814_a3_surprised.wav,0.5567097663879395
1815,a3,disgusted,/srv/RL_project/repo/outputs/wav/001815_a3_disgusted.wav,0.572321891784668
1816,a3,fearful,/srv/RL_project/repo/outputs/wav/001816_a3_fearful.wav,0.5469135046005249
1817,a3,disgusted,/srv/RL_project/repo/outputs/wav/001817_a3_disgusted.wav,0.572196364402771
1818,a3,happy,/srv/RL_project/repo/outputs/wav/001818_a3_happy.wav,0.5154258012771606
1819,a3,fearful,/srv/RL_project/repo/outputs/wav/001819_a3_fearful.wav,0.5521609783172607
1820,a3,fearful,/srv/RL_project/repo/outputs/wav/001820_a3_fearful.wav,0.5826536417007446
1821,a3,surprised,/srv/RL_project/repo/outputs/wav/001821_a3_surprised.wav,0.5569283366203308
1822,a3,neutral,/srv/RL_project/repo/outputs/wav/001822_a3_neutral.wav,0.5207138061523438
1823,a3,neutral,/srv/RL_project/repo/outputs/wav/001823_a3_neutral.wav,0.660315990447998
1824,a3,disgusted,/srv/RL_project/repo/outputs/wav/001824_a3_disgusted.wav,0.5338959097862244
1825,a3,surprised,/srv/RL_project/repo/outputs/wav/001825_a3_surprised.wav,0.45009082555770874
1826,a3,disgusted,/srv/RL_project/repo/outputs/wav/001826_a3_disgusted.wav,0.5584119558334351
1827,a3,happy,/srv/RL_project/repo/outputs/wav/001827_a3_happy.wav,0.5399681329727173
1828,a3,sad,/srv/RL_project/repo/outputs/wav/001828_a3_sad.wav,0.5736774206161499
1829,a3,neutral,/srv/RL_project/repo/outputs/wav/001829_a3_neutral.wav,0.5271317362785339
1830,a3,fearful,/srv/RL_project/repo/outputs/wav/001830_a3_fearful.wav,0.6230740547180176
1831,a3,surprised,/srv/RL_project/repo/outputs/wav/001831_a3_surprised.wav,0.4757278859615326
1832,a3,neutral,/srv/RL_project/repo/outputs/wav/001832_a3_neutral.wav,0.5651882886886597
1833,a3,sad,/srv/RL_project/repo/outputs/wav/001833_a3_sad.wav,0.6146768927574158
1834,a3,happy,/srv/RL_project/repo/outputs/wav/001834_a3_happy.wav,0.6082704067230225
1835,a3,fearful,/srv/RL_project/repo/outputs/wav/001835_a3_fearful.wav,0.6476396918296814
1836,a3,angry,/srv/RL_project/repo/outputs/wav/001836_a3_angry.wav,0.4853426218032837
1837,a3,surprised,/srv/RL_project/repo/outputs/wav/001837_a3_surprised.wav,0.44458991289138794
1838,a3,surprised,/srv/RL_project/repo/outputs/wav/001838_a3_surprised.wav,0.6265977025032043
1839,a3,angry,/srv/RL_project/repo/outputs/wav/001839_a3_angry.wav,0.47482192516326904
1840,a3,sad,/srv/RL_project/repo/outputs/wav/001840_a3_sad.wav,0.5950390100479126
1841,a3,surprised,/srv/RL_project/repo/outputs/wav/001841_a3_surprised.wav,0.44429317116737366
1842,a3,fearful,/srv/RL_project/repo/outputs/wav/001842_a3_fearful.wav,0.6234873533248901
1843,a3,surprised,/srv/RL_project/repo/outputs/wav/001843_a3_surprised.wav,0.5651326179504395
1844,a3,disgusted,/srv/RL_project/repo/outputs/wav/001844_a3_disgusted.wav,0.49468153715133667
1845,a3,happy,/srv/RL_project/repo/outputs/wav/001845_a3_happy.wav,0.6086803674697876
1846,a3,happy,/srv/RL_project/repo/outputs/wav/001846_a3_happy.wav,0.6304929256439209
1847,a3,happy,/srv/RL_project/repo/outputs/wav/001847_a3_happy.wav,0.5142785906791687
1848,a3,surprised,/srv/RL_project/repo/outputs/wav/001848_a3_surprised.wav,0.6164719462394714
1849,a3,disgusted,/srv/RL_project/repo/outputs/wav/001849_a3_disgusted.wav,0.586380124092102
1850,a3,surprised,/srv/RL_project/repo/outputs/wav/001850_a3_surprised.wav,0.6398294568061829
1851,a3,sad,/srv/RL_project/repo/outputs/wav/001851_a3_sad.wav,0.395559698343277
1852,a3,happy,/srv/RL_project/repo/outputs/wav/001852_a3_happy.wav,0.5165148377418518
1853,a3,disgusted,/srv/RL_project/repo/outputs/wav/001853_a3_disgusted.wav,0.48029035329818726
1854,a3,sad,/srv/RL_project/repo/outputs/wav/001854_a3_sad.wav,0.38612160086631775
1855,a3,sad,/srv/RL_project/repo/outputs/wav/001855_a3_sad.wav,0.7045693397521973
1856,a3,surprised,/srv/RL_project/repo/outputs/wav/001856_a3_surprised.wav,0.5874655246734619
1857,a3,sad,/srv/RL_project/repo/outputs/wav/001857_a3_sad.wav,0.5388887524604797
1858,a3,neutral,/srv/RL_project/repo/outputs/wav/001858_a3_neutral.wav,0.6191616058349609
1859,a3,angry,/srv/RL_project/repo/outputs/wav/001859_a3_angry.wav,0.6935546398162842
1860,a3,surprised,/srv/RL_project/repo/outputs/wav/001860_a3_surprised.wav,0.6066721677780151
1861,a3,surprised,/srv/RL_project/repo/outputs/wav/001861_a3_surprised.wav,0.5581967234611511
1862,a3,happy,/srv/RL_project/repo/outputs/wav/001862_a3_happy.wav,0.648765504360199
1863,a3,happy,/srv/RL_project/repo/outputs/wav/001863_a3_happy.wav,0.6248825192451477
1864,a3,sad,/srv/RL_project/repo/outputs/wav/001864_a3_sad.wav,0.6562398076057434
1865,a3,angry,/srv/RL_project/repo/outputs/wav/001865_a3_angry.wav,0.664068341255188
1866,a3,neutral,/srv/RL_project/repo/outputs/wav/001866_a3_neutral.wav,0.5693084001541138
1867,a3,sad,/srv/RL_project/repo/outputs/wav/001867_a3_sad.wav,0.5424225330352783
1868,a3,neutral,/srv/RL_project/repo/outputs/wav/001868_a3_neutral.wav,0.5717101693153381
1869,a3,surprised,/srv/RL_project/repo/outputs/wav/001869_a3_surprised.wav,0.4645807147026062
1870,a3,disgusted,/srv/RL_project/repo/outputs/wav/001870_a3_disgusted.wav,0.5575037002563477
1871,a3,sad,/srv/RL_project/repo/outputs/wav/001871_a3_sad.wav,0.5333477854728699
1872,a3,happy,/srv/RL_project/repo/outputs/wav/001872_a3_happy.wav,0.5790642499923706
1873,a3,surprised,/srv/RL_project/repo/outputs/wav/001873_a3_surprised.wav,0.6149693727493286
1874,a3,disgusted,/srv/RL_project/repo/outputs/wav/001874_a3_disgusted.wav,0.6194891929626465
1875,a3,angry,/srv/RL_project/repo/outputs/wav/001875_a3_angry.wav,0.6774981617927551
1876,a3,surprised,/srv/RL_project/repo/outputs/wav/001876_a3_surprised.wav,0.5150430798530579
1877,a3,angry,/srv/RL_project/repo/outputs/wav/001877_a3_angry.wav,0.5326242446899414
1878,a3,fearful,/srv/RL_project/repo/outputs/wav/001878_a3_fearful.wav,0.5527865290641785
1879,a3,angry,/srv/RL_project/repo/outputs/wav/001879_a3_angry.wav,0.6484463214874268
1880,a3,neutral,/srv/RL_project/repo/outputs/wav/001880_a3_neutral.wav,0.580985963344574
1881,a3,happy,/srv/RL_project/repo/outputs/wav/001881_a3_happy.wav,0.4876214861869812
1882,a3,angry,/srv/RL_project/repo/outputs/wav/001882_a3_angry.wav,0.4291072487831116
1883,a3,angry,/srv/RL_project/repo/outputs/wav/001883_a3_angry.wav,0.5741325616836548
1884,a3,surprised,/srv/RL_project/repo/outputs/wav/001884_a3_surprised.wav,0.5634884834289551
1885,a3,sad,/srv/RL_project/repo/outputs/wav/001885_a3_sad.wav,0.6122092008590698
1886,a3,fearful,/srv/RL_project/repo/outputs/wav/001886_a3_fearful.wav,0.6573922634124756
1887,a3,neutral,/srv/RL_project/repo/outputs/wav/001887_a3_neutral.wav,0.5397282242774963
1888,a3,surprised,/srv/RL_project/repo/outputs/wav/001888_a3_surprised.wav,0.5925804376602173
1889,a3,angry,/srv/RL_project/repo/outputs/wav/001889_a3_angry.wav,0.592893123626709
1890,a3,disgusted,/srv/RL_project/repo/outputs/wav/001890_a3_disgusted.wav,0.6476300358772278
1891,a3,happy,/srv/RL_project/repo/outputs/wav/001891_a3_happy.wav,0.5806317925453186
1892,a3,fearful,/srv/RL_project/repo/outputs/wav/001892_a3_fearful.wav,0.5574617981910706
1893,a3,sad,/srv/RL_project/repo/outputs/wav/001893_a3_sad.wav,0.4914998412132263
1894,a3,neutral,/srv/RL_project/repo/outputs/wav/001894_a3_neutral.wav,0.5385605096817017
1895,a3,happy,/srv/RL_project/repo/outputs/wav/001895_a3_happy.wav,0.609004020690918
1896,a3,neutral,/srv/RL_project/repo/outputs/wav/001896_a3_neutral.wav,0.608841061592102
1897,a3,neutral,/srv/RL_project/repo/outputs/wav/001897_a3_neutral.wav,0.5641544461250305
1898,a3,disgusted,/srv/RL_project/repo/outputs/wav/001898_a3_disgusted.wav,0.4570333957672119
1899,a3,neutral,/srv/RL_project/repo/outputs/wav/001899_a3_neutral.wav,0.589194118976593
1900,a3,disgusted,/srv/RL_project/repo/outputs/wav/001900_a3_disgusted.wav,0.2462249994277954
1901,a3,surprised,/srv/RL_project/repo/outputs/wav/001901_a3_surprised.wav,0.6124027967453003
1902,a3,disgusted,/srv/RL_project/repo/outputs/wav/001902_a3_disgusted.wav,0.6026163697242737
1903,a3,fearful,/srv/RL_project/repo/outputs/wav/001903_a3_fearful.wav,0.6144366264343262
1904,a3,neutral,/srv/RL_project/repo/outputs/wav/001904_a3_neutral.wav,0.58152174949646
1905,a3,angry,/srv/RL_project/repo/outputs/wav/001905_a3_angry.wav,0.5644916892051697
1906,a3,fearful,/srv/RL_project/repo/outputs/wav/001906_a3_fearful.wav,0.6346331834793091
1907,a3,neutral,/srv/RL_project/repo/outputs/wav/001907_a3_neutral.wav,0.5083158612251282
1908,a3,angry,/srv/RL_project/repo/outputs/wav/001908_a3_angry.wav,0.5765019655227661
1909,a3,angry,/srv/RL_project/repo/outputs/wav/001909_a3_angry.wav,0.5468247532844543
1910,a3,happy,/srv/RL_project/repo/outputs/wav/001910_a3_happy.wav,0.6032509803771973
1911,a3,fearful,/srv/RL_project/repo/outputs/wav/001911_a3_fearful.wav,0.5709101557731628
1912,a3,surprised,/srv/RL_project/repo/outputs/wav/001912_a3_surprised.wav,0.6196300983428955
1913,a3,disgusted,/srv/RL_project/repo/outputs/wav/001913_a3_disgusted.wav,0.5973949432373047
1914,a3,fearful,/srv/RL_project/repo/outputs/wav/001914_a3_fearful.wav,0.5345948934555054
1915,a3,happy,/srv/RL_project/repo/outputs/wav/001915_a3_happy.wav,0.6903144121170044
1916,a3,happy,/srv/RL_project/repo/outputs/wav/001916_a3_happy.wav,0.5843692421913147
1917,a3,neutral,/srv/RL_project/repo/outputs/wav/001917_a3_neutral.wav,0.5307253003120422
1918,a3,neutral,/srv/RL_project/repo/outputs/wav/001918_a3_neutral.wav,0.6140540838241577
1919,a3,angry,/srv/RL_project/repo/outputs/wav/001919_a3_angry.wav,0.6551762819290161
1920,a3,angry,/srv/RL_project/repo/outputs/wav/001920_a3_angry.wav,0.5822201371192932
1921,a3,happy,/srv/RL_project/repo/outputs/wav/001921_a3_happy.wav,0.5336365103721619
1922,a3,surprised,/srv/RL_project/repo/outputs/wav/001922_a3_surprised.wav,0.5598533153533936
1923,a3,surprised,/srv/RL_project/repo/outputs/wav/001923_a3_surprised.wav,0.5771753787994385
1924,a3,surprised,/srv/RL_project/repo/outputs/wav/001924_a3_surprised.wav,0.6366046071052551
1925,a3,sad,/srv/RL_project/repo/outputs/wav/001925_a3_sad.wav,0.572640061378479
1926,a3,disgusted,/srv/RL_project/repo/outputs/wav/001926_a3_disgusted.wav,0.5415109992027283
1927,a3,sad,/srv/RL_project/repo/outputs/wav/001927_a3_sad.wav,0.594214916229248
1928,a3,fearful,/srv/RL_project/repo/outputs/wav/001928_a3_fearful.wav,0.6116806268692017
1929,a3,surprised,/srv/RL_project/repo/outputs/wav/001929_a3_surprised.wav,0.5639113187789917
1930,a3,fearful,/srv/RL_project/repo/outputs/wav/001930_a3_fearful.wav,0.537278950214386
1931,a3,disgusted,/srv/RL_project/repo/outputs/wav/001931_a3_disgusted.wav,0.6334460377693176
1932,a3,angry,/srv/RL_project/repo/outputs/wav/001932_a3_angry.wav,0.6317831873893738
1933,a3,fearful,/srv/RL_project/repo/outputs/wav/001933_a3_fearful.wav,0.5340692400932312
1934,a3,angry,/srv/RL_project/repo/outputs/wav/001934_a3_angry.wav,0.5766313076019287
1935,a3,angry,/srv/RL_project/repo/outputs/wav/001935_a3_angry.wav,0.6154399514198303
1936,a3,angry,/srv/RL_project/repo/outputs/wav/001936_a3_angry.wav,0.6166985034942627
1937,a3,neutral,/srv/RL_project/repo/outputs/wav/001937_a3_neutral.wav,0.5882217288017273
1938,a3,angry,/srv/RL_project/repo/outputs/wav/001938_a3_angry.wav,0.536582887172699
1939,a3,happy,/srv/RL_project/repo/outputs/wav/001939_a3_happy.wav,0.6652376055717468
1940,a3,neutral,/srv/RL_project/repo/outputs/wav/001940_a3_neutral.wav,0.5241872072219849
1941,a3,surprised,/srv/RL_project/repo/outputs/wav/001941_a3_surprised.wav,0.6640868782997131
1942,a3,neutral,/srv/RL_project/repo/outputs/wav/001942_a3_neutral.wav,0.47177886962890625
1943,a3,fearful,/srv/RL_project/repo/outputs/wav/001943_a3_fearful.wav,0.42546164989471436
1944,a3,fearful,/srv/RL_project/repo/outputs/wav/001944_a3_fearful.wav,0.5522141456604004
1945,a3,fearful,/srv/RL_project/repo/outputs/wav/001945_a3_fearful.wav,0.564087986946106
1946,a3,surprised,/srv/RL_project/repo/outputs/wav/001946_a3_surprised.wav,0.42627081274986267
1947,a3,sad,/srv/RL_project/repo/outputs/wav/001947_a3_sad.wav,0.5568357706069946
1948,a3,disgusted,/srv/RL_project/repo/outputs/wav/001948_a3_disgusted.wav,0.4932767152786255
1949,a3,angry,/srv/RL_project/repo/outputs/wav/001949_a3_angry.wav,0.5789291262626648
1950,a3,angry,/srv/RL_project/repo/outputs/wav/001950_a3_angry.wav,0.6111119389533997
1951,a3,happy,/srv/RL_project/repo/outputs/wav/001951_a3_happy.wav,0.6367858648300171
1952,a3,neutral,/srv/RL_project/repo/outputs/wav/001952_a3_neutral.wav,0.5951260328292847
1953,a3,disgusted,/srv/RL_project/repo/outputs/wav/001953_a3_disgusted.wav,0.575171172618866
1954,a3,happy,/srv/RL_project/repo/outputs/wav/001954_a3_happy.wav,0.5742254257202148
1955,a3,angry,/srv/RL_project/repo/outputs/wav/001955_a3_angry.wav,0.5979430675506592
1956,a3,happy,/srv/RL_project/repo/outputs/wav/001956_a3_happy.wav,0.6371673345565796
1957,a3,neutral,/srv/RL_project/repo/outputs/wav/001957_a3_neutral.wav,0.5727278590202332
1958,a3,sad,/srv/RL_project/repo/outputs/wav/001958_a3_sad.wav,0.6352716684341431
1959,a3,sad,/srv/RL_project/repo/outputs/wav/001959_a3_sad.wav,0.5769831538200378
1960,a3,sad,/srv/RL_project/repo/outputs/wav/001960_a3_sad.wav,0.6317346096038818
1961,a3,happy,/srv/RL_project/repo/outputs/wav/001961_a3_happy.wav,0.5810746550559998
1962,a3,happy,/srv/RL_project/repo/outputs/wav/001962_a3_happy.wav,0.5952485203742981
1963,a3,surprised,/srv/RL_project/repo/outputs/wav/001963_a3_surprised.wav,0.3514178395271301
1964,a3,surprised,/srv/RL_project/repo/outputs/wav/001964_a3_surprised.wav,0.5094348788261414
1965,a3,surprised,/srv/RL_project/repo/outputs/wav/001965_a3_surprised.wav,0.5820199847221375
1966,a3,angry,/srv/RL_project/repo/outputs/wav/001966_a3_angry.wav,0.6271172761917114
1967,a3,surprised,/srv/RL_project/repo/outputs/wav/001967_a3_surprised.wav,0.63169264793396
1968,a3,angry,/srv/RL_project/repo/outputs/wav/001968_a3_angry.wav,0.4896085262298584
1969,a3,neutral,/srv/RL_project/repo/outputs/wav/001969_a3_neutral.wav,0.5922273397445679
1970,a3,fearful,/srv/RL_project/repo/outputs/wav/001970_a3_fearful.wav,0.5688129663467407
1971,a3,disgusted,/srv/RL_project/repo/outputs/wav/001971_a3_disgusted.wav,0.5783487558364868
1972,a3,angry,/srv/RL_project/repo/outputs/wav/001972_a3_angry.wav,0.5896316766738892
1973,a3,disgusted,/srv/RL_project/repo/outputs/wav/001973_a3_disgusted.wav,0.5795988440513611
1974,a3,surprised,/srv/RL_project/repo/outputs/wav/001974_a3_surprised.wav,0.6321930289268494
1975,a3,happy,/srv/RL_project/repo/outputs/wav/001975_a3_happy.wav,0.5515915155410767
1976,a3,happy,/srv/RL_project/repo/outputs/wav/001976_a3_happy.wav,0.5738674998283386
1977,a3,fearful,/srv/RL_project/repo/outputs/wav/001977_a3_fearful.wav,0.6409294009208679
1978,a3,happy,/srv/RL_project/repo/outputs/wav/001978_a3_happy.wav,-0.001779383048415184
1979,a3,surprised,/srv/RL_project/repo/outputs/wav/001979_a3_surprised.wav,0.5680384039878845
1980,a3,neutral,/srv/RL_project/repo/outputs/wav/001980_a3_neutral.wav,0.6756994724273682
1981,a3,neutral,/srv/RL_project/repo/outputs/wav/001981_a3_neutral.wav,0.6712159514427185
1982,a3,sad,/srv/RL_project/repo/outputs/wav/001982_a3_sad.wav,0.511384129524231
1983,a3,angry,/srv/RL_project/repo/outputs/wav/001983_a3_angry.wav,0.5741074085235596
1984,a3,disgusted,/srv/RL_project/repo/outputs/wav/001984_a3_disgusted.wav,0.5571748614311218
1985,a3,surprised,/srv/RL_project/repo/outputs/wav/001985_a3_surprised.wav,0.4850451946258545
1986,a3,fearful,/srv/RL_project/repo/outputs/wav/001986_a3_fearful.wav,0.5386216640472412
1987,a3,sad,/srv/RL_project/repo/outputs/wav/001987_a3_sad.wav,0.5787582397460938
1988,a3,sad,/srv/RL_project/repo/outputs/wav/001988_a3_sad.wav,0.5601627230644226
1989,a3,angry,/srv/RL_project/repo/outputs/wav/001989_a3_angry.wav,0.6231510639190674
1990,a3,angry,/srv/RL_project/repo/outputs/wav/001990_a3_angry.wav,0.4821133017539978
1991,a3,fearful,/srv/RL_project/repo/outputs/wav/001991_a3_fearful.wav,0.5711214542388916
1992,a3,neutral,/srv/RL_project/repo/outputs/wav/001992_a3_neutral.wav,0.4807569086551666
1993,a3,happy,/srv/RL_project/repo/outputs/wav/001993_a3_happy.wav,0.632449209690094
1994,a3,disgusted,/srv/RL_project/repo/outputs/wav/001994_a3_disgusted.wav,0.5848250985145569
1995,a3,angry,/srv/RL_project/repo/outputs/wav/001995_a3_angry.wav,0.5809388160705566
1996,a3,fearful,/srv/RL_project/repo/outputs/wav/001996_a3_fearful.wav,0.5978624820709229
1997,a3,surprised,/srv/RL_project/repo/outputs/wav/001997_a3_surprised.wav,0.6493033170700073
1998,a3,angry,/srv/RL_project/repo/outputs/wav/001998_a3_angry.wav,0.6469583511352539
1999,a3,surprised,/srv/RL_project/repo/outputs/wav/001999_a3_surprised.wav,0.5399267673492432
2000,a3,happy,/srv/RL_project/repo/outputs/wav/002000_a3_happy.wav,0.5166200399398804
2001,a3,disgusted,/srv/RL_project/repo/outputs/wav/002001_a3_disgusted.wav,0.6667629480361938
2002,a3,surprised,/srv/RL_project/repo/outputs/wav/002002_a3_surprised.wav,0.5917577743530273
2003,a3,fearful,/srv/RL_project/repo/outputs/wav/002003_a3_fearful.wav,0.5474064946174622
2004,a3,surprised,/srv/RL_project/repo/outputs/wav/002004_a3_surprised.wav,0.6616458296775818
2005,a3,neutral,/srv/RL_project/repo/outputs/wav/002005_a3_neutral.wav,0.5042399764060974
2006,a3,happy,/srv/RL_project/repo/outputs/wav/002006_a3_happy.wav,0.6173610687255859
2007,a3,sad,/srv/RL_project/repo/outputs/wav/002007_a3_sad.wav,0.5777248740196228
2008,a3,happy,/srv/RL_project/repo/outputs/wav/002008_a3_happy.wav,0.5616170763969421
2009,a3,sad,/srv/RL_project/repo/outputs/wav/002009_a3_sad.wav,0.51163649559021
2010,a3,fearful,/srv/RL_project/repo/outputs/wav/002010_a3_fearful.wav,0.6488134264945984
2011,a3,neutral,/srv/RL_project/repo/outputs/wav/002011_a3_neutral.wav,0.5517925024032593
2012,a3,angry,/srv/RL_project/repo/outputs/wav/002012_a3_angry.wav,0.5703760385513306
2013,a3,happy,/srv/RL_project/repo/outputs/wav/002013_a3_happy.wav,0.602803647518158
2014,a3,sad,/srv/RL_project/repo/outputs/wav/002014_a3_sad.wav,0.6329768896102905
2015,a3,neutral,/srv/RL_project/repo/outputs/wav/002015_a3_neutral.wav,0.5953196287155151
2016,a3,surprised,/srv/RL_project/repo/outputs/wav/002016_a3_surprised.wav,0.3776528835296631
2017,a3,happy,/srv/RL_project/repo/outputs/wav/002017_a3_happy.wav,0.5886258482933044
2018,a3,happy,/srv/RL_project/repo/outputs/wav/002018_a3_happy.wav,0.6619629859924316
2019,a3,happy,/srv/RL_project/repo/outputs/wav/002019_a3_happy.wav,0.4538101553916931
2020,a3,sad,/srv/RL_project/repo/outputs/wav/002020_a3_sad.wav,0.5609467029571533
2021,a3,neutral,/srv/RL_project/repo/outputs/wav/002021_a3_neutral.wav,0.521909773349762
2022,a3,fearful,/srv/RL_project/repo/outputs/wav/002022_a3_fearful.wav,0.6139259338378906
2023,a3,surprised,/srv/RL_project/repo/outputs/wav/002023_a3_surprised.wav,0.5331063866615295
2024,a3,sad,/srv/RL_project/repo/outputs/wav/002024_a3_sad.wav,0.4884248375892639
2025,a3,angry,/srv/RL_project/repo/outputs/wav/002025_a3_angry.wav,0.6172885298728943
2026,a3,neutral,/srv/RL_project/repo/outputs/wav/002026_a3_neutral.wav,0.45974934101104736
2027,a3,fearful,/srv/RL_project/repo/outputs/wav/002027_a3_fearful.wav,0.6140930652618408
2028,a3,happy,/srv/RL_project/repo/outputs/wav/002028_a3_happy.wav,0.6542737483978271
2029,a3,neutral,/srv/RL_project/repo/outputs/wav/002029_a3_neutral.wav,0.6471126079559326
2030,a3,angry,/srv/RL_project/repo/outputs/wav/002030_a3_angry.wav,0.6471726298332214
2031,a3,neutral,/srv/RL_project/repo/outputs/wav/002031_a3_neutral.wav,0.4708949029445648
2032,a3,angry,/srv/RL_project/repo/outputs/wav/002032_a3_angry.wav,0.6726197004318237
2033,a3,fearful,/srv/RL_project/repo/outputs/wav/002033_a3_fearful.wav,0.6272011399269104
2034,a3,surprised,/srv/RL_project/repo/outputs/wav/002034_a3_surprised.wav,0.5490790605545044
2035,a3,disgusted,/srv/RL_project/repo/outputs/wav/002035_a3_disgusted.wav,0.5522214770317078
2036,a3,sad,/srv/RL_project/repo/outputs/wav/002036_a3_sad.wav,0.5813395977020264
2037,a3,fearful,/srv/RL_project/repo/outputs/wav/002037_a3_fearful.wav,0.468971312046051
2038,a3,fearful,/srv/RL_project/repo/outputs/wav/002038_a3_fearful.wav,0.5814670920372009
2039,a3,sad,/srv/RL_project/repo/outputs/wav/002039_a3_sad.wav,0.6087446808815002
2040,a3,disgusted,/srv/RL_project/repo/outputs/wav/002040_a3_disgusted.wav,0.6101104021072388
2041,a3,happy,/srv/RL_project/repo/outputs/wav/002041_a3_happy.wav,0.5372464060783386
2042,a3,angry,/srv/RL_project/repo/outputs/wav/002042_a3_angry.wav,0.48824989795684814
2043,a3,fearful,/srv/RL_project/repo/outputs/wav/002043_a3_fearful.wav,0.5695087909698486
2044,a3,disgusted,/srv/RL_project/repo/outputs/wav/002044_a3_disgusted.wav,0.4561043977737427
2045,a3,disgusted,/srv/RL_project/repo/outputs/wav/002045_a3_disgusted.wav,0.5598863363265991
2046,a3,surprised,/srv/RL_project/repo/outputs/wav/002046_a3_surprised.wav,0.5860521793365479
2047,a3,neutral,/srv/RL_project/repo/outputs/wav/002047_a3_neutral.wav,0.6341660022735596
2048,a3,sad,/srv/RL_project/repo/outputs/wav/002048_a3_sad.wav,0.6515250205993652
2049,a3,neutral,/srv/RL_project/repo/outputs/wav/002049_a3_neutral.wav,0.5982955098152161
2050,a3,angry,/srv/RL_project/repo/outputs/wav/002050_a3_angry.wav,0.6628918051719666
2051,a3,fearful,/srv/RL_project/repo/outputs/wav/002051_a3_fearful.wav,0.519809901714325
2052,a3,neutral,/srv/RL_project/repo/outputs/wav/002052_a3_neutral.wav,0.4807411730289459
2053,a3,sad,/srv/RL_project/repo/outputs/wav/002053_a3_sad.wav,0.6556989550590515
2054,a3,disgusted,/srv/RL_project/repo/outputs/wav/002054_a3_disgusted.wav,0.5802817940711975
2055,a3,sad,/srv/RL_project/repo/outputs/wav/002055_a3_sad.wav,0.620376467704773
2056,a3,neutral,/srv/RL_project/repo/outputs/wav/002056_a3_neutral.wav,0.5812609195709229
2057,a3,angry,/srv/RL_project/repo/outputs/wav/002057_a3_angry.wav,0.6821098923683167
2058,a3,surprised,/srv/RL_project/repo/outputs/wav/002058_a3_surprised.wav,0.5720468163490295
2059,a3,neutral,/srv/RL_project/repo/outputs/wav/002059_a3_neutral.wav,0.6553466320037842
2060,a3,neutral,/srv/RL_project/repo/outputs/wav/002060_a3_neutral.wav,0.5567736029624939
2061,a3,angry,/srv/RL_project/repo/outputs/wav/002061_a3_angry.wav,0.6918764114379883
2062,a3,angry,/srv/RL_project/repo/outputs/wav/002062_a3_angry.wav,0.5259495973587036
2063,a3,happy,/srv/RL_project/repo/outputs/wav/002063_a3_happy.wav,0.7017265558242798
2064,a3,angry,/srv/RL_project/repo/outputs/wav/002064_a3_angry.wav,0.6293821334838867
2065,a3,disgusted,/srv/RL_project/repo/outputs/wav/002065_a3_disgusted.wav,0.6174108386039734
2066,a3,angry,/srv/RL_project/repo/outputs/wav/002066_a3_angry.wav,0.556766152381897
2067,a3,sad,/srv/RL_project/repo/outputs/wav/002067_a3_sad.wav,0.633847713470459
2068,a3,happy,/srv/RL_project/repo/outputs/wav/002068_a3_happy.wav,0.6404672861099243
2069,a3,angry,/srv/RL_project/repo/outputs/wav/002069_a3_angry.wav,0.6458895802497864
2070,a3,disgusted,/srv/RL_project/repo/outputs/wav/002070_a3_disgusted.wav,0.6370453834533691
2071,a3,sad,/srv/RL_project/repo/outputs/wav/002071_a3_sad.wav,0.5710235834121704
2072,a3,sad,/srv/RL_project/repo/outputs/wav/002072_a3_sad.wav,0.6160085201263428
2073,a3,happy,/srv/RL_project/repo/outputs/wav/002073_a3_happy.wav,0.5187484622001648
2074,a3,happy,/srv/RL_project/repo/outputs/wav/002074_a3_happy.wav,0.5737035870552063
2075,a3,disgusted,/srv/RL_project/repo/outputs/wav/002075_a3_disgusted.wav,0.5262247920036316
2076,a3,angry,/srv/RL_project/repo/outputs/wav/002076_a3_angry.wav,0.5737543106079102
2077,a3,surprised,/srv/RL_project/repo/outputs/wav/002077_a3_surprised.wav,0.5127581357955933
2078,a3,sad,/srv/RL_project/repo/outputs/wav/002078_a3_sad.wav,0.5845988988876343
2079,a3,surprised,/srv/RL_project/repo/outputs/wav/002079_a3_surprised.wav,0.5425399541854858
2080,a3,neutral,/srv/RL_project/repo/outputs/wav/002080_a3_neutral.wav,0.5199214816093445
2081,a3,angry,/srv/RL_project/repo/outputs/wav/002081_a3_angry.wav,0.6158157587051392
2082,a3,disgusted,/srv/RL_project/repo/outputs/wav/002082_a3_disgusted.wav,0.5742915868759155
2083,a3,neutral,/srv/RL_project/repo/outputs/wav/002083_a3_neutral.wav,0.5961196422576904
2084,a3,sad,/srv/RL_project/repo/outputs/wav/002084_a3_sad.wav,0.6180480718612671
2085,a3,happy,/srv/RL_project/repo/outputs/wav/002085_a3_happy.wav,0.537807285785675
2086,a3,surprised,/srv/RL_project/repo/outputs/wav/002086_a3_surprised.wav,0.490078866481781
2087,a3,sad,/srv/RL_project/repo/outputs/wav/002087_a3_sad.wav,0.6374499201774597
2088,a3,angry,/srv/RL_project/repo/outputs/wav/002088_a3_angry.wav,0.5347344875335693
2089,a3,surprised,/srv/RL_project/repo/outputs/wav/002089_a3_surprised.wav,0.4956481158733368
2090,a3,fearful,/srv/RL_project/repo/outputs/wav/002090_a3_fearful.wav,0.5771675109863281
2091,a3,angry,/srv/RL_project/repo/outputs/wav/002091_a3_angry.wav,0.5077842473983765
2092,a3,fearful,/srv/RL_project/repo/outputs/wav/002092_a3_fearful.wav,0.5422078967094421
2093,a3,neutral,/srv/RL_project/repo/outputs/wav/002093_a3_neutral.wav,0.5774499773979187
2094,a3,fearful,/srv/RL_project/repo/outputs/wav/002094_a3_fearful.wav,0.6333956718444824
2095,a3,disgusted,/srv/RL_project/repo/outputs/wav/002095_a3_disgusted.wav,0.5170047283172607
2096,a3,surprised,/srv/RL_project/repo/outputs/wav/002096_a3_surprised.wav,0.6004247665405273
2097,a3,surprised,/srv/RL_project/repo/outputs/wav/002097_a3_surprised.wav,0.3905813992023468
2098,a3,angry,/srv/RL_project/repo/outputs/wav/002098_a3_angry.wav,0.5420214533805847
2099,a3,disgusted,/srv/RL_project/repo/outputs/wav/002099_a3_disgusted.wav,0.6370546817779541
2100,a3,sad,/srv/RL_project/repo/outputs/wav/002100_a3_sad.wav,0.6386522650718689
2101,a3,fearful,/srv/RL_project/repo/outputs/wav/002101_a3_fearful.wav,0.596169114112854
2102,a3,sad,/srv/RL_project/repo/outputs/wav/002102_a3_sad.wav,0.4963653087615967
2103,a3,surprised,/srv/RL_project/repo/outputs/wav/002103_a3_surprised.wav,0.5504634976387024
2104,a3,fearful,/srv/RL_project/repo/outputs/wav/002104_a3_fearful.wav,0.43096259236335754
2105,a3,surprised,/srv/RL_project/repo/outputs/wav/002105_a3_surprised.wav,0.5660521388053894
2106,a3,surprised,/srv/RL_project/repo/outputs/wav/002106_a3_surprised.wav,0.5540114641189575
2107,a3,surprised,/srv/RL_project/repo/outputs/wav/002107_a3_surprised.wav,0.5600127577781677
2108,a3,sad,/srv/RL_project/repo/outputs/wav/002108_a3_sad.wav,0.4926084876060486
2109,a3,angry,/srv/RL_project/repo/outputs/wav/002109_a3_angry.wav,0.5072910189628601
2110,a3,angry,/srv/RL_project/repo/outputs/wav/002110_a3_angry.wav,0.5061032176017761
2111,a3,surprised,/srv/RL_project/repo/outputs/wav/002111_a3_surprised.wav,0.44660741090774536
2112,a3,happy,/srv/RL_project/repo/outputs/wav/002112_a3_happy.wav,0.5052735805511475
2113,a3,neutral,/srv/RL_project/repo/outputs/wav/002113_a3_neutral.wav,0.5979292988777161
2114,a3,surprised,/srv/RL_project/repo/outputs/wav/002114_a3_surprised.wav,0.6199185848236084
2115,a3,surprised,/srv/RL_project/repo/outputs/wav/002115_a3_surprised.wav,0.5432419180870056
2116,a3,angry,/srv/RL_project/repo/outputs/wav/002116_a3_angry.wav,0.5314595699310303
2117,a3,neutral,/srv/RL_project/repo/outputs/wav/002117_a3_neutral.wav,0.637337327003479
2118,a3,neutral,/srv/RL_project/repo/outputs/wav/002118_a3_neutral.wav,0.5175753831863403
2119,a3,neutral,/srv/RL_project/repo/outputs/wav/002119_a3_neutral.wav,0.5541806221008301
2120,a3,fearful,/srv/RL_project/repo/outputs/wav/002120_a3_fearful.wav,0.62369704246521
2121,a3,neutral,/srv/RL_project/repo/outputs/wav/002121_a3_neutral.wav,0.5466071367263794
2122,a3,angry,/srv/RL_project/repo/outputs/wav/002122_a3_angry.wav,0.5235229730606079
2123,a3,fearful,/srv/RL_project/repo/outputs/wav/002123_a3_fearful.wav,0.6662738919258118
2124,a3,fearful,/srv/RL_project/repo/outputs/wav/002124_a3_fearful.wav,0.5300028920173645
2125,a3,fearful,/srv/RL_project/repo/outputs/wav/002125_a3_fearful.wav,0.5716425776481628
2126,a3,neutral,/srv/RL_project/repo/outputs/wav/002126_a3_neutral.wav,0.5342802405357361
2127,a3,neutral,/srv/RL_project/repo/outputs/wav/002127_a3_neutral.wav,0.5362704992294312
2128,a3,fearful,/srv/RL_project/repo/outputs/wav/002128_a3_fearful.wav,0.6213555335998535
2129,a3,sad,/srv/RL_project/repo/outputs/wav/002129_a3_sad.wav,0.6419954895973206
2130,a3,disgusted,/srv/RL_project/repo/outputs/wav/002130_a3_disgusted.wav,0.6180312633514404
2131,a3,happy,/srv/RL_project/repo/outputs/wav/002131_a3_happy.wav,0.5911766886711121
2132,a3,fearful,/srv/RL_project/repo/outputs/wav/002132_a3_fearful.wav,0.5735229253768921
2133,a3,happy,/srv/RL_project/repo/outputs/wav/002133_a3_happy.wav,0.5543257594108582
2134,a3,disgusted,/srv/RL_project/repo/outputs/wav/002134_a3_disgusted.wav,0.5881202220916748
2135,a3,happy,/srv/RL_project/repo/outputs/wav/002135_a3_happy.wav,0.5736637711524963
2136,a3,happy,/srv/RL_project/repo/outputs/wav/002136_a3_happy.wav,0.505997896194458
2137,a3,neutral,/srv/RL_project/repo/outputs/wav/002137_a3_neutral.wav,0.48811960220336914
2138,a3,surprised,/srv/RL_project/repo/outputs/wav/002138_a3_surprised.wav,0.5369484424591064
2139,a3,happy,/srv/RL_project/repo/outputs/wav/002139_a3_happy.wav,0.5725390315055847
2140,a3,angry,/srv/RL_project/repo/outputs/wav/002140_a3_angry.wav,0.44794198870658875
2141,a3,sad,/srv/RL_project/repo/outputs/wav/002141_a3_sad.wav,0.6714035272598267
2142,a3,angry,/srv/RL_project/repo/outputs/wav/002142_a3_angry.wav,0.40797632932662964
2143,a3,fearful,/srv/RL_project/repo/outputs/wav/002143_a3_fearful.wav,0.629491925239563
2144,a3,angry,/srv/RL_project/repo/outputs/wav/002144_a3_angry.wav,0.5910690426826477
2145,a3,fearful,/srv/RL_project/repo/outputs/wav/002145_a3_fearful.wav,0.6573209166526794
2146,a3,happy,/srv/RL_project/repo/outputs/wav/002146_a3_happy.wav,0.661379337310791
2147,a3,disgusted,/srv/RL_project/repo/outputs/wav/002147_a3_disgusted.wav,0.589392900466919
2148,a3,happy,/srv/RL_project/repo/outputs/wav/002148_a3_happy.wav,0.5566877722740173
2149,a3,neutral,/srv/RL_project/repo/outputs/wav/002149_a3_neutral.wav,0.5934191942214966
2150,a3,neutral,/srv/RL_project/repo/outputs/wav/002150_a3_neutral.wav,0.4473034739494324
2151,a3,surprised,/srv/RL_project/repo/outputs/wav/002151_a3_surprised.wav,0.6382182836532593
2152,a3,fearful,/srv/RL_project/repo/outputs/wav/002152_a3_fearful.wav,0.6470034718513489
2153,a3,fearful,/srv/RL_project/repo/outputs/wav/002153_a3_fearful.wav,0.485686719417572
2154,a3,angry,/srv/RL_project/repo/outputs/wav/002154_a3_angry.wav,0.5919865369796753
2155,a3,happy,/srv/RL_project/repo/outputs/wav/002155_a3_happy.wav,0.5766753554344177
2156,a3,sad,/srv/RL_project/repo/outputs/wav/002156_a3_sad.wav,0.5179475545883179
2157,a3,angry,/srv/RL_project/repo/outputs/wav/002157_a3_angry.wav,0.5684822797775269
2158,a3,surprised,/srv/RL_project/repo/outputs/wav/002158_a3_surprised.wav,0.41125550866127014
2159,a3,surprised,/srv/RL_project/repo/outputs/wav/002159_a3_surprised.wav,0.6182990670204163
2160,a3,surprised,/srv/RL_project/repo/outputs/wav/002160_a3_surprised.wav,0.6160291433334351
2161,a3,fearful,/srv/RL_project/repo/outputs/wav/002161_a3_fearful.wav,0.5051349401473999
2162,a3,sad,/srv/RL_project/repo/outputs/wav/002162_a3_sad.wav,0.6047743558883667
2163,a3,angry,/srv/RL_project/repo/outputs/wav/002163_a3_angry.wav,0.5559637546539307
2164,a3,fearful,/srv/RL_project/repo/outputs/wav/002164_a3_fearful.wav,0.5007658004760742
2165,a3,surprised,/srv/RL_project/repo/outputs/wav/002165_a3_surprised.wav,0.6615691184997559
2166,a3,neutral,/srv/RL_project/repo/outputs/wav/002166_a3_neutral.wav,0.5594618320465088
2167,a3,disgusted,/srv/RL_project/repo/outputs/wav/002167_a3_disgusted.wav,0.5342730283737183
2168,a3,disgusted,/srv/RL_project/repo/outputs/wav/002168_a3_disgusted.wav,0.6125681400299072
2169,a3,disgusted,/srv/RL_project/repo/outputs/wav/002169_a3_disgusted.wav,0.5619485378265381
2170,a3,sad,/srv/RL_project/repo/outputs/wav/002170_a3_sad.wav,0.5630900859832764
2171,a3,neutral,/srv/RL_project/repo/outputs/wav/002171_a3_neutral.wav,0.6331261396408081
2172,a3,happy,/srv/RL_project/repo/outputs/wav/002172_a3_happy.wav,0.6288999319076538
2173,a3,neutral,/srv/RL_project/repo/outputs/wav/002173_a3_neutral.wav,0.5704412460327148
2174,a3,angry,/srv/RL_project/repo/outputs/wav/002174_a3_angry.wav,0.5582756996154785
2175,a3,fearful,/srv/RL_project/repo/outputs/wav/002175_a3_fearful.wav,0.6194339394569397
2176,a3,surprised,/srv/RL_project/repo/outputs/wav/002176_a3_surprised.wav,0.6439062356948853
2177,a3,happy,/srv/RL_project/repo/outputs/wav/002177_a3_happy.wav,0.6238778829574585
2178,a3,fearful,/srv/RL_project/repo/outputs/wav/002178_a3_fearful.wav,0.6556849479675293
2179,a3,disgusted,/srv/RL_project/repo/outputs/wav/002179_a3_disgusted.wav,0.5500775575637817
2180,a3,angry,/srv/RL_project/repo/outputs/wav/002180_a3_angry.wav,0.5494487285614014
2181,a3,neutral,/srv/RL_project/repo/outputs/wav/002181_a3_neutral.wav,0.6007169485092163
2182,a3,happy,/srv/RL_project/repo/outputs/wav/002182_a3_happy.wav,0.5991086959838867
2183,a3,neutral,/srv/RL_project/repo/outputs/wav/002183_a3_neutral.wav,0.580559492111206
2184,a3,sad,/srv/RL_project/repo/outputs/wav/002184_a3_sad.wav,0.6059788465499878
2185,a3,disgusted,/srv/RL_project/repo/outputs/wav/002185_a3_disgusted.wav,0.47741785645484924
2186,a3,neutral,/srv/RL_project/repo/outputs/wav/002186_a3_neutral.wav,0.5621671676635742
2187,a3,happy,/srv/RL_project/repo/outputs/wav/002187_a3_happy.wav,0.5345507264137268
2188,a3,disgusted,/srv/RL_project/repo/outputs/wav/002188_a3_disgusted.wav,0.5310789942741394
2189,a3,neutral,/srv/RL_project/repo/outputs/wav/002189_a3_neutral.wav,0.5214440822601318
2190,a3,sad,/srv/RL_project/repo/outputs/wav/002190_a3_sad.wav,0.6256032586097717
2191,a3,disgusted,/srv/RL_project/repo/outputs/wav/002191_a3_disgusted.wav,0.6197580695152283
2192,a3,neutral,/srv/RL_project/repo/outputs/wav/002192_a3_neutral.wav,0.5909395217895508
2193,a3,surprised,/srv/RL_project/repo/outputs/wav/002193_a3_surprised.wav,0.4437616467475891
2194,a3,disgusted,/srv/RL_project/repo/outputs/wav/002194_a3_disgusted.wav,0.5361024737358093
2195,a3,disgusted,/srv/RL_project/repo/outputs/wav/002195_a3_disgusted.wav,0.667547345161438
2196,a3,surprised,/srv/RL_project/repo/outputs/wav/002196_a3_surprised.wav,0.6109473705291748
2197,a3,happy,/srv/RL_project/repo/outputs/wav/002197_a3_happy.wav,0.611072301864624
2198,a3,happy,/srv/RL_project/repo/outputs/wav/002198_a3_happy.wav,0.6520065069198608
2199,a3,surprised,/srv/RL_project/repo/outputs/wav/002199_a3_surprised.wav,0.4283055365085602
2200,a3,fearful,/srv/RL_project/repo/outputs/wav/002200_a3_fearful.wav,0.3465433120727539
2201,a3,sad,/srv/RL_project/repo/outputs/wav/002201_a3_sad.wav,0.6540230512619019
2202,a3,happy,/srv/RL_project/repo/outputs/wav/002202_a3_happy.wav,0.6455575823783875
2203,a3,angry,/srv/RL_project/repo/outputs/wav/002203_a3_angry.wav,0.6368390917778015
2204,a3,fearful,/srv/RL_project/repo/outputs/wav/002204_a3_fearful.wav,0.485502690076828
2205,a3,neutral,/srv/RL_project/repo/outputs/wav/002205_a3_neutral.wav,0.5053470730781555
2206,a3,happy,/srv/RL_project/repo/outputs/wav/002206_a3_happy.wav,0.5564517974853516
2207,a3,surprised,/srv/RL_project/repo/outputs/wav/002207_a3_surprised.wav,0.5244199633598328
2208,a3,angry,/srv/RL_project/repo/outputs/wav/002208_a3_angry.wav,0.5713669061660767
2209,a3,angry,/srv/RL_project/repo/outputs/wav/002209_a3_angry.wav,0.5706193447113037
2210,a3,angry,/srv/RL_project/repo/outputs/wav/002210_a3_angry.wav,0.5492599010467529
2211,a3,neutral,/srv/RL_project/repo/outputs/wav/002211_a3_neutral.wav,0.5459024906158447
2212,a3,surprised,/srv/RL_project/repo/outputs/wav/002212_a3_surprised.wav,0.6340113282203674
2213,a3,fearful,/srv/RL_project/repo/outputs/wav/002213_a3_fearful.wav,0.5510410070419312
2214,a3,neutral,/srv/RL_project/repo/outputs/wav/002214_a3_neutral.wav,0.521061360836029
2215,a3,surprised,/srv/RL_project/repo/outputs/wav/002215_a3_surprised.wav,0.5142852067947388
2216,a3,surprised,/srv/RL_project/repo/outputs/wav/002216_a3_surprised.wav,0.5885277986526489
2217,a3,fearful,/srv/RL_project/repo/outputs/wav/002217_a3_fearful.wav,0.5712597370147705
2218,a3,fearful,/srv/RL_project/repo/outputs/wav/002218_a3_fearful.wav,0.534114420413971
2219,a3,angry,/srv/RL_project/repo/outputs/wav/002219_a3_angry.wav,0.5029970407485962
2220,a3,disgusted,/srv/RL_project/repo/outputs/wav/002220_a3_disgusted.wav,0.45921847224235535
2221,a3,surprised,/srv/RL_project/repo/outputs/wav/002221_a3_surprised.wav,0.5610544681549072
2222,a3,neutral,/srv/RL_project/repo/outputs/wav/002222_a3_neutral.wav,0.6107214093208313
2223,a3,disgusted,/srv/RL_project/repo/outputs/wav/002223_a3_disgusted.wav,0.5354588031768799
2224,a3,disgusted,/srv/RL_project/repo/outputs/wav/002224_a3_disgusted.wav,0.5927596092224121
2225,a3,neutral,/srv/RL_project/repo/outputs/wav/002225_a3_neutral.wav,0.561829149723053
2226,a3,disgusted,/srv/RL_project/repo/outputs/wav/002226_a3_disgusted.wav,0.49707743525505066
2227,a3,neutral,/srv/RL_project/repo/outputs/wav/002227_a3_neutral.wav,0.5334001183509827
2228,a3,fearful,/srv/RL_project/repo/outputs/wav/002228_a3_fearful.wav,0.5595584511756897
2229,a3,angry,/srv/RL_project/repo/outputs/wav/002229_a3_angry.wav,0.5141530632972717
2230,a3,happy,/srv/RL_project/repo/outputs/wav/002230_a3_happy.wav,0.6086714267730713
2231,a3,fearful,/srv/RL_project/repo/outputs/wav/002231_a3_fearful.wav,0.5645253658294678
2232,a3,surprised,/srv/RL_project/repo/outputs/wav/002232_a3_surprised.wav,0.5798743963241577
2233,a3,angry,/srv/RL_project/repo/outputs/wav/002233_a3_angry.wav,0.5558852553367615
2234,a3,angry,/srv/RL_project/repo/outputs/wav/002234_a3_angry.wav,0.5959441065788269
2235,a3,sad,/srv/RL_project/repo/outputs/wav/002235_a3_sad.wav,0.530000627040863
2236,a3,sad,/srv/RL_project/repo/outputs/wav/002236_a3_sad.wav,0.5832045078277588
2237,a3,angry,/srv/RL_project/repo/outputs/wav/002237_a3_angry.wav,0.5736761689186096
2238,a3,happy,/srv/RL_project/repo/outputs/wav/002238_a3_happy.wav,0.6131088733673096
2239,a3,happy,/srv/RL_project/repo/outputs/wav/002239_a3_happy.wav,0.5611016750335693
2240,a3,disgusted,/srv/RL_project/repo/outputs/wav/002240_a3_disgusted.wav,0.6002742052078247
2241,a3,disgusted,/srv/RL_project/repo/outputs/wav/002241_a3_disgusted.wav,0.5924614071846008
2242,a3,happy,/srv/RL_project/repo/outputs/wav/002242_a3_happy.wav,0.6002321243286133
2243,a3,fearful,/srv/RL_project/repo/outputs/wav/002243_a3_fearful.wav,0.6013776063919067
2244,a3,surprised,/srv/RL_project/repo/outputs/wav/002244_a3_surprised.wav,0.6037447452545166
2245,a3,fearful,/srv/RL_project/repo/outputs/wav/002245_a3_fearful.wav,0.502601683139801
2246,a3,neutral,/srv/RL_project/repo/outputs/wav/002246_a3_neutral.wav,0.5094314813613892
2247,a3,neutral,/srv/RL_project/repo/outputs/wav/002247_a3_neutral.wav,0.5588704347610474
2248,a3,neutral,/srv/RL_project/repo/outputs/wav/002248_a3_neutral.wav,0.6477195620536804
2249,a3,angry,/srv/RL_project/repo/outputs/wav/002249_a3_angry.wav,0.6113412976264954
2250,a3,happy,/srv/RL_project/repo/outputs/wav/002250_a3_happy.wav,0.48961058259010315
2251,a3,sad,/srv/RL_project/repo/outputs/wav/002251_a3_sad.wav,0.6133900284767151
2252,a3,fearful,/srv/RL_project/repo/outputs/wav/002252_a3_fearful.wav,0.5061532855033875
2253,a3,surprised,/srv/RL_project/repo/outputs/wav/002253_a3_surprised.wav,0.5783474445343018
2254,a3,disgusted,/srv/RL_project/repo/outputs/wav/002254_a3_disgusted.wav,0.5896365642547607
2255,a3,surprised,/srv/RL_project/repo/outputs/wav/002255_a3_surprised.wav,0.5717183947563171
2256,a3,happy,/srv/RL_project/repo/outputs/wav/002256_a3_happy.wav,0.6321929693222046
2257,a3,neutral,/srv/RL_project/repo/outputs/wav/002257_a3_neutral.wav,0.6318382620811462
2258,a3,sad,/srv/RL_project/repo/outputs/wav/002258_a3_sad.wav,0.5738658905029297
2259,a3,surprised,/srv/RL_project/repo/outputs/wav/002259_a3_surprised.wav,0.6409324407577515
2260,a3,neutral,/srv/RL_project/repo/outputs/wav/002260_a3_neutral.wav,-0.001734178513288498
2261,a3,sad,/srv/RL_project/repo/outputs/wav/002261_a3_sad.wav,0.5680361986160278
2262,a3,angry,/srv/RL_project/repo/outputs/wav/002262_a3_angry.wav,0.6757045984268188
2263,a3,surprised,/srv/RL_project/repo/outputs/wav/002263_a3_surprised.wav,0.6712219715118408
2264,a3,surprised,/srv/RL_project/repo/outputs/wav/002264_a3_surprised.wav,0.511384129524231
2265,a3,happy,/srv/RL_project/repo/outputs/wav/002265_a3_happy.wav,0.5329892039299011
2266,a3,angry,/srv/RL_project/repo/outputs/wav/002266_a3_angry.wav,0.5571722984313965
2267,a3,disgusted,/srv/RL_project/repo/outputs/wav/002267_a3_disgusted.wav,0.4850402772426605
2268,a3,sad,/srv/RL_project/repo/outputs/wav/002268_a3_sad.wav,0.5625758767127991
2269,a3,sad,/srv/RL_project/repo/outputs/wav/002269_a3_sad.wav,0.5787562131881714
2270,a3,angry,/srv/RL_project/repo/outputs/wav/002270_a3_angry.wav,0.5601643323898315
2271,a3,angry,/srv/RL_project/repo/outputs/wav/002271_a3_angry.wav,0.623147189617157
2272,a3,angry,/srv/RL_project/repo/outputs/wav/002272_a3_angry.wav,0.5546155571937561
2273,a3,disgusted,/srv/RL_project/repo/outputs/wav/002273_a3_disgusted.wav,0.5711228251457214
2274,a3,happy,/srv/RL_project/repo/outputs/wav/002274_a3_happy.wav,0.480750173330307
2275,a3,angry,/srv/RL_project/repo/outputs/wav/002275_a3_angry.wav,0.632449209690094
2276,a3,happy,/srv/RL_project/repo/outputs/wav/002276_a3_happy.wav,0.5848253965377808
2277,a3,neutral,/srv/RL_project/repo/outputs/wav/002277_a3_neutral.wav,0.4827378988265991
2278,a3,surprised,/srv/RL_project/repo/outputs/wav/002278_a3_surprised.wav,0.5978642106056213
2279,a3,surprised,/srv/RL_project/repo/outputs/wav/002279_a3_surprised.wav,0.6492980718612671
2280,a3,disgusted,/srv/RL_project/repo/outputs/wav/002280_a3_disgusted.wav,0.646956205368042
2281,a3,angry,/srv/RL_project/repo/outputs/wav/002281_a3_angry.wav,0.6209372282028198
2282,a3,surprised,/srv/RL_project/repo/outputs/wav/002282_a3_surprised.wav,0.5685629844665527
2283,a3,sad,/srv/RL_project/repo/outputs/wav/002283_a3_sad.wav,0.6667661070823669
2284,a3,happy,/srv/RL_project/repo/outputs/wav/002284_a3_happy.wav,0.5917510390281677
2285,a3,fearful,/srv/RL_project/repo/outputs/wav/002285_a3_fearful.wav,0.547412097454071
2286,a3,disgusted,/srv/RL_project/repo/outputs/wav/002286_a3_disgusted.wav,0.6616458296775818
2287,a3,sad,/srv/RL_project/repo/outputs/wav/002287_a3_sad.wav,0.5042394399642944
2288,a3,surprised,/srv/RL_project/repo/outputs/wav/002288_a3_surprised.wav,0.6545560359954834
2289,a3,sad,/srv/RL_project/repo/outputs/wav/002289_a3_sad.wav,0.5777265429496765
2290,a3,fearful,/srv/RL_project/repo/outputs/wav/002290_a3_fearful.wav,0.5616245865821838
2291,a3,happy,/srv/RL_project/repo/outputs/wav/002291_a3_happy.wav,0.5116417407989502
2292,a3,neutral,/srv/RL_project/repo/outputs/wav/002292_a3_neutral.wav,0.6488163471221924
2293,a3,angry,/srv/RL_project/repo/outputs/wav/002293_a3_angry.wav,0.551790714263916
2294,a3,fearful,/srv/RL_project/repo/outputs/wav/002294_a3_fearful.wav,0.5703716278076172
2295,a3,fearful,/srv/RL_project/repo/outputs/wav/002295_a3_fearful.wav,0.6028069853782654
2296,a3,angry,/srv/RL_project/repo/outputs/wav/002296_a3_angry.wav,0.6329766511917114
2297,a3,fearful,/srv/RL_project/repo/outputs/wav/002297_a3_fearful.wav,0.5953138470649719
2298,a3,disgusted,/srv/RL_project/repo/outputs/wav/002298_a3_disgusted.wav,0.592418372631073
2299,a3,disgusted,/srv/RL_project/repo/outputs/wav/002299_a3_disgusted.wav,0.5886220335960388
2300,a3,happy,/srv/RL_project/repo/outputs/wav/002300_a3_happy.wav,0.6619647145271301
2301,a3,neutral,/srv/RL_project/repo/outputs/wav/002301_a3_neutral.wav,0.45380523800849915
2302,a3,angry,/srv/RL_project/repo/outputs/wav/002302_a3_angry.wav,0.5609476566314697
2303,a3,angry,/srv/RL_project/repo/outputs/wav/002303_a3_angry.wav,0.5219079256057739
2304,a3,happy,/srv/RL_project/repo/outputs/wav/002304_a3_happy.wav,0.6139276623725891
2305,a3,fearful,/srv/RL_project/repo/outputs/wav/002305_a3_fearful.wav,0.5331075191497803
2306,a3,neutral,/srv/RL_project/repo/outputs/wav/002306_a3_neutral.wav,0.4884069859981537
2307,a3,sad,/srv/RL_project/repo/outputs/wav/002307_a3_sad.wav,0.6172929406166077
2308,a3,angry,/srv/RL_project/repo/outputs/wav/002308_a3_angry.wav,0.4597542881965637
2309,a3,angry,/srv/RL_project/repo/outputs/wav/002309_a3_angry.wav,0.6140868067741394
2310,a3,angry,/srv/RL_project/repo/outputs/wav/002310_a3_angry.wav,0.6204221248626709
2311,a3,happy,/srv/RL_project/repo/outputs/wav/002311_a3_happy.wav,0.6471103429794312
2312,a3,disgusted,/srv/RL_project/repo/outputs/wav/002312_a3_disgusted.wav,0.6132056713104248
2313,a3,angry,/srv/RL_project/repo/outputs/wav/002313_a3_angry.wav,0.5766131281852722
2314,a3,fearful,/srv/RL_project/repo/outputs/wav/002314_a3_fearful.wav,0.6726253032684326
2315,a3,happy,/srv/RL_project/repo/outputs/wav/002315_a3_happy.wav,0.5475355386734009
2316,a3,sad,/srv/RL_project/repo/outputs/wav/002316_a3_sad.wav,0.5490811467170715
2317,a3,sad,/srv/RL_project/repo/outputs/wav/002317_a3_sad.wav,0.5522252321243286
2318,a3,fearful,/srv/RL_project/repo/outputs/wav/002318_a3_fearful.wav,0.581337571144104
2319,a3,disgusted,/srv/RL_project/repo/outputs/wav/002319_a3_disgusted.wav,0.4689614176750183
2320,a3,surprised,/srv/RL_project/repo/outputs/wav/002320_a3_surprised.wav,0.5814724564552307
2321,a3,sad,/srv/RL_project/repo/outputs/wav/002321_a3_sad.wav,0.608746349811554
2322,a3,surprised,/srv/RL_project/repo/outputs/wav/002322_a3_surprised.wav,0.6101042628288269
2323,a3,sad,/srv/RL_project/repo/outputs/wav/002323_a3_sad.wav,0.5035409331321716
2324,a3,happy,/srv/RL_project/repo/outputs/wav/002324_a3_happy.wav,0.48825037479400635
2325,a3,surprised,/srv/RL_project/repo/outputs/wav/002325_a3_surprised.wav,0.5695075988769531
2326,a3,sad,/srv/RL_project/repo/outputs/wav/002326_a3_sad.wav,0.4145886301994324
2327,a3,happy,/srv/RL_project/repo/outputs/wav/002327_a3_happy.wav,0.6401882171630859
2328,a3,sad,/srv/RL_project/repo/outputs/wav/002328_a3_sad.wav,0.5860552191734314
2329,a3,neutral,/srv/RL_project/repo/outputs/wav/002329_a3_neutral.wav,0.6341633200645447
2330,a3,disgusted,/srv/RL_project/repo/outputs/wav/002330_a3_disgusted.wav,0.6515292525291443
2331,a3,angry,/srv/RL_project/repo/outputs/wav/002331_a3_angry.wav,0.5982915163040161
2332,a3,angry,/srv/RL_project/repo/outputs/wav/002332_a3_angry.wav,0.6628978252410889
2333,a3,sad,/srv/RL_project/repo/outputs/wav/002333_a3_sad.wav,0.5198076963424683
2334,a3,neutral,/srv/RL_project/repo/outputs/wav/002334_a3_neutral.wav,0.48074525594711304
2335,a3,fearful,/srv/RL_project/repo/outputs/wav/002335_a3_fearful.wav,0.6557018160820007
2336,a3,angry,/srv/RL_project/repo/outputs/wav/002336_a3_angry.wav,0.580284833908081
2337,a3,fearful,/srv/RL_project/repo/outputs/wav/002337_a3_fearful.wav,0.6203785538673401
2338,a3,happy,/srv/RL_project/repo/outputs/wav/002338_a3_happy.wav,0.5812598466873169
2339,a3,sad,/srv/RL_project/repo/outputs/wav/002339_a3_sad.wav,0.6821112036705017
2340,a3,angry,/srv/RL_project/repo/outputs/wav/002340_a3_angry.wav,0.5720412135124207
2341,a3,sad,/srv/RL_project/repo/outputs/wav/002341_a3_sad.wav,0.6553440690040588
2342,a3,angry,/srv/RL_project/repo/outputs/wav/002342_a3_angry.wav,0.5567684173583984
2343,a3,angry,/srv/RL_project/repo/outputs/wav/002343_a3_angry.wav,0.6918746829032898
2344,a3,neutral,/srv/RL_project/repo/outputs/wav/002344_a3_neutral.wav,0.525949239730835
2345,a3,disgusted,/srv/RL_project/repo/outputs/wav/002345_a3_disgusted.wav,0.6188413500785828
2346,a3,fearful,/srv/RL_project/repo/outputs/wav/002346_a3_fearful.wav,0.5345025062561035
2347,a3,disgusted,/srv/RL_project/repo/outputs/wav/002347_a3_disgusted.wav,0.6174137592315674
2348,a3,fearful,/srv/RL_project/repo/outputs/wav/002348_a3_fearful.wav,0.5567681789398193
2349,a3,angry,/srv/RL_project/repo/outputs/wav/002349_a3_angry.wav,0.6338480710983276
2350,a3,fearful,/srv/RL_project/repo/outputs/wav/002350_a3_fearful.wav,0.6404656171798706
2351,a3,surprised,/srv/RL_project/repo/outputs/wav/002351_a3_surprised.wav,0.5616355538368225
2352,a3,disgusted,/srv/RL_project/repo/outputs/wav/002352_a3_disgusted.wav,0.6370440721511841
2353,a3,sad,/srv/RL_project/repo/outputs/wav/002353_a3_sad.wav,0.5710304379463196
2354,a3,neutral,/srv/RL_project/repo/outputs/wav/002354_a3_neutral.wav,0.6160084009170532
2355,a3,angry,/srv/RL_project/repo/outputs/wav/002355_a3_angry.wav,0.5187340974807739
2356,a3,sad,/srv/RL_project/repo/outputs/wav/002356_a3_sad.wav,0.5737085342407227
2357,a3,angry,/srv/RL_project/repo/outputs/wav/002357_a3_angry.wav,0.5262265205383301
2358,a3,sad,/srv/RL_project/repo/outputs/wav/002358_a3_sad.wav,0.5737661123275757
2359,a3,angry,/srv/RL_project/repo/outputs/wav/002359_a3_angry.wav,0.5127474665641785
2360,a3,disgusted,/srv/RL_project/repo/outputs/wav/002360_a3_disgusted.wav,0.6030412316322327
2361,a3,fearful,/srv/RL_project/repo/outputs/wav/002361_a3_fearful.wav,0.5425360798835754
2362,a3,surprised,/srv/RL_project/repo/outputs/wav/002362_a3_surprised.wav,0.5199159383773804
2363,a3,sad,/srv/RL_project/repo/outputs/wav/002363_a3_sad.wav,0.5254351496696472
2364,a3,angry,/srv/RL_project/repo/outputs/wav/002364_a3_angry.wav,0.5743017792701721
2365,a3,angry,/srv/RL_project/repo/outputs/wav/002365_a3_angry.wav,0.5961239337921143
2366,a3,angry,/srv/RL_project/repo/outputs/wav/002366_a3_angry.wav,0.6180513501167297
2367,a3,disgusted,/srv/RL_project/repo/outputs/wav/002367_a3_disgusted.wav,0.5378035306930542
2368,a3,neutral,/srv/RL_project/repo/outputs/wav/002368_a3_neutral.wav,0.4900791049003601
2369,a3,fearful,/srv/RL_project/repo/outputs/wav/002369_a3_fearful.wav,0.5568047761917114
2370,a3,happy,/srv/RL_project/repo/outputs/wav/002370_a3_happy.wav,0.5347426533699036
2371,a3,neutral,/srv/RL_project/repo/outputs/wav/002371_a3_neutral.wav,0.49564361572265625
2372,a3,neutral,/srv/RL_project/repo/outputs/wav/002372_a3_neutral.wav,0.5771722197532654
2373,a3,angry,/srv/RL_project/repo/outputs/wav/002373_a3_angry.wav,0.5880926251411438
2374,a3,disgusted,/srv/RL_project/repo/outputs/wav/002374_a3_disgusted.wav,0.5422020554542542
2375,a3,surprised,/srv/RL_project/repo/outputs/wav/002375_a3_surprised.wav,0.6228983998298645
2376,a3,sad,/srv/RL_project/repo/outputs/wav/002376_a3_sad.wav,0.6164202094078064
2377,a3,neutral,/srv/RL_project/repo/outputs/wav/002377_a3_neutral.wav,0.5170121788978577
2378,a3,fearful,/srv/RL_project/repo/outputs/wav/002378_a3_fearful.wav,0.6004183888435364
2379,a3,neutral,/srv/RL_project/repo/outputs/wav/002379_a3_neutral.wav,0.3906003534793854
2380,a3,fearful,/srv/RL_project/repo/outputs/wav/002380_a3_fearful.wav,0.5420182943344116
2381,a3,sad,/srv/RL_project/repo/outputs/wav/002381_a3_sad.wav,0.6370512843132019
2382,a3,angry,/srv/RL_project/repo/outputs/wav/002382_a3_angry.wav,0.5770352482795715
2383,a3,sad,/srv/RL_project/repo/outputs/wav/002383_a3_sad.wav,0.5961627960205078
2384,a3,fearful,/srv/RL_project/repo/outputs/wav/002384_a3_fearful.wav,0.4963560402393341
2385,a3,happy,/srv/RL_project/repo/outputs/wav/002385_a3_happy.wav,0.5504645705223083
2386,a3,fearful,/srv/RL_project/repo/outputs/wav/002386_a3_fearful.wav,0.43095481395721436
2387,a3,angry,/srv/RL_project/repo/outputs/wav/002387_a3_angry.wav,0.5660486221313477
2388,a3,disgusted,/srv/RL_project/repo/outputs/wav/002388_a3_disgusted.wav,0.5540159940719604
2389,a3,surprised,/srv/RL_project/repo/outputs/wav/002389_a3_surprised.wav,0.5600167512893677
2390,a3,disgusted,/srv/RL_project/repo/outputs/wav/002390_a3_disgusted.wav,0.4926081895828247
2391,a3,happy,/srv/RL_project/repo/outputs/wav/002391_a3_happy.wav,0.5628922581672668
2392,a3,surprised,/srv/RL_project/repo/outputs/wav/002392_a3_surprised.wav,0.5060964226722717
2393,a3,angry,/srv/RL_project/repo/outputs/wav/002393_a3_angry.wav,0.44660231471061707
2394,a3,fearful,/srv/RL_project/repo/outputs/wav/002394_a3_fearful.wav,0.5052765607833862
2395,a3,happy,/srv/RL_project/repo/outputs/wav/002395_a3_happy.wav,0.5979407429695129
2396,a3,fearful,/srv/RL_project/repo/outputs/wav/002396_a3_fearful.wav,0.6199164390563965
2397,a3,neutral,/srv/RL_project/repo/outputs/wav/002397_a3_neutral.wav,0.5432385802268982
2398,a3,fearful,/srv/RL_project/repo/outputs/wav/002398_a3_fearful.wav,0.5314546823501587
2399,a3,neutral,/srv/RL_project/repo/outputs/wav/002399_a3_neutral.wav,0.6200299263000488
2400,a3,fearful,/srv/RL_project/repo/outputs/wav/002400_a3_fearful.wav,0.5175714492797852
2401,a3,fearful,/srv/RL_project/repo/outputs/wav/002401_a3_fearful.wav,0.5541818737983704
2402,a3,sad,/srv/RL_project/repo/outputs/wav/002402_a3_sad.wav,0.6236920356750488
2403,a3,sad,/srv/RL_project/repo/outputs/wav/002403_a3_sad.wav,0.6829211711883545
2404,a3,fearful,/srv/RL_project/repo/outputs/wav/002404_a3_fearful.wav,0.5235121250152588
2405,a3,neutral,/srv/RL_project/repo/outputs/wav/002405_a3_neutral.wav,0.666280210018158
2406,a3,neutral,/srv/RL_project/repo/outputs/wav/002406_a3_neutral.wav,0.5300003290176392
2407,a3,neutral,/srv/RL_project/repo/outputs/wav/002407_a3_neutral.wav,0.5716354846954346
2408,a3,sad,/srv/RL_project/repo/outputs/wav/002408_a3_sad.wav,0.5342787504196167
2409,a3,angry,/srv/RL_project/repo/outputs/wav/002409_a3_angry.wav,0.5362652540206909
2410,a3,sad,/srv/RL_project/repo/outputs/wav/002410_a3_sad.wav,0.6213549375534058
2411,a3,angry,/srv/RL_project/repo/outputs/wav/002411_a3_angry.wav,0.580585241317749
2412,a3,neutral,/srv/RL_project/repo/outputs/wav/002412_a3_neutral.wav,0.618031919002533
2413,a3,happy,/srv/RL_project/repo/outputs/wav/002413_a3_happy.wav,0.5911586284637451
2414,a3,disgusted,/srv/RL_project/repo/outputs/wav/002414_a3_disgusted.wav,0.5735199451446533
2415,a3,fearful,/srv/RL_project/repo/outputs/wav/002415_a3_fearful.wav,0.5543250441551208
2416,a3,fearful,/srv/RL_project/repo/outputs/wav/002416_a3_fearful.wav,0.5881176590919495
2417,a3,angry,/srv/RL_project/repo/outputs/wav/002417_a3_angry.wav,0.5736733675003052
2418,a3,angry,/srv/RL_project/repo/outputs/wav/002418_a3_angry.wav,0.5059877634048462
2419,a3,happy,/srv/RL_project/repo/outputs/wav/002419_a3_happy.wav,0.5577758550643921
2420,a3,sad,/srv/RL_project/repo/outputs/wav/002420_a3_sad.wav,0.5369501709938049
2421,a3,neutral,/srv/RL_project/repo/outputs/wav/002421_a3_neutral.wav,0.5725328326225281
2422,a3,neutral,/srv/RL_project/repo/outputs/wav/002422_a3_neutral.wav,0.44795164465904236
2423,a3,sad,/srv/RL_project/repo/outputs/wav/002423_a3_sad.wav,0.6713770627975464
2424,a3,disgusted,/srv/RL_project/repo/outputs/wav/002424_a3_disgusted.wav,0.4079815745353699
2425,a3,surprised,/srv/RL_project/repo/outputs/wav/002425_a3_surprised.wav,0.6294944286346436
2426,a3,fearful,/srv/RL_project/repo/outputs/wav/002426_a3_fearful.wav,0.5910634994506836
2427,a3,disgusted,/srv/RL_project/repo/outputs/wav/002427_a3_disgusted.wav,0.6573249697685242
2428,a3,sad,/srv/RL_project/repo/outputs/wav/002428_a3_sad.wav,0.6423017382621765
2429,a3,sad,/srv/RL_project/repo/outputs/wav/002429_a3_sad.wav,0.5893954038619995
2430,a3,sad,/srv/RL_project/repo/outputs/wav/002430_a3_sad.wav,0.5566858053207397
2431,a3,fearful,/srv/RL_project/repo/outputs/wav/002431_a3_fearful.wav,0.5934151411056519
2432,a3,neutral,/srv/RL_project/repo/outputs/wav/002432_a3_neutral.wav,0.5973281264305115
2433,a3,sad,/srv/RL_project/repo/outputs/wav/002433_a3_sad.wav,0.6382140517234802
2434,a3,angry,/srv/RL_project/repo/outputs/wav/002434_a3_angry.wav,0.6470092535018921
2435,a3,neutral,/srv/RL_project/repo/outputs/wav/002435_a3_neutral.wav,0.48569256067276
2436,a3,disgusted,/srv/RL_project/repo/outputs/wav/002436_a3_disgusted.wav,0.6013976335525513
2437,a3,disgusted,/srv/RL_project/repo/outputs/wav/002437_a3_disgusted.wav,0.5766879320144653
2438,a3,disgusted,/srv/RL_project/repo/outputs/wav/002438_a3_disgusted.wav,0.5179417729377747
2439,a3,happy,/srv/RL_project/repo/outputs/wav/002439_a3_happy.wav,0.5684856176376343
2440,a3,disgusted,/srv/RL_project/repo/outputs/wav/002440_a3_disgusted.wav,0.41125398874282837
2441,a3,neutral,/srv/RL_project/repo/outputs/wav/002441_a3_neutral.wav,0.6182975769042969
2442,a3,sad,/srv/RL_project/repo/outputs/wav/002442_a3_sad.wav,0.6160274744033813
2443,a3,fearful,/srv/RL_project/repo/outputs/wav/002443_a3_fearful.wav,0.5051374435424805
2444,a3,disgusted,/srv/RL_project/repo/outputs/wav/002444_a3_disgusted.wav,0.6047729849815369
2445,a3,sad,/srv/RL_project/repo/outputs/wav/002445_a3_sad.wav,0.5559612512588501
2446,a3,sad,/srv/RL_project/repo/outputs/wav/002446_a3_sad.wav,0.5007597208023071
2447,a3,fearful,/srv/RL_project/repo/outputs/wav/002447_a3_fearful.wav,0.6615689992904663
2448,a3,disgusted,/srv/RL_project/repo/outputs/wav/002448_a3_disgusted.wav,0.5147446393966675
2449,a3,angry,/srv/RL_project/repo/outputs/wav/002449_a3_angry.wav,0.534277081489563
2450,a3,happy,/srv/RL_project/repo/outputs/wav/002450_a3_happy.wav,0.6125719547271729
2451,a3,fearful,/srv/RL_project/repo/outputs/wav/002451_a3_fearful.wav,0.5619463920593262
2452,a3,angry,/srv/RL_project/repo/outputs/wav/002452_a3_angry.wav,0.5630890727043152
2453,a3,surprised,/srv/RL_project/repo/outputs/wav/002453_a3_surprised.wav,0.6331290006637573
2454,a3,neutral,/srv/RL_project/repo/outputs/wav/002454_a3_neutral.wav,0.681390106678009
2455,a3,happy,/srv/RL_project/repo/outputs/wav/002455_a3_happy.wav,0.5704403519630432
2456,a3,sad,/srv/RL_project/repo/outputs/wav/002456_a3_sad.wav,0.5582796335220337
2457,a3,neutral,/srv/RL_project/repo/outputs/wav/002457_a3_neutral.wav,0.6671295762062073
2458,a3,disgusted,/srv/RL_project/repo/outputs/wav/002458_a3_disgusted.wav,0.6438997387886047
2459,a3,neutral,/srv/RL_project/repo/outputs/wav/002459_a3_neutral.wav,0.5485292077064514
2460,a3,sad,/srv/RL_project/repo/outputs/wav/002460_a3_sad.wav,0.6556854248046875
2461,a3,angry,/srv/RL_project/repo/outputs/wav/002461_a3_angry.wav,0.5500780940055847
2462,a3,happy,/srv/RL_project/repo/outputs/wav/002462_a3_happy.wav,0.4946644604206085
2463,a3,happy,/srv/RL_project/repo/outputs/wav/002463_a3_happy.wav,0.6007170677185059
2464,a3,happy,/srv/RL_project/repo/outputs/wav/002464_a3_happy.wav,0.6322365403175354
2465,a3,happy,/srv/RL_project/repo/outputs/wav/002465_a3_happy.wav,0.5674085021018982
2466,a3,surprised,/srv/RL_project/repo/outputs/wav/002466_a3_surprised.wav,0.5704967379570007
2467,a3,fearful,/srv/RL_project/repo/outputs/wav/002467_a3_fearful.wav,0.4774121642112732
2468,a3,fearful,/srv/RL_project/repo/outputs/wav/002468_a3_fearful.wav,0.5536085963249207
2469,a3,happy,/srv/RL_project/repo/outputs/wav/002469_a3_happy.wav,0.534548819065094
2470,a3,neutral,/srv/RL_project/repo/outputs/wav/002470_a3_neutral.wav,0.5310807228088379
2471,a3,surprised,/srv/RL_project/repo/outputs/wav/002471_a3_surprised.wav,0.5585412979125977
2472,a3,sad,/srv/RL_project/repo/outputs/wav/002472_a3_sad.wav,0.6255949139595032
2473,a3,surprised,/srv/RL_project/repo/outputs/wav/002473_a3_surprised.wav,0.6197611689567566
2474,a3,disgusted,/srv/RL_project/repo/outputs/wav/002474_a3_disgusted.wav,0.5909374952316284
2475,a3,sad,/srv/RL_project/repo/outputs/wav/002475_a3_sad.wav,0.4437478184700012
2476,a3,disgusted,/srv/RL_project/repo/outputs/wav/002476_a3_disgusted.wav,0.5360966324806213
2477,a3,happy,/srv/RL_project/repo/outputs/wav/002477_a3_happy.wav,0.6243754029273987
2478,a3,neutral,/srv/RL_project/repo/outputs/wav/002478_a3_neutral.wav,0.6109471321105957
2479,a3,surprised,/srv/RL_project/repo/outputs/wav/002479_a3_surprised.wav,0.6110720634460449
2480,a3,disgusted,/srv/RL_project/repo/outputs/wav/002480_a3_disgusted.wav,0.6520090699195862
2481,a3,happy,/srv/RL_project/repo/outputs/wav/002481_a3_happy.wav,0.42830386757850647
2482,a3,happy,/srv/RL_project/repo/outputs/wav/002482_a3_happy.wav,0.3465362787246704
2483,a3,disgusted,/srv/RL_project/repo/outputs/wav/002483_a3_disgusted.wav,0.6540230512619019
2484,a3,sad,/srv/RL_project/repo/outputs/wav/002484_a3_sad.wav,0.6455628275871277
2485,a3,disgusted,/srv/RL_project/repo/outputs/wav/002485_a3_disgusted.wav,0.6368494033813477
2486,a3,surprised,/srv/RL_project/repo/outputs/wav/002486_a3_surprised.wav,0.48549437522888184
2487,a3,neutral,/srv/RL_project/repo/outputs/wav/002487_a3_neutral.wav,0.5053414702415466
2488,a3,surprised,/srv/RL_project/repo/outputs/wav/002488_a3_surprised.wav,0.5564555525779724
2489,a3,neutral,/srv/RL_project/repo/outputs/wav/002489_a3_neutral.wav,0.5244144201278687
2490,a3,sad,/srv/RL_project/repo/outputs/wav/002490_a3_sad.wav,0.5713671445846558
2491,a3,fearful,/srv/RL_project/repo/outputs/wav/002491_a3_fearful.wav,0.57061767578125
2492,a3,fearful,/srv/RL_project/repo/outputs/wav/002492_a3_fearful.wav,0.5492581725120544
2493,a3,disgusted,/srv/RL_project/repo/outputs/wav/002493_a3_disgusted.wav,0.5458996295928955
2494,a3,sad,/srv/RL_project/repo/outputs/wav/002494_a3_sad.wav,0.6340055465698242
2495,a3,happy,/srv/RL_project/repo/outputs/wav/002495_a3_happy.wav,0.5510421991348267
2496,a3,fearful,/srv/RL_project/repo/outputs/wav/002496_a3_fearful.wav,0.513913094997406
2497,a3,angry,/srv/RL_project/repo/outputs/wav/002497_a3_angry.wav,0.4773402512073517
2498,a3,neutral,/srv/RL_project/repo/outputs/wav/002498_a3_neutral.wav,0.588529109954834
2499,a3,disgusted,/srv/RL_project/repo/outputs/wav/002499_a3_disgusted.wav,0.5712594985961914
2500,a3,surprised,/srv/RL_project/repo/outputs/wav/002500_a3_surprised.wav,0.5341151356697083
2501,a3,disgusted,/srv/RL_project/repo/outputs/wav/002501_a3_disgusted.wav,0.5029825568199158
2502,a3,surprised,/srv/RL_project/repo/outputs/wav/002502_a3_surprised.wav,0.45922672748565674
2503,a3,disgusted,/srv/RL_project/repo/outputs/wav/002503_a3_disgusted.wav,0.45783519744873047
2504,a3,disgusted,/srv/RL_project/repo/outputs/wav/002504_a3_disgusted.wav,0.610722005367279
2505,a3,angry,/srv/RL_project/repo/outputs/wav/002505_a3_angry.wav,0.5354645848274231
2506,a3,surprised,/srv/RL_project/repo/outputs/wav/002506_a3_surprised.wav,0.5927621722221375
2507,a3,happy,/srv/RL_project/repo/outputs/wav/002507_a3_happy.wav,0.561820387840271
2508,a3,angry,/srv/RL_project/repo/outputs/wav/002508_a3_angry.wav,0.5979455709457397
2509,a3,surprised,/srv/RL_project/repo/outputs/wav/002509_a3_surprised.wav,0.5333951115608215
2510,a3,fearful,/srv/RL_project/repo/outputs/wav/002510_a3_fearful.wav,0.5595605969429016
2511,a3,surprised,/srv/RL_project/repo/outputs/wav/002511_a3_surprised.wav,0.5141613483428955
2512,a3,happy,/srv/RL_project/repo/outputs/wav/002512_a3_happy.wav,0.6086748838424683
2513,a3,sad,/srv/RL_project/repo/outputs/wav/002513_a3_sad.wav,0.5645176768302917
2514,a3,neutral,/srv/RL_project/repo/outputs/wav/002514_a3_neutral.wav,0.5798711776733398
2515,a3,sad,/srv/RL_project/repo/outputs/wav/002515_a3_sad.wav,0.5558798313140869
2516,a3,happy,/srv/RL_project/repo/outputs/wav/002516_a3_happy.wav,0.5479529500007629
2517,a3,sad,/srv/RL_project/repo/outputs/wav/002517_a3_sad.wav,0.5299899578094482
2518,a3,disgusted,/srv/RL_project/repo/outputs/wav/002518_a3_disgusted.wav,0.5832047462463379
2519,a3,angry,/srv/RL_project/repo/outputs/wav/002519_a3_angry.wav,0.5736736059188843
2520,a3,surprised,/srv/RL_project/repo/outputs/wav/002520_a3_surprised.wav,0.5874979496002197
2521,a3,happy,/srv/RL_project/repo/outputs/wav/002521_a3_happy.wav,0.5610963702201843
2522,a3,disgusted,/srv/RL_project/repo/outputs/wav/002522_a3_disgusted.wav,0.6002767086029053
2523,a3,sad,/srv/RL_project/repo/outputs/wav/002523_a3_sad.wav,0.5924553275108337
2524,a3,sad,/srv/RL_project/repo/outputs/wav/002524_a3_sad.wav,0.6002404093742371
2525,a3,fearful,/srv/RL_project/repo/outputs/wav/002525_a3_fearful.wav,0.601378321647644
2526,a3,surprised,/srv/RL_project/repo/outputs/wav/002526_a3_surprised.wav,0.5772711634635925
2527,a3,fearful,/srv/RL_project/repo/outputs/wav/002527_a3_fearful.wav,0.4973357319831848
2528,a3,happy,/srv/RL_project/repo/outputs/wav/002528_a3_happy.wav,0.5742601156234741
2529,a3,surprised,/srv/RL_project/repo/outputs/wav/002529_a3_surprised.wav,0.6179489493370056
2530,a3,sad,/srv/RL_project/repo/outputs/wav/002530_a3_sad.wav,0.6098862290382385
2531,a3,happy,/srv/RL_project/repo/outputs/wav/002531_a3_happy.wav,0.5708602666854858
2532,a3,neutral,/srv/RL_project/repo/outputs/wav/002532_a3_neutral.wav,0.4786205291748047
2533,a3,fearful,/srv/RL_project/repo/outputs/wav/002533_a3_fearful.wav,0.7078181505203247
2534,a3,disgusted,/srv/RL_project/repo/outputs/wav/002534_a3_disgusted.wav,0.5427512526512146
2535,a3,disgusted,/srv/RL_project/repo/outputs/wav/002535_a3_disgusted.wav,0.5672479867935181
2536,a3,angry,/srv/RL_project/repo/outputs/wav/002536_a3_angry.wav,0.5545634627342224
2537,a3,angry,/srv/RL_project/repo/outputs/wav/002537_a3_angry.wav,0.5717169046401978
2538,a3,sad,/srv/RL_project/repo/outputs/wav/002538_a3_sad.wav,0.5653241872787476
2539,a3,happy,/srv/RL_project/repo/outputs/wav/002539_a3_happy.wav,0.4853682219982147
2540,a3,disgusted,/srv/RL_project/repo/outputs/wav/002540_a3_disgusted.wav,0.5635921359062195
2541,a3,disgusted,/srv/RL_project/repo/outputs/wav/002541_a3_disgusted.wav,0.6578119993209839
2542,a3,happy,/srv/RL_project/repo/outputs/wav/002542_a3_happy.wav,0.6235860586166382
2543,a3,neutral,/srv/RL_project/repo/outputs/wav/002543_a3_neutral.wav,0.6503393054008484
2544,a3,sad,/srv/RL_project/repo/outputs/wav/002544_a3_sad.wav,0.636418342590332
2545,a3,angry,/srv/RL_project/repo/outputs/wav/002545_a3_angry.wav,0.5909274220466614
2546,a3,happy,/srv/RL_project/repo/outputs/wav/002546_a3_happy.wav,0.5611385703086853
2547,a3,disgusted,/srv/RL_project/repo/outputs/wav/002547_a3_disgusted.wav,0.6969021558761597
2548,a3,angry,/srv/RL_project/repo/outputs/wav/002548_a3_angry.wav,0.6065316200256348
2549,a3,fearful,/srv/RL_project/repo/outputs/wav/002549_a3_fearful.wav,0.5194144248962402
2550,a3,angry,/srv/RL_project/repo/outputs/wav/002550_a3_angry.wav,0.6775439977645874
2551,a3,happy,/srv/RL_project/repo/outputs/wav/002551_a3_happy.wav,0.56734299659729
2552,a3,neutral,/srv/RL_project/repo/outputs/wav/002552_a3_neutral.wav,0.556158185005188
2553,a3,angry,/srv/RL_project/repo/outputs/wav/002553_a3_angry.wav,0.6286896467208862
2554,a3,fearful,/srv/RL_project/repo/outputs/wav/002554_a3_fearful.wav,0.6595892906188965
2555,a3,fearful,/srv/RL_project/repo/outputs/wav/002555_a3_fearful.wav,0.6834248304367065
2556,a3,surprised,/srv/RL_project/repo/outputs/wav/002556_a3_surprised.wav,0.5351502895355225
2557,a3,fearful,/srv/RL_project/repo/outputs/wav/002557_a3_fearful.wav,0.543883204460144
2558,a3,neutral,/srv/RL_project/repo/outputs/wav/002558_a3_neutral.wav,0.561453104019165
2559,a3,disgusted,/srv/RL_project/repo/outputs/wav/002559_a3_disgusted.wav,0.6020315289497375
2560,a3,angry,/srv/RL_project/repo/outputs/wav/002560_a3_angry.wav,0.528643012046814
2561,a3,neutral,/srv/RL_project/repo/outputs/wav/002561_a3_neutral.wav,0.6114598512649536
2562,a3,neutral,/srv/RL_project/repo/outputs/wav/002562_a3_neutral.wav,0.5060004591941833
2563,a3,angry,/srv/RL_project/repo/outputs/wav/002563_a3_angry.wav,0.3828907012939453
2564,a3,angry,/srv/RL_project/repo/outputs/wav/002564_a3_angry.wav,0.5487255454063416
2565,a3,disgusted,/srv/RL_project/repo/outputs/wav/002565_a3_disgusted.wav,0.4570716917514801
2566,a3,sad,/srv/RL_project/repo/outputs/wav/002566_a3_sad.wav,0.5744293928146362
2567,a3,sad,/srv/RL_project/repo/outputs/wav/002567_a3_sad.wav,0.6478133201599121
2568,a3,sad,/srv/RL_project/repo/outputs/wav/002568_a3_sad.wav,0.525440514087677
2569,a3,surprised,/srv/RL_project/repo/outputs/wav/002569_a3_surprised.wav,0.5154567956924438
2570,a3,fearful,/srv/RL_project/repo/outputs/wav/002570_a3_fearful.wav,0.5087406635284424
2571,a3,disgusted,/srv/RL_project/repo/outputs/wav/002571_a3_disgusted.wav,0.5699141025543213
2572,a3,sad,/srv/RL_project/repo/outputs/wav/002572_a3_sad.wav,0.5507365465164185
2573,a3,disgusted,/srv/RL_project/repo/outputs/wav/002573_a3_disgusted.wav,0.5037931203842163
2574,a3,fearful,/srv/RL_project/repo/outputs/wav/002574_a3_fearful.wav,0.6086087822914124
2575,a3,disgusted,/srv/RL_project/repo/outputs/wav/002575_a3_disgusted.wav,0.5451745390892029
2576,a3,fearful,/srv/RL_project/repo/outputs/wav/002576_a3_fearful.wav,0.5933405160903931
2577,a3,neutral,/srv/RL_project/repo/outputs/wav/002577_a3_neutral.wav,0.5469152927398682
2578,a3,angry,/srv/RL_project/repo/outputs/wav/002578_a3_angry.wav,0.5801287889480591
2579,a3,sad,/srv/RL_project/repo/outputs/wav/002579_a3_sad.wav,0.5602613687515259
2580,a3,sad,/srv/RL_project/repo/outputs/wav/002580_a3_sad.wav,0.46604007482528687
2581,a3,surprised,/srv/RL_project/repo/outputs/wav/002581_a3_surprised.wav,0.6347030997276306
2582,a3,neutral,/srv/RL_project/repo/outputs/wav/002582_a3_neutral.wav,0.5589714646339417
2583,a3,happy,/srv/RL_project/repo/outputs/wav/002583_a3_happy.wav,0.6625180244445801
2584,a3,surprised,/srv/RL_project/repo/outputs/wav/002584_a3_surprised.wav,0.6298935413360596
2585,a3,angry,/srv/RL_project/repo/outputs/wav/002585_a3_angry.wav,0.3946172595024109
2586,a3,fearful,/srv/RL_project/repo/outputs/wav/002586_a3_fearful.wav,0.5663865804672241
2587,a3,neutral,/srv/RL_project/repo/outputs/wav/002587_a3_neutral.wav,0.6152302026748657
2588,a3,neutral,/srv/RL_project/repo/outputs/wav/002588_a3_neutral.wav,0.6256619095802307
2589,a3,neutral,/srv/RL_project/repo/outputs/wav/002589_a3_neutral.wav,0.5602365732192993
2590,a3,fearful,/srv/RL_project/repo/outputs/wav/002590_a3_fearful.wav,0.6649893522262573
2591,a3,happy,/srv/RL_project/repo/outputs/wav/002591_a3_happy.wav,0.5309572815895081
2592,a3,disgusted,/srv/RL_project/repo/outputs/wav/002592_a3_disgusted.wav,0.6070325374603271
2593,a3,surprised,/srv/RL_project/repo/outputs/wav/002593_a3_surprised.wav,0.6243681907653809
2594,a3,fearful,/srv/RL_project/repo/outputs/wav/002594_a3_fearful.wav,0.5216253399848938
2595,a3,surprised,/srv/RL_project/repo/outputs/wav/002595_a3_surprised.wav,0.5119704008102417
2596,a3,angry,/srv/RL_project/repo/outputs/wav/002596_a3_angry.wav,0.5567414164543152
2597,a3,disgusted,/srv/RL_project/repo/outputs/wav/002597_a3_disgusted.wav,0.5621510744094849
2598,a3,angry,/srv/RL_project/repo/outputs/wav/002598_a3_angry.wav,0.5361415147781372
2599,a3,neutral,/srv/RL_project/repo/outputs/wav/002599_a3_neutral.wav,0.5426852703094482
2600,a3,happy,/srv/RL_project/repo/outputs/wav/002600_a3_happy.wav,0.6381978392601013
2601,a3,sad,/srv/RL_project/repo/outputs/wav/002601_a3_sad.wav,0.6141029596328735
2602,a3,fearful,/srv/RL_project/repo/outputs/wav/002602_a3_fearful.wav,0.5879380702972412
2603,a3,happy,/srv/RL_project/repo/outputs/wav/002603_a3_happy.wav,0.5234595537185669
2604,a3,angry,/srv/RL_project/repo/outputs/wav/002604_a3_angry.wav,0.6250081062316895
2605,a3,sad,/srv/RL_project/repo/outputs/wav/002605_a3_sad.wav,0.4657127857208252
2606,a3,neutral,/srv/RL_project/repo/outputs/wav/002606_a3_neutral.wav,0.5469133853912354
2607,a3,disgusted,/srv/RL_project/repo/outputs/wav/002607_a3_disgusted.wav,0.5721983313560486
2608,a3,fearful,/srv/RL_project/repo/outputs/wav/002608_a3_fearful.wav,0.5154381394386292
2609,a3,happy,/srv/RL_project/repo/outputs/wav/002609_a3_happy.wav,0.5521677732467651
2610,a3,sad,/srv/RL_project/repo/outputs/wav/002610_a3_sad.wav,0.5826461315155029
2611,a3,sad,/srv/RL_project/repo/outputs/wav/002611_a3_sad.wav,0.5247495770454407
2612,a3,neutral,/srv/RL_project/repo/outputs/wav/002612_a3_neutral.wav,0.5207156538963318
2613,a3,surprised,/srv/RL_project/repo/outputs/wav/002613_a3_surprised.wav,0.6603167653083801
2614,a3,surprised,/srv/RL_project/repo/outputs/wav/002614_a3_surprised.wav,0.5338996052742004
2615,a3,sad,/srv/RL_project/repo/outputs/wav/002615_a3_sad.wav,0.45009684562683105
2616,a3,sad,/srv/RL_project/repo/outputs/wav/002616_a3_sad.wav,0.5584111213684082
2617,a3,angry,/srv/RL_project/repo/outputs/wav/002617_a3_angry.wav,0.539965033531189
2618,a3,surprised,/srv/RL_project/repo/outputs/wav/002618_a3_surprised.wav,0.5736790299415588
2619,a3,neutral,/srv/RL_project/repo/outputs/wav/002619_a3_neutral.wav,0.5271297097206116
2620,a3,disgusted,/srv/RL_project/repo/outputs/wav/002620_a3_disgusted.wav,0.5842481255531311
2621,a3,sad,/srv/RL_project/repo/outputs/wav/002621_a3_sad.wav,0.4757327437400818
2622,a3,sad,/srv/RL_project/repo/outputs/wav/002622_a3_sad.wav,0.6279283165931702
2623,a3,neutral,/srv/RL_project/repo/outputs/wav/002623_a3_neutral.wav,0.5768419504165649
2624,a3,sad,/srv/RL_project/repo/outputs/wav/002624_a3_sad.wav,0.6970638632774353
2625,a3,disgusted,/srv/RL_project/repo/outputs/wav/002625_a3_disgusted.wav,0.6615286469459534
2626,a3,surprised,/srv/RL_project/repo/outputs/wav/002626_a3_surprised.wav,0.4853416085243225
2627,a3,disgusted,/srv/RL_project/repo/outputs/wav/002627_a3_disgusted.wav,0.517612099647522
2628,a3,neutral,/srv/RL_project/repo/outputs/wav/002628_a3_neutral.wav,0.5842015743255615
2629,a3,disgusted,/srv/RL_project/repo/outputs/wav/002629_a3_disgusted.wav,0.5740450620651245
2630,a3,sad,/srv/RL_project/repo/outputs/wav/002630_a3_sad.wav,0.6887255907058716
2631,a3,fearful,/srv/RL_project/repo/outputs/wav/002631_a3_fearful.wav,0.5808691382408142
2632,a3,fearful,/srv/RL_project/repo/outputs/wav/002632_a3_fearful.wav,0.6234851479530334
2633,a3,angry,/srv/RL_project/repo/outputs/wav/002633_a3_angry.wav,0.5651260614395142
2634,a3,angry,/srv/RL_project/repo/outputs/wav/002634_a3_angry.wav,0.49468258023262024
2635,a3,neutral,/srv/RL_project/repo/outputs/wav/002635_a3_neutral.wav,0.5584043264389038
2636,a3,neutral,/srv/RL_project/repo/outputs/wav/002636_a3_neutral.wav,0.6304923295974731
2637,a3,neutral,/srv/RL_project/repo/outputs/wav/002637_a3_neutral.wav,0.5727611184120178
2638,a3,sad,/srv/RL_project/repo/outputs/wav/002638_a3_sad.wav,0.6164715886116028
2639,a3,sad,/srv/RL_project/repo/outputs/wav/002639_a3_sad.wav,0.6042948961257935
2640,a3,surprised,/srv/RL_project/repo/outputs/wav/002640_a3_surprised.wav,0.5325188636779785
2641,a3,happy,/srv/RL_project/repo/outputs/wav/002641_a3_happy.wav,0.5805907249450684
2642,a3,angry,/srv/RL_project/repo/outputs/wav/002642_a3_angry.wav,0.516512930393219
2643,a3,happy,/srv/RL_project/repo/outputs/wav/002643_a3_happy.wav,0.4802830219268799
2644,a3,angry,/srv/RL_project/repo/outputs/wav/002644_a3_angry.wav,0.3861192762851715
2645,a3,neutral,/srv/RL_project/repo/outputs/wav/002645_a3_neutral.wav,0.7045716047286987
2646,a3,neutral,/srv/RL_project/repo/outputs/wav/002646_a3_neutral.wav,0.5874678492546082
2647,a3,sad,/srv/RL_project/repo/outputs/wav/002647_a3_sad.wav,0.5388813614845276
2648,a3,surprised,/srv/RL_project/repo/outputs/wav/002648_a3_surprised.wav,0.617190420627594
2649,a3,angry,/srv/RL_project/repo/outputs/wav/002649_a3_angry.wav,0.693550169467926
2650,a3,happy,/srv/RL_project/repo/outputs/wav/002650_a3_happy.wav,0.5894010066986084
2651,a3,angry,/srv/RL_project/repo/outputs/wav/002651_a3_angry.wav,0.5581871867179871
2652,a3,happy,/srv/RL_project/repo/outputs/wav/002652_a3_happy.wav,0.5802817940711975
2653,a3,sad,/srv/RL_project/repo/outputs/wav/002653_a3_sad.wav,0.6248815059661865
2654,a3,sad,/srv/RL_project/repo/outputs/wav/002654_a3_sad.wav,0.5953092575073242
2655,a3,neutral,/srv/RL_project/repo/outputs/wav/002655_a3_neutral.wav,0.680345892906189
2656,a3,neutral,/srv/RL_project/repo/outputs/wav/002656_a3_neutral.wav,0.5431397557258606
2657,a3,disgusted,/srv/RL_project/repo/outputs/wav/002657_a3_disgusted.wav,0.5424163937568665
2658,a3,sad,/srv/RL_project/repo/outputs/wav/002658_a3_sad.wav,0.5717081427574158
2659,a3,fearful,/srv/RL_project/repo/outputs/wav/002659_a3_fearful.wav,0.5396125316619873
2660,a3,sad,/srv/RL_project/repo/outputs/wav/002660_a3_sad.wav,0.5849728584289551
2661,a3,neutral,/srv/RL_project/repo/outputs/wav/002661_a3_neutral.wav,0.5333515405654907
2662,a3,happy,/srv/RL_project/repo/outputs/wav/002662_a3_happy.wav,0.5790703296661377
2663,a3,fearful,/srv/RL_project/repo/outputs/wav/002663_a3_fearful.wav,0.6149661540985107
2664,a3,disgusted,/srv/RL_project/repo/outputs/wav/002664_a3_disgusted.wav,0.6194889545440674
2665,a3,disgusted,/srv/RL_project/repo/outputs/wav/002665_a3_disgusted.wav,0.677497386932373
2666,a3,fearful,/srv/RL_project/repo/outputs/wav/002666_a3_fearful.wav,0.5150446891784668
2667,a3,fearful,/srv/RL_project/repo/outputs/wav/002667_a3_fearful.wav,0.5326101779937744
2668,a3,fearful,/srv/RL_project/repo/outputs/wav/002668_a3_fearful.wav,0.5527879595756531
2669,a3,neutral,/srv/RL_project/repo/outputs/wav/002669_a3_neutral.wav,0.6063922643661499
2670,a3,fearful,/srv/RL_project/repo/outputs/wav/002670_a3_fearful.wav,0.5809855461120605
2671,a3,happy,/srv/RL_project/repo/outputs/wav/002671_a3_happy.wav,0.6314700841903687
2672,a3,angry,/srv/RL_project/repo/outputs/wav/002672_a3_angry.wav,0.429109662771225
2673,a3,happy,/srv/RL_project/repo/outputs/wav/002673_a3_happy.wav,0.5741308927536011
2674,a3,angry,/srv/RL_project/repo/outputs/wav/002674_a3_angry.wav,0.5634859800338745
2675,a3,angry,/srv/RL_project/repo/outputs/wav/002675_a3_angry.wav,0.6122037768363953
2676,a3,disgusted,/srv/RL_project/repo/outputs/wav/002676_a3_disgusted.wav,0.6573908925056458
2677,a3,surprised,/srv/RL_project/repo/outputs/wav/002677_a3_surprised.wav,0.5397279262542725
2678,a3,neutral,/srv/RL_project/repo/outputs/wav/002678_a3_neutral.wav,0.6789759993553162
2679,a3,happy,/srv/RL_project/repo/outputs/wav/002679_a3_happy.wav,0.592894434928894
2680,a3,fearful,/srv/RL_project/repo/outputs/wav/002680_a3_fearful.wav,0.6476296186447144
2681,a3,fearful,/srv/RL_project/repo/outputs/wav/002681_a3_fearful.wav,0.5806375741958618
2682,a3,neutral,/srv/RL_project/repo/outputs/wav/002682_a3_neutral.wav,0.5574608445167542
2683,a3,sad,/srv/RL_project/repo/outputs/wav/002683_a3_sad.wav,0.49150019884109497
2684,a3,happy,/srv/RL_project/repo/outputs/wav/002684_a3_happy.wav,0.5385645627975464
2685,a3,angry,/srv/RL_project/repo/outputs/wav/002685_a3_angry.wav,0.6015797853469849
2686,a3,happy,/srv/RL_project/repo/outputs/wav/002686_a3_happy.wav,0.6088438034057617
2687,a3,neutral,/srv/RL_project/repo/outputs/wav/002687_a3_neutral.wav,0.5683638453483582
2688,a3,angry,/srv/RL_project/repo/outputs/wav/002688_a3_angry.wav,0.4900433421134949
2689,a3,neutral,/srv/RL_project/repo/outputs/wav/002689_a3_neutral.wav,0.5891894102096558
2690,a3,angry,/srv/RL_project/repo/outputs/wav/002690_a3_angry.wav,0.24622628092765808
2691,a3,fearful,/srv/RL_project/repo/outputs/wav/002691_a3_fearful.wav,0.6124083399772644
2692,a3,neutral,/srv/RL_project/repo/outputs/wav/002692_a3_neutral.wav,0.6401411294937134
2693,a3,sad,/srv/RL_project/repo/outputs/wav/002693_a3_sad.wav,0.6144381761550903
2694,a3,happy,/srv/RL_project/repo/outputs/wav/002694_a3_happy.wav,0.6257227063179016
2695,a3,happy,/srv/RL_project/repo/outputs/wav/002695_a3_happy.wav,0.5601552128791809
2696,a3,disgusted,/srv/RL_project/repo/outputs/wav/002696_a3_disgusted.wav,0.6346293091773987
2697,a3,angry,/srv/RL_project/repo/outputs/wav/002697_a3_angry.wav,0.5083155035972595
2698,a3,surprised,/srv/RL_project/repo/outputs/wav/002698_a3_surprised.wav,0.5691012144088745
2699,a3,angry,/srv/RL_project/repo/outputs/wav/002699_a3_angry.wav,0.5468214154243469
2700,a3,angry,/srv/RL_project/repo/outputs/wav/002700_a3_angry.wav,0.6032482385635376
2701,a3,disgusted,/srv/RL_project/repo/outputs/wav/002701_a3_disgusted.wav,0.6469195485115051
2702,a3,neutral,/srv/RL_project/repo/outputs/wav/002702_a3_neutral.wav,0.5594751834869385
2703,a3,angry,/srv/RL_project/repo/outputs/wav/002703_a3_angry.wav,0.6077895164489746
2704,a3,disgusted,/srv/RL_project/repo/outputs/wav/002704_a3_disgusted.wav,0.5345923900604248
2705,a3,fearful,/srv/RL_project/repo/outputs/wav/002705_a3_fearful.wav,0.5371034741401672
2706,a3,angry,/srv/RL_project/repo/outputs/wav/002706_a3_angry.wav,0.5645114183425903
2707,a3,angry,/srv/RL_project/repo/outputs/wav/002707_a3_angry.wav,0.6463341116905212
2708,a3,surprised,/srv/RL_project/repo/outputs/wav/002708_a3_surprised.wav,0.6140574216842651
2709,a3,surprised,/srv/RL_project/repo/outputs/wav/002709_a3_surprised.wav,0.654911994934082
2710,a3,surprised,/srv/RL_project/repo/outputs/wav/002710_a3_surprised.wav,0.5822184085845947
2711,a3,angry,/srv/RL_project/repo/outputs/wav/002711_a3_angry.wav,0.5336312651634216
2712,a3,disgusted,/srv/RL_project/repo/outputs/wav/002712_a3_disgusted.wav,0.5598543286323547
2713,a3,neutral,/srv/RL_project/repo/outputs/wav/002713_a3_neutral.wav,0.5771749019622803
2714,a3,fearful,/srv/RL_project/repo/outputs/wav/002714_a3_fearful.wav,0.5605924129486084
2715,a3,neutral,/srv/RL_project/repo/outputs/wav/002715_a3_neutral.wav,0.5726410150527954
2716,a3,happy,/srv/RL_project/repo/outputs/wav/002716_a3_happy.wav,0.5415141582489014
2717,a3,fearful,/srv/RL_project/repo/outputs/wav/002717_a3_fearful.wav,0.5234854817390442
2718,a3,fearful,/srv/RL_project/repo/outputs/wav/002718_a3_fearful.wav,0.5608417987823486
2719,a3,sad,/srv/RL_project/repo/outputs/wav/002719_a3_sad.wav,0.5639084577560425
2720,a3,fearful,/srv/RL_project/repo/outputs/wav/002720_a3_fearful.wav,0.4525526165962219
2721,a3,angry,/srv/RL_project/repo/outputs/wav/002721_a3_angry.wav,0.6334537267684937
2722,a3,angry,/srv/RL_project/repo/outputs/wav/002722_a3_angry.wav,0.6421573758125305
2723,a3,disgusted,/srv/RL_project/repo/outputs/wav/002723_a3_disgusted.wav,0.534072995185852
2724,a3,happy,/srv/RL_project/repo/outputs/wav/002724_a3_happy.wav,0.5766409039497375
2725,a3,angry,/srv/RL_project/repo/outputs/wav/002725_a3_angry.wav,0.5713024139404297
2726,a3,happy,/srv/RL_project/repo/outputs/wav/002726_a3_happy.wav,0.6166918277740479
2727,a3,sad,/srv/RL_project/repo/outputs/wav/002727_a3_sad.wav,0.5882226824760437
2728,a3,happy,/srv/RL_project/repo/outputs/wav/002728_a3_happy.wav,0.4819146394729614
2729,a3,angry,/srv/RL_project/repo/outputs/wav/002729_a3_angry.wav,0.6652348041534424
2730,a3,neutral,/srv/RL_project/repo/outputs/wav/002730_a3_neutral.wav,0.5241825580596924
2731,a3,surprised,/srv/RL_project/repo/outputs/wav/002731_a3_surprised.wav,0.6640858054161072
2732,a3,fearful,/srv/RL_project/repo/outputs/wav/002732_a3_fearful.wav,0.5002617239952087
2733,a3,sad,/srv/RL_project/repo/outputs/wav/002733_a3_sad.wav,0.42546334862709045
2734,a3,surprised,/srv/RL_project/repo/outputs/wav/002734_a3_surprised.wav,0.608489990234375
2735,a3,angry,/srv/RL_project/repo/outputs/wav/002735_a3_angry.wav,0.5780607461929321
2736,a3,fearful,/srv/RL_project/repo/outputs/wav/002736_a3_fearful.wav,0.42627567052841187
2737,a3,neutral,/srv/RL_project/repo/outputs/wav/002737_a3_neutral.wav,0.570941686630249
2738,a3,sad,/srv/RL_project/repo/outputs/wav/002738_a3_sad.wav,0.5811642408370972
2739,a3,disgusted,/srv/RL_project/repo/outputs/wav/002739_a3_disgusted.wav,0.578933835029602
2740,a3,neutral,/srv/RL_project/repo/outputs/wav/002740_a3_neutral.wav,0.5969932079315186
2741,a3,neutral,/srv/RL_project/repo/outputs/wav/002741_a3_neutral.wav,0.5962470173835754
2742,a3,sad,/srv/RL_project/repo/outputs/wav/002742_a3_sad.wav,0.5951348543167114
2743,a3,neutral,/srv/RL_project/repo/outputs/wav/002743_a3_neutral.wav,0.5751675367355347
2744,a3,angry,/srv/RL_project/repo/outputs/wav/002744_a3_angry.wav,0.6062301397323608
2745,a3,angry,/srv/RL_project/repo/outputs/wav/002745_a3_angry.wav,0.597934365272522
2746,a3,surprised,/srv/RL_project/repo/outputs/wav/002746_a3_surprised.wav,0.5961166620254517
2747,a3,sad,/srv/RL_project/repo/outputs/wav/002747_a3_sad.wav,0.5727201700210571
2748,a3,neutral,/srv/RL_project/repo/outputs/wav/002748_a3_neutral.wav,0.5990375280380249
2749,a3,sad,/srv/RL_project/repo/outputs/wav/002749_a3_sad.wav,0.5769766569137573
2750,a3,disgusted,/srv/RL_project/repo/outputs/wav/002750_a3_disgusted.wav,0.6480270028114319
2751,a3,neutral,/srv/RL_project/repo/outputs/wav/002751_a3_neutral.wav,0.5810800194740295
2752,a3,neutral,/srv/RL_project/repo/outputs/wav/002752_a3_neutral.wav,0.5110244750976562
1,indextts,sad,/srv/RL_project/repo/outputs/wav/000001_indextts_sad.wav,0.4847894012928009
2,indextts,disgusted,/srv/RL_project/repo/outputs/wav/000002_indextts_disgusted.wav,0.614355742931366
3,indextts,sad,/srv/RL_project/repo/outputs/wav/000003_indextts_sad.wav,0.4894416332244873
4,indextts,happy,/srv/RL_project/repo/outputs/wav/000004_indextts_happy.wav,0.4847016930580139
5,indextts,fearful,/srv/RL_project/repo/outputs/wav/000005_indextts_fearful.wav,0.38132864236831665
6,indextts,disgusted,/srv/RL_project/repo/outputs/wav/000006_indextts_disgusted.wav,0.47811809182167053
7,indextts,happy,/srv/RL_project/repo/outputs/wav/000007_indextts_happy.wav,0.5944631099700928
8,indextts,angry,/srv/RL_project/repo/outputs/wav/000008_indextts_angry.wav,0.15744462609291077
9,indextts,happy,/srv/RL_project/repo/outputs/wav/000009_indextts_happy.wav,0.5541266202926636
10,indextts,happy,/srv/RL_project/repo/outputs/wav/000010_indextts_happy.wav,0.47848984599113464
11,indextts,neutral,/srv/RL_project/repo/outputs/wav/000011_indextts_neutral.wav,0.6154522895812988
12,indextts,angry,/srv/RL_project/repo/outputs/wav/000012_indextts_angry.wav,0.4634590446949005
13,indextts,disgusted,/srv/RL_project/repo/outputs/wav/000013_indextts_disgusted.wav,0.4461292028427124
14,indextts,happy,/srv/RL_project/repo/outputs/wav/000014_indextts_happy.wav,0.5431719422340393
15,indextts,neutral,/srv/RL_project/repo/outputs/wav/000015_indextts_neutral.wav,0.4943557679653168
16,indextts,sad,/srv/RL_project/repo/outputs/wav/000016_indextts_sad.wav,0.545312225818634
17,indextts,neutral,/srv/RL_project/repo/outputs/wav/000017_indextts_neutral.wav,0.6090995669364929
18,indextts,fearful,/srv/RL_project/repo/outputs/wav/000018_indextts_fearful.wav,0.5738484859466553
19,indextts,happy,/srv/RL_project/repo/outputs/wav/000019_indextts_happy.wav,0.5907104015350342
20,indextts,fearful,/srv/RL_project/repo/outputs/wav/000020_indextts_fearful.wav,0.47620511054992676
21,indextts,fearful,/srv/RL_project/repo/outputs/wav/000021_indextts_fearful.wav,0.45059818029403687
22,indextts,disgusted,/srv/RL_project/repo/outputs/wav/000022_indextts_disgusted.wav,0.4656890630722046
23,indextts,fearful,/srv/RL_project/repo/outputs/wav/000023_indextts_fearful.wav,0.46838152408599854
24,indextts,angry,/srv/RL_project/repo/outputs/wav/000024_indextts_angry.wav,0.5244621634483337
25,indextts,surprised,/srv/RL_project/repo/outputs/wav/000025_indextts_surprised.wav,0.49128609895706177
26,indextts,neutral,/srv/RL_project/repo/outputs/wav/000026_indextts_neutral.wav,0.6084072589874268
27,indextts,surprised,/srv/RL_project/repo/outputs/wav/000027_indextts_surprised.wav,0.4007280468940735
28,indextts,neutral,/srv/RL_project/repo/outputs/wav/000028_indextts_neutral.wav,0.5966965556144714
29,indextts,sad,/srv/RL_project/repo/outputs/wav/000029_indextts_sad.wav,0.4667849540710449
30,indextts,surprised,/srv/RL_project/repo/outputs/wav/000030_indextts_surprised.wav,0.5265034437179565
31,indextts,neutral,/srv/RL_project/repo/outputs/wav/000031_indextts_neutral.wav,0.7058879137039185
32,indextts,angry,/srv/RL_project/repo/outputs/wav/000032_indextts_angry.wav,0.33145955204963684
33,indextts,sad,/srv/RL_project/repo/outputs/wav/000033_indextts_sad.wav,0.47903645038604736
34,indextts,sad,/srv/RL_project/repo/outputs/wav/000034_indextts_sad.wav,0.49673211574554443
35,indextts,neutral,/srv/RL_project/repo/outputs/wav/000035_indextts_neutral.wav,0.6600022315979004
36,indextts,disgusted,/srv/RL_project/repo/outputs/wav/000036_indextts_disgusted.wav,0.5956177115440369
37,indextts,angry,/srv/RL_project/repo/outputs/wav/000037_indextts_angry.wav,0.3914230763912201
38,indextts,surprised,/srv/RL_project/repo/outputs/wav/000038_indextts_surprised.wav,0.39604589343070984
39,indextts,disgusted,/srv/RL_project/repo/outputs/wav/000039_indextts_disgusted.wav,0.5324454307556152
40,indextts,disgusted,/srv/RL_project/repo/outputs/wav/000040_indextts_disgusted.wav,0.474065363407135
41,indextts,angry,/srv/RL_project/repo/outputs/wav/000041_indextts_angry.wav,0.3198007345199585
42,indextts,sad,/srv/RL_project/repo/outputs/wav/000042_indextts_sad.wav,0.587957501411438
43,indextts,sad,/srv/RL_project/repo/outputs/wav/000043_indextts_sad.wav,0.4465763568878174
44,indextts,surprised,/srv/RL_project/repo/outputs/wav/000044_indextts_surprised.wav,0.5118194222450256
45,indextts,fearful,/srv/RL_project/repo/outputs/wav/000045_indextts_fearful.wav,0.3971375823020935
46,indextts,sad,/srv/RL_project/repo/outputs/wav/000046_indextts_sad.wav,0.49403518438339233
47,indextts,disgusted,/srv/RL_project/repo/outputs/wav/000047_indextts_disgusted.wav,0.4989634156227112
48,indextts,sad,/srv/RL_project/repo/outputs/wav/000048_indextts_sad.wav,0.56755530834198
49,indextts,disgusted,/srv/RL_project/repo/outputs/wav/000049_indextts_disgusted.wav,0.5709542036056519
50,indextts,sad,/srv/RL_project/repo/outputs/wav/000050_indextts_sad.wav,0.509773850440979
51,indextts,surprised,/srv/RL_project/repo/outputs/wav/000051_indextts_surprised.wav,0.4015377461910248
52,indextts,sad,/srv/RL_project/repo/outputs/wav/000052_indextts_sad.wav,0.5446187257766724
53,indextts,angry,/srv/RL_project/repo/outputs/wav/000053_indextts_angry.wav,0.412595272064209
54,indextts,angry,/srv/RL_project/repo/outputs/wav/000054_indextts_angry.wav,0.35504859685897827
55,indextts,fearful,/srv/RL_project/repo/outputs/wav/000055_indextts_fearful.wav,0.15795792639255524
56,indextts,neutral,/srv/RL_project/repo/outputs/wav/000056_indextts_neutral.wav,0.6735100746154785
57,indextts,neutral,/srv/RL_project/repo/outputs/wav/000057_indextts_neutral.wav,0.6273874640464783
58,indextts,sad,/srv/RL_project/repo/outputs/wav/000058_indextts_sad.wav,0.49710890650749207
59,indextts,surprised,/srv/RL_project/repo/outputs/wav/000059_indextts_surprised.wav,0.556433916091919
60,indextts,happy,/srv/RL_project/repo/outputs/wav/000060_indextts_happy.wav,0.5238739252090454
61,indextts,disgusted,/srv/RL_project/repo/outputs/wav/000061_indextts_disgusted.wav,0.6131161451339722
62,indextts,disgusted,/srv/RL_project/repo/outputs/wav/000062_indextts_disgusted.wav,0.4787628650665283
63,indextts,happy,/srv/RL_project/repo/outputs/wav/000063_indextts_happy.wav,0.5754417181015015
64,indextts,neutral,/srv/RL_project/repo/outputs/wav/000064_indextts_neutral.wav,0.6153256297111511
65,indextts,happy,/srv/RL_project/repo/outputs/wav/000065_indextts_happy.wav,0.6228242516517639
66,indextts,disgusted,/srv/RL_project/repo/outputs/wav/000066_indextts_disgusted.wav,0.48174506425857544
67,indextts,angry,/srv/RL_project/repo/outputs/wav/000067_indextts_angry.wav,0.29251283407211304
68,indextts,neutral,/srv/RL_project/repo/outputs/wav/000068_indextts_neutral.wav,0.6164935231208801
69,indextts,neutral,/srv/RL_project/repo/outputs/wav/000069_indextts_neutral.wav,0.6380000114440918
70,indextts,surprised,/srv/RL_project/repo/outputs/wav/000070_indextts_surprised.wav,0.3896638751029968
71,indextts,surprised,/srv/RL_project/repo/outputs/wav/000071_indextts_surprised.wav,0.4225568473339081
72,indextts,neutral,/srv/RL_project/repo/outputs/wav/000072_indextts_neutral.wav,0.7078892588615417
73,indextts,surprised,/srv/RL_project/repo/outputs/wav/000073_indextts_surprised.wav,0.4799569249153137
74,indextts,angry,/srv/RL_project/repo/outputs/wav/000074_indextts_angry.wav,0.2065860629081726
75,indextts,happy,/srv/RL_project/repo/outputs/wav/000075_indextts_happy.wav,0.572627067565918
76,indextts,angry,/srv/RL_project/repo/outputs/wav/000076_indextts_angry.wav,0.19663996994495392
77,indextts,angry,/srv/RL_project/repo/outputs/wav/000077_indextts_angry.wav,0.22025203704833984
78,indextts,fearful,/srv/RL_project/repo/outputs/wav/000078_indextts_fearful.wav,0.5361822247505188
79,indextts,sad,/srv/RL_project/repo/outputs/wav/000079_indextts_sad.wav,0.5221024751663208
80,indextts,angry,/srv/RL_project/repo/outputs/wav/000080_indextts_angry.wav,0.3477155268192291
81,indextts,surprised,/srv/RL_project/repo/outputs/wav/000081_indextts_surprised.wav,0.5061001777648926
82,indextts,angry,/srv/RL_project/repo/outputs/wav/000082_indextts_angry.wav,0.38738977909088135
83,indextts,happy,/srv/RL_project/repo/outputs/wav/000083_indextts_happy.wav,0.5044754147529602
84,indextts,happy,/srv/RL_project/repo/outputs/wav/000084_indextts_happy.wav,0.4629223644733429
85,indextts,neutral,/srv/RL_project/repo/outputs/wav/000085_indextts_neutral.wav,0.6319431662559509
86,indextts,fearful,/srv/RL_project/repo/outputs/wav/000086_indextts_fearful.wav,0.18229201436042786
87,indextts,fearful,/srv/RL_project/repo/outputs/wav/000087_indextts_fearful.wav,0.6430099010467529
88,indextts,angry,/srv/RL_project/repo/outputs/wav/000088_indextts_angry.wav,0.3706341087818146
89,indextts,sad,/srv/RL_project/repo/outputs/wav/000089_indextts_sad.wav,0.4130534529685974
90,indextts,fearful,/srv/RL_project/repo/outputs/wav/000090_indextts_fearful.wav,0.49618270993232727
91,indextts,angry,/srv/RL_project/repo/outputs/wav/000091_indextts_angry.wav,0.2627382278442383
92,indextts,angry,/srv/RL_project/repo/outputs/wav/000092_indextts_angry.wav,0.44195055961608887
93,indextts,angry,/srv/RL_project/repo/outputs/wav/000093_indextts_angry.wav,0.2737683355808258
94,indextts,happy,/srv/RL_project/repo/outputs/wav/000094_indextts_happy.wav,0.6047958135604858
95,indextts,neutral,/srv/RL_project/repo/outputs/wav/000095_indextts_neutral.wav,0.6714895367622375
96,indextts,surprised,/srv/RL_project/repo/outputs/wav/000096_indextts_surprised.wav,0.4429287612438202
97,indextts,angry,/srv/RL_project/repo/outputs/wav/000097_indextts_angry.wav,0.3769727945327759
98,indextts,fearful,/srv/RL_project/repo/outputs/wav/000098_indextts_fearful.wav,0.5686360597610474
99,indextts,fearful,/srv/RL_project/repo/outputs/wav/000099_indextts_fearful.wav,0.5142766237258911
100,indextts,disgusted,/srv/RL_project/repo/outputs/wav/000100_indextts_disgusted.wav,0.6413153409957886
101,indextts,neutral,/srv/RL_project/repo/outputs/wav/000101_indextts_neutral.wav,0.6651918888092041
102,indextts,neutral,/srv/RL_project/repo/outputs/wav/000102_indextts_neutral.wav,0.6472718715667725
103,indextts,disgusted,/srv/RL_project/repo/outputs/wav/000103_indextts_disgusted.wav,0.5559524297714233
104,indextts,angry,/srv/RL_project/repo/outputs/wav/000104_indextts_angry.wav,0.3467317521572113
105,indextts,neutral,/srv/RL_project/repo/outputs/wav/000105_indextts_neutral.wav,0.6154410243034363
106,indextts,neutral,/srv/RL_project/repo/outputs/wav/000106_indextts_neutral.wav,0.6238216161727905
107,indextts,fearful,/srv/RL_project/repo/outputs/wav/000107_indextts_fearful.wav,0.48022645711898804
108,indextts,fearful,/srv/RL_project/repo/outputs/wav/000108_indextts_fearful.wav,0.5312942266464233
109,indextts,angry,/srv/RL_project/repo/outputs/wav/000109_indextts_angry.wav,0.09383226931095123
110,indextts,angry,/srv/RL_project/repo/outputs/wav/000110_indextts_angry.wav,0.17513251304626465
111,indextts,angry,/srv/RL_project/repo/outputs/wav/000111_indextts_angry.wav,0.2249647080898285
112,indextts,angry,/srv/RL_project/repo/outputs/wav/000112_indextts_angry.wav,0.20933657884597778
113,indextts,surprised,/srv/RL_project/repo/outputs/wav/000113_indextts_surprised.wav,0.3705090284347534
114,indextts,neutral,/srv/RL_project/repo/outputs/wav/000114_indextts_neutral.wav,0.6021004915237427
115,indextts,sad,/srv/RL_project/repo/outputs/wav/000115_indextts_sad.wav,0.5980280637741089
116,indextts,angry,/srv/RL_project/repo/outputs/wav/000116_indextts_angry.wav,0.3694344758987427
117,indextts,angry,/srv/RL_project/repo/outputs/wav/000117_indextts_angry.wav,0.3387950360774994
118,indextts,angry,/srv/RL_project/repo/outputs/wav/000118_indextts_angry.wav,0.3829306960105896
119,indextts,surprised,/srv/RL_project/repo/outputs/wav/000119_indextts_surprised.wav,0.5156661868095398
120,indextts,angry,/srv/RL_project/repo/outputs/wav/000120_indextts_angry.wav,0.404886394739151
121,indextts,fearful,/srv/RL_project/repo/outputs/wav/000121_indextts_fearful.wav,0.567342221736908
122,indextts,sad,/srv/RL_project/repo/outputs/wav/000122_indextts_sad.wav,0.5363278985023499
123,indextts,happy,/srv/RL_project/repo/outputs/wav/000123_indextts_happy.wav,0.47226202487945557
124,indextts,angry,/srv/RL_project/repo/outputs/wav/000124_indextts_angry.wav,0.3961002826690674
125,indextts,surprised,/srv/RL_project/repo/outputs/wav/000125_indextts_surprised.wav,0.3582765758037567
126,indextts,angry,/srv/RL_project/repo/outputs/wav/000126_indextts_angry.wav,0.36091190576553345
127,indextts,happy,/srv/RL_project/repo/outputs/wav/000127_indextts_happy.wav,0.5812577605247498
128,indextts,happy,/srv/RL_project/repo/outputs/wav/000128_indextts_happy.wav,0.4615814983844757
129,indextts,neutral,/srv/RL_project/repo/outputs/wav/000129_indextts_neutral.wav,0.4911513924598694
130,indextts,happy,/srv/RL_project/repo/outputs/wav/000130_indextts_happy.wav,0.44603124260902405
131,indextts,neutral,/srv/RL_project/repo/outputs/wav/000131_indextts_neutral.wav,0.6596641540527344
132,indextts,angry,/srv/RL_project/repo/outputs/wav/000132_indextts_angry.wav,0.3978285789489746
133,indextts,neutral,/srv/RL_project/repo/outputs/wav/000133_indextts_neutral.wav,0.5849146842956543
134,indextts,sad,/srv/RL_project/repo/outputs/wav/000134_indextts_sad.wav,0.12813864648342133
135,indextts,disgusted,/srv/RL_project/repo/outputs/wav/000135_indextts_disgusted.wav,0.6292878985404968
136,indextts,neutral,/srv/RL_project/repo/outputs/wav/000136_indextts_neutral.wav,0.606332540512085
137,indextts,happy,/srv/RL_project/repo/outputs/wav/000137_indextts_happy.wav,0.5688832998275757
138,indextts,disgusted,/srv/RL_project/repo/outputs/wav/000138_indextts_disgusted.wav,0.5589038133621216
139,indextts,fearful,/srv/RL_project/repo/outputs/wav/000139_indextts_fearful.wav,0.5357635021209717
140,indextts,fearful,/srv/RL_project/repo/outputs/wav/000140_indextts_fearful.wav,0.5601659417152405
141,indextts,sad,/srv/RL_project/repo/outputs/wav/000141_indextts_sad.wav,0.5911266803741455
142,indextts,neutral,/srv/RL_project/repo/outputs/wav/000142_indextts_neutral.wav,0.6080635786056519
143,indextts,surprised,/srv/RL_project/repo/outputs/wav/000143_indextts_surprised.wav,0.4049730896949768
144,indextts,sad,/srv/RL_project/repo/outputs/wav/000144_indextts_sad.wav,0.5180622339248657
145,indextts,fearful,/srv/RL_project/repo/outputs/wav/000145_indextts_fearful.wav,0.5977957844734192
146,indextts,disgusted,/srv/RL_project/repo/outputs/wav/000146_indextts_disgusted.wav,0.5709418058395386
147,indextts,happy,/srv/RL_project/repo/outputs/wav/000147_indextts_happy.wav,0.4577491581439972
148,indextts,surprised,/srv/RL_project/repo/outputs/wav/000148_indextts_surprised.wav,0.4989267885684967
149,indextts,surprised,/srv/RL_project/repo/outputs/wav/000149_indextts_surprised.wav,0.5596110820770264
150,indextts,sad,/srv/RL_project/repo/outputs/wav/000150_indextts_sad.wav,0.5483022332191467
151,indextts,happy,/srv/RL_project/repo/outputs/wav/000151_indextts_happy.wav,0.5035356283187866
152,indextts,fearful,/srv/RL_project/repo/outputs/wav/000152_indextts_fearful.wav,0.38966014981269836
153,indextts,fearful,/srv/RL_project/repo/outputs/wav/000153_indextts_fearful.wav,0.38560575246810913
154,indextts,neutral,/srv/RL_project/repo/outputs/wav/000154_indextts_neutral.wav,0.6017318964004517
155,indextts,fearful,/srv/RL_project/repo/outputs/wav/000155_indextts_fearful.wav,0.5973119139671326
156,indextts,disgusted,/srv/RL_project/repo/outputs/wav/000156_indextts_disgusted.wav,0.5696860551834106
157,indextts,happy,/srv/RL_project/repo/outputs/wav/000157_indextts_happy.wav,0.5889313817024231
158,indextts,surprised,/srv/RL_project/repo/outputs/wav/000158_indextts_surprised.wav,0.33627641201019287
159,indextts,fearful,/srv/RL_project/repo/outputs/wav/000159_indextts_fearful.wav,0.5450010299682617
160,indextts,happy,/srv/RL_project/repo/outputs/wav/000160_indextts_happy.wav,0.5187775492668152
161,indextts,angry,/srv/RL_project/repo/outputs/wav/000161_indextts_angry.wav,0.07251663506031036
162,indextts,surprised,/srv/RL_project/repo/outputs/wav/000162_indextts_surprised.wav,0.6262603998184204
163,indextts,angry,/srv/RL_project/repo/outputs/wav/000163_indextts_angry.wav,0.517219066619873
164,indextts,fearful,/srv/RL_project/repo/outputs/wav/000164_indextts_fearful.wav,0.3354767858982086
165,indextts,neutral,/srv/RL_project/repo/outputs/wav/000165_indextts_neutral.wav,0.6968874931335449
166,indextts,neutral,/srv/RL_project/repo/outputs/wav/000166_indextts_neutral.wav,0.5006721615791321
167,indextts,angry,/srv/RL_project/repo/outputs/wav/000167_indextts_angry.wav,0.22966155409812927
168,indextts,fearful,/srv/RL_project/repo/outputs/wav/000168_indextts_fearful.wav,0.2766759395599365
169,indextts,happy,/srv/RL_project/repo/outputs/wav/000169_indextts_happy.wav,0.3966135084629059
170,indextts,happy,/srv/RL_project/repo/outputs/wav/000170_indextts_happy.wav,0.4998758137226105
171,indextts,angry,/srv/RL_project/repo/outputs/wav/000171_indextts_angry.wav,0.44129678606987
172,indextts,fearful,/srv/RL_project/repo/outputs/wav/000172_indextts_fearful.wav,0.5370944738388062
173,indextts,surprised,/srv/RL_project/repo/outputs/wav/000173_indextts_surprised.wav,0.32982152700424194
174,indextts,happy,/srv/RL_project/repo/outputs/wav/000174_indextts_happy.wav,0.5980909466743469
175,indextts,sad,/srv/RL_project/repo/outputs/wav/000175_indextts_sad.wav,0.5130990743637085
176,indextts,angry,/srv/RL_project/repo/outputs/wav/000176_indextts_angry.wav,0.18325138092041016
177,indextts,disgusted,/srv/RL_project/repo/outputs/wav/000177_indextts_disgusted.wav,0.49555718898773193
178,indextts,disgusted,/srv/RL_project/repo/outputs/wav/000178_indextts_disgusted.wav,0.5399779081344604
179,indextts,fearful,/srv/RL_project/repo/outputs/wav/000179_indextts_fearful.wav,0.5275434255599976
180,indextts,disgusted,/srv/RL_project/repo/outputs/wav/000180_indextts_disgusted.wav,0.574963390827179
181,indextts,fearful,/srv/RL_project/repo/outputs/wav/000181_indextts_fearful.wav,0.14941152930259705
182,indextts,happy,/srv/RL_project/repo/outputs/wav/000182_indextts_happy.wav,0.45680108666419983
183,indextts,neutral,/srv/RL_project/repo/outputs/wav/000183_indextts_neutral.wav,0.6052607893943787
184,indextts,sad,/srv/RL_project/repo/outputs/wav/000184_indextts_sad.wav,0.4724818170070648
185,indextts,sad,/srv/RL_project/repo/outputs/wav/000185_indextts_sad.wav,0.508826732635498
186,indextts,neutral,/srv/RL_project/repo/outputs/wav/000186_indextts_neutral.wav,0.6394843459129333
187,indextts,disgusted,/srv/RL_project/repo/outputs/wav/000187_indextts_disgusted.wav,0.5099925994873047
188,indextts,happy,/srv/RL_project/repo/outputs/wav/000188_indextts_happy.wav,0.30552804470062256
189,indextts,happy,/srv/RL_project/repo/outputs/wav/000189_indextts_happy.wav,0.46947354078292847
190,indextts,neutral,/srv/RL_project/repo/outputs/wav/000190_indextts_neutral.wav,0.6628358364105225
191,indextts,angry,/srv/RL_project/repo/outputs/wav/000191_indextts_angry.wav,0.3554661273956299
192,indextts,fearful,/srv/RL_project/repo/outputs/wav/000192_indextts_fearful.wav,0.4113475978374481
193,indextts,disgusted,/srv/RL_project/repo/outputs/wav/000193_indextts_disgusted.wav,0.5064015984535217
194,indextts,neutral,/srv/RL_project/repo/outputs/wav/000194_indextts_neutral.wav,0.5086476802825928
195,indextts,disgusted,/srv/RL_project/repo/outputs/wav/000195_indextts_disgusted.wav,0.4666811227798462
196,indextts,fearful,/srv/RL_project/repo/outputs/wav/000196_indextts_fearful.wav,0.39087986946105957
197,indextts,disgusted,/srv/RL_project/repo/outputs/wav/000197_indextts_disgusted.wav,0.39379507303237915
198,indextts,fearful,/srv/RL_project/repo/outputs/wav/000198_indextts_fearful.wav,0.572907567024231
199,indextts,surprised,/srv/RL_project/repo/outputs/wav/000199_indextts_surprised.wav,0.450818806886673
200,indextts,sad,/srv/RL_project/repo/outputs/wav/000200_indextts_sad.wav,0.43756595253944397
201,indextts,sad,/srv/RL_project/repo/outputs/wav/000201_indextts_sad.wav,0.5140120983123779
202,indextts,fearful,/srv/RL_project/repo/outputs/wav/000202_indextts_fearful.wav,0.5686123371124268
203,indextts,disgusted,/srv/RL_project/repo/outputs/wav/000203_indextts_disgusted.wav,0.5038595199584961
204,indextts,disgusted,/srv/RL_project/repo/outputs/wav/000204_indextts_disgusted.wav,0.43394750356674194
205,indextts,sad,/srv/RL_project/repo/outputs/wav/000205_indextts_sad.wav,0.20086118578910828
206,indextts,happy,/srv/RL_project/repo/outputs/wav/000206_indextts_happy.wav,0.49177515506744385
207,indextts,happy,/srv/RL_project/repo/outputs/wav/000207_indextts_happy.wav,0.6029840111732483
208,indextts,angry,/srv/RL_project/repo/outputs/wav/000208_indextts_angry.wav,0.23102149367332458
209,indextts,happy,/srv/RL_project/repo/outputs/wav/000209_indextts_happy.wav,0.6009469628334045
210,indextts,neutral,/srv/RL_project/repo/outputs/wav/000210_indextts_neutral.wav,0.5445902347564697
211,indextts,disgusted,/srv/RL_project/repo/outputs/wav/000211_indextts_disgusted.wav,0.2616080939769745
212,indextts,angry,/srv/RL_project/repo/outputs/wav/000212_indextts_angry.wav,0.37737491726875305
213,indextts,fearful,/srv/RL_project/repo/outputs/wav/000213_indextts_fearful.wav,0.5473403930664062
214,indextts,happy,/srv/RL_project/repo/outputs/wav/000214_indextts_happy.wav,0.6030309200286865
215,indextts,surprised,/srv/RL_project/repo/outputs/wav/000215_indextts_surprised.wav,0.35121071338653564
216,indextts,surprised,/srv/RL_project/repo/outputs/wav/000216_indextts_surprised.wav,0.30628979206085205
217,indextts,happy,/srv/RL_project/repo/outputs/wav/000217_indextts_happy.wav,0.5306395292282104
218,indextts,neutral,/srv/RL_project/repo/outputs/wav/000218_indextts_neutral.wav,0.5576675534248352
219,indextts,surprised,/srv/RL_project/repo/outputs/wav/000219_indextts_surprised.wav,0.559695839881897
220,indextts,happy,/srv/RL_project/repo/outputs/wav/000220_indextts_happy.wav,0.5963205099105835
221,indextts,sad,/srv/RL_project/repo/outputs/wav/000221_indextts_sad.wav,0.5280501842498779
222,indextts,sad,/srv/RL_project/repo/outputs/wav/000222_indextts_sad.wav,0.4076825976371765
223,indextts,neutral,/srv/RL_project/repo/outputs/wav/000223_indextts_neutral.wav,0.6468384265899658
224,indextts,angry,/srv/RL_project/repo/outputs/wav/000224_indextts_angry.wav,0.23806393146514893
225,indextts,disgusted,/srv/RL_project/repo/outputs/wav/000225_indextts_disgusted.wav,0.5436115264892578
226,indextts,sad,/srv/RL_project/repo/outputs/wav/000226_indextts_sad.wav,0.5048377513885498
227,indextts,neutral,/srv/RL_project/repo/outputs/wav/000227_indextts_neutral.wav,0.5875642895698547
228,indextts,surprised,/srv/RL_project/repo/outputs/wav/000228_indextts_surprised.wav,0.5228924751281738
229,indextts,neutral,/srv/RL_project/repo/outputs/wav/000229_indextts_neutral.wav,0.5803362727165222
230,indextts,happy,/srv/RL_project/repo/outputs/wav/000230_indextts_happy.wav,0.5221021175384521
231,indextts,fearful,/srv/RL_project/repo/outputs/wav/000231_indextts_fearful.wav,0.29486772418022156
232,indextts,angry,/srv/RL_project/repo/outputs/wav/000232_indextts_angry.wav,0.3871462345123291
233,indextts,neutral,/srv/RL_project/repo/outputs/wav/000233_indextts_neutral.wav,0.6331736445426941
234,indextts,neutral,/srv/RL_project/repo/outputs/wav/000234_indextts_neutral.wav,0.5028737187385559
235,indextts,happy,/srv/RL_project/repo/outputs/wav/000235_indextts_happy.wav,0.5201389193534851
236,indextts,disgusted,/srv/RL_project/repo/outputs/wav/000236_indextts_disgusted.wav,0.5045989751815796
237,indextts,fearful,/srv/RL_project/repo/outputs/wav/000237_indextts_fearful.wav,0.196150004863739
238,indextts,neutral,/srv/RL_project/repo/outputs/wav/000238_indextts_neutral.wav,0.675277054309845
239,indextts,neutral,/srv/RL_project/repo/outputs/wav/000239_indextts_neutral.wav,0.6026079058647156
240,indextts,surprised,/srv/RL_project/repo/outputs/wav/000240_indextts_surprised.wav,0.257999986410141
241,indextts,surprised,/srv/RL_project/repo/outputs/wav/000241_indextts_surprised.wav,0.4253409802913666
242,indextts,disgusted,/srv/RL_project/repo/outputs/wav/000242_indextts_disgusted.wav,0.5365282297134399
243,indextts,fearful,/srv/RL_project/repo/outputs/wav/000243_indextts_fearful.wav,0.47914400696754456
244,indextts,sad,/srv/RL_project/repo/outputs/wav/000244_indextts_sad.wav,0.5761362910270691
245,indextts,sad,/srv/RL_project/repo/outputs/wav/000245_indextts_sad.wav,0.4575870931148529
246,indextts,sad,/srv/RL_project/repo/outputs/wav/000246_indextts_sad.wav,0.45077067613601685
247,indextts,happy,/srv/RL_project/repo/outputs/wav/000247_indextts_happy.wav,0.6262912154197693
248,indextts,disgusted,/srv/RL_project/repo/outputs/wav/000248_indextts_disgusted.wav,0.5865700244903564
249,indextts,angry,/srv/RL_project/repo/outputs/wav/000249_indextts_angry.wav,0.2942050099372864
250,indextts,sad,/srv/RL_project/repo/outputs/wav/000250_indextts_sad.wav,0.5643112063407898
251,indextts,angry,/srv/RL_project/repo/outputs/wav/000251_indextts_angry.wav,0.25748199224472046
252,indextts,fearful,/srv/RL_project/repo/outputs/wav/000252_indextts_fearful.wav,0.16433316469192505
253,indextts,neutral,/srv/RL_project/repo/outputs/wav/000253_indextts_neutral.wav,0.5616497993469238
254,indextts,fearful,/srv/RL_project/repo/outputs/wav/000254_indextts_fearful.wav,0.5220683813095093
255,indextts,disgusted,/srv/RL_project/repo/outputs/wav/000255_indextts_disgusted.wav,0.4716568887233734
256,indextts,disgusted,/srv/RL_project/repo/outputs/wav/000256_indextts_disgusted.wav,0.47041887044906616
257,indextts,disgusted,/srv/RL_project/repo/outputs/wav/000257_indextts_disgusted.wav,0.5774184465408325
258,indextts,sad,/srv/RL_project/repo/outputs/wav/000258_indextts_sad.wav,0.18136554956436157
259,indextts,happy,/srv/RL_project/repo/outputs/wav/000259_indextts_happy.wav,0.5970990061759949
260,indextts,angry,/srv/RL_project/repo/outputs/wav/000260_indextts_angry.wav,0.408053457736969
261,indextts,sad,/srv/RL_project/repo/outputs/wav/000261_indextts_sad.wav,0.5097022652626038
262,indextts,neutral,/srv/RL_project/repo/outputs/wav/000262_indextts_neutral.wav,0.06815052777528763
263,indextts,surprised,/srv/RL_project/repo/outputs/wav/000263_indextts_surprised.wav,0.5234513282775879
264,indextts,fearful,/srv/RL_project/repo/outputs/wav/000264_indextts_fearful.wav,0.5681288242340088
265,indextts,sad,/srv/RL_project/repo/outputs/wav/000265_indextts_sad.wav,0.40968063473701477
266,indextts,angry,/srv/RL_project/repo/outputs/wav/000266_indextts_angry.wav,0.2876425087451935
267,indextts,neutral,/srv/RL_project/repo/outputs/wav/000267_indextts_neutral.wav,0.14288544654846191
268,indextts,neutral,/srv/RL_project/repo/outputs/wav/000268_indextts_neutral.wav,0.13387185335159302
269,indextts,disgusted,/srv/RL_project/repo/outputs/wav/000269_indextts_disgusted.wav,0.5250712037086487
270,indextts,disgusted,/srv/RL_project/repo/outputs/wav/000270_indextts_disgusted.wav,0.29506298899650574
271,indextts,happy,/srv/RL_project/repo/outputs/wav/000271_indextts_happy.wav,0.5983726382255554
272,indextts,fearful,/srv/RL_project/repo/outputs/wav/000272_indextts_fearful.wav,0.5695433616638184
273,indextts,angry,/srv/RL_project/repo/outputs/wav/000273_indextts_angry.wav,0.4277256727218628
274,indextts,angry,/srv/RL_project/repo/outputs/wav/000274_indextts_angry.wav,0.24945181608200073
275,indextts,surprised,/srv/RL_project/repo/outputs/wav/000275_indextts_surprised.wav,0.5338267087936401
276,indextts,neutral,/srv/RL_project/repo/outputs/wav/000276_indextts_neutral.wav,0.669444739818573
277,indextts,neutral,/srv/RL_project/repo/outputs/wav/000277_indextts_neutral.wav,0.6567934155464172
278,indextts,happy,/srv/RL_project/repo/outputs/wav/000278_indextts_happy.wav,0.08461248129606247
279,indextts,fearful,/srv/RL_project/repo/outputs/wav/000279_indextts_fearful.wav,0.5094701647758484
280,indextts,fearful,/srv/RL_project/repo/outputs/wav/000280_indextts_fearful.wav,0.5395645499229431
281,indextts,sad,/srv/RL_project/repo/outputs/wav/000281_indextts_sad.wav,0.5648545026779175
282,indextts,neutral,/srv/RL_project/repo/outputs/wav/000282_indextts_neutral.wav,0.575384259223938
283,indextts,surprised,/srv/RL_project/repo/outputs/wav/000283_indextts_surprised.wav,0.4941484332084656
284,indextts,fearful,/srv/RL_project/repo/outputs/wav/000284_indextts_fearful.wav,0.5513468980789185
285,indextts,happy,/srv/RL_project/repo/outputs/wav/000285_indextts_happy.wav,0.3932010531425476
286,indextts,fearful,/srv/RL_project/repo/outputs/wav/000286_indextts_fearful.wav,0.4946230351924896
287,indextts,disgusted,/srv/RL_project/repo/outputs/wav/000287_indextts_disgusted.wav,0.17589321732521057
288,indextts,angry,/srv/RL_project/repo/outputs/wav/000288_indextts_angry.wav,0.05170755088329315
289,indextts,fearful,/srv/RL_project/repo/outputs/wav/000289_indextts_fearful.wav,0.460530549287796
290,indextts,happy,/srv/RL_project/repo/outputs/wav/000290_indextts_happy.wav,0.4478816092014313
291,indextts,happy,/srv/RL_project/repo/outputs/wav/000291_indextts_happy.wav,0.5353778600692749
292,indextts,sad,/srv/RL_project/repo/outputs/wav/000292_indextts_sad.wav,0.5372259616851807
293,indextts,neutral,/srv/RL_project/repo/outputs/wav/000293_indextts_neutral.wav,0.4611142873764038
294,indextts,fearful,/srv/RL_project/repo/outputs/wav/000294_indextts_fearful.wav,0.3870977461338043
295,indextts,sad,/srv/RL_project/repo/outputs/wav/000295_indextts_sad.wav,0.6340645551681519
296,indextts,sad,/srv/RL_project/repo/outputs/wav/000296_indextts_sad.wav,0.45450618863105774
297,indextts,disgusted,/srv/RL_project/repo/outputs/wav/000297_indextts_disgusted.wav,0.4185827672481537
298,indextts,neutral,/srv/RL_project/repo/outputs/wav/000298_indextts_neutral.wav,0.5944790840148926
299,indextts,angry,/srv/RL_project/repo/outputs/wav/000299_indextts_angry.wav,0.07084685564041138
300,indextts,disgusted,/srv/RL_project/repo/outputs/wav/000300_indextts_disgusted.wav,0.6039630174636841
301,indextts,disgusted,/srv/RL_project/repo/outputs/wav/000301_indextts_disgusted.wav,0.4041396677494049
302,indextts,sad,/srv/RL_project/repo/outputs/wav/000302_indextts_sad.wav,0.4489220380783081
303,indextts,happy,/srv/RL_project/repo/outputs/wav/000303_indextts_happy.wav,0.5173470377922058
304,indextts,fearful,/srv/RL_project/repo/outputs/wav/000304_indextts_fearful.wav,0.4975511431694031
305,indextts,angry,/srv/RL_project/repo/outputs/wav/000305_indextts_angry.wav,0.1636316180229187
306,indextts,fearful,/srv/RL_project/repo/outputs/wav/000306_indextts_fearful.wav,0.49089178442955017
307,indextts,happy,/srv/RL_project/repo/outputs/wav/000307_indextts_happy.wav,0.5185774564743042
308,indextts,neutral,/srv/RL_project/repo/outputs/wav/000308_indextts_neutral.wav,0.5891441106796265
309,indextts,fearful,/srv/RL_project/repo/outputs/wav/000309_indextts_fearful.wav,0.4889935851097107
310,indextts,disgusted,/srv/RL_project/repo/outputs/wav/000310_indextts_disgusted.wav,0.5593745708465576
311,indextts,fearful,/srv/RL_project/repo/outputs/wav/000311_indextts_fearful.wav,0.598929226398468
312,indextts,happy,/srv/RL_project/repo/outputs/wav/000312_indextts_happy.wav,0.3577919602394104
313,indextts,neutral,/srv/RL_project/repo/outputs/wav/000313_indextts_neutral.wav,0.5676009654998779
314,indextts,disgusted,/srv/RL_project/repo/outputs/wav/000314_indextts_disgusted.wav,0.47316789627075195
315,indextts,neutral,/srv/RL_project/repo/outputs/wav/000315_indextts_neutral.wav,0.5167041420936584
316,indextts,disgusted,/srv/RL_project/repo/outputs/wav/000316_indextts_disgusted.wav,0.4028778672218323
317,indextts,fearful,/srv/RL_project/repo/outputs/wav/000317_indextts_fearful.wav,0.4597990810871124
318,indextts,surprised,/srv/RL_project/repo/outputs/wav/000318_indextts_surprised.wav,0.3343673348426819
319,indextts,happy,/srv/RL_project/repo/outputs/wav/000319_indextts_happy.wav,0.5045076608657837
320,indextts,happy,/srv/RL_project/repo/outputs/wav/000320_indextts_happy.wav,0.5337350964546204
321,indextts,angry,/srv/RL_project/repo/outputs/wav/000321_indextts_angry.wav,0.4538646340370178
322,indextts,fearful,/srv/RL_project/repo/outputs/wav/000322_indextts_fearful.wav,0.5481804013252258
323,indextts,disgusted,/srv/RL_project/repo/outputs/wav/000323_indextts_disgusted.wav,0.5272436141967773
324,indextts,sad,/srv/RL_project/repo/outputs/wav/000324_indextts_sad.wav,0.5316587090492249
325,indextts,happy,/srv/RL_project/repo/outputs/wav/000325_indextts_happy.wav,0.44268983602523804
326,indextts,sad,/srv/RL_project/repo/outputs/wav/000326_indextts_sad.wav,0.43558695912361145
327,indextts,fearful,/srv/RL_project/repo/outputs/wav/000327_indextts_fearful.wav,0.520361065864563
328,indextts,neutral,/srv/RL_project/repo/outputs/wav/000328_indextts_neutral.wav,0.6436073780059814
329,indextts,neutral,/srv/RL_project/repo/outputs/wav/000329_indextts_neutral.wav,0.5250793099403381
330,indextts,surprised,/srv/RL_project/repo/outputs/wav/000330_indextts_surprised.wav,0.5278112888336182
331,indextts,surprised,/srv/RL_project/repo/outputs/wav/000331_indextts_surprised.wav,0.33559417724609375
332,indextts,angry,/srv/RL_project/repo/outputs/wav/000332_indextts_angry.wav,0.5059646964073181
333,indextts,surprised,/srv/RL_project/repo/outputs/wav/000333_indextts_surprised.wav,0.5361815094947815
334,indextts,happy,/srv/RL_project/repo/outputs/wav/000334_indextts_happy.wav,0.47717806696891785
335,indextts,neutral,/srv/RL_project/repo/outputs/wav/000335_indextts_neutral.wav,0.49437078833580017
336,indextts,surprised,/srv/RL_project/repo/outputs/wav/000336_indextts_surprised.wav,0.34485477209091187
337,indextts,sad,/srv/RL_project/repo/outputs/wav/000337_indextts_sad.wav,0.49936628341674805
338,indextts,angry,/srv/RL_project/repo/outputs/wav/000338_indextts_angry.wav,0.2707148492336273
339,indextts,fearful,/srv/RL_project/repo/outputs/wav/000339_indextts_fearful.wav,0.5145174264907837
340,indextts,angry,/srv/RL_project/repo/outputs/wav/000340_indextts_angry.wav,0.28996163606643677
341,indextts,angry,/srv/RL_project/repo/outputs/wav/000341_indextts_angry.wav,0.22051577270030975
342,indextts,surprised,/srv/RL_project/repo/outputs/wav/000342_indextts_surprised.wav,0.48133984208106995
343,indextts,happy,/srv/RL_project/repo/outputs/wav/000343_indextts_happy.wav,0.5358706116676331
344,indextts,neutral,/srv/RL_project/repo/outputs/wav/000344_indextts_neutral.wav,0.5848406553268433
345,indextts,angry,/srv/RL_project/repo/outputs/wav/000345_indextts_angry.wav,0.3675709366798401
346,indextts,surprised,/srv/RL_project/repo/outputs/wav/000346_indextts_surprised.wav,0.4723968803882599
347,indextts,angry,/srv/RL_project/repo/outputs/wav/000347_indextts_angry.wav,0.36830008029937744
348,indextts,happy,/srv/RL_project/repo/outputs/wav/000348_indextts_happy.wav,0.4801970422267914
349,indextts,sad,/srv/RL_project/repo/outputs/wav/000349_indextts_sad.wav,0.5727246999740601
350,indextts,angry,/srv/RL_project/repo/outputs/wav/000350_indextts_angry.wav,0.16401877999305725
351,indextts,neutral,/srv/RL_project/repo/outputs/wav/000351_indextts_neutral.wav,0.602789580821991
352,indextts,happy,/srv/RL_project/repo/outputs/wav/000352_indextts_happy.wav,0.635929524898529
353,indextts,surprised,/srv/RL_project/repo/outputs/wav/000353_indextts_surprised.wav,0.5460227727890015
354,indextts,disgusted,/srv/RL_project/repo/outputs/wav/000354_indextts_disgusted.wav,0.4551490247249603
355,indextts,fearful,/srv/RL_project/repo/outputs/wav/000355_indextts_fearful.wav,0.5339860916137695
356,indextts,fearful,/srv/RL_project/repo/outputs/wav/000356_indextts_fearful.wav,0.5254724025726318
357,indextts,fearful,/srv/RL_project/repo/outputs/wav/000357_indextts_fearful.wav,0.4086253046989441
358,indextts,surprised,/srv/RL_project/repo/outputs/wav/000358_indextts_surprised.wav,0.42030858993530273
359,indextts,neutral,/srv/RL_project/repo/outputs/wav/000359_indextts_neutral.wav,0.5974072217941284
360,indextts,surprised,/srv/RL_project/repo/outputs/wav/000360_indextts_surprised.wav,0.46964162588119507
361,indextts,fearful,/srv/RL_project/repo/outputs/wav/000361_indextts_fearful.wav,0.5580542087554932
362,indextts,happy,/srv/RL_project/repo/outputs/wav/000362_indextts_happy.wav,0.5794467926025391
363,indextts,happy,/srv/RL_project/repo/outputs/wav/000363_indextts_happy.wav,0.48839181661605835
364,indextts,disgusted,/srv/RL_project/repo/outputs/wav/000364_indextts_disgusted.wav,0.5767316818237305
365,indextts,fearful,/srv/RL_project/repo/outputs/wav/000365_indextts_fearful.wav,0.5940127968788147
366,indextts,sad,/srv/RL_project/repo/outputs/wav/000366_indextts_sad.wav,0.4458949565887451
367,indextts,happy,/srv/RL_project/repo/outputs/wav/000367_indextts_happy.wav,0.6472095251083374
368,indextts,surprised,/srv/RL_project/repo/outputs/wav/000368_indextts_surprised.wav,0.5071405172348022
369,indextts,sad,/srv/RL_project/repo/outputs/wav/000369_indextts_sad.wav,0.492598295211792
370,indextts,neutral,/srv/RL_project/repo/outputs/wav/000370_indextts_neutral.wav,0.6072680354118347
371,indextts,disgusted,/srv/RL_project/repo/outputs/wav/000371_indextts_disgusted.wav,0.47561246156692505
372,indextts,surprised,/srv/RL_project/repo/outputs/wav/000372_indextts_surprised.wav,0.32417574524879456
373,indextts,surprised,/srv/RL_project/repo/outputs/wav/000373_indextts_surprised.wav,0.33259329199790955
374,indextts,sad,/srv/RL_project/repo/outputs/wav/000374_indextts_sad.wav,0.5280065536499023
375,indextts,fearful,/srv/RL_project/repo/outputs/wav/000375_indextts_fearful.wav,0.5878821015357971
376,indextts,sad,/srv/RL_project/repo/outputs/wav/000376_indextts_sad.wav,0.4960828125476837
377,indextts,disgusted,/srv/RL_project/repo/outputs/wav/000377_indextts_disgusted.wav,0.5478353500366211
378,indextts,neutral,/srv/RL_project/repo/outputs/wav/000378_indextts_neutral.wav,0.6486606001853943
379,indextts,neutral,/srv/RL_project/repo/outputs/wav/000379_indextts_neutral.wav,0.5117124915122986
380,indextts,disgusted,/srv/RL_project/repo/outputs/wav/000380_indextts_disgusted.wav,0.5019621849060059
381,indextts,disgusted,/srv/RL_project/repo/outputs/wav/000381_indextts_disgusted.wav,0.5435017347335815
382,indextts,happy,/srv/RL_project/repo/outputs/wav/000382_indextts_happy.wav,0.5159928798675537
383,indextts,sad,/srv/RL_project/repo/outputs/wav/000383_indextts_sad.wav,0.19779402017593384
384,indextts,neutral,/srv/RL_project/repo/outputs/wav/000384_indextts_neutral.wav,0.6627897024154663
385,indextts,angry,/srv/RL_project/repo/outputs/wav/000385_indextts_angry.wav,0.3517409563064575
386,indextts,angry,/srv/RL_project/repo/outputs/wav/000386_indextts_angry.wav,0.40697768330574036
387,indextts,happy,/srv/RL_project/repo/outputs/wav/000387_indextts_happy.wav,0.4918166995048523
388,indextts,surprised,/srv/RL_project/repo/outputs/wav/000388_indextts_surprised.wav,0.4410783648490906
389,indextts,fearful,/srv/RL_project/repo/outputs/wav/000389_indextts_fearful.wav,0.5608109831809998
390,indextts,surprised,/srv/RL_project/repo/outputs/wav/000390_indextts_surprised.wav,0.4809511601924896
391,indextts,neutral,/srv/RL_project/repo/outputs/wav/000391_indextts_neutral.wav,0.674966037273407
392,indextts,angry,/srv/RL_project/repo/outputs/wav/000392_indextts_angry.wav,0.4456773102283478
393,indextts,disgusted,/srv/RL_project/repo/outputs/wav/000393_indextts_disgusted.wav,0.5942181348800659
394,indextts,fearful,/srv/RL_project/repo/outputs/wav/000394_indextts_fearful.wav,0.560114860534668
395,indextts,disgusted,/srv/RL_project/repo/outputs/wav/000395_indextts_disgusted.wav,0.43785327672958374
396,indextts,disgusted,/srv/RL_project/repo/outputs/wav/000396_indextts_disgusted.wav,0.5708234310150146
397,indextts,neutral,/srv/RL_project/repo/outputs/wav/000397_indextts_neutral.wav,0.5775866508483887
398,indextts,fearful,/srv/RL_project/repo/outputs/wav/000398_indextts_fearful.wav,0.43486320972442627
399,indextts,sad,/srv/RL_project/repo/outputs/wav/000399_indextts_sad.wav,0.5223286747932434
400,indextts,angry,/srv/RL_project/repo/outputs/wav/000400_indextts_angry.wav,0.46134933829307556
401,indextts,neutral,/srv/RL_project/repo/outputs/wav/000401_indextts_neutral.wav,0.6616095900535583
402,indextts,fearful,/srv/RL_project/repo/outputs/wav/000402_indextts_fearful.wav,0.49653756618499756
403,indextts,happy,/srv/RL_project/repo/outputs/wav/000403_indextts_happy.wav,0.5198163986206055
404,indextts,fearful,/srv/RL_project/repo/outputs/wav/000404_indextts_fearful.wav,0.4262879192829132
405,indextts,neutral,/srv/RL_project/repo/outputs/wav/000405_indextts_neutral.wav,0.48488888144493103
406,indextts,happy,/srv/RL_project/repo/outputs/wav/000406_indextts_happy.wav,0.47726309299468994
407,indextts,disgusted,/srv/RL_project/repo/outputs/wav/000407_indextts_disgusted.wav,0.5863581895828247
408,indextts,fearful,/srv/RL_project/repo/outputs/wav/000408_indextts_fearful.wav,0.5078113675117493
409,indextts,neutral,/srv/RL_project/repo/outputs/wav/000409_indextts_neutral.wav,0.5609022378921509
410,indextts,disgusted,/srv/RL_project/repo/outputs/wav/000410_indextts_disgusted.wav,0.5660448670387268
411,indextts,surprised,/srv/RL_project/repo/outputs/wav/000411_indextts_surprised.wav,0.5654253959655762
412,indextts,sad,/srv/RL_project/repo/outputs/wav/000412_indextts_sad.wav,0.5872219800949097
413,indextts,happy,/srv/RL_project/repo/outputs/wav/000413_indextts_happy.wav,0.49781572818756104
414,indextts,neutral,/srv/RL_project/repo/outputs/wav/000414_indextts_neutral.wav,0.5606024861335754
415,indextts,angry,/srv/RL_project/repo/outputs/wav/000415_indextts_angry.wav,0.3005669414997101
416,indextts,sad,/srv/RL_project/repo/outputs/wav/000416_indextts_sad.wav,0.6056221127510071
417,indextts,fearful,/srv/RL_project/repo/outputs/wav/000417_indextts_fearful.wav,0.5022099018096924
418,indextts,neutral,/srv/RL_project/repo/outputs/wav/000418_indextts_neutral.wav,0.5930646061897278
419,indextts,happy,/srv/RL_project/repo/outputs/wav/000419_indextts_happy.wav,0.6312244534492493
420,indextts,happy,/srv/RL_project/repo/outputs/wav/000420_indextts_happy.wav,0.47411876916885376
421,indextts,disgusted,/srv/RL_project/repo/outputs/wav/000421_indextts_disgusted.wav,0.5720838308334351
422,indextts,fearful,/srv/RL_project/repo/outputs/wav/000422_indextts_fearful.wav,0.5465826392173767
423,indextts,angry,/srv/RL_project/repo/outputs/wav/000423_indextts_angry.wav,0.25955674052238464
424,indextts,fearful,/srv/RL_project/repo/outputs/wav/000424_indextts_fearful.wav,0.4809899628162384
425,indextts,sad,/srv/RL_project/repo/outputs/wav/000425_indextts_sad.wav,0.4744090437889099
426,indextts,angry,/srv/RL_project/repo/outputs/wav/000426_indextts_angry.wav,0.49996039271354675
427,indextts,happy,/srv/RL_project/repo/outputs/wav/000427_indextts_happy.wav,0.4727248549461365
428,indextts,angry,/srv/RL_project/repo/outputs/wav/000428_indextts_angry.wav,0.3716946244239807
429,indextts,fearful,/srv/RL_project/repo/outputs/wav/000429_indextts_fearful.wav,0.4682419002056122
430,indextts,neutral,/srv/RL_project/repo/outputs/wav/000430_indextts_neutral.wav,0.6006782650947571
431,indextts,surprised,/srv/RL_project/repo/outputs/wav/000431_indextts_surprised.wav,0.38895586133003235
432,indextts,disgusted,/srv/RL_project/repo/outputs/wav/000432_indextts_disgusted.wav,0.22834724187850952
433,indextts,happy,/srv/RL_project/repo/outputs/wav/000433_indextts_happy.wav,0.5252338647842407
434,indextts,sad,/srv/RL_project/repo/outputs/wav/000434_indextts_sad.wav,0.5344350934028625
435,indextts,angry,/srv/RL_project/repo/outputs/wav/000435_indextts_angry.wav,0.4080560505390167
436,indextts,neutral,/srv/RL_project/repo/outputs/wav/000436_indextts_neutral.wav,0.5487967729568481
437,indextts,angry,/srv/RL_project/repo/outputs/wav/000437_indextts_angry.wav,0.4169161915779114
438,indextts,disgusted,/srv/RL_project/repo/outputs/wav/000438_indextts_disgusted.wav,0.570226788520813
439,indextts,neutral,/srv/RL_project/repo/outputs/wav/000439_indextts_neutral.wav,0.626225471496582
440,indextts,neutral,/srv/RL_project/repo/outputs/wav/000440_indextts_neutral.wav,0.6831740736961365
441,indextts,sad,/srv/RL_project/repo/outputs/wav/000441_indextts_sad.wav,0.4966426193714142
442,indextts,sad,/srv/RL_project/repo/outputs/wav/000442_indextts_sad.wav,0.6215537786483765
443,indextts,surprised,/srv/RL_project/repo/outputs/wav/000443_indextts_surprised.wav,0.4310372471809387
444,indextts,surprised,/srv/RL_project/repo/outputs/wav/000444_indextts_surprised.wav,0.5680099725723267
445,indextts,angry,/srv/RL_project/repo/outputs/wav/000445_indextts_angry.wav,0.4293327033519745
446,indextts,sad,/srv/RL_project/repo/outputs/wav/000446_indextts_sad.wav,0.48797425627708435
447,indextts,fearful,/srv/RL_project/repo/outputs/wav/000447_indextts_fearful.wav,0.6065191626548767
448,indextts,neutral,/srv/RL_project/repo/outputs/wav/000448_indextts_neutral.wav,0.6016982793807983
449,indextts,neutral,/srv/RL_project/repo/outputs/wav/000449_indextts_neutral.wav,0.5971976518630981
450,indextts,neutral,/srv/RL_project/repo/outputs/wav/000450_indextts_neutral.wav,0.42059293389320374
451,indextts,fearful,/srv/RL_project/repo/outputs/wav/000451_indextts_fearful.wav,0.4619584381580353
452,indextts,sad,/srv/RL_project/repo/outputs/wav/000452_indextts_sad.wav,0.5321056246757507
453,indextts,happy,/srv/RL_project/repo/outputs/wav/000453_indextts_happy.wav,0.6050919890403748
454,indextts,surprised,/srv/RL_project/repo/outputs/wav/000454_indextts_surprised.wav,0.5158074498176575
455,indextts,happy,/srv/RL_project/repo/outputs/wav/000455_indextts_happy.wav,0.5115514397621155
456,indextts,fearful,/srv/RL_project/repo/outputs/wav/000456_indextts_fearful.wav,0.5813681483268738
457,indextts,sad,/srv/RL_project/repo/outputs/wav/000457_indextts_sad.wav,0.4568912386894226
458,indextts,angry,/srv/RL_project/repo/outputs/wav/000458_indextts_angry.wav,0.4443783164024353
459,indextts,fearful,/srv/RL_project/repo/outputs/wav/000459_indextts_fearful.wav,0.5577971339225769
460,indextts,fearful,/srv/RL_project/repo/outputs/wav/000460_indextts_fearful.wav,0.5987165570259094
461,indextts,happy,/srv/RL_project/repo/outputs/wav/000461_indextts_happy.wav,0.6113688945770264
462,indextts,happy,/srv/RL_project/repo/outputs/wav/000462_indextts_happy.wav,0.5423559546470642
463,indextts,fearful,/srv/RL_project/repo/outputs/wav/000463_indextts_fearful.wav,0.5435807108879089
464,indextts,happy,/srv/RL_project/repo/outputs/wav/000464_indextts_happy.wav,0.5546743273735046
465,indextts,disgusted,/srv/RL_project/repo/outputs/wav/000465_indextts_disgusted.wav,0.5302742123603821
466,indextts,neutral,/srv/RL_project/repo/outputs/wav/000466_indextts_neutral.wav,0.6810329556465149
467,indextts,fearful,/srv/RL_project/repo/outputs/wav/000467_indextts_fearful.wav,0.566596269607544
468,indextts,surprised,/srv/RL_project/repo/outputs/wav/000468_indextts_surprised.wav,0.5154987573623657
469,indextts,neutral,/srv/RL_project/repo/outputs/wav/000469_indextts_neutral.wav,0.6492946147918701
470,indextts,surprised,/srv/RL_project/repo/outputs/wav/000470_indextts_surprised.wav,0.4398384094238281
471,indextts,happy,/srv/RL_project/repo/outputs/wav/000471_indextts_happy.wav,0.5518847107887268
472,indextts,disgusted,/srv/RL_project/repo/outputs/wav/000472_indextts_disgusted.wav,0.36323022842407227
473,indextts,disgusted,/srv/RL_project/repo/outputs/wav/000473_indextts_disgusted.wav,0.48648953437805176
474,indextts,sad,/srv/RL_project/repo/outputs/wav/000474_indextts_sad.wav,0.39669278264045715
475,indextts,sad,/srv/RL_project/repo/outputs/wav/000475_indextts_sad.wav,0.4960189163684845
476,indextts,neutral,/srv/RL_project/repo/outputs/wav/000476_indextts_neutral.wav,0.7036236524581909
477,indextts,fearful,/srv/RL_project/repo/outputs/wav/000477_indextts_fearful.wav,0.5580861568450928
478,indextts,happy,/srv/RL_project/repo/outputs/wav/000478_indextts_happy.wav,0.5780848860740662
479,indextts,angry,/srv/RL_project/repo/outputs/wav/000479_indextts_angry.wav,0.3575283885002136
480,indextts,angry,/srv/RL_project/repo/outputs/wav/000480_indextts_angry.wav,0.14376437664031982
481,indextts,happy,/srv/RL_project/repo/outputs/wav/000481_indextts_happy.wav,0.5871803164482117
482,indextts,surprised,/srv/RL_project/repo/outputs/wav/000482_indextts_surprised.wav,0.21010977029800415
483,indextts,fearful,/srv/RL_project/repo/outputs/wav/000483_indextts_fearful.wav,0.49307793378829956
484,indextts,disgusted,/srv/RL_project/repo/outputs/wav/000484_indextts_disgusted.wav,0.5519413948059082
485,indextts,neutral,/srv/RL_project/repo/outputs/wav/000485_indextts_neutral.wav,0.3759841322898865
486,indextts,disgusted,/srv/RL_project/repo/outputs/wav/000486_indextts_disgusted.wav,0.617992639541626
487,indextts,angry,/srv/RL_project/repo/outputs/wav/000487_indextts_angry.wav,0.24207229912281036
488,indextts,angry,/srv/RL_project/repo/outputs/wav/000488_indextts_angry.wav,0.42496246099472046
489,indextts,fearful,/srv/RL_project/repo/outputs/wav/000489_indextts_fearful.wav,0.42588210105895996
490,indextts,surprised,/srv/RL_project/repo/outputs/wav/000490_indextts_surprised.wav,0.2537662088871002
491,indextts,fearful,/srv/RL_project/repo/outputs/wav/000491_indextts_fearful.wav,0.45412564277648926
492,indextts,disgusted,/srv/RL_project/repo/outputs/wav/000492_indextts_disgusted.wav,0.5469597578048706
493,indextts,fearful,/srv/RL_project/repo/outputs/wav/000493_indextts_fearful.wav,0.5132520198822021
494,indextts,angry,/srv/RL_project/repo/outputs/wav/000494_indextts_angry.wav,0.018410760909318924
495,indextts,surprised,/srv/RL_project/repo/outputs/wav/000495_indextts_surprised.wav,0.4319853186607361
496,indextts,surprised,/srv/RL_project/repo/outputs/wav/000496_indextts_surprised.wav,0.4712119400501251
497,indextts,neutral,/srv/RL_project/repo/outputs/wav/000497_indextts_neutral.wav,0.636451780796051
498,indextts,disgusted,/srv/RL_project/repo/outputs/wav/000498_indextts_disgusted.wav,0.48012691736221313
499,indextts,disgusted,/srv/RL_project/repo/outputs/wav/000499_indextts_disgusted.wav,0.3735525608062744
500,indextts,fearful,/srv/RL_project/repo/outputs/wav/000500_indextts_fearful.wav,0.4812919795513153
501,indextts,angry,/srv/RL_project/repo/outputs/wav/000501_indextts_angry.wav,0.4831431210041046
502,indextts,happy,/srv/RL_project/repo/outputs/wav/000502_indextts_happy.wav,0.33291664719581604
503,indextts,surprised,/srv/RL_project/repo/outputs/wav/000503_indextts_surprised.wav,0.10483800619840622
504,indextts,sad,/srv/RL_project/repo/outputs/wav/000504_indextts_sad.wav,0.5533042550086975
505,indextts,happy,/srv/RL_project/repo/outputs/wav/000505_indextts_happy.wav,0.5282488465309143
506,indextts,surprised,/srv/RL_project/repo/outputs/wav/000506_indextts_surprised.wav,0.5323790907859802
507,indextts,fearful,/srv/RL_project/repo/outputs/wav/000507_indextts_fearful.wav,0.5529969334602356
508,indextts,neutral,/srv/RL_project/repo/outputs/wav/000508_indextts_neutral.wav,0.47173160314559937
509,indextts,angry,/srv/RL_project/repo/outputs/wav/000509_indextts_angry.wav,0.3239332139492035
510,indextts,disgusted,/srv/RL_project/repo/outputs/wav/000510_indextts_disgusted.wav,0.5627261400222778
511,indextts,surprised,/srv/RL_project/repo/outputs/wav/000511_indextts_surprised.wav,0.4215475022792816
512,indextts,angry,/srv/RL_project/repo/outputs/wav/000512_indextts_angry.wav,0.39153966307640076
513,indextts,neutral,/srv/RL_project/repo/outputs/wav/000513_indextts_neutral.wav,0.21090497076511383
514,indextts,disgusted,/srv/RL_project/repo/outputs/wav/000514_indextts_disgusted.wav,0.5402767062187195
515,indextts,disgusted,/srv/RL_project/repo/outputs/wav/000515_indextts_disgusted.wav,0.13253279030323029
516,indextts,happy,/srv/RL_project/repo/outputs/wav/000516_indextts_happy.wav,0.5253500938415527
517,indextts,surprised,/srv/RL_project/repo/outputs/wav/000517_indextts_surprised.wav,0.3384220600128174
518,indextts,surprised,/srv/RL_project/repo/outputs/wav/000518_indextts_surprised.wav,0.4607667028903961
519,indextts,angry,/srv/RL_project/repo/outputs/wav/000519_indextts_angry.wav,0.18147850036621094
520,indextts,angry,/srv/RL_project/repo/outputs/wav/000520_indextts_angry.wav,0.1655718982219696
521,indextts,sad,/srv/RL_project/repo/outputs/wav/000521_indextts_sad.wav,0.547373354434967
522,indextts,neutral,/srv/RL_project/repo/outputs/wav/000522_indextts_neutral.wav,0.553260087966919
523,indextts,neutral,/srv/RL_project/repo/outputs/wav/000523_indextts_neutral.wav,0.6539708971977234
524,indextts,disgusted,/srv/RL_project/repo/outputs/wav/000524_indextts_disgusted.wav,0.5636420249938965
525,indextts,happy,/srv/RL_project/repo/outputs/wav/000525_indextts_happy.wav,0.18282178044319153
526,indextts,fearful,/srv/RL_project/repo/outputs/wav/000526_indextts_fearful.wav,0.35330140590667725
527,indextts,happy,/srv/RL_project/repo/outputs/wav/000527_indextts_happy.wav,0.44424036145210266
528,indextts,angry,/srv/RL_project/repo/outputs/wav/000528_indextts_angry.wav,0.3657403290271759
529,indextts,sad,/srv/RL_project/repo/outputs/wav/000529_indextts_sad.wav,0.5471552610397339
530,indextts,sad,/srv/RL_project/repo/outputs/wav/000530_indextts_sad.wav,0.5767901539802551
531,indextts,surprised,/srv/RL_project/repo/outputs/wav/000531_indextts_surprised.wav,0.44338610768318176
532,indextts,disgusted,/srv/RL_project/repo/outputs/wav/000532_indextts_disgusted.wav,0.5401296019554138
533,indextts,disgusted,/srv/RL_project/repo/outputs/wav/000533_indextts_disgusted.wav,0.5929428935050964
534,indextts,angry,/srv/RL_project/repo/outputs/wav/000534_indextts_angry.wav,0.2974182367324829
535,indextts,fearful,/srv/RL_project/repo/outputs/wav/000535_indextts_fearful.wav,0.4551750123500824
536,indextts,happy,/srv/RL_project/repo/outputs/wav/000536_indextts_happy.wav,0.534650981426239
537,indextts,angry,/srv/RL_project/repo/outputs/wav/000537_indextts_angry.wav,0.36802786588668823
538,indextts,sad,/srv/RL_project/repo/outputs/wav/000538_indextts_sad.wav,0.587496280670166
539,indextts,surprised,/srv/RL_project/repo/outputs/wav/000539_indextts_surprised.wav,0.5253629088401794
540,indextts,disgusted,/srv/RL_project/repo/outputs/wav/000540_indextts_disgusted.wav,0.6352143287658691
541,indextts,neutral,/srv/RL_project/repo/outputs/wav/000541_indextts_neutral.wav,0.43322423100471497
542,indextts,angry,/srv/RL_project/repo/outputs/wav/000542_indextts_angry.wav,0.3209366798400879
543,indextts,surprised,/srv/RL_project/repo/outputs/wav/000543_indextts_surprised.wav,0.42487218976020813
544,indextts,surprised,/srv/RL_project/repo/outputs/wav/000544_indextts_surprised.wav,0.45914119482040405
545,indextts,neutral,/srv/RL_project/repo/outputs/wav/000545_indextts_neutral.wav,0.517309844493866
546,indextts,sad,/srv/RL_project/repo/outputs/wav/000546_indextts_sad.wav,0.5303971171379089
547,indextts,angry,/srv/RL_project/repo/outputs/wav/000547_indextts_angry.wav,0.3927980363368988
548,indextts,happy,/srv/RL_project/repo/outputs/wav/000548_indextts_happy.wav,0.5250410437583923
549,indextts,surprised,/srv/RL_project/repo/outputs/wav/000549_indextts_surprised.wav,0.5598357319831848
550,indextts,disgusted,/srv/RL_project/repo/outputs/wav/000550_indextts_disgusted.wav,0.557579517364502
551,indextts,disgusted,/srv/RL_project/repo/outputs/wav/000551_indextts_disgusted.wav,0.5260310173034668
552,indextts,neutral,/srv/RL_project/repo/outputs/wav/000552_indextts_neutral.wav,0.4563845098018646
553,indextts,neutral,/srv/RL_project/repo/outputs/wav/000553_indextts_neutral.wav,0.6346489191055298
554,indextts,surprised,/srv/RL_project/repo/outputs/wav/000554_indextts_surprised.wav,0.49734270572662354
555,indextts,fearful,/srv/RL_project/repo/outputs/wav/000555_indextts_fearful.wav,0.42859140038490295
556,indextts,disgusted,/srv/RL_project/repo/outputs/wav/000556_indextts_disgusted.wav,0.4608978033065796
557,indextts,neutral,/srv/RL_project/repo/outputs/wav/000557_indextts_neutral.wav,0.640640377998352
558,indextts,happy,/srv/RL_project/repo/outputs/wav/000558_indextts_happy.wav,0.47783613204956055
559,indextts,happy,/srv/RL_project/repo/outputs/wav/000559_indextts_happy.wav,0.5148885250091553
560,indextts,neutral,/srv/RL_project/repo/outputs/wav/000560_indextts_neutral.wav,0.5463647842407227
561,indextts,neutral,/srv/RL_project/repo/outputs/wav/000561_indextts_neutral.wav,0.5535862445831299
562,indextts,happy,/srv/RL_project/repo/outputs/wav/000562_indextts_happy.wav,0.5252087116241455
563,indextts,happy,/srv/RL_project/repo/outputs/wav/000563_indextts_happy.wav,0.6221436262130737
564,indextts,surprised,/srv/RL_project/repo/outputs/wav/000564_indextts_surprised.wav,0.4934747815132141
565,indextts,surprised,/srv/RL_project/repo/outputs/wav/000565_indextts_surprised.wav,0.49042123556137085
566,indextts,sad,/srv/RL_project/repo/outputs/wav/000566_indextts_sad.wav,0.5206883549690247
567,indextts,neutral,/srv/RL_project/repo/outputs/wav/000567_indextts_neutral.wav,0.6602551937103271
568,indextts,disgusted,/srv/RL_project/repo/outputs/wav/000568_indextts_disgusted.wav,0.5750659704208374
569,indextts,angry,/srv/RL_project/repo/outputs/wav/000569_indextts_angry.wav,0.4196029603481293
570,indextts,sad,/srv/RL_project/repo/outputs/wav/000570_indextts_sad.wav,0.4618993103504181
571,indextts,happy,/srv/RL_project/repo/outputs/wav/000571_indextts_happy.wav,0.5180637240409851
572,indextts,neutral,/srv/RL_project/repo/outputs/wav/000572_indextts_neutral.wav,0.5652227997779846
573,indextts,sad,/srv/RL_project/repo/outputs/wav/000573_indextts_sad.wav,0.45550090074539185
574,indextts,fearful,/srv/RL_project/repo/outputs/wav/000574_indextts_fearful.wav,0.497769296169281
575,indextts,angry,/srv/RL_project/repo/outputs/wav/000575_indextts_angry.wav,0.3211183547973633
576,indextts,fearful,/srv/RL_project/repo/outputs/wav/000576_indextts_fearful.wav,0.4149172902107239
577,indextts,fearful,/srv/RL_project/repo/outputs/wav/000577_indextts_fearful.wav,0.5340284705162048
578,indextts,disgusted,/srv/RL_project/repo/outputs/wav/000578_indextts_disgusted.wav,0.5238035917282104
579,indextts,surprised,/srv/RL_project/repo/outputs/wav/000579_indextts_surprised.wav,0.34348049759864807
580,indextts,angry,/srv/RL_project/repo/outputs/wav/000580_indextts_angry.wav,0.4632483720779419
581,indextts,surprised,/srv/RL_project/repo/outputs/wav/000581_indextts_surprised.wav,0.467329740524292
582,indextts,neutral,/srv/RL_project/repo/outputs/wav/000582_indextts_neutral.wav,0.62977135181427
583,indextts,neutral,/srv/RL_project/repo/outputs/wav/000583_indextts_neutral.wav,0.5670022964477539
584,indextts,neutral,/srv/RL_project/repo/outputs/wav/000584_indextts_neutral.wav,0.6235965490341187
585,indextts,disgusted,/srv/RL_project/repo/outputs/wav/000585_indextts_disgusted.wav,0.5186172723770142
586,indextts,neutral,/srv/RL_project/repo/outputs/wav/000586_indextts_neutral.wav,0.5682209730148315
587,indextts,surprised,/srv/RL_project/repo/outputs/wav/000587_indextts_surprised.wav,0.23931238055229187
588,indextts,sad,/srv/RL_project/repo/outputs/wav/000588_indextts_sad.wav,0.3502647578716278
589,indextts,surprised,/srv/RL_project/repo/outputs/wav/000589_indextts_surprised.wav,0.3824267089366913
590,indextts,surprised,/srv/RL_project/repo/outputs/wav/000590_indextts_surprised.wav,0.5309618711471558
591,indextts,sad,/srv/RL_project/repo/outputs/wav/000591_indextts_sad.wav,0.13650383055210114
592,indextts,disgusted,/srv/RL_project/repo/outputs/wav/000592_indextts_disgusted.wav,0.5882733464241028
593,indextts,surprised,/srv/RL_project/repo/outputs/wav/000593_indextts_surprised.wav,0.38178494572639465
594,indextts,neutral,/srv/RL_project/repo/outputs/wav/000594_indextts_neutral.wav,0.6792550086975098
595,indextts,angry,/srv/RL_project/repo/outputs/wav/000595_indextts_angry.wav,0.10751942545175552
596,indextts,disgusted,/srv/RL_project/repo/outputs/wav/000596_indextts_disgusted.wav,0.5720838904380798
597,indextts,disgusted,/srv/RL_project/repo/outputs/wav/000597_indextts_disgusted.wav,0.4845624268054962
598,indextts,disgusted,/srv/RL_project/repo/outputs/wav/000598_indextts_disgusted.wav,0.4246893525123596
599,indextts,disgusted,/srv/RL_project/repo/outputs/wav/000599_indextts_disgusted.wav,0.15655753016471863
600,indextts,angry,/srv/RL_project/repo/outputs/wav/000600_indextts_angry.wav,0.12813864648342133
601,indextts,neutral,/srv/RL_project/repo/outputs/wav/000601_indextts_neutral.wav,0.5903494954109192
602,indextts,angry,/srv/RL_project/repo/outputs/wav/000602_indextts_angry.wav,0.24082490801811218
603,indextts,angry,/srv/RL_project/repo/outputs/wav/000603_indextts_angry.wav,0.32779109477996826
604,indextts,neutral,/srv/RL_project/repo/outputs/wav/000604_indextts_neutral.wav,0.5763717889785767
605,indextts,happy,/srv/RL_project/repo/outputs/wav/000605_indextts_happy.wav,0.40576934814453125
606,indextts,fearful,/srv/RL_project/repo/outputs/wav/000606_indextts_fearful.wav,0.4869858920574188
607,indextts,neutral,/srv/RL_project/repo/outputs/wav/000607_indextts_neutral.wav,0.551670253276825
608,indextts,disgusted,/srv/RL_project/repo/outputs/wav/000608_indextts_disgusted.wav,0.43659183382987976
609,indextts,disgusted,/srv/RL_project/repo/outputs/wav/000609_indextts_disgusted.wav,0.36328840255737305
610,indextts,surprised,/srv/RL_project/repo/outputs/wav/000610_indextts_surprised.wav,0.2704660892486572
611,indextts,angry,/srv/RL_project/repo/outputs/wav/000611_indextts_angry.wav,0.24512480199337006
612,indextts,surprised,/srv/RL_project/repo/outputs/wav/000612_indextts_surprised.wav,0.4107351005077362
613,indextts,surprised,/srv/RL_project/repo/outputs/wav/000613_indextts_surprised.wav,0.46456170082092285
614,indextts,happy,/srv/RL_project/repo/outputs/wav/000614_indextts_happy.wav,0.44869717955589294
615,indextts,surprised,/srv/RL_project/repo/outputs/wav/000615_indextts_surprised.wav,0.07188200205564499
616,indextts,angry,/srv/RL_project/repo/outputs/wav/000616_indextts_angry.wav,0.3827601969242096
617,indextts,fearful,/srv/RL_project/repo/outputs/wav/000617_indextts_fearful.wav,0.5916520357131958
618,indextts,happy,/srv/RL_project/repo/outputs/wav/000618_indextts_happy.wav,0.4600343406200409
619,indextts,neutral,/srv/RL_project/repo/outputs/wav/000619_indextts_neutral.wav,0.631775975227356
620,indextts,disgusted,/srv/RL_project/repo/outputs/wav/000620_indextts_disgusted.wav,0.4549151062965393
621,indextts,fearful,/srv/RL_project/repo/outputs/wav/000621_indextts_fearful.wav,0.4683091938495636
622,indextts,happy,/srv/RL_project/repo/outputs/wav/000622_indextts_happy.wav,0.4626663327217102
623,indextts,sad,/srv/RL_project/repo/outputs/wav/000623_indextts_sad.wav,0.10933686792850494
624,indextts,disgusted,/srv/RL_project/repo/outputs/wav/000624_indextts_disgusted.wav,0.5638549327850342
625,indextts,disgusted,/srv/RL_project/repo/outputs/wav/000625_indextts_disgusted.wav,0.49785035848617554
626,indextts,angry,/srv/RL_project/repo/outputs/wav/000626_indextts_angry.wav,0.14823845028877258
627,indextts,surprised,/srv/RL_project/repo/outputs/wav/000627_indextts_surprised.wav,0.5475686192512512
628,indextts,fearful,/srv/RL_project/repo/outputs/wav/000628_indextts_fearful.wav,0.5553492307662964
629,indextts,happy,/srv/RL_project/repo/outputs/wav/000629_indextts_happy.wav,0.47906991839408875
630,indextts,happy,/srv/RL_project/repo/outputs/wav/000630_indextts_happy.wav,0.3556493818759918
631,indextts,disgusted,/srv/RL_project/repo/outputs/wav/000631_indextts_disgusted.wav,0.40601271390914917
632,indextts,surprised,/srv/RL_project/repo/outputs/wav/000632_indextts_surprised.wav,0.49098867177963257
633,indextts,sad,/srv/RL_project/repo/outputs/wav/000633_indextts_sad.wav,0.29956135153770447
634,indextts,sad,/srv/RL_project/repo/outputs/wav/000634_indextts_sad.wav,0.36525198817253113
635,indextts,neutral,/srv/RL_project/repo/outputs/wav/000635_indextts_neutral.wav,0.526030957698822
636,indextts,sad,/srv/RL_project/repo/outputs/wav/000636_indextts_sad.wav,0.43386200070381165
637,indextts,neutral,/srv/RL_project/repo/outputs/wav/000637_indextts_neutral.wav,0.46916714310646057
638,indextts,happy,/srv/RL_project/repo/outputs/wav/000638_indextts_happy.wav,0.515533447265625
639,indextts,sad,/srv/RL_project/repo/outputs/wav/000639_indextts_sad.wav,0.5255308151245117
640,indextts,surprised,/srv/RL_project/repo/outputs/wav/000640_indextts_surprised.wav,0.49671027064323425
641,indextts,sad,/srv/RL_project/repo/outputs/wav/000641_indextts_sad.wav,0.5850836038589478
642,indextts,fearful,/srv/RL_project/repo/outputs/wav/000642_indextts_fearful.wav,0.5909359455108643
643,indextts,surprised,/srv/RL_project/repo/outputs/wav/000643_indextts_surprised.wav,0.39345818758010864
644,indextts,angry,/srv/RL_project/repo/outputs/wav/000644_indextts_angry.wav,0.32475849986076355
645,indextts,surprised,/srv/RL_project/repo/outputs/wav/000645_indextts_surprised.wav,0.4729844033718109
646,indextts,disgusted,/srv/RL_project/repo/outputs/wav/000646_indextts_disgusted.wav,0.5540918707847595
647,indextts,fearful,/srv/RL_project/repo/outputs/wav/000647_indextts_fearful.wav,0.41833198070526123
648,indextts,angry,/srv/RL_project/repo/outputs/wav/000648_indextts_angry.wav,0.3479708135128021
649,indextts,sad,/srv/RL_project/repo/outputs/wav/000649_indextts_sad.wav,0.6068596839904785
650,indextts,surprised,/srv/RL_project/repo/outputs/wav/000650_indextts_surprised.wav,0.31198790669441223
651,indextts,happy,/srv/RL_project/repo/outputs/wav/000651_indextts_happy.wav,0.5512906312942505
652,indextts,disgusted,/srv/RL_project/repo/outputs/wav/000652_indextts_disgusted.wav,0.46022987365722656
653,indextts,sad,/srv/RL_project/repo/outputs/wav/000653_indextts_sad.wav,0.594096839427948
654,indextts,angry,/srv/RL_project/repo/outputs/wav/000654_indextts_angry.wav,0.4786524772644043
655,indextts,angry,/srv/RL_project/repo/outputs/wav/000655_indextts_angry.wav,0.37989941239356995
656,indextts,neutral,/srv/RL_project/repo/outputs/wav/000656_indextts_neutral.wav,0.5742870569229126
657,indextts,disgusted,/srv/RL_project/repo/outputs/wav/000657_indextts_disgusted.wav,0.5220000743865967
658,indextts,surprised,/srv/RL_project/repo/outputs/wav/000658_indextts_surprised.wav,0.5265055298805237
659,indextts,angry,/srv/RL_project/repo/outputs/wav/000659_indextts_angry.wav,0.34312504529953003
660,indextts,fearful,/srv/RL_project/repo/outputs/wav/000660_indextts_fearful.wav,0.2660190463066101
661,indextts,angry,/srv/RL_project/repo/outputs/wav/000661_indextts_angry.wav,0.4059690833091736
662,indextts,fearful,/srv/RL_project/repo/outputs/wav/000662_indextts_fearful.wav,0.5168519020080566
663,indextts,neutral,/srv/RL_project/repo/outputs/wav/000663_indextts_neutral.wav,0.556581974029541
664,indextts,happy,/srv/RL_project/repo/outputs/wav/000664_indextts_happy.wav,0.38772720098495483
665,indextts,surprised,/srv/RL_project/repo/outputs/wav/000665_indextts_surprised.wav,0.49518072605133057
666,indextts,fearful,/srv/RL_project/repo/outputs/wav/000666_indextts_fearful.wav,0.5550194382667542
667,indextts,angry,/srv/RL_project/repo/outputs/wav/000667_indextts_angry.wav,0.3711225986480713
668,indextts,disgusted,/srv/RL_project/repo/outputs/wav/000668_indextts_disgusted.wav,0.6055553555488586
669,indextts,sad,/srv/RL_project/repo/outputs/wav/000669_indextts_sad.wav,0.5688871145248413
670,indextts,fearful,/srv/RL_project/repo/outputs/wav/000670_indextts_fearful.wav,0.6420186758041382
671,indextts,neutral,/srv/RL_project/repo/outputs/wav/000671_indextts_neutral.wav,0.4420277774333954
672,indextts,surprised,/srv/RL_project/repo/outputs/wav/000672_indextts_surprised.wav,0.4802984893321991
673,indextts,surprised,/srv/RL_project/repo/outputs/wav/000673_indextts_surprised.wav,0.3032321333885193
674,indextts,angry,/srv/RL_project/repo/outputs/wav/000674_indextts_angry.wav,0.25283804535865784
675,indextts,angry,/srv/RL_project/repo/outputs/wav/000675_indextts_angry.wav,0.38353192806243896
676,indextts,disgusted,/srv/RL_project/repo/outputs/wav/000676_indextts_disgusted.wav,0.4906308352947235
677,indextts,neutral,/srv/RL_project/repo/outputs/wav/000677_indextts_neutral.wav,0.5988662242889404
678,indextts,fearful,/srv/RL_project/repo/outputs/wav/000678_indextts_fearful.wav,0.4683821499347687
679,indextts,neutral,/srv/RL_project/repo/outputs/wav/000679_indextts_neutral.wav,0.549441397190094
680,indextts,disgusted,/srv/RL_project/repo/outputs/wav/000680_indextts_disgusted.wav,0.5343543887138367
681,indextts,angry,/srv/RL_project/repo/outputs/wav/000681_indextts_angry.wav,0.4699343740940094
682,indextts,sad,/srv/RL_project/repo/outputs/wav/000682_indextts_sad.wav,0.12893734872341156
683,indextts,happy,/srv/RL_project/repo/outputs/wav/000683_indextts_happy.wav,0.4530335068702698
684,indextts,happy,/srv/RL_project/repo/outputs/wav/000684_indextts_happy.wav,0.5827406644821167
685,indextts,neutral,/srv/RL_project/repo/outputs/wav/000685_indextts_neutral.wav,0.5652755498886108
686,indextts,fearful,/srv/RL_project/repo/outputs/wav/000686_indextts_fearful.wav,0.5905911922454834
687,indextts,happy,/srv/RL_project/repo/outputs/wav/000687_indextts_happy.wav,0.5002613663673401
688,indextts,angry,/srv/RL_project/repo/outputs/wav/000688_indextts_angry.wav,0.3438303768634796
689,indextts,sad,/srv/RL_project/repo/outputs/wav/000689_indextts_sad.wav,0.5557163953781128
690,indextts,angry,/srv/RL_project/repo/outputs/wav/000690_indextts_angry.wav,0.23827272653579712
691,indextts,neutral,/srv/RL_project/repo/outputs/wav/000691_indextts_neutral.wav,0.6164647936820984
692,indextts,sad,/srv/RL_project/repo/outputs/wav/000692_indextts_sad.wav,0.46838700771331787
693,indextts,neutral,/srv/RL_project/repo/outputs/wav/000693_indextts_neutral.wav,0.5648632645606995
694,indextts,happy,/srv/RL_project/repo/outputs/wav/000694_indextts_happy.wav,0.39073994755744934
695,indextts,fearful,/srv/RL_project/repo/outputs/wav/000695_indextts_fearful.wav,0.6187809705734253
696,indextts,fearful,/srv/RL_project/repo/outputs/wav/000696_indextts_fearful.wav,0.6341410279273987
697,indextts,neutral,/srv/RL_project/repo/outputs/wav/000697_indextts_neutral.wav,0.5039548873901367
698,indextts,angry,/srv/RL_project/repo/outputs/wav/000698_indextts_angry.wav,0.34462547302246094
699,indextts,surprised,/srv/RL_project/repo/outputs/wav/000699_indextts_surprised.wav,0.5695621967315674
700,indextts,disgusted,/srv/RL_project/repo/outputs/wav/000700_indextts_disgusted.wav,0.4720502197742462
701,indextts,angry,/srv/RL_project/repo/outputs/wav/000701_indextts_angry.wav,0.3343004584312439
702,indextts,neutral,/srv/RL_project/repo/outputs/wav/000702_indextts_neutral.wav,0.6149269342422485
703,indextts,sad,/srv/RL_project/repo/outputs/wav/000703_indextts_sad.wav,0.5151563286781311
704,indextts,happy,/srv/RL_project/repo/outputs/wav/000704_indextts_happy.wav,0.2720932066440582
705,indextts,angry,/srv/RL_project/repo/outputs/wav/000705_indextts_angry.wav,0.3984944224357605
706,indextts,happy,/srv/RL_project/repo/outputs/wav/000706_indextts_happy.wav,0.492313027381897
707,indextts,neutral,/srv/RL_project/repo/outputs/wav/000707_indextts_neutral.wav,0.6691938042640686
708,indextts,surprised,/srv/RL_project/repo/outputs/wav/000708_indextts_surprised.wav,0.36670324206352234
709,indextts,neutral,/srv/RL_project/repo/outputs/wav/000709_indextts_neutral.wav,0.6226193904876709
710,indextts,disgusted,/srv/RL_project/repo/outputs/wav/000710_indextts_disgusted.wav,0.5442619323730469
711,indextts,fearful,/srv/RL_project/repo/outputs/wav/000711_indextts_fearful.wav,0.5197022557258606
712,indextts,fearful,/srv/RL_project/repo/outputs/wav/000712_indextts_fearful.wav,0.4542548358440399
713,indextts,fearful,/srv/RL_project/repo/outputs/wav/000713_indextts_fearful.wav,0.46911582350730896
714,indextts,happy,/srv/RL_project/repo/outputs/wav/000714_indextts_happy.wav,0.49540290236473083
715,indextts,angry,/srv/RL_project/repo/outputs/wav/000715_indextts_angry.wav,0.4404115080833435
716,indextts,angry,/srv/RL_project/repo/outputs/wav/000716_indextts_angry.wav,0.3268105983734131
717,indextts,sad,/srv/RL_project/repo/outputs/wav/000717_indextts_sad.wav,0.5605219006538391
718,indextts,fearful,/srv/RL_project/repo/outputs/wav/000718_indextts_fearful.wav,0.5292326211929321
719,indextts,surprised,/srv/RL_project/repo/outputs/wav/000719_indextts_surprised.wav,0.491203635931015
720,indextts,happy,/srv/RL_project/repo/outputs/wav/000720_indextts_happy.wav,0.5275434255599976
721,indextts,surprised,/srv/RL_project/repo/outputs/wav/000721_indextts_surprised.wav,0.4220358431339264
722,indextts,neutral,/srv/RL_project/repo/outputs/wav/000722_indextts_neutral.wav,0.6347668170928955
723,indextts,sad,/srv/RL_project/repo/outputs/wav/000723_indextts_sad.wav,0.5339629054069519
724,indextts,angry,/srv/RL_project/repo/outputs/wav/000724_indextts_angry.wav,0.33043792843818665
725,indextts,sad,/srv/RL_project/repo/outputs/wav/000725_indextts_sad.wav,0.5636395215988159
726,indextts,angry,/srv/RL_project/repo/outputs/wav/000726_indextts_angry.wav,0.1556224524974823
727,indextts,surprised,/srv/RL_project/repo/outputs/wav/000727_indextts_surprised.wav,0.3299272954463959
728,indextts,sad,/srv/RL_project/repo/outputs/wav/000728_indextts_sad.wav,0.5084060430526733
729,indextts,angry,/srv/RL_project/repo/outputs/wav/000729_indextts_angry.wav,0.3532531261444092
730,indextts,sad,/srv/RL_project/repo/outputs/wav/000730_indextts_sad.wav,0.521187424659729
731,indextts,sad,/srv/RL_project/repo/outputs/wav/000731_indextts_sad.wav,0.4836878180503845
732,indextts,neutral,/srv/RL_project/repo/outputs/wav/000732_indextts_neutral.wav,0.6106494069099426
733,indextts,fearful,/srv/RL_project/repo/outputs/wav/000733_indextts_fearful.wav,0.6348682045936584
734,indextts,neutral,/srv/RL_project/repo/outputs/wav/000734_indextts_neutral.wav,0.6141617894172668
735,indextts,neutral,/srv/RL_project/repo/outputs/wav/000735_indextts_neutral.wav,0.5836434364318848
736,indextts,angry,/srv/RL_project/repo/outputs/wav/000736_indextts_angry.wav,0.2577396333217621
737,indextts,happy,/srv/RL_project/repo/outputs/wav/000737_indextts_happy.wav,0.4344266653060913
738,indextts,sad,/srv/RL_project/repo/outputs/wav/000738_indextts_sad.wav,0.42380988597869873
739,indextts,disgusted,/srv/RL_project/repo/outputs/wav/000739_indextts_disgusted.wav,0.5284132957458496
740,indextts,fearful,/srv/RL_project/repo/outputs/wav/000740_indextts_fearful.wav,0.3321930170059204
741,indextts,neutral,/srv/RL_project/repo/outputs/wav/000741_indextts_neutral.wav,0.6913133859634399
742,indextts,sad,/srv/RL_project/repo/outputs/wav/000742_indextts_sad.wav,0.5790363550186157
743,indextts,surprised,/srv/RL_project/repo/outputs/wav/000743_indextts_surprised.wav,0.3802187144756317
744,indextts,sad,/srv/RL_project/repo/outputs/wav/000744_indextts_sad.wav,0.47228384017944336
745,indextts,sad,/srv/RL_project/repo/outputs/wav/000745_indextts_sad.wav,0.5326575636863708
746,indextts,sad,/srv/RL_project/repo/outputs/wav/000746_indextts_sad.wav,0.49581050872802734
747,indextts,surprised,/srv/RL_project/repo/outputs/wav/000747_indextts_surprised.wav,0.4175149202346802
748,indextts,fearful,/srv/RL_project/repo/outputs/wav/000748_indextts_fearful.wav,0.4636273682117462
749,indextts,sad,/srv/RL_project/repo/outputs/wav/000749_indextts_sad.wav,0.4115210175514221
750,indextts,sad,/srv/RL_project/repo/outputs/wav/000750_indextts_sad.wav,0.41819924116134644
751,indextts,happy,/srv/RL_project/repo/outputs/wav/000751_indextts_happy.wav,0.44941720366477966
752,indextts,neutral,/srv/RL_project/repo/outputs/wav/000752_indextts_neutral.wav,0.2691199779510498
753,indextts,happy,/srv/RL_project/repo/outputs/wav/000753_indextts_happy.wav,0.47474125027656555
754,indextts,sad,/srv/RL_project/repo/outputs/wav/000754_indextts_sad.wav,0.5395004153251648
755,indextts,fearful,/srv/RL_project/repo/outputs/wav/000755_indextts_fearful.wav,0.5168476700782776
756,indextts,disgusted,/srv/RL_project/repo/outputs/wav/000756_indextts_disgusted.wav,0.5563559532165527
757,indextts,surprised,/srv/RL_project/repo/outputs/wav/000757_indextts_surprised.wav,0.33174994587898254
758,indextts,fearful,/srv/RL_project/repo/outputs/wav/000758_indextts_fearful.wav,0.36558493971824646
759,indextts,neutral,/srv/RL_project/repo/outputs/wav/000759_indextts_neutral.wav,0.6486533880233765
760,indextts,disgusted,/srv/RL_project/repo/outputs/wav/000760_indextts_disgusted.wav,0.5041853785514832
761,indextts,happy,/srv/RL_project/repo/outputs/wav/000761_indextts_happy.wav,0.49941468238830566
762,indextts,angry,/srv/RL_project/repo/outputs/wav/000762_indextts_angry.wav,0.36150288581848145
763,indextts,angry,/srv/RL_project/repo/outputs/wav/000763_indextts_angry.wav,0.28373146057128906
764,indextts,happy,/srv/RL_project/repo/outputs/wav/000764_indextts_happy.wav,0.5533279776573181
765,indextts,fearful,/srv/RL_project/repo/outputs/wav/000765_indextts_fearful.wav,0.514776349067688
766,indextts,happy,/srv/RL_project/repo/outputs/wav/000766_indextts_happy.wav,0.6206586360931396
767,indextts,neutral,/srv/RL_project/repo/outputs/wav/000767_indextts_neutral.wav,0.35340866446495056
768,indextts,angry,/srv/RL_project/repo/outputs/wav/000768_indextts_angry.wav,0.37958768010139465
769,indextts,fearful,/srv/RL_project/repo/outputs/wav/000769_indextts_fearful.wav,0.5097481608390808
770,indextts,sad,/srv/RL_project/repo/outputs/wav/000770_indextts_sad.wav,0.39883407950401306
771,indextts,neutral,/srv/RL_project/repo/outputs/wav/000771_indextts_neutral.wav,0.3532523810863495
772,indextts,neutral,/srv/RL_project/repo/outputs/wav/000772_indextts_neutral.wav,0.2504688799381256
773,indextts,fearful,/srv/RL_project/repo/outputs/wav/000773_indextts_fearful.wav,0.37516456842422485
774,indextts,surprised,/srv/RL_project/repo/outputs/wav/000774_indextts_surprised.wav,0.4698292315006256
775,indextts,surprised,/srv/RL_project/repo/outputs/wav/000775_indextts_surprised.wav,0.429280549287796
776,indextts,neutral,/srv/RL_project/repo/outputs/wav/000776_indextts_neutral.wav,0.23522579669952393
777,indextts,happy,/srv/RL_project/repo/outputs/wav/000777_indextts_happy.wav,0.5756328105926514
778,indextts,neutral,/srv/RL_project/repo/outputs/wav/000778_indextts_neutral.wav,0.607225775718689
779,indextts,sad,/srv/RL_project/repo/outputs/wav/000779_indextts_sad.wav,0.5293534994125366
780,indextts,disgusted,/srv/RL_project/repo/outputs/wav/000780_indextts_disgusted.wav,0.5997691750526428
781,indextts,fearful,/srv/RL_project/repo/outputs/wav/000781_indextts_fearful.wav,0.5771802663803101
782,indextts,neutral,/srv/RL_project/repo/outputs/wav/000782_indextts_neutral.wav,0.5721932053565979
783,indextts,angry,/srv/RL_project/repo/outputs/wav/000783_indextts_angry.wav,0.33761733770370483
784,indextts,sad,/srv/RL_project/repo/outputs/wav/000784_indextts_sad.wav,0.6065987944602966
785,indextts,surprised,/srv/RL_project/repo/outputs/wav/000785_indextts_surprised.wav,0.49772682785987854
786,indextts,surprised,/srv/RL_project/repo/outputs/wav/000786_indextts_surprised.wav,0.46969449520111084
787,indextts,sad,/srv/RL_project/repo/outputs/wav/000787_indextts_sad.wav,0.5954409837722778
788,indextts,angry,/srv/RL_project/repo/outputs/wav/000788_indextts_angry.wav,0.5643455982208252
789,indextts,fearful,/srv/RL_project/repo/outputs/wav/000789_indextts_fearful.wav,0.5504865646362305
790,indextts,disgusted,/srv/RL_project/repo/outputs/wav/000790_indextts_disgusted.wav,0.6215077042579651
791,indextts,disgusted,/srv/RL_project/repo/outputs/wav/000791_indextts_disgusted.wav,0.5862988233566284
792,indextts,disgusted,/srv/RL_project/repo/outputs/wav/000792_indextts_disgusted.wav,0.6175480484962463
793,indextts,sad,/srv/RL_project/repo/outputs/wav/000793_indextts_sad.wav,0.49337053298950195
794,indextts,neutral,/srv/RL_project/repo/outputs/wav/000794_indextts_neutral.wav,0.3878367841243744
795,indextts,sad,/srv/RL_project/repo/outputs/wav/000795_indextts_sad.wav,0.4032716155052185
796,indextts,fearful,/srv/RL_project/repo/outputs/wav/000796_indextts_fearful.wav,0.5038806200027466
797,indextts,disgusted,/srv/RL_project/repo/outputs/wav/000797_indextts_disgusted.wav,0.5908459424972534
798,indextts,angry,/srv/RL_project/repo/outputs/wav/000798_indextts_angry.wav,0.4089066684246063
799,indextts,happy,/srv/RL_project/repo/outputs/wav/000799_indextts_happy.wav,0.5122345685958862
800,indextts,surprised,/srv/RL_project/repo/outputs/wav/000800_indextts_surprised.wav,0.1335904449224472
801,indextts,disgusted,/srv/RL_project/repo/outputs/wav/000801_indextts_disgusted.wav,0.21742108464241028
802,indextts,angry,/srv/RL_project/repo/outputs/wav/000802_indextts_angry.wav,0.32563352584838867
803,indextts,neutral,/srv/RL_project/repo/outputs/wav/000803_indextts_neutral.wav,0.16315624117851257
804,indextts,fearful,/srv/RL_project/repo/outputs/wav/000804_indextts_fearful.wav,0.6467498540878296
805,indextts,happy,/srv/RL_project/repo/outputs/wav/000805_indextts_happy.wav,0.581940770149231
806,indextts,neutral,/srv/RL_project/repo/outputs/wav/000806_indextts_neutral.wav,0.4286816716194153
807,indextts,angry,/srv/RL_project/repo/outputs/wav/000807_indextts_angry.wav,0.442502498626709
808,indextts,happy,/srv/RL_project/repo/outputs/wav/000808_indextts_happy.wav,0.4852854609489441
809,indextts,disgusted,/srv/RL_project/repo/outputs/wav/000809_indextts_disgusted.wav,0.5702637434005737
810,indextts,angry,/srv/RL_project/repo/outputs/wav/000810_indextts_angry.wav,0.128744974732399
811,indextts,disgusted,/srv/RL_project/repo/outputs/wav/000811_indextts_disgusted.wav,0.4278983771800995
812,indextts,sad,/srv/RL_project/repo/outputs/wav/000812_indextts_sad.wav,0.4404870867729187
813,indextts,neutral,/srv/RL_project/repo/outputs/wav/000813_indextts_neutral.wav,0.6273832321166992
814,indextts,sad,/srv/RL_project/repo/outputs/wav/000814_indextts_sad.wav,0.4739701747894287
815,indextts,neutral,/srv/RL_project/repo/outputs/wav/000815_indextts_neutral.wav,0.5245359539985657
816,indextts,surprised,/srv/RL_project/repo/outputs/wav/000816_indextts_surprised.wav,0.607010543346405
817,indextts,disgusted,/srv/RL_project/repo/outputs/wav/000817_indextts_disgusted.wav,0.594980001449585
818,indextts,neutral,/srv/RL_project/repo/outputs/wav/000818_indextts_neutral.wav,0.6026722192764282
819,indextts,neutral,/srv/RL_project/repo/outputs/wav/000819_indextts_neutral.wav,0.5882796049118042
820,indextts,neutral,/srv/RL_project/repo/outputs/wav/000820_indextts_neutral.wav,0.5858577489852905
821,indextts,neutral,/srv/RL_project/repo/outputs/wav/000821_indextts_neutral.wav,0.5609584450721741
822,indextts,neutral,/srv/RL_project/repo/outputs/wav/000822_indextts_neutral.wav,0.6483269333839417
823,indextts,fearful,/srv/RL_project/repo/outputs/wav/000823_indextts_fearful.wav,0.5351858735084534
824,indextts,angry,/srv/RL_project/repo/outputs/wav/000824_indextts_angry.wav,0.13364410400390625
825,indextts,surprised,/srv/RL_project/repo/outputs/wav/000825_indextts_surprised.wav,0.40595299005508423
826,indextts,happy,/srv/RL_project/repo/outputs/wav/000826_indextts_happy.wav,0.6358331441879272
827,indextts,neutral,/srv/RL_project/repo/outputs/wav/000827_indextts_neutral.wav,0.7082986831665039
828,indextts,surprised,/srv/RL_project/repo/outputs/wav/000828_indextts_surprised.wav,0.46906211972236633
829,indextts,angry,/srv/RL_project/repo/outputs/wav/000829_indextts_angry.wav,0.08834097534418106
830,indextts,angry,/srv/RL_project/repo/outputs/wav/000830_indextts_angry.wav,0.2769450843334198
831,indextts,disgusted,/srv/RL_project/repo/outputs/wav/000831_indextts_disgusted.wav,0.48919352889060974
832,indextts,disgusted,/srv/RL_project/repo/outputs/wav/000832_indextts_disgusted.wav,0.5452324748039246
833,indextts,angry,/srv/RL_project/repo/outputs/wav/000833_indextts_angry.wav,0.5014109015464783
834,indextts,surprised,/srv/RL_project/repo/outputs/wav/000834_indextts_surprised.wav,0.35383597016334534
835,indextts,disgusted,/srv/RL_project/repo/outputs/wav/000835_indextts_disgusted.wav,0.4942243695259094
836,indextts,happy,/srv/RL_project/repo/outputs/wav/000836_indextts_happy.wav,0.3274194896221161
837,indextts,fearful,/srv/RL_project/repo/outputs/wav/000837_indextts_fearful.wav,0.5431804656982422
838,indextts,sad,/srv/RL_project/repo/outputs/wav/000838_indextts_sad.wav,0.25981128215789795
839,indextts,neutral,/srv/RL_project/repo/outputs/wav/000839_indextts_neutral.wav,0.6353786587715149
840,indextts,surprised,/srv/RL_project/repo/outputs/wav/000840_indextts_surprised.wav,0.3943336606025696
841,indextts,sad,/srv/RL_project/repo/outputs/wav/000841_indextts_sad.wav,0.44073817133903503
842,indextts,fearful,/srv/RL_project/repo/outputs/wav/000842_indextts_fearful.wav,0.5246915221214294
843,indextts,surprised,/srv/RL_project/repo/outputs/wav/000843_indextts_surprised.wav,0.36193645000457764
844,indextts,surprised,/srv/RL_project/repo/outputs/wav/000844_indextts_surprised.wav,0.4531378448009491
845,indextts,sad,/srv/RL_project/repo/outputs/wav/000845_indextts_sad.wav,0.4351324141025543
846,indextts,disgusted,/srv/RL_project/repo/outputs/wav/000846_indextts_disgusted.wav,0.40773805975914
847,indextts,fearful,/srv/RL_project/repo/outputs/wav/000847_indextts_fearful.wav,0.36269035935401917
848,indextts,neutral,/srv/RL_project/repo/outputs/wav/000848_indextts_neutral.wav,0.6753639578819275
849,indextts,happy,/srv/RL_project/repo/outputs/wav/000849_indextts_happy.wav,0.4893668293952942
850,indextts,fearful,/srv/RL_project/repo/outputs/wav/000850_indextts_fearful.wav,0.5272068381309509
851,indextts,surprised,/srv/RL_project/repo/outputs/wav/000851_indextts_surprised.wav,0.48396578431129456
852,indextts,surprised,/srv/RL_project/repo/outputs/wav/000852_indextts_surprised.wav,0.4772583842277527
853,indextts,angry,/srv/RL_project/repo/outputs/wav/000853_indextts_angry.wav,0.13913637399673462
854,indextts,happy,/srv/RL_project/repo/outputs/wav/000854_indextts_happy.wav,0.5549106001853943
855,indextts,fearful,/srv/RL_project/repo/outputs/wav/000855_indextts_fearful.wav,0.5204222202301025
856,indextts,happy,/srv/RL_project/repo/outputs/wav/000856_indextts_happy.wav,0.45571187138557434
857,indextts,neutral,/srv/RL_project/repo/outputs/wav/000857_indextts_neutral.wav,0.531261682510376
858,indextts,sad,/srv/RL_project/repo/outputs/wav/000858_indextts_sad.wav,0.49899160861968994
859,indextts,neutral,/srv/RL_project/repo/outputs/wav/000859_indextts_neutral.wav,0.599260151386261
860,indextts,surprised,/srv/RL_project/repo/outputs/wav/000860_indextts_surprised.wav,0.5444174408912659
861,indextts,disgusted,/srv/RL_project/repo/outputs/wav/000861_indextts_disgusted.wav,0.5377246737480164
862,indextts,fearful,/srv/RL_project/repo/outputs/wav/000862_indextts_fearful.wav,0.5232033133506775
863,indextts,happy,/srv/RL_project/repo/outputs/wav/000863_indextts_happy.wav,0.5236760377883911
864,indextts,angry,/srv/RL_project/repo/outputs/wav/000864_indextts_angry.wav,0.2834753394126892
865,indextts,neutral,/srv/RL_project/repo/outputs/wav/000865_indextts_neutral.wav,0.631826639175415
866,indextts,fearful,/srv/RL_project/repo/outputs/wav/000866_indextts_fearful.wav,0.5643406510353088
867,indextts,angry,/srv/RL_project/repo/outputs/wav/000867_indextts_angry.wav,0.3299142122268677
868,indextts,sad,/srv/RL_project/repo/outputs/wav/000868_indextts_sad.wav,0.5380493402481079
869,indextts,neutral,/srv/RL_project/repo/outputs/wav/000869_indextts_neutral.wav,0.5768346190452576
870,indextts,surprised,/srv/RL_project/repo/outputs/wav/000870_indextts_surprised.wav,0.4085135757923126
871,indextts,sad,/srv/RL_project/repo/outputs/wav/000871_indextts_sad.wav,0.29157423973083496
872,indextts,fearful,/srv/RL_project/repo/outputs/wav/000872_indextts_fearful.wav,0.4808853566646576
873,indextts,angry,/srv/RL_project/repo/outputs/wav/000873_indextts_angry.wav,0.0740656703710556
874,indextts,sad,/srv/RL_project/repo/outputs/wav/000874_indextts_sad.wav,0.47014251351356506
875,indextts,disgusted,/srv/RL_project/repo/outputs/wav/000875_indextts_disgusted.wav,0.532927393913269
876,indextts,angry,/srv/RL_project/repo/outputs/wav/000876_indextts_angry.wav,0.2517959773540497
877,indextts,fearful,/srv/RL_project/repo/outputs/wav/000877_indextts_fearful.wav,0.5319169759750366
878,indextts,happy,/srv/RL_project/repo/outputs/wav/000878_indextts_happy.wav,0.5267454981803894
879,indextts,happy,/srv/RL_project/repo/outputs/wav/000879_indextts_happy.wav,0.24581056833267212
880,indextts,disgusted,/srv/RL_project/repo/outputs/wav/000880_indextts_disgusted.wav,0.4558779299259186
881,indextts,sad,/srv/RL_project/repo/outputs/wav/000881_indextts_sad.wav,0.44355976581573486
882,indextts,angry,/srv/RL_project/repo/outputs/wav/000882_indextts_angry.wav,0.3156030774116516
883,indextts,angry,/srv/RL_project/repo/outputs/wav/000883_indextts_angry.wav,0.388558954000473
884,indextts,fearful,/srv/RL_project/repo/outputs/wav/000884_indextts_fearful.wav,0.637255847454071
885,indextts,neutral,/srv/RL_project/repo/outputs/wav/000885_indextts_neutral.wav,0.5575015544891357
886,indextts,angry,/srv/RL_project/repo/outputs/wav/000886_indextts_angry.wav,0.4668392539024353
887,indextts,neutral,/srv/RL_project/repo/outputs/wav/000887_indextts_neutral.wav,0.6698604226112366
888,indextts,surprised,/srv/RL_project/repo/outputs/wav/000888_indextts_surprised.wav,0.47238847613334656
889,indextts,happy,/srv/RL_project/repo/outputs/wav/000889_indextts_happy.wav,0.4411173462867737
890,indextts,disgusted,/srv/RL_project/repo/outputs/wav/000890_indextts_disgusted.wav,0.5360362529754639
891,indextts,disgusted,/srv/RL_project/repo/outputs/wav/000891_indextts_disgusted.wav,0.32509568333625793
892,indextts,fearful,/srv/RL_project/repo/outputs/wav/000892_indextts_fearful.wav,0.5709369778633118
893,indextts,neutral,/srv/RL_project/repo/outputs/wav/000893_indextts_neutral.wav,0.6629564166069031
894,indextts,neutral,/srv/RL_project/repo/outputs/wav/000894_indextts_neutral.wav,0.5129268169403076
895,indextts,fearful,/srv/RL_project/repo/outputs/wav/000895_indextts_fearful.wav,0.5086597800254822
896,indextts,sad,/srv/RL_project/repo/outputs/wav/000896_indextts_sad.wav,0.518084704875946
897,indextts,fearful,/srv/RL_project/repo/outputs/wav/000897_indextts_fearful.wav,0.5482791066169739
898,indextts,fearful,/srv/RL_project/repo/outputs/wav/000898_indextts_fearful.wav,0.5168720483779907
899,indextts,happy,/srv/RL_project/repo/outputs/wav/000899_indextts_happy.wav,0.6154380440711975
900,indextts,fearful,/srv/RL_project/repo/outputs/wav/000900_indextts_fearful.wav,0.43697860836982727
901,indextts,neutral,/srv/RL_project/repo/outputs/wav/000901_indextts_neutral.wav,0.6492503881454468
902,indextts,angry,/srv/RL_project/repo/outputs/wav/000902_indextts_angry.wav,0.27932417392730713
903,indextts,fearful,/srv/RL_project/repo/outputs/wav/000903_indextts_fearful.wav,0.4488928020000458
904,indextts,fearful,/srv/RL_project/repo/outputs/wav/000904_indextts_fearful.wav,0.05969981104135513
905,indextts,fearful,/srv/RL_project/repo/outputs/wav/000905_indextts_fearful.wav,0.38959023356437683
906,indextts,fearful,/srv/RL_project/repo/outputs/wav/000906_indextts_fearful.wav,0.55695641040802
907,indextts,disgusted,/srv/RL_project/repo/outputs/wav/000907_indextts_disgusted.wav,0.48351845145225525
908,indextts,sad,/srv/RL_project/repo/outputs/wav/000908_indextts_sad.wav,0.3214935064315796
909,indextts,disgusted,/srv/RL_project/repo/outputs/wav/000909_indextts_disgusted.wav,0.33304715156555176
910,indextts,fearful,/srv/RL_project/repo/outputs/wav/000910_indextts_fearful.wav,0.316864550113678
911,indextts,fearful,/srv/RL_project/repo/outputs/wav/000911_indextts_fearful.wav,0.5737339854240417
912,indextts,fearful,/srv/RL_project/repo/outputs/wav/000912_indextts_fearful.wav,0.47997188568115234
913,indextts,angry,/srv/RL_project/repo/outputs/wav/000913_indextts_angry.wav,0.43322017788887024
914,indextts,sad,/srv/RL_project/repo/outputs/wav/000914_indextts_sad.wav,0.5208579897880554
915,indextts,surprised,/srv/RL_project/repo/outputs/wav/000915_indextts_surprised.wav,0.5433973670005798
916,indextts,fearful,/srv/RL_project/repo/outputs/wav/000916_indextts_fearful.wav,0.5253628492355347
917,indextts,surprised,/srv/RL_project/repo/outputs/wav/000917_indextts_surprised.wav,0.4884733259677887
918,indextts,angry,/srv/RL_project/repo/outputs/wav/000918_indextts_angry.wav,0.5630664229393005
919,indextts,sad,/srv/RL_project/repo/outputs/wav/000919_indextts_sad.wav,0.3812865614891052
920,indextts,surprised,/srv/RL_project/repo/outputs/wav/000920_indextts_surprised.wav,0.07601190358400345
921,indextts,neutral,/srv/RL_project/repo/outputs/wav/000921_indextts_neutral.wav,0.6691542863845825
922,indextts,happy,/srv/RL_project/repo/outputs/wav/000922_indextts_happy.wav,0.4461272954940796
923,indextts,surprised,/srv/RL_project/repo/outputs/wav/000923_indextts_surprised.wav,0.5355678796768188
924,indextts,happy,/srv/RL_project/repo/outputs/wav/000924_indextts_happy.wav,0.5113606452941895
925,indextts,fearful,/srv/RL_project/repo/outputs/wav/000925_indextts_fearful.wav,0.551003634929657
926,indextts,fearful,/srv/RL_project/repo/outputs/wav/000926_indextts_fearful.wav,0.5637534260749817
927,indextts,angry,/srv/RL_project/repo/outputs/wav/000927_indextts_angry.wav,0.2909831404685974
928,indextts,disgusted,/srv/RL_project/repo/outputs/wav/000928_indextts_disgusted.wav,0.41914066672325134
929,indextts,sad,/srv/RL_project/repo/outputs/wav/000929_indextts_sad.wav,0.49980494379997253
930,indextts,sad,/srv/RL_project/repo/outputs/wav/000930_indextts_sad.wav,0.05760227143764496
931,indextts,surprised,/srv/RL_project/repo/outputs/wav/000931_indextts_surprised.wav,0.1843019276857376
932,indextts,sad,/srv/RL_project/repo/outputs/wav/000932_indextts_sad.wav,0.5493996143341064
933,indextts,disgusted,/srv/RL_project/repo/outputs/wav/000933_indextts_disgusted.wav,0.5692732334136963
934,indextts,fearful,/srv/RL_project/repo/outputs/wav/000934_indextts_fearful.wav,0.6618555784225464
935,indextts,disgusted,/srv/RL_project/repo/outputs/wav/000935_indextts_disgusted.wav,0.48238635063171387
936,indextts,happy,/srv/RL_project/repo/outputs/wav/000936_indextts_happy.wav,0.41706788539886475
937,indextts,disgusted,/srv/RL_project/repo/outputs/wav/000937_indextts_disgusted.wav,0.5154922008514404
938,indextts,happy,/srv/RL_project/repo/outputs/wav/000938_indextts_happy.wav,0.6124218106269836
939,indextts,happy,/srv/RL_project/repo/outputs/wav/000939_indextts_happy.wav,0.19620352983474731
940,indextts,surprised,/srv/RL_project/repo/outputs/wav/000940_indextts_surprised.wav,0.3635742962360382
941,indextts,happy,/srv/RL_project/repo/outputs/wav/000941_indextts_happy.wav,0.4911266565322876
942,indextts,surprised,/srv/RL_project/repo/outputs/wav/000942_indextts_surprised.wav,0.4282856285572052
943,indextts,sad,/srv/RL_project/repo/outputs/wav/000943_indextts_sad.wav,0.48216021060943604
944,indextts,angry,/srv/RL_project/repo/outputs/wav/000944_indextts_angry.wav,0.32677382230758667
945,indextts,fearful,/srv/RL_project/repo/outputs/wav/000945_indextts_fearful.wav,0.5617562532424927
946,indextts,fearful,/srv/RL_project/repo/outputs/wav/000946_indextts_fearful.wav,0.4031742215156555
947,indextts,angry,/srv/RL_project/repo/outputs/wav/000947_indextts_angry.wav,0.07490088045597076
948,indextts,happy,/srv/RL_project/repo/outputs/wav/000948_indextts_happy.wav,0.4641799330711365
949,indextts,happy,/srv/RL_project/repo/outputs/wav/000949_indextts_happy.wav,0.5055649876594543
950,indextts,happy,/srv/RL_project/repo/outputs/wav/000950_indextts_happy.wav,0.48833292722702026
951,indextts,happy,/srv/RL_project/repo/outputs/wav/000951_indextts_happy.wav,0.34870272874832153
952,indextts,surprised,/srv/RL_project/repo/outputs/wav/000952_indextts_surprised.wav,0.519915759563446
953,indextts,neutral,/srv/RL_project/repo/outputs/wav/000953_indextts_neutral.wav,0.6254829168319702
954,indextts,neutral,/srv/RL_project/repo/outputs/wav/000954_indextts_neutral.wav,0.2862839102745056
955,indextts,surprised,/srv/RL_project/repo/outputs/wav/000955_indextts_surprised.wav,0.5081748366355896
956,indextts,surprised,/srv/RL_project/repo/outputs/wav/000956_indextts_surprised.wav,0.4051235318183899
957,indextts,disgusted,/srv/RL_project/repo/outputs/wav/000957_indextts_disgusted.wav,0.1432022750377655
958,indextts,happy,/srv/RL_project/repo/outputs/wav/000958_indextts_happy.wav,0.5335713028907776
959,indextts,happy,/srv/RL_project/repo/outputs/wav/000959_indextts_happy.wav,0.6120478510856628
960,indextts,angry,/srv/RL_project/repo/outputs/wav/000960_indextts_angry.wav,0.32868656516075134
961,indextts,neutral,/srv/RL_project/repo/outputs/wav/000961_indextts_neutral.wav,0.4989049732685089
962,indextts,neutral,/srv/RL_project/repo/outputs/wav/000962_indextts_neutral.wav,0.6089352965354919
963,indextts,happy,/srv/RL_project/repo/outputs/wav/000963_indextts_happy.wav,0.4719155430793762
964,indextts,sad,/srv/RL_project/repo/outputs/wav/000964_indextts_sad.wav,0.5439189672470093
965,indextts,surprised,/srv/RL_project/repo/outputs/wav/000965_indextts_surprised.wav,0.5123763680458069
966,indextts,disgusted,/srv/RL_project/repo/outputs/wav/000966_indextts_disgusted.wav,0.5311803817749023
967,indextts,angry,/srv/RL_project/repo/outputs/wav/000967_indextts_angry.wav,0.39445680379867554
968,indextts,sad,/srv/RL_project/repo/outputs/wav/000968_indextts_sad.wav,0.44371843338012695
969,indextts,fearful,/srv/RL_project/repo/outputs/wav/000969_indextts_fearful.wav,0.49656856060028076
970,indextts,angry,/srv/RL_project/repo/outputs/wav/000970_indextts_angry.wav,0.3586013615131378
971,indextts,surprised,/srv/RL_project/repo/outputs/wav/000971_indextts_surprised.wav,0.30095770955085754
972,indextts,happy,/srv/RL_project/repo/outputs/wav/000972_indextts_happy.wav,0.5692591667175293
973,indextts,disgusted,/srv/RL_project/repo/outputs/wav/000973_indextts_disgusted.wav,0.5264381766319275
974,indextts,happy,/srv/RL_project/repo/outputs/wav/000974_indextts_happy.wav,0.5627471208572388
975,indextts,surprised,/srv/RL_project/repo/outputs/wav/000975_indextts_surprised.wav,0.5348264575004578
976,indextts,surprised,/srv/RL_project/repo/outputs/wav/000976_indextts_surprised.wav,0.5048773884773254
977,indextts,disgusted,/srv/RL_project/repo/outputs/wav/000977_indextts_disgusted.wav,0.531917929649353
978,indextts,disgusted,/srv/RL_project/repo/outputs/wav/000978_indextts_disgusted.wav,0.5636392831802368
979,indextts,neutral,/srv/RL_project/repo/outputs/wav/000979_indextts_neutral.wav,0.5337236523628235
980,indextts,neutral,/srv/RL_project/repo/outputs/wav/000980_indextts_neutral.wav,0.67142653465271
981,indextts,sad,/srv/RL_project/repo/outputs/wav/000981_indextts_sad.wav,0.4208434522151947
982,indextts,surprised,/srv/RL_project/repo/outputs/wav/000982_indextts_surprised.wav,0.5609243512153625
983,indextts,angry,/srv/RL_project/repo/outputs/wav/000983_indextts_angry.wav,0.21913385391235352
984,indextts,sad,/srv/RL_project/repo/outputs/wav/000984_indextts_sad.wav,0.48909792304039
985,indextts,sad,/srv/RL_project/repo/outputs/wav/000985_indextts_sad.wav,0.6072601675987244
986,indextts,angry,/srv/RL_project/repo/outputs/wav/000986_indextts_angry.wav,0.30106550455093384
987,indextts,disgusted,/srv/RL_project/repo/outputs/wav/000987_indextts_disgusted.wav,0.6040843725204468
988,indextts,sad,/srv/RL_project/repo/outputs/wav/000988_indextts_sad.wav,0.6071792244911194
989,indextts,sad,/srv/RL_project/repo/outputs/wav/000989_indextts_sad.wav,0.3820267915725708
990,indextts,fearful,/srv/RL_project/repo/outputs/wav/000990_indextts_fearful.wav,0.499828040599823
991,indextts,sad,/srv/RL_project/repo/outputs/wav/000991_indextts_sad.wav,0.47935593128204346
992,indextts,sad,/srv/RL_project/repo/outputs/wav/000992_indextts_sad.wav,0.49310189485549927
993,indextts,sad,/srv/RL_project/repo/outputs/wav/000993_indextts_sad.wav,0.5117417573928833
994,indextts,sad,/srv/RL_project/repo/outputs/wav/000994_indextts_sad.wav,0.6538791656494141
995,indextts,neutral,/srv/RL_project/repo/outputs/wav/000995_indextts_neutral.wav,0.47233307361602783
996,indextts,angry,/srv/RL_project/repo/outputs/wav/000996_indextts_angry.wav,0.42188629508018494
997,indextts,happy,/srv/RL_project/repo/outputs/wav/000997_indextts_happy.wav,0.5853648781776428
998,indextts,sad,/srv/RL_project/repo/outputs/wav/000998_indextts_sad.wav,0.6152616143226624
999,indextts,happy,/srv/RL_project/repo/outputs/wav/000999_indextts_happy.wav,0.5283917784690857
1000,indextts,disgusted,/srv/RL_project/repo/outputs/wav/001000_indextts_disgusted.wav,0.5409045815467834
1001,indextts,fearful,/srv/RL_project/repo/outputs/wav/001001_indextts_fearful.wav,0.541655957698822
1002,indextts,neutral,/srv/RL_project/repo/outputs/wav/001002_indextts_neutral.wav,0.6255100965499878
1003,indextts,sad,/srv/RL_project/repo/outputs/wav/001003_indextts_sad.wav,0.40172991156578064
1004,indextts,fearful,/srv/RL_project/repo/outputs/wav/001004_indextts_fearful.wav,0.5568737983703613
1005,indextts,angry,/srv/RL_project/repo/outputs/wav/001005_indextts_angry.wav,0.4026731550693512
1006,indextts,neutral,/srv/RL_project/repo/outputs/wav/001006_indextts_neutral.wav,0.5461879372596741
1007,indextts,fearful,/srv/RL_project/repo/outputs/wav/001007_indextts_fearful.wav,0.638974130153656
1008,indextts,neutral,/srv/RL_project/repo/outputs/wav/001008_indextts_neutral.wav,0.638466477394104
1009,indextts,surprised,/srv/RL_project/repo/outputs/wav/001009_indextts_surprised.wav,0.4613001346588135
1010,indextts,happy,/srv/RL_project/repo/outputs/wav/001010_indextts_happy.wav,0.4664400517940521
1011,indextts,sad,/srv/RL_project/repo/outputs/wav/001011_indextts_sad.wav,0.5747795701026917
1012,indextts,disgusted,/srv/RL_project/repo/outputs/wav/001012_indextts_disgusted.wav,0.5521729588508606
1013,indextts,angry,/srv/RL_project/repo/outputs/wav/001013_indextts_angry.wav,0.3236585259437561
1014,indextts,surprised,/srv/RL_project/repo/outputs/wav/001014_indextts_surprised.wav,0.34013205766677856
1015,indextts,sad,/srv/RL_project/repo/outputs/wav/001015_indextts_sad.wav,0.38760697841644287
1016,indextts,disgusted,/srv/RL_project/repo/outputs/wav/001016_indextts_disgusted.wav,0.6271507143974304
1017,indextts,neutral,/srv/RL_project/repo/outputs/wav/001017_indextts_neutral.wav,0.6773600578308105
1018,indextts,happy,/srv/RL_project/repo/outputs/wav/001018_indextts_happy.wav,0.418346107006073
1019,indextts,angry,/srv/RL_project/repo/outputs/wav/001019_indextts_angry.wav,0.29415568709373474
1020,indextts,happy,/srv/RL_project/repo/outputs/wav/001020_indextts_happy.wav,0.6178717613220215
1021,indextts,neutral,/srv/RL_project/repo/outputs/wav/001021_indextts_neutral.wav,0.48599714040756226
1022,indextts,fearful,/srv/RL_project/repo/outputs/wav/001022_indextts_fearful.wav,0.6515567302703857
1023,indextts,neutral,/srv/RL_project/repo/outputs/wav/001023_indextts_neutral.wav,0.660346269607544
1024,indextts,happy,/srv/RL_project/repo/outputs/wav/001024_indextts_happy.wav,0.5376147031784058
1025,indextts,neutral,/srv/RL_project/repo/outputs/wav/001025_indextts_neutral.wav,0.2605780363082886
1026,indextts,angry,/srv/RL_project/repo/outputs/wav/001026_indextts_angry.wav,0.4790668189525604
1027,indextts,neutral,/srv/RL_project/repo/outputs/wav/001027_indextts_neutral.wav,0.5336874723434448
1028,indextts,disgusted,/srv/RL_project/repo/outputs/wav/001028_indextts_disgusted.wav,0.5476283431053162
1029,indextts,sad,/srv/RL_project/repo/outputs/wav/001029_indextts_sad.wav,0.36145293712615967
1030,indextts,disgusted,/srv/RL_project/repo/outputs/wav/001030_indextts_disgusted.wav,0.521209716796875
1031,indextts,happy,/srv/RL_project/repo/outputs/wav/001031_indextts_happy.wav,0.5818851590156555
1032,indextts,fearful,/srv/RL_project/repo/outputs/wav/001032_indextts_fearful.wav,0.6121971011161804
1033,indextts,angry,/srv/RL_project/repo/outputs/wav/001033_indextts_angry.wav,0.47199028730392456
1034,indextts,happy,/srv/RL_project/repo/outputs/wav/001034_indextts_happy.wav,0.4955962896347046
1035,indextts,happy,/srv/RL_project/repo/outputs/wav/001035_indextts_happy.wav,0.5858890414237976
1036,indextts,sad,/srv/RL_project/repo/outputs/wav/001036_indextts_sad.wav,0.5693308115005493
1037,indextts,surprised,/srv/RL_project/repo/outputs/wav/001037_indextts_surprised.wav,0.380615770816803
1038,indextts,disgusted,/srv/RL_project/repo/outputs/wav/001038_indextts_disgusted.wav,0.5946478843688965
1039,indextts,fearful,/srv/RL_project/repo/outputs/wav/001039_indextts_fearful.wav,0.16715584695339203
1040,indextts,angry,/srv/RL_project/repo/outputs/wav/001040_indextts_angry.wav,0.38670113682746887
1041,indextts,happy,/srv/RL_project/repo/outputs/wav/001041_indextts_happy.wav,0.5607460737228394
1042,indextts,surprised,/srv/RL_project/repo/outputs/wav/001042_indextts_surprised.wav,0.5516882538795471
1043,indextts,surprised,/srv/RL_project/repo/outputs/wav/001043_indextts_surprised.wav,0.45808371901512146
1044,indextts,happy,/srv/RL_project/repo/outputs/wav/001044_indextts_happy.wav,0.616969645023346
1045,indextts,disgusted,/srv/RL_project/repo/outputs/wav/001045_indextts_disgusted.wav,0.6160519123077393
1046,indextts,fearful,/srv/RL_project/repo/outputs/wav/001046_indextts_fearful.wav,0.5314565300941467
1047,indextts,sad,/srv/RL_project/repo/outputs/wav/001047_indextts_sad.wav,0.4583534300327301
1048,indextts,sad,/srv/RL_project/repo/outputs/wav/001048_indextts_sad.wav,0.44760721921920776
1049,indextts,angry,/srv/RL_project/repo/outputs/wav/001049_indextts_angry.wav,0.3819369673728943
1050,indextts,surprised,/srv/RL_project/repo/outputs/wav/001050_indextts_surprised.wav,0.5398820042610168
1051,indextts,fearful,/srv/RL_project/repo/outputs/wav/001051_indextts_fearful.wav,0.5327772498130798
1052,indextts,disgusted,/srv/RL_project/repo/outputs/wav/001052_indextts_disgusted.wav,0.5082617998123169
1053,indextts,disgusted,/srv/RL_project/repo/outputs/wav/001053_indextts_disgusted.wav,0.6709064841270447
1054,indextts,neutral,/srv/RL_project/repo/outputs/wav/001054_indextts_neutral.wav,0.7025339603424072
1055,indextts,neutral,/srv/RL_project/repo/outputs/wav/001055_indextts_neutral.wav,0.6419321894645691
1056,indextts,surprised,/srv/RL_project/repo/outputs/wav/001056_indextts_surprised.wav,0.46336889266967773
1057,indextts,fearful,/srv/RL_project/repo/outputs/wav/001057_indextts_fearful.wav,0.5293575525283813
1058,indextts,neutral,/srv/RL_project/repo/outputs/wav/001058_indextts_neutral.wav,0.6469911336898804
1059,indextts,surprised,/srv/RL_project/repo/outputs/wav/001059_indextts_surprised.wav,0.4821339249610901
1060,indextts,happy,/srv/RL_project/repo/outputs/wav/001060_indextts_happy.wav,0.5536549687385559
1061,indextts,angry,/srv/RL_project/repo/outputs/wav/001061_indextts_angry.wav,0.32390233874320984
1062,indextts,disgusted,/srv/RL_project/repo/outputs/wav/001062_indextts_disgusted.wav,0.6322967410087585
1063,indextts,happy,/srv/RL_project/repo/outputs/wav/001063_indextts_happy.wav,0.5701731443405151
1064,indextts,surprised,/srv/RL_project/repo/outputs/wav/001064_indextts_surprised.wav,0.47636884450912476
1065,indextts,surprised,/srv/RL_project/repo/outputs/wav/001065_indextts_surprised.wav,0.4309566020965576
1066,indextts,surprised,/srv/RL_project/repo/outputs/wav/001066_indextts_surprised.wav,0.37352606654167175
1067,indextts,fearful,/srv/RL_project/repo/outputs/wav/001067_indextts_fearful.wav,0.42465195059776306
1068,indextts,neutral,/srv/RL_project/repo/outputs/wav/001068_indextts_neutral.wav,0.5989121794700623
1069,indextts,happy,/srv/RL_project/repo/outputs/wav/001069_indextts_happy.wav,0.570541501045227
1070,indextts,neutral,/srv/RL_project/repo/outputs/wav/001070_indextts_neutral.wav,0.6359561085700989
1071,indextts,fearful,/srv/RL_project/repo/outputs/wav/001071_indextts_fearful.wav,0.6252785325050354
1072,indextts,fearful,/srv/RL_project/repo/outputs/wav/001072_indextts_fearful.wav,0.5063336491584778
1073,indextts,happy,/srv/RL_project/repo/outputs/wav/001073_indextts_happy.wav,0.46749529242515564
1074,indextts,angry,/srv/RL_project/repo/outputs/wav/001074_indextts_angry.wav,0.2864856719970703
1075,indextts,sad,/srv/RL_project/repo/outputs/wav/001075_indextts_sad.wav,0.5475949048995972
1076,indextts,surprised,/srv/RL_project/repo/outputs/wav/001076_indextts_surprised.wav,0.5336539149284363
1077,indextts,neutral,/srv/RL_project/repo/outputs/wav/001077_indextts_neutral.wav,0.6727311611175537
1078,indextts,neutral,/srv/RL_project/repo/outputs/wav/001078_indextts_neutral.wav,0.5339910984039307
1079,indextts,happy,/srv/RL_project/repo/outputs/wav/001079_indextts_happy.wav,0.6299312710762024
1080,indextts,fearful,/srv/RL_project/repo/outputs/wav/001080_indextts_fearful.wav,0.580427348613739
1081,indextts,surprised,/srv/RL_project/repo/outputs/wav/001081_indextts_surprised.wav,0.4457155466079712
1082,indextts,disgusted,/srv/RL_project/repo/outputs/wav/001082_indextts_disgusted.wav,0.5953377485275269
1083,indextts,disgusted,/srv/RL_project/repo/outputs/wav/001083_indextts_disgusted.wav,0.6020396947860718
1084,indextts,happy,/srv/RL_project/repo/outputs/wav/001084_indextts_happy.wav,0.4989558160305023
1085,indextts,angry,/srv/RL_project/repo/outputs/wav/001085_indextts_angry.wav,0.39743781089782715
1086,indextts,happy,/srv/RL_project/repo/outputs/wav/001086_indextts_happy.wav,0.4185708165168762
1087,indextts,happy,/srv/RL_project/repo/outputs/wav/001087_indextts_happy.wav,0.6356231570243835
1088,indextts,angry,/srv/RL_project/repo/outputs/wav/001088_indextts_angry.wav,0.2675347328186035
1089,indextts,surprised,/srv/RL_project/repo/outputs/wav/001089_indextts_surprised.wav,0.5693422555923462
1090,indextts,angry,/srv/RL_project/repo/outputs/wav/001090_indextts_angry.wav,0.42448875308036804
1091,indextts,neutral,/srv/RL_project/repo/outputs/wav/001091_indextts_neutral.wav,0.6104344129562378
1092,indextts,disgusted,/srv/RL_project/repo/outputs/wav/001092_indextts_disgusted.wav,0.4195735454559326
1093,indextts,angry,/srv/RL_project/repo/outputs/wav/001093_indextts_angry.wav,0.2967689633369446
1094,indextts,angry,/srv/RL_project/repo/outputs/wav/001094_indextts_angry.wav,0.253756582736969
1095,indextts,surprised,/srv/RL_project/repo/outputs/wav/001095_indextts_surprised.wav,0.5308693647384644
1096,indextts,fearful,/srv/RL_project/repo/outputs/wav/001096_indextts_fearful.wav,0.5573323965072632
1097,indextts,happy,/srv/RL_project/repo/outputs/wav/001097_indextts_happy.wav,0.48532018065452576
1098,indextts,happy,/srv/RL_project/repo/outputs/wav/001098_indextts_happy.wav,0.6259803771972656
1099,indextts,sad,/srv/RL_project/repo/outputs/wav/001099_indextts_sad.wav,0.5681120157241821
1100,indextts,happy,/srv/RL_project/repo/outputs/wav/001100_indextts_happy.wav,0.577127993106842
1101,indextts,neutral,/srv/RL_project/repo/outputs/wav/001101_indextts_neutral.wav,0.6365931034088135
1102,indextts,disgusted,/srv/RL_project/repo/outputs/wav/001102_indextts_disgusted.wav,0.48565149307250977
1103,indextts,fearful,/srv/RL_project/repo/outputs/wav/001103_indextts_fearful.wav,0.16129234433174133
1104,indextts,angry,/srv/RL_project/repo/outputs/wav/001104_indextts_angry.wav,0.40770071744918823
1105,indextts,neutral,/srv/RL_project/repo/outputs/wav/001105_indextts_neutral.wav,0.5855960845947266
1106,indextts,sad,/srv/RL_project/repo/outputs/wav/001106_indextts_sad.wav,0.5652573108673096
1107,indextts,surprised,/srv/RL_project/repo/outputs/wav/001107_indextts_surprised.wav,0.4764004349708557
1108,indextts,fearful,/srv/RL_project/repo/outputs/wav/001108_indextts_fearful.wav,0.5895733833312988
1109,indextts,angry,/srv/RL_project/repo/outputs/wav/001109_indextts_angry.wav,0.4623497724533081
1110,indextts,fearful,/srv/RL_project/repo/outputs/wav/001110_indextts_fearful.wav,0.5389122366905212
1111,indextts,neutral,/srv/RL_project/repo/outputs/wav/001111_indextts_neutral.wav,0.607448935508728
1112,indextts,disgusted,/srv/RL_project/repo/outputs/wav/001112_indextts_disgusted.wav,0.5675535202026367
1113,indextts,fearful,/srv/RL_project/repo/outputs/wav/001113_indextts_fearful.wav,0.5485113263130188
1114,indextts,sad,/srv/RL_project/repo/outputs/wav/001114_indextts_sad.wav,0.5435453653335571
1115,indextts,neutral,/srv/RL_project/repo/outputs/wav/001115_indextts_neutral.wav,0.333385705947876
1116,indextts,fearful,/srv/RL_project/repo/outputs/wav/001116_indextts_fearful.wav,0.392086923122406
1117,indextts,fearful,/srv/RL_project/repo/outputs/wav/001117_indextts_fearful.wav,0.5024824142456055
1118,indextts,fearful,/srv/RL_project/repo/outputs/wav/001118_indextts_fearful.wav,0.6443201303482056
1119,indextts,sad,/srv/RL_project/repo/outputs/wav/001119_indextts_sad.wav,0.5979028940200806
1120,indextts,neutral,/srv/RL_project/repo/outputs/wav/001120_indextts_neutral.wav,0.6489948630332947
1121,indextts,happy,/srv/RL_project/repo/outputs/wav/001121_indextts_happy.wav,0.48971906304359436
1122,indextts,surprised,/srv/RL_project/repo/outputs/wav/001122_indextts_surprised.wav,0.38565877079963684
1123,indextts,sad,/srv/RL_project/repo/outputs/wav/001123_indextts_sad.wav,0.5532551407814026
1124,indextts,angry,/srv/RL_project/repo/outputs/wav/001124_indextts_angry.wav,0.07428477704524994
1125,indextts,neutral,/srv/RL_project/repo/outputs/wav/001125_indextts_neutral.wav,0.5738308429718018
1126,indextts,happy,/srv/RL_project/repo/outputs/wav/001126_indextts_happy.wav,0.5601441264152527
1127,indextts,fearful,/srv/RL_project/repo/outputs/wav/001127_indextts_fearful.wav,0.44932737946510315
1128,indextts,disgusted,/srv/RL_project/repo/outputs/wav/001128_indextts_disgusted.wav,0.5299820303916931
1129,indextts,disgusted,/srv/RL_project/repo/outputs/wav/001129_indextts_disgusted.wav,0.48681530356407166
1130,indextts,surprised,/srv/RL_project/repo/outputs/wav/001130_indextts_surprised.wav,0.3107372522354126
1131,indextts,angry,/srv/RL_project/repo/outputs/wav/001131_indextts_angry.wav,0.35426098108291626
1132,indextts,angry,/srv/RL_project/repo/outputs/wav/001132_indextts_angry.wav,0.09020675718784332
1133,indextts,sad,/srv/RL_project/repo/outputs/wav/001133_indextts_sad.wav,0.4400203824043274
1134,indextts,disgusted,/srv/RL_project/repo/outputs/wav/001134_indextts_disgusted.wav,0.5113637447357178
1135,indextts,angry,/srv/RL_project/repo/outputs/wav/001135_indextts_angry.wav,0.28009483218193054
1136,indextts,neutral,/srv/RL_project/repo/outputs/wav/001136_indextts_neutral.wav,0.48876288533210754
1137,indextts,disgusted,/srv/RL_project/repo/outputs/wav/001137_indextts_disgusted.wav,0.528959333896637
1138,indextts,disgusted,/srv/RL_project/repo/outputs/wav/001138_indextts_disgusted.wav,0.5424370765686035
1139,indextts,surprised,/srv/RL_project/repo/outputs/wav/001139_indextts_surprised.wav,0.4265436828136444
1140,indextts,sad,/srv/RL_project/repo/outputs/wav/001140_indextts_sad.wav,0.5685387849807739
1141,indextts,happy,/srv/RL_project/repo/outputs/wav/001141_indextts_happy.wav,0.5764872431755066
1142,indextts,neutral,/srv/RL_project/repo/outputs/wav/001142_indextts_neutral.wav,0.5541424751281738
1143,indextts,happy,/srv/RL_project/repo/outputs/wav/001143_indextts_happy.wav,0.5864170789718628
1144,indextts,surprised,/srv/RL_project/repo/outputs/wav/001144_indextts_surprised.wav,0.21688371896743774
1145,indextts,fearful,/srv/RL_project/repo/outputs/wav/001145_indextts_fearful.wav,0.5834987759590149
1146,indextts,sad,/srv/RL_project/repo/outputs/wav/001146_indextts_sad.wav,0.4826575815677643
1147,indextts,surprised,/srv/RL_project/repo/outputs/wav/001147_indextts_surprised.wav,0.4739168882369995
1148,indextts,neutral,/srv/RL_project/repo/outputs/wav/001148_indextts_neutral.wav,0.5907449722290039
1149,indextts,angry,/srv/RL_project/repo/outputs/wav/001149_indextts_angry.wav,0.3212158679962158
1150,indextts,neutral,/srv/RL_project/repo/outputs/wav/001150_indextts_neutral.wav,0.5519296526908875
1151,indextts,happy,/srv/RL_project/repo/outputs/wav/001151_indextts_happy.wav,0.3783626854419708
1152,indextts,angry,/srv/RL_project/repo/outputs/wav/001152_indextts_angry.wav,0.31221649050712585
1153,indextts,happy,/srv/RL_project/repo/outputs/wav/001153_indextts_happy.wav,0.5202785134315491
1154,indextts,disgusted,/srv/RL_project/repo/outputs/wav/001154_indextts_disgusted.wav,0.6100509166717529
1155,indextts,neutral,/srv/RL_project/repo/outputs/wav/001155_indextts_neutral.wav,0.5528256893157959
1156,indextts,happy,/srv/RL_project/repo/outputs/wav/001156_indextts_happy.wav,0.47570639848709106
1157,indextts,neutral,/srv/RL_project/repo/outputs/wav/001157_indextts_neutral.wav,0.3062644600868225
1158,indextts,angry,/srv/RL_project/repo/outputs/wav/001158_indextts_angry.wav,0.09716621041297913
1159,indextts,neutral,/srv/RL_project/repo/outputs/wav/001159_indextts_neutral.wav,0.5226937532424927
1160,indextts,angry,/srv/RL_project/repo/outputs/wav/001160_indextts_angry.wav,0.3343208134174347
1161,indextts,neutral,/srv/RL_project/repo/outputs/wav/001161_indextts_neutral.wav,0.4076040983200073
1162,indextts,disgusted,/srv/RL_project/repo/outputs/wav/001162_indextts_disgusted.wav,0.5132415294647217
1163,indextts,surprised,/srv/RL_project/repo/outputs/wav/001163_indextts_surprised.wav,0.4794747531414032
1164,indextts,angry,/srv/RL_project/repo/outputs/wav/001164_indextts_angry.wav,0.0971532091498375
1165,indextts,fearful,/srv/RL_project/repo/outputs/wav/001165_indextts_fearful.wav,0.4257558584213257
1166,indextts,surprised,/srv/RL_project/repo/outputs/wav/001166_indextts_surprised.wav,0.4218074679374695
1167,indextts,neutral,/srv/RL_project/repo/outputs/wav/001167_indextts_neutral.wav,0.5951023101806641
1168,indextts,surprised,/srv/RL_project/repo/outputs/wav/001168_indextts_surprised.wav,0.19310779869556427
1169,indextts,surprised,/srv/RL_project/repo/outputs/wav/001169_indextts_surprised.wav,0.5057896971702576
1170,indextts,surprised,/srv/RL_project/repo/outputs/wav/001170_indextts_surprised.wav,0.4034038186073303
1171,indextts,neutral,/srv/RL_project/repo/outputs/wav/001171_indextts_neutral.wav,0.37721750140190125
1172,indextts,disgusted,/srv/RL_project/repo/outputs/wav/001172_indextts_disgusted.wav,0.6337457299232483
1173,indextts,sad,/srv/RL_project/repo/outputs/wav/001173_indextts_sad.wav,0.5688503384590149
1174,indextts,happy,/srv/RL_project/repo/outputs/wav/001174_indextts_happy.wav,0.41801610589027405
1175,indextts,surprised,/srv/RL_project/repo/outputs/wav/001175_indextts_surprised.wav,0.5404021739959717
1176,indextts,surprised,/srv/RL_project/repo/outputs/wav/001176_indextts_surprised.wav,0.4415706694126129
1177,indextts,sad,/srv/RL_project/repo/outputs/wav/001177_indextts_sad.wav,0.5674235820770264
1178,indextts,sad,/srv/RL_project/repo/outputs/wav/001178_indextts_sad.wav,0.5765256285667419
1179,indextts,surprised,/srv/RL_project/repo/outputs/wav/001179_indextts_surprised.wav,0.5464518070220947
1180,indextts,disgusted,/srv/RL_project/repo/outputs/wav/001180_indextts_disgusted.wav,0.5748293399810791
1181,indextts,disgusted,/srv/RL_project/repo/outputs/wav/001181_indextts_disgusted.wav,0.55180823802948
1182,indextts,disgusted,/srv/RL_project/repo/outputs/wav/001182_indextts_disgusted.wav,0.540775716304779
1183,indextts,neutral,/srv/RL_project/repo/outputs/wav/001183_indextts_neutral.wav,0.6618773937225342
1184,indextts,neutral,/srv/RL_project/repo/outputs/wav/001184_indextts_neutral.wav,0.6374644637107849
1185,indextts,neutral,/srv/RL_project/repo/outputs/wav/001185_indextts_neutral.wav,0.6058059930801392
1186,indextts,fearful,/srv/RL_project/repo/outputs/wav/001186_indextts_fearful.wav,0.38520216941833496
1187,indextts,happy,/srv/RL_project/repo/outputs/wav/001187_indextts_happy.wav,0.5222049951553345
1188,indextts,neutral,/srv/RL_project/repo/outputs/wav/001188_indextts_neutral.wav,0.5605056881904602
1189,indextts,neutral,/srv/RL_project/repo/outputs/wav/001189_indextts_neutral.wav,0.5778927803039551
1190,indextts,happy,/srv/RL_project/repo/outputs/wav/001190_indextts_happy.wav,0.6216820478439331
1191,indextts,happy,/srv/RL_project/repo/outputs/wav/001191_indextts_happy.wav,0.44319629669189453
1192,indextts,angry,/srv/RL_project/repo/outputs/wav/001192_indextts_angry.wav,0.3651697039604187
1193,indextts,disgusted,/srv/RL_project/repo/outputs/wav/001193_indextts_disgusted.wav,0.5562276840209961
1194,indextts,neutral,/srv/RL_project/repo/outputs/wav/001194_indextts_neutral.wav,0.06835731118917465
1195,indextts,sad,/srv/RL_project/repo/outputs/wav/001195_indextts_sad.wav,0.6283519864082336
1196,indextts,disgusted,/srv/RL_project/repo/outputs/wav/001196_indextts_disgusted.wav,0.4733983278274536
1197,indextts,happy,/srv/RL_project/repo/outputs/wav/001197_indextts_happy.wav,0.5165037512779236
1198,indextts,neutral,/srv/RL_project/repo/outputs/wav/001198_indextts_neutral.wav,0.6237461566925049
1199,indextts,disgusted,/srv/RL_project/repo/outputs/wav/001199_indextts_disgusted.wav,0.4876706004142761
1200,indextts,neutral,/srv/RL_project/repo/outputs/wav/001200_indextts_neutral.wav,0.5286032557487488
1201,indextts,disgusted,/srv/RL_project/repo/outputs/wav/001201_indextts_disgusted.wav,0.5278720259666443
1202,indextts,happy,/srv/RL_project/repo/outputs/wav/001202_indextts_happy.wav,0.4323991537094116
1203,indextts,surprised,/srv/RL_project/repo/outputs/wav/001203_indextts_surprised.wav,0.3495444655418396
1204,indextts,fearful,/srv/RL_project/repo/outputs/wav/001204_indextts_fearful.wav,0.6160228252410889
1205,indextts,surprised,/srv/RL_project/repo/outputs/wav/001205_indextts_surprised.wav,0.5410818457603455
1206,indextts,surprised,/srv/RL_project/repo/outputs/wav/001206_indextts_surprised.wav,0.4090970754623413
1207,indextts,neutral,/srv/RL_project/repo/outputs/wav/001207_indextts_neutral.wav,0.6474556922912598
1208,indextts,sad,/srv/RL_project/repo/outputs/wav/001208_indextts_sad.wav,0.5074750185012817
1209,indextts,sad,/srv/RL_project/repo/outputs/wav/001209_indextts_sad.wav,0.5605626106262207
1210,indextts,happy,/srv/RL_project/repo/outputs/wav/001210_indextts_happy.wav,0.59562748670578
1211,indextts,surprised,/srv/RL_project/repo/outputs/wav/001211_indextts_surprised.wav,0.46541929244995117
1212,indextts,angry,/srv/RL_project/repo/outputs/wav/001212_indextts_angry.wav,0.14867137372493744
1213,indextts,fearful,/srv/RL_project/repo/outputs/wav/001213_indextts_fearful.wav,0.4881110191345215
1214,indextts,fearful,/srv/RL_project/repo/outputs/wav/001214_indextts_fearful.wav,0.5193350315093994
1215,indextts,angry,/srv/RL_project/repo/outputs/wav/001215_indextts_angry.wav,0.1684769093990326
1216,indextts,happy,/srv/RL_project/repo/outputs/wav/001216_indextts_happy.wav,0.4846643805503845
1217,indextts,surprised,/srv/RL_project/repo/outputs/wav/001217_indextts_surprised.wav,0.4308936595916748
1218,indextts,neutral,/srv/RL_project/repo/outputs/wav/001218_indextts_neutral.wav,0.5789725184440613
1219,indextts,angry,/srv/RL_project/repo/outputs/wav/001219_indextts_angry.wav,0.4824288785457611
1220,indextts,neutral,/srv/RL_project/repo/outputs/wav/001220_indextts_neutral.wav,0.6604232788085938
1221,indextts,disgusted,/srv/RL_project/repo/outputs/wav/001221_indextts_disgusted.wav,0.5222072005271912
1222,indextts,surprised,/srv/RL_project/repo/outputs/wav/001222_indextts_surprised.wav,0.4895162284374237
1223,indextts,happy,/srv/RL_project/repo/outputs/wav/001223_indextts_happy.wav,0.6215426921844482
1224,indextts,sad,/srv/RL_project/repo/outputs/wav/001224_indextts_sad.wav,0.34416159987449646
1225,indextts,angry,/srv/RL_project/repo/outputs/wav/001225_indextts_angry.wav,0.3129446804523468
1226,indextts,neutral,/srv/RL_project/repo/outputs/wav/001226_indextts_neutral.wav,0.5880241990089417
1227,indextts,sad,/srv/RL_project/repo/outputs/wav/001227_indextts_sad.wav,0.5014481544494629
1228,indextts,fearful,/srv/RL_project/repo/outputs/wav/001228_indextts_fearful.wav,0.48639023303985596
1229,indextts,neutral,/srv/RL_project/repo/outputs/wav/001229_indextts_neutral.wav,0.17637212574481964
1230,indextts,neutral,/srv/RL_project/repo/outputs/wav/001230_indextts_neutral.wav,0.34469038248062134
1231,indextts,fearful,/srv/RL_project/repo/outputs/wav/001231_indextts_fearful.wav,0.43519076704978943
1232,indextts,surprised,/srv/RL_project/repo/outputs/wav/001232_indextts_surprised.wav,0.5431011319160461
1233,indextts,angry,/srv/RL_project/repo/outputs/wav/001233_indextts_angry.wav,0.23861169815063477
1234,indextts,fearful,/srv/RL_project/repo/outputs/wav/001234_indextts_fearful.wav,0.44236811995506287
1235,indextts,disgusted,/srv/RL_project/repo/outputs/wav/001235_indextts_disgusted.wav,0.47432243824005127
1236,indextts,happy,/srv/RL_project/repo/outputs/wav/001236_indextts_happy.wav,0.5799530148506165
1237,indextts,angry,/srv/RL_project/repo/outputs/wav/001237_indextts_angry.wav,0.2501925230026245
1238,indextts,surprised,/srv/RL_project/repo/outputs/wav/001238_indextts_surprised.wav,0.4792286157608032
1239,indextts,disgusted,/srv/RL_project/repo/outputs/wav/001239_indextts_disgusted.wav,0.5375171303749084
1240,indextts,happy,/srv/RL_project/repo/outputs/wav/001240_indextts_happy.wav,0.5013462901115417
1241,indextts,happy,/srv/RL_project/repo/outputs/wav/001241_indextts_happy.wav,0.41208118200302124
1242,indextts,disgusted,/srv/RL_project/repo/outputs/wav/001242_indextts_disgusted.wav,0.3504863679409027
1243,indextts,sad,/srv/RL_project/repo/outputs/wav/001243_indextts_sad.wav,0.5556219816207886
1244,indextts,neutral,/srv/RL_project/repo/outputs/wav/001244_indextts_neutral.wav,0.65198814868927
1245,indextts,neutral,/srv/RL_project/repo/outputs/wav/001245_indextts_neutral.wav,0.5380019545555115
1246,indextts,disgusted,/srv/RL_project/repo/outputs/wav/001246_indextts_disgusted.wav,0.6219171285629272
1247,indextts,fearful,/srv/RL_project/repo/outputs/wav/001247_indextts_fearful.wav,0.6924416422843933
1248,indextts,angry,/srv/RL_project/repo/outputs/wav/001248_indextts_angry.wav,0.20755650103092194
1249,indextts,happy,/srv/RL_project/repo/outputs/wav/001249_indextts_happy.wav,0.5951548218727112
1250,indextts,sad,/srv/RL_project/repo/outputs/wav/001250_indextts_sad.wav,0.5166035294532776
1251,indextts,neutral,/srv/RL_project/repo/outputs/wav/001251_indextts_neutral.wav,0.2933260500431061
1252,indextts,happy,/srv/RL_project/repo/outputs/wav/001252_indextts_happy.wav,0.46071183681488037
1253,indextts,angry,/srv/RL_project/repo/outputs/wav/001253_indextts_angry.wav,0.2772236466407776
1254,indextts,fearful,/srv/RL_project/repo/outputs/wav/001254_indextts_fearful.wav,0.562686026096344
1255,indextts,happy,/srv/RL_project/repo/outputs/wav/001255_indextts_happy.wav,0.5612318515777588
1256,indextts,sad,/srv/RL_project/repo/outputs/wav/001256_indextts_sad.wav,0.5137785077095032
1257,indextts,happy,/srv/RL_project/repo/outputs/wav/001257_indextts_happy.wav,0.2276880443096161
1258,indextts,neutral,/srv/RL_project/repo/outputs/wav/001258_indextts_neutral.wav,0.7366208434104919
1259,indextts,neutral,/srv/RL_project/repo/outputs/wav/001259_indextts_neutral.wav,0.5978172421455383
1260,indextts,fearful,/srv/RL_project/repo/outputs/wav/001260_indextts_fearful.wav,0.459663450717926
1261,indextts,sad,/srv/RL_project/repo/outputs/wav/001261_indextts_sad.wav,0.43430039286613464
1262,indextts,surprised,/srv/RL_project/repo/outputs/wav/001262_indextts_surprised.wav,0.41183358430862427
1263,indextts,happy,/srv/RL_project/repo/outputs/wav/001263_indextts_happy.wav,0.5234813094139099
1264,indextts,neutral,/srv/RL_project/repo/outputs/wav/001264_indextts_neutral.wav,0.5797133445739746
1265,indextts,disgusted,/srv/RL_project/repo/outputs/wav/001265_indextts_disgusted.wav,0.1916014552116394
1266,indextts,neutral,/srv/RL_project/repo/outputs/wav/001266_indextts_neutral.wav,0.6199999451637268
1267,indextts,disgusted,/srv/RL_project/repo/outputs/wav/001267_indextts_disgusted.wav,0.4955238401889801
1268,indextts,sad,/srv/RL_project/repo/outputs/wav/001268_indextts_sad.wav,0.32304146885871887
1269,indextts,disgusted,/srv/RL_project/repo/outputs/wav/001269_indextts_disgusted.wav,0.5332611799240112
1270,indextts,disgusted,/srv/RL_project/repo/outputs/wav/001270_indextts_disgusted.wav,0.5206829309463501
1271,indextts,disgusted,/srv/RL_project/repo/outputs/wav/001271_indextts_disgusted.wav,0.49776342511177063
1272,indextts,angry,/srv/RL_project/repo/outputs/wav/001272_indextts_angry.wav,0.2254319041967392
1273,indextts,surprised,/srv/RL_project/repo/outputs/wav/001273_indextts_surprised.wav,0.45120468735694885
1274,indextts,happy,/srv/RL_project/repo/outputs/wav/001274_indextts_happy.wav,0.4558681845664978
1275,indextts,happy,/srv/RL_project/repo/outputs/wav/001275_indextts_happy.wav,0.402342289686203
1276,indextts,sad,/srv/RL_project/repo/outputs/wav/001276_indextts_sad.wav,0.19168482720851898
1277,indextts,neutral,/srv/RL_project/repo/outputs/wav/001277_indextts_neutral.wav,0.3480795919895172
1278,indextts,surprised,/srv/RL_project/repo/outputs/wav/001278_indextts_surprised.wav,0.42247551679611206
1279,indextts,surprised,/srv/RL_project/repo/outputs/wav/001279_indextts_surprised.wav,0.37631919980049133
1280,indextts,happy,/srv/RL_project/repo/outputs/wav/001280_indextts_happy.wav,0.40909335017204285
1281,indextts,surprised,/srv/RL_project/repo/outputs/wav/001281_indextts_surprised.wav,0.40678170323371887
1282,indextts,disgusted,/srv/RL_project/repo/outputs/wav/001282_indextts_disgusted.wav,0.5124024748802185
1283,indextts,happy,/srv/RL_project/repo/outputs/wav/001283_indextts_happy.wav,0.4746530055999756
1284,indextts,surprised,/srv/RL_project/repo/outputs/wav/001284_indextts_surprised.wav,0.5265700221061707
1285,indextts,disgusted,/srv/RL_project/repo/outputs/wav/001285_indextts_disgusted.wav,0.21847833693027496
1286,indextts,neutral,/srv/RL_project/repo/outputs/wav/001286_indextts_neutral.wav,0.6609174013137817
1287,indextts,sad,/srv/RL_project/repo/outputs/wav/001287_indextts_sad.wav,0.524944007396698
1288,indextts,surprised,/srv/RL_project/repo/outputs/wav/001288_indextts_surprised.wav,0.39309853315353394
1289,indextts,sad,/srv/RL_project/repo/outputs/wav/001289_indextts_sad.wav,0.4400046169757843
1290,indextts,sad,/srv/RL_project/repo/outputs/wav/001290_indextts_sad.wav,0.552300751209259
1291,indextts,angry,/srv/RL_project/repo/outputs/wav/001291_indextts_angry.wav,0.36251166462898254
1292,indextts,angry,/srv/RL_project/repo/outputs/wav/001292_indextts_angry.wav,0.49055880308151245
1293,indextts,neutral,/srv/RL_project/repo/outputs/wav/001293_indextts_neutral.wav,0.5558676719665527
1294,indextts,neutral,/srv/RL_project/repo/outputs/wav/001294_indextts_neutral.wav,0.6496901512145996
1295,indextts,surprised,/srv/RL_project/repo/outputs/wav/001295_indextts_surprised.wav,0.4604504704475403
1296,indextts,sad,/srv/RL_project/repo/outputs/wav/001296_indextts_sad.wav,0.5330303907394409
1297,indextts,happy,/srv/RL_project/repo/outputs/wav/001297_indextts_happy.wav,0.07458283007144928
1298,indextts,sad,/srv/RL_project/repo/outputs/wav/001298_indextts_sad.wav,0.48806965351104736
1299,indextts,neutral,/srv/RL_project/repo/outputs/wav/001299_indextts_neutral.wav,0.6024075746536255
1300,indextts,sad,/srv/RL_project/repo/outputs/wav/001300_indextts_sad.wav,0.4887705147266388
1301,indextts,angry,/srv/RL_project/repo/outputs/wav/001301_indextts_angry.wav,0.3993031680583954
1302,indextts,surprised,/srv/RL_project/repo/outputs/wav/001302_indextts_surprised.wav,0.3989304304122925
1303,indextts,surprised,/srv/RL_project/repo/outputs/wav/001303_indextts_surprised.wav,0.32640576362609863
1304,indextts,sad,/srv/RL_project/repo/outputs/wav/001304_indextts_sad.wav,0.5133028626441956
1305,indextts,happy,/srv/RL_project/repo/outputs/wav/001305_indextts_happy.wav,0.507453441619873
1306,indextts,neutral,/srv/RL_project/repo/outputs/wav/001306_indextts_neutral.wav,0.5945075750350952
1307,indextts,surprised,/srv/RL_project/repo/outputs/wav/001307_indextts_surprised.wav,0.3643095791339874
1308,indextts,happy,/srv/RL_project/repo/outputs/wav/001308_indextts_happy.wav,0.45789507031440735
1309,indextts,angry,/srv/RL_project/repo/outputs/wav/001309_indextts_angry.wav,0.3346423804759979
1310,indextts,angry,/srv/RL_project/repo/outputs/wav/001310_indextts_angry.wav,0.3232741355895996
1311,indextts,happy,/srv/RL_project/repo/outputs/wav/001311_indextts_happy.wav,0.5958676934242249
1312,indextts,happy,/srv/RL_project/repo/outputs/wav/001312_indextts_happy.wav,0.5285341143608093
1313,indextts,happy,/srv/RL_project/repo/outputs/wav/001313_indextts_happy.wav,0.5409256219863892
1314,indextts,happy,/srv/RL_project/repo/outputs/wav/001314_indextts_happy.wav,0.32719191908836365
1315,indextts,sad,/srv/RL_project/repo/outputs/wav/001315_indextts_sad.wav,0.47002485394477844
1316,indextts,angry,/srv/RL_project/repo/outputs/wav/001316_indextts_angry.wav,0.12802083790302277
1317,indextts,fearful,/srv/RL_project/repo/outputs/wav/001317_indextts_fearful.wav,0.16924458742141724
1318,indextts,surprised,/srv/RL_project/repo/outputs/wav/001318_indextts_surprised.wav,0.23908710479736328
1319,indextts,disgusted,/srv/RL_project/repo/outputs/wav/001319_indextts_disgusted.wav,0.5371973514556885
1320,indextts,surprised,/srv/RL_project/repo/outputs/wav/001320_indextts_surprised.wav,0.40557071566581726
1321,indextts,happy,/srv/RL_project/repo/outputs/wav/001321_indextts_happy.wav,0.41294756531715393
1322,indextts,surprised,/srv/RL_project/repo/outputs/wav/001322_indextts_surprised.wav,0.3771113455295563
1323,indextts,surprised,/srv/RL_project/repo/outputs/wav/001323_indextts_surprised.wav,0.4639438986778259
1324,indextts,sad,/srv/RL_project/repo/outputs/wav/001324_indextts_sad.wav,0.6305976510047913
1325,indextts,happy,/srv/RL_project/repo/outputs/wav/001325_indextts_happy.wav,0.3208489716053009
1326,indextts,surprised,/srv/RL_project/repo/outputs/wav/001326_indextts_surprised.wav,0.3212635815143585
1327,indextts,fearful,/srv/RL_project/repo/outputs/wav/001327_indextts_fearful.wav,0.5961495637893677
1328,indextts,sad,/srv/RL_project/repo/outputs/wav/001328_indextts_sad.wav,0.38047897815704346
1329,indextts,surprised,/srv/RL_project/repo/outputs/wav/001329_indextts_surprised.wav,0.4770005941390991
1330,indextts,fearful,/srv/RL_project/repo/outputs/wav/001330_indextts_fearful.wav,0.5327267646789551
1331,indextts,fearful,/srv/RL_project/repo/outputs/wav/001331_indextts_fearful.wav,0.5465384125709534
1332,indextts,happy,/srv/RL_project/repo/outputs/wav/001332_indextts_happy.wav,0.41035518050193787
1333,indextts,disgusted,/srv/RL_project/repo/outputs/wav/001333_indextts_disgusted.wav,0.5621476769447327
1334,indextts,angry,/srv/RL_project/repo/outputs/wav/001334_indextts_angry.wav,0.5386683940887451
1335,indextts,disgusted,/srv/RL_project/repo/outputs/wav/001335_indextts_disgusted.wav,0.5229400396347046
1336,indextts,angry,/srv/RL_project/repo/outputs/wav/001336_indextts_angry.wav,0.10004192590713501
1337,indextts,sad,/srv/RL_project/repo/outputs/wav/001337_indextts_sad.wav,0.5414891839027405
1338,indextts,surprised,/srv/RL_project/repo/outputs/wav/001338_indextts_surprised.wav,0.12598688900470734
1339,indextts,sad,/srv/RL_project/repo/outputs/wav/001339_indextts_sad.wav,0.5306028723716736
1340,indextts,disgusted,/srv/RL_project/repo/outputs/wav/001340_indextts_disgusted.wav,0.576437771320343
1341,indextts,disgusted,/srv/RL_project/repo/outputs/wav/001341_indextts_disgusted.wav,0.5039408206939697
1342,indextts,sad,/srv/RL_project/repo/outputs/wav/001342_indextts_sad.wav,0.5279936194419861
1343,indextts,neutral,/srv/RL_project/repo/outputs/wav/001343_indextts_neutral.wav,0.5559515357017517
1344,indextts,neutral,/srv/RL_project/repo/outputs/wav/001344_indextts_neutral.wav,0.5980085134506226
1345,indextts,neutral,/srv/RL_project/repo/outputs/wav/001345_indextts_neutral.wav,0.6023156642913818
1346,indextts,fearful,/srv/RL_project/repo/outputs/wav/001346_indextts_fearful.wav,0.4556110203266144
1347,indextts,disgusted,/srv/RL_project/repo/outputs/wav/001347_indextts_disgusted.wav,0.5913010239601135
1348,indextts,happy,/srv/RL_project/repo/outputs/wav/001348_indextts_happy.wav,0.5614482760429382
1349,indextts,angry,/srv/RL_project/repo/outputs/wav/001349_indextts_angry.wav,0.3918783664703369
1350,indextts,sad,/srv/RL_project/repo/outputs/wav/001350_indextts_sad.wav,0.5830777883529663
1351,indextts,surprised,/srv/RL_project/repo/outputs/wav/001351_indextts_surprised.wav,0.4909200668334961
1352,indextts,neutral,/srv/RL_project/repo/outputs/wav/001352_indextts_neutral.wav,0.6108087301254272
1353,indextts,angry,/srv/RL_project/repo/outputs/wav/001353_indextts_angry.wav,0.28386321663856506
1354,indextts,fearful,/srv/RL_project/repo/outputs/wav/001354_indextts_fearful.wav,0.492461234331131
1355,indextts,happy,/srv/RL_project/repo/outputs/wav/001355_indextts_happy.wav,0.5363138914108276
1356,indextts,sad,/srv/RL_project/repo/outputs/wav/001356_indextts_sad.wav,0.4839093089103699
1357,indextts,angry,/srv/RL_project/repo/outputs/wav/001357_indextts_angry.wav,0.2597585916519165
1358,indextts,disgusted,/srv/RL_project/repo/outputs/wav/001358_indextts_disgusted.wav,0.4833880662918091
1359,indextts,surprised,/srv/RL_project/repo/outputs/wav/001359_indextts_surprised.wav,0.40754687786102295
1360,indextts,happy,/srv/RL_project/repo/outputs/wav/001360_indextts_happy.wav,0.5228271484375
1361,indextts,disgusted,/srv/RL_project/repo/outputs/wav/001361_indextts_disgusted.wav,0.14056101441383362
1362,indextts,happy,/srv/RL_project/repo/outputs/wav/001362_indextts_happy.wav,0.5603326559066772
1363,indextts,disgusted,/srv/RL_project/repo/outputs/wav/001363_indextts_disgusted.wav,0.47236424684524536
1364,indextts,sad,/srv/RL_project/repo/outputs/wav/001364_indextts_sad.wav,0.5467085838317871
1365,indextts,sad,/srv/RL_project/repo/outputs/wav/001365_indextts_sad.wav,0.48811668157577515
1366,indextts,surprised,/srv/RL_project/repo/outputs/wav/001366_indextts_surprised.wav,0.33610162138938904
1367,indextts,fearful,/srv/RL_project/repo/outputs/wav/001367_indextts_fearful.wav,0.3869466781616211
1368,indextts,disgusted,/srv/RL_project/repo/outputs/wav/001368_indextts_disgusted.wav,0.5839130282402039
1369,indextts,sad,/srv/RL_project/repo/outputs/wav/001369_indextts_sad.wav,0.6001474261283875
1370,indextts,sad,/srv/RL_project/repo/outputs/wav/001370_indextts_sad.wav,0.6062889099121094
1371,indextts,fearful,/srv/RL_project/repo/outputs/wav/001371_indextts_fearful.wav,0.5327362418174744
1372,indextts,fearful,/srv/RL_project/repo/outputs/wav/001372_indextts_fearful.wav,0.5688591003417969
1373,indextts,surprised,/srv/RL_project/repo/outputs/wav/001373_indextts_surprised.wav,0.5012885332107544
1374,indextts,happy,/srv/RL_project/repo/outputs/wav/001374_indextts_happy.wav,0.542111873626709
1375,indextts,surprised,/srv/RL_project/repo/outputs/wav/001375_indextts_surprised.wav,0.4227627217769623
1376,indextts,sad,/srv/RL_project/repo/outputs/wav/001376_indextts_sad.wav,0.46357983350753784
1377,indextts,neutral,/srv/RL_project/repo/outputs/wav/001377_indextts_neutral.wav,0.6751722693443298
1378,indextts,surprised,/srv/RL_project/repo/outputs/wav/001378_indextts_surprised.wav,0.47662556171417236
1379,indextts,angry,/srv/RL_project/repo/outputs/wav/001379_indextts_angry.wav,0.16155211627483368
1380,indextts,happy,/srv/RL_project/repo/outputs/wav/001380_indextts_happy.wav,0.5412489175796509
1381,indextts,surprised,/srv/RL_project/repo/outputs/wav/001381_indextts_surprised.wav,0.4603070914745331
1382,indextts,sad,/srv/RL_project/repo/outputs/wav/001382_indextts_sad.wav,0.5693188309669495
1383,indextts,angry,/srv/RL_project/repo/outputs/wav/001383_indextts_angry.wav,0.3815045654773712
1384,indextts,fearful,/srv/RL_project/repo/outputs/wav/001384_indextts_fearful.wav,0.46419355273246765
1385,indextts,angry,/srv/RL_project/repo/outputs/wav/001385_indextts_angry.wav,0.34182804822921753
1386,indextts,angry,/srv/RL_project/repo/outputs/wav/001386_indextts_angry.wav,0.34520336985588074
1387,indextts,sad,/srv/RL_project/repo/outputs/wav/001387_indextts_sad.wav,0.5293814539909363
1388,indextts,disgusted,/srv/RL_project/repo/outputs/wav/001388_indextts_disgusted.wav,0.43102777004241943
1389,indextts,neutral,/srv/RL_project/repo/outputs/wav/001389_indextts_neutral.wav,0.12093839794397354
1390,indextts,angry,/srv/RL_project/repo/outputs/wav/001390_indextts_angry.wav,0.42021897435188293
1391,indextts,surprised,/srv/RL_project/repo/outputs/wav/001391_indextts_surprised.wav,0.47450870275497437
1392,indextts,surprised,/srv/RL_project/repo/outputs/wav/001392_indextts_surprised.wav,0.49970126152038574
1393,indextts,disgusted,/srv/RL_project/repo/outputs/wav/001393_indextts_disgusted.wav,0.5496026873588562
1394,indextts,surprised,/srv/RL_project/repo/outputs/wav/001394_indextts_surprised.wav,0.5360528230667114
1395,indextts,angry,/srv/RL_project/repo/outputs/wav/001395_indextts_angry.wav,0.3439205288887024
1396,indextts,neutral,/srv/RL_project/repo/outputs/wav/001396_indextts_neutral.wav,0.6754690408706665
1397,indextts,neutral,/srv/RL_project/repo/outputs/wav/001397_indextts_neutral.wav,0.6191627979278564
1398,indextts,disgusted,/srv/RL_project/repo/outputs/wav/001398_indextts_disgusted.wav,0.5554049611091614
1399,indextts,fearful,/srv/RL_project/repo/outputs/wav/001399_indextts_fearful.wav,0.5388227701187134
1400,indextts,disgusted,/srv/RL_project/repo/outputs/wav/001400_indextts_disgusted.wav,0.42342159152030945
1401,indextts,surprised,/srv/RL_project/repo/outputs/wav/001401_indextts_surprised.wav,0.27270033955574036
1402,indextts,disgusted,/srv/RL_project/repo/outputs/wav/001402_indextts_disgusted.wav,0.10691637545824051
1403,indextts,neutral,/srv/RL_project/repo/outputs/wav/001403_indextts_neutral.wav,0.6265353560447693
1404,indextts,happy,/srv/RL_project/repo/outputs/wav/001404_indextts_happy.wav,0.5529069304466248
1405,indextts,angry,/srv/RL_project/repo/outputs/wav/001405_indextts_angry.wav,0.27285173535346985
1406,indextts,fearful,/srv/RL_project/repo/outputs/wav/001406_indextts_fearful.wav,0.6085103750228882
1407,indextts,angry,/srv/RL_project/repo/outputs/wav/001407_indextts_angry.wav,0.499530553817749
1408,indextts,neutral,/srv/RL_project/repo/outputs/wav/001408_indextts_neutral.wav,0.5895958542823792
1409,indextts,sad,/srv/RL_project/repo/outputs/wav/001409_indextts_sad.wav,0.49894192814826965
1410,indextts,neutral,/srv/RL_project/repo/outputs/wav/001410_indextts_neutral.wav,0.6444823741912842
1411,indextts,sad,/srv/RL_project/repo/outputs/wav/001411_indextts_sad.wav,0.5406684279441833
1412,indextts,surprised,/srv/RL_project/repo/outputs/wav/001412_indextts_surprised.wav,0.5597670078277588
1413,indextts,angry,/srv/RL_project/repo/outputs/wav/001413_indextts_angry.wav,0.4438633620738983
1414,indextts,disgusted,/srv/RL_project/repo/outputs/wav/001414_indextts_disgusted.wav,0.5678868293762207
1415,indextts,happy,/srv/RL_project/repo/outputs/wav/001415_indextts_happy.wav,0.5894922614097595
1416,indextts,surprised,/srv/RL_project/repo/outputs/wav/001416_indextts_surprised.wav,0.45097288489341736
1417,indextts,surprised,/srv/RL_project/repo/outputs/wav/001417_indextts_surprised.wav,0.5822171568870544
1418,indextts,disgusted,/srv/RL_project/repo/outputs/wav/001418_indextts_disgusted.wav,0.5820484161376953
1419,indextts,surprised,/srv/RL_project/repo/outputs/wav/001419_indextts_surprised.wav,0.4989314079284668
1420,indextts,sad,/srv/RL_project/repo/outputs/wav/001420_indextts_sad.wav,0.5588787794113159
1421,indextts,angry,/srv/RL_project/repo/outputs/wav/001421_indextts_angry.wav,0.29488909244537354
1422,indextts,happy,/srv/RL_project/repo/outputs/wav/001422_indextts_happy.wav,0.5478911995887756
1423,indextts,sad,/srv/RL_project/repo/outputs/wav/001423_indextts_sad.wav,0.5860080718994141
1424,indextts,happy,/srv/RL_project/repo/outputs/wav/001424_indextts_happy.wav,0.5918599367141724
1425,indextts,angry,/srv/RL_project/repo/outputs/wav/001425_indextts_angry.wav,0.4248860478401184
1426,indextts,happy,/srv/RL_project/repo/outputs/wav/001426_indextts_happy.wav,0.6123847365379333
1427,indextts,fearful,/srv/RL_project/repo/outputs/wav/001427_indextts_fearful.wav,0.6202188730239868
1428,indextts,surprised,/srv/RL_project/repo/outputs/wav/001428_indextts_surprised.wav,0.4491519033908844
1429,indextts,neutral,/srv/RL_project/repo/outputs/wav/001429_indextts_neutral.wav,0.6002955436706543
1430,indextts,sad,/srv/RL_project/repo/outputs/wav/001430_indextts_sad.wav,0.5083898901939392
1431,indextts,surprised,/srv/RL_project/repo/outputs/wav/001431_indextts_surprised.wav,0.4620720446109772
1432,indextts,sad,/srv/RL_project/repo/outputs/wav/001432_indextts_sad.wav,0.5439732074737549
1433,indextts,disgusted,/srv/RL_project/repo/outputs/wav/001433_indextts_disgusted.wav,0.5625516772270203
1434,indextts,happy,/srv/RL_project/repo/outputs/wav/001434_indextts_happy.wav,0.5675889849662781
1435,indextts,neutral,/srv/RL_project/repo/outputs/wav/001435_indextts_neutral.wav,0.6655594110488892
1436,indextts,angry,/srv/RL_project/repo/outputs/wav/001436_indextts_angry.wav,0.4795280396938324
1437,indextts,happy,/srv/RL_project/repo/outputs/wav/001437_indextts_happy.wav,0.48374587297439575
1438,indextts,surprised,/srv/RL_project/repo/outputs/wav/001438_indextts_surprised.wav,0.5664380192756653
1439,indextts,disgusted,/srv/RL_project/repo/outputs/wav/001439_indextts_disgusted.wav,0.5526979565620422
1440,indextts,fearful,/srv/RL_project/repo/outputs/wav/001440_indextts_fearful.wav,0.5096126794815063
1441,indextts,neutral,/srv/RL_project/repo/outputs/wav/001441_indextts_neutral.wav,0.6229815483093262
1442,indextts,disgusted,/srv/RL_project/repo/outputs/wav/001442_indextts_disgusted.wav,0.6505953669548035
1443,indextts,fearful,/srv/RL_project/repo/outputs/wav/001443_indextts_fearful.wav,0.5648985505104065
1444,indextts,surprised,/srv/RL_project/repo/outputs/wav/001444_indextts_surprised.wav,0.5209865570068359
1445,indextts,fearful,/srv/RL_project/repo/outputs/wav/001445_indextts_fearful.wav,0.4919998347759247
1446,indextts,fearful,/srv/RL_project/repo/outputs/wav/001446_indextts_fearful.wav,0.2893257737159729
1447,indextts,surprised,/srv/RL_project/repo/outputs/wav/001447_indextts_surprised.wav,0.3995298743247986
1448,indextts,fearful,/srv/RL_project/repo/outputs/wav/001448_indextts_fearful.wav,0.4349246621131897
1449,indextts,neutral,/srv/RL_project/repo/outputs/wav/001449_indextts_neutral.wav,0.6387091279029846
1450,indextts,angry,/srv/RL_project/repo/outputs/wav/001450_indextts_angry.wav,0.21955224871635437
1451,indextts,fearful,/srv/RL_project/repo/outputs/wav/001451_indextts_fearful.wav,0.6133468151092529
1452,indextts,disgusted,/srv/RL_project/repo/outputs/wav/001452_indextts_disgusted.wav,0.5655928254127502
1453,indextts,neutral,/srv/RL_project/repo/outputs/wav/001453_indextts_neutral.wav,0.560190737247467
1454,indextts,happy,/srv/RL_project/repo/outputs/wav/001454_indextts_happy.wav,0.5063764452934265
1455,indextts,happy,/srv/RL_project/repo/outputs/wav/001455_indextts_happy.wav,0.4359912872314453
1456,indextts,fearful,/srv/RL_project/repo/outputs/wav/001456_indextts_fearful.wav,0.6293051242828369
1457,indextts,surprised,/srv/RL_project/repo/outputs/wav/001457_indextts_surprised.wav,0.4077428877353668
1458,indextts,sad,/srv/RL_project/repo/outputs/wav/001458_indextts_sad.wav,0.4983334541320801
1459,indextts,surprised,/srv/RL_project/repo/outputs/wav/001459_indextts_surprised.wav,0.5568109750747681
1460,indextts,disgusted,/srv/RL_project/repo/outputs/wav/001460_indextts_disgusted.wav,0.5762510299682617
1461,indextts,surprised,/srv/RL_project/repo/outputs/wav/001461_indextts_surprised.wav,0.5816870331764221
1462,indextts,disgusted,/srv/RL_project/repo/outputs/wav/001462_indextts_disgusted.wav,0.6001713275909424
1463,indextts,surprised,/srv/RL_project/repo/outputs/wav/001463_indextts_surprised.wav,0.4659905433654785
1464,indextts,sad,/srv/RL_project/repo/outputs/wav/001464_indextts_sad.wav,0.5142370462417603
1465,indextts,fearful,/srv/RL_project/repo/outputs/wav/001465_indextts_fearful.wav,0.473514586687088
1466,indextts,disgusted,/srv/RL_project/repo/outputs/wav/001466_indextts_disgusted.wav,0.4971596300601959
1467,indextts,neutral,/srv/RL_project/repo/outputs/wav/001467_indextts_neutral.wav,0.6387442350387573
1468,indextts,angry,/srv/RL_project/repo/outputs/wav/001468_indextts_angry.wav,0.23042231798171997
1469,indextts,disgusted,/srv/RL_project/repo/outputs/wav/001469_indextts_disgusted.wav,0.5574831366539001
1470,indextts,angry,/srv/RL_project/repo/outputs/wav/001470_indextts_angry.wav,0.43753963708877563
1471,indextts,neutral,/srv/RL_project/repo/outputs/wav/001471_indextts_neutral.wav,0.13813672959804535
1472,indextts,happy,/srv/RL_project/repo/outputs/wav/001472_indextts_happy.wav,0.4564792513847351
1473,indextts,sad,/srv/RL_project/repo/outputs/wav/001473_indextts_sad.wav,0.5194547176361084
1474,indextts,surprised,/srv/RL_project/repo/outputs/wav/001474_indextts_surprised.wav,0.3223368525505066
1475,indextts,angry,/srv/RL_project/repo/outputs/wav/001475_indextts_angry.wav,0.24935850501060486
1476,indextts,happy,/srv/RL_project/repo/outputs/wav/001476_indextts_happy.wav,0.5840897560119629
1477,indextts,disgusted,/srv/RL_project/repo/outputs/wav/001477_indextts_disgusted.wav,0.533096432685852
1478,indextts,fearful,/srv/RL_project/repo/outputs/wav/001478_indextts_fearful.wav,0.6244022846221924
1479,indextts,angry,/srv/RL_project/repo/outputs/wav/001479_indextts_angry.wav,0.3244674503803253
1480,indextts,disgusted,/srv/RL_project/repo/outputs/wav/001480_indextts_disgusted.wav,0.5219541192054749
1481,indextts,angry,/srv/RL_project/repo/outputs/wav/001481_indextts_angry.wav,0.4009169936180115
1482,indextts,disgusted,/srv/RL_project/repo/outputs/wav/001482_indextts_disgusted.wav,0.5996201634407043
1483,indextts,sad,/srv/RL_project/repo/outputs/wav/001483_indextts_sad.wav,0.5151334404945374
1484,indextts,surprised,/srv/RL_project/repo/outputs/wav/001484_indextts_surprised.wav,0.4480059742927551
1485,indextts,surprised,/srv/RL_project/repo/outputs/wav/001485_indextts_surprised.wav,0.4376209080219269
1486,indextts,sad,/srv/RL_project/repo/outputs/wav/001486_indextts_sad.wav,0.4669525623321533
1487,indextts,fearful,/srv/RL_project/repo/outputs/wav/001487_indextts_fearful.wav,0.5031222701072693
1488,indextts,sad,/srv/RL_project/repo/outputs/wav/001488_indextts_sad.wav,0.24445641040802002
1489,indextts,neutral,/srv/RL_project/repo/outputs/wav/001489_indextts_neutral.wav,0.688481867313385
1490,indextts,disgusted,/srv/RL_project/repo/outputs/wav/001490_indextts_disgusted.wav,0.3571169972419739
1491,indextts,fearful,/srv/RL_project/repo/outputs/wav/001491_indextts_fearful.wav,0.4405096769332886
1492,indextts,disgusted,/srv/RL_project/repo/outputs/wav/001492_indextts_disgusted.wav,0.5832785367965698
1493,indextts,fearful,/srv/RL_project/repo/outputs/wav/001493_indextts_fearful.wav,0.03736606240272522
1494,indextts,happy,/srv/RL_project/repo/outputs/wav/001494_indextts_happy.wav,0.16934141516685486
1495,indextts,disgusted,/srv/RL_project/repo/outputs/wav/001495_indextts_disgusted.wav,0.5225301384925842
1496,indextts,neutral,/srv/RL_project/repo/outputs/wav/001496_indextts_neutral.wav,0.6300835013389587
1497,indextts,neutral,/srv/RL_project/repo/outputs/wav/001497_indextts_neutral.wav,0.6039208173751831
1498,indextts,sad,/srv/RL_project/repo/outputs/wav/001498_indextts_sad.wav,0.5400558114051819
1499,indextts,happy,/srv/RL_project/repo/outputs/wav/001499_indextts_happy.wav,0.40438389778137207
1500,indextts,happy,/srv/RL_project/repo/outputs/wav/001500_indextts_happy.wav,0.0929943174123764
1501,indextts,fearful,/srv/RL_project/repo/outputs/wav/001501_indextts_fearful.wav,0.5586645603179932
1502,indextts,neutral,/srv/RL_project/repo/outputs/wav/001502_indextts_neutral.wav,0.6513261795043945
1503,indextts,neutral,/srv/RL_project/repo/outputs/wav/001503_indextts_neutral.wav,0.5193518400192261
1504,indextts,angry,/srv/RL_project/repo/outputs/wav/001504_indextts_angry.wav,0.2691519856452942
1505,indextts,sad,/srv/RL_project/repo/outputs/wav/001505_indextts_sad.wav,0.44201716780662537
1506,indextts,neutral,/srv/RL_project/repo/outputs/wav/001506_indextts_neutral.wav,0.6130881905555725
1507,indextts,angry,/srv/RL_project/repo/outputs/wav/001507_indextts_angry.wav,0.43278950452804565
1508,indextts,angry,/srv/RL_project/repo/outputs/wav/001508_indextts_angry.wav,0.3745581805706024
1509,indextts,angry,/srv/RL_project/repo/outputs/wav/001509_indextts_angry.wav,0.3387942910194397
1510,indextts,happy,/srv/RL_project/repo/outputs/wav/001510_indextts_happy.wav,0.5384450554847717
1511,indextts,sad,/srv/RL_project/repo/outputs/wav/001511_indextts_sad.wav,0.35960984230041504
1512,indextts,angry,/srv/RL_project/repo/outputs/wav/001512_indextts_angry.wav,0.33309245109558105
1513,indextts,sad,/srv/RL_project/repo/outputs/wav/001513_indextts_sad.wav,0.4858160614967346
1514,indextts,neutral,/srv/RL_project/repo/outputs/wav/001514_indextts_neutral.wav,0.554292619228363
1515,indextts,fearful,/srv/RL_project/repo/outputs/wav/001515_indextts_fearful.wav,0.4958142340183258
1516,indextts,fearful,/srv/RL_project/repo/outputs/wav/001516_indextts_fearful.wav,0.3583590090274811
1517,indextts,neutral,/srv/RL_project/repo/outputs/wav/001517_indextts_neutral.wav,0.5201155543327332
1518,indextts,neutral,/srv/RL_project/repo/outputs/wav/001518_indextts_neutral.wav,0.578860342502594
1519,indextts,surprised,/srv/RL_project/repo/outputs/wav/001519_indextts_surprised.wav,0.482201486825943
1520,indextts,fearful,/srv/RL_project/repo/outputs/wav/001520_indextts_fearful.wav,0.41937097907066345
1521,indextts,angry,/srv/RL_project/repo/outputs/wav/001521_indextts_angry.wav,0.171487957239151
1522,indextts,fearful,/srv/RL_project/repo/outputs/wav/001522_indextts_fearful.wav,0.5365619659423828
1523,indextts,sad,/srv/RL_project/repo/outputs/wav/001523_indextts_sad.wav,0.08038330078125
1524,indextts,sad,/srv/RL_project/repo/outputs/wav/001524_indextts_sad.wav,0.5384396910667419
1525,indextts,fearful,/srv/RL_project/repo/outputs/wav/001525_indextts_fearful.wav,0.4970444142818451
1526,indextts,surprised,/srv/RL_project/repo/outputs/wav/001526_indextts_surprised.wav,0.48226821422576904
1527,indextts,disgusted,/srv/RL_project/repo/outputs/wav/001527_indextts_disgusted.wav,0.6011347770690918
1528,indextts,sad,/srv/RL_project/repo/outputs/wav/001528_indextts_sad.wav,0.5166321992874146
1529,indextts,happy,/srv/RL_project/repo/outputs/wav/001529_indextts_happy.wav,0.4775771498680115
1530,indextts,angry,/srv/RL_project/repo/outputs/wav/001530_indextts_angry.wav,0.366472065448761
1531,indextts,sad,/srv/RL_project/repo/outputs/wav/001531_indextts_sad.wav,0.5276106595993042
1532,indextts,angry,/srv/RL_project/repo/outputs/wav/001532_indextts_angry.wav,0.3496929407119751
1533,indextts,fearful,/srv/RL_project/repo/outputs/wav/001533_indextts_fearful.wav,0.43576163053512573
1534,indextts,surprised,/srv/RL_project/repo/outputs/wav/001534_indextts_surprised.wav,0.337261438369751
1535,indextts,sad,/srv/RL_project/repo/outputs/wav/001535_indextts_sad.wav,0.5123887062072754
1536,indextts,sad,/srv/RL_project/repo/outputs/wav/001536_indextts_sad.wav,0.4119085371494293
1537,indextts,happy,/srv/RL_project/repo/outputs/wav/001537_indextts_happy.wav,0.5165636539459229
1538,indextts,surprised,/srv/RL_project/repo/outputs/wav/001538_indextts_surprised.wav,0.46188977360725403
1539,indextts,happy,/srv/RL_project/repo/outputs/wav/001539_indextts_happy.wav,0.418716162443161
1540,indextts,disgusted,/srv/RL_project/repo/outputs/wav/001540_indextts_disgusted.wav,0.20491313934326172
1541,indextts,neutral,/srv/RL_project/repo/outputs/wav/001541_indextts_neutral.wav,0.4458392858505249
1542,indextts,happy,/srv/RL_project/repo/outputs/wav/001542_indextts_happy.wav,0.4382058382034302
1543,indextts,sad,/srv/RL_project/repo/outputs/wav/001543_indextts_sad.wav,0.47034329175949097
1544,indextts,happy,/srv/RL_project/repo/outputs/wav/001544_indextts_happy.wav,0.4223310947418213
1545,indextts,neutral,/srv/RL_project/repo/outputs/wav/001545_indextts_neutral.wav,0.6675324440002441
1546,indextts,sad,/srv/RL_project/repo/outputs/wav/001546_indextts_sad.wav,0.5504558086395264
1547,indextts,fearful,/srv/RL_project/repo/outputs/wav/001547_indextts_fearful.wav,0.14043888449668884
1548,indextts,happy,/srv/RL_project/repo/outputs/wav/001548_indextts_happy.wav,0.5631176829338074
1549,indextts,surprised,/srv/RL_project/repo/outputs/wav/001549_indextts_surprised.wav,0.3944394588470459
1550,indextts,sad,/srv/RL_project/repo/outputs/wav/001550_indextts_sad.wav,0.5623375177383423
1551,indextts,neutral,/srv/RL_project/repo/outputs/wav/001551_indextts_neutral.wav,0.5404130816459656
1552,indextts,disgusted,/srv/RL_project/repo/outputs/wav/001552_indextts_disgusted.wav,0.27730393409729004
1553,indextts,sad,/srv/RL_project/repo/outputs/wav/001553_indextts_sad.wav,0.5589670538902283
1554,indextts,angry,/srv/RL_project/repo/outputs/wav/001554_indextts_angry.wav,0.4117797911167145
1555,indextts,happy,/srv/RL_project/repo/outputs/wav/001555_indextts_happy.wav,0.5374677181243896
1556,indextts,angry,/srv/RL_project/repo/outputs/wav/001556_indextts_angry.wav,0.379869669675827
1557,indextts,sad,/srv/RL_project/repo/outputs/wav/001557_indextts_sad.wav,0.519546627998352
1558,indextts,disgusted,/srv/RL_project/repo/outputs/wav/001558_indextts_disgusted.wav,0.43288907408714294
1559,indextts,fearful,/srv/RL_project/repo/outputs/wav/001559_indextts_fearful.wav,0.5875129699707031
1560,indextts,sad,/srv/RL_project/repo/outputs/wav/001560_indextts_sad.wav,0.5720899105072021
1561,indextts,surprised,/srv/RL_project/repo/outputs/wav/001561_indextts_surprised.wav,0.5130224823951721
1562,indextts,angry,/srv/RL_project/repo/outputs/wav/001562_indextts_angry.wav,0.1934102326631546
1563,indextts,happy,/srv/RL_project/repo/outputs/wav/001563_indextts_happy.wav,0.5612848997116089
1564,indextts,fearful,/srv/RL_project/repo/outputs/wav/001564_indextts_fearful.wav,0.45599082112312317
1565,indextts,angry,/srv/RL_project/repo/outputs/wav/001565_indextts_angry.wav,0.28472310304641724
1566,indextts,happy,/srv/RL_project/repo/outputs/wav/001566_indextts_happy.wav,0.5469223260879517
1567,indextts,fearful,/srv/RL_project/repo/outputs/wav/001567_indextts_fearful.wav,0.5320945382118225
1568,indextts,neutral,/srv/RL_project/repo/outputs/wav/001568_indextts_neutral.wav,0.5757008790969849
1569,indextts,sad,/srv/RL_project/repo/outputs/wav/001569_indextts_sad.wav,0.5485246181488037
1570,indextts,neutral,/srv/RL_project/repo/outputs/wav/001570_indextts_neutral.wav,0.5824376940727234
1571,indextts,disgusted,/srv/RL_project/repo/outputs/wav/001571_indextts_disgusted.wav,0.4669409990310669
1572,indextts,disgusted,/srv/RL_project/repo/outputs/wav/001572_indextts_disgusted.wav,0.6142576932907104
1573,indextts,sad,/srv/RL_project/repo/outputs/wav/001573_indextts_sad.wav,0.3497762084007263
1574,indextts,neutral,/srv/RL_project/repo/outputs/wav/001574_indextts_neutral.wav,0.6667644381523132
1575,indextts,angry,/srv/RL_project/repo/outputs/wav/001575_indextts_angry.wav,0.38262778520584106
1576,indextts,disgusted,/srv/RL_project/repo/outputs/wav/001576_indextts_disgusted.wav,0.5790517330169678
1577,indextts,happy,/srv/RL_project/repo/outputs/wav/001577_indextts_happy.wav,0.5755276083946228
1578,indextts,fearful,/srv/RL_project/repo/outputs/wav/001578_indextts_fearful.wav,0.4053063988685608
1579,indextts,disgusted,/srv/RL_project/repo/outputs/wav/001579_indextts_disgusted.wav,0.6118024587631226
1580,indextts,angry,/srv/RL_project/repo/outputs/wav/001580_indextts_angry.wav,0.3171480894088745
1581,indextts,disgusted,/srv/RL_project/repo/outputs/wav/001581_indextts_disgusted.wav,0.5290063619613647
1582,indextts,happy,/srv/RL_project/repo/outputs/wav/001582_indextts_happy.wav,0.6250507235527039
1583,indextts,angry,/srv/RL_project/repo/outputs/wav/001583_indextts_angry.wav,0.37214285135269165
1584,indextts,neutral,/srv/RL_project/repo/outputs/wav/001584_indextts_neutral.wav,0.5106387138366699
1585,indextts,disgusted,/srv/RL_project/repo/outputs/wav/001585_indextts_disgusted.wav,0.525225043296814
1586,indextts,disgusted,/srv/RL_project/repo/outputs/wav/001586_indextts_disgusted.wav,0.5745105147361755
1587,indextts,surprised,/srv/RL_project/repo/outputs/wav/001587_indextts_surprised.wav,0.5062941908836365
1588,indextts,surprised,/srv/RL_project/repo/outputs/wav/001588_indextts_surprised.wav,0.4883590340614319
1589,indextts,disgusted,/srv/RL_project/repo/outputs/wav/001589_indextts_disgusted.wav,0.5561792254447937
1590,indextts,surprised,/srv/RL_project/repo/outputs/wav/001590_indextts_surprised.wav,0.48188185691833496
1591,indextts,sad,/srv/RL_project/repo/outputs/wav/001591_indextts_sad.wav,0.45280635356903076
1592,indextts,happy,/srv/RL_project/repo/outputs/wav/001592_indextts_happy.wav,0.4677964746952057
1593,indextts,surprised,/srv/RL_project/repo/outputs/wav/001593_indextts_surprised.wav,0.5120311379432678
1594,indextts,fearful,/srv/RL_project/repo/outputs/wav/001594_indextts_fearful.wav,0.41252490878105164
1595,indextts,angry,/srv/RL_project/repo/outputs/wav/001595_indextts_angry.wav,0.3174246847629547
1596,indextts,surprised,/srv/RL_project/repo/outputs/wav/001596_indextts_surprised.wav,0.5308254361152649
1597,indextts,neutral,/srv/RL_project/repo/outputs/wav/001597_indextts_neutral.wav,0.5815788507461548
1598,indextts,disgusted,/srv/RL_project/repo/outputs/wav/001598_indextts_disgusted.wav,0.45875659584999084
1599,indextts,surprised,/srv/RL_project/repo/outputs/wav/001599_indextts_surprised.wav,0.4827005863189697
1600,indextts,fearful,/srv/RL_project/repo/outputs/wav/001600_indextts_fearful.wav,0.38474369049072266
1601,indextts,angry,/srv/RL_project/repo/outputs/wav/001601_indextts_angry.wav,0.3325514793395996
1602,indextts,fearful,/srv/RL_project/repo/outputs/wav/001602_indextts_fearful.wav,0.47209882736206055
1603,indextts,fearful,/srv/RL_project/repo/outputs/wav/001603_indextts_fearful.wav,0.6074298024177551
1604,indextts,happy,/srv/RL_project/repo/outputs/wav/001604_indextts_happy.wav,0.5286190509796143
1605,indextts,angry,/srv/RL_project/repo/outputs/wav/001605_indextts_angry.wav,0.28207963705062866
1606,indextts,angry,/srv/RL_project/repo/outputs/wav/001606_indextts_angry.wav,0.3480761647224426
1607,indextts,sad,/srv/RL_project/repo/outputs/wav/001607_indextts_sad.wav,0.5068309307098389
1608,indextts,angry,/srv/RL_project/repo/outputs/wav/001608_indextts_angry.wav,0.32521355152130127
1609,indextts,neutral,/srv/RL_project/repo/outputs/wav/001609_indextts_neutral.wav,0.6368494629859924
1610,indextts,sad,/srv/RL_project/repo/outputs/wav/001610_indextts_sad.wav,0.5641663074493408
1611,indextts,surprised,/srv/RL_project/repo/outputs/wav/001611_indextts_surprised.wav,0.4643193483352661
1612,indextts,fearful,/srv/RL_project/repo/outputs/wav/001612_indextts_fearful.wav,0.4354300796985626
1613,indextts,surprised,/srv/RL_project/repo/outputs/wav/001613_indextts_surprised.wav,0.35328754782676697
1614,indextts,happy,/srv/RL_project/repo/outputs/wav/001614_indextts_happy.wav,0.5157333612442017
1615,indextts,angry,/srv/RL_project/repo/outputs/wav/001615_indextts_angry.wav,0.24930034577846527
1616,indextts,surprised,/srv/RL_project/repo/outputs/wav/001616_indextts_surprised.wav,0.5823036432266235
1617,indextts,neutral,/srv/RL_project/repo/outputs/wav/001617_indextts_neutral.wav,0.6652920246124268
1618,indextts,neutral,/srv/RL_project/repo/outputs/wav/001618_indextts_neutral.wav,0.6100244522094727
1619,indextts,happy,/srv/RL_project/repo/outputs/wav/001619_indextts_happy.wav,0.5942246317863464
1620,indextts,disgusted,/srv/RL_project/repo/outputs/wav/001620_indextts_disgusted.wav,0.6063282489776611
1621,indextts,happy,/srv/RL_project/repo/outputs/wav/001621_indextts_happy.wav,0.5752644538879395
1622,indextts,disgusted,/srv/RL_project/repo/outputs/wav/001622_indextts_disgusted.wav,0.6391522288322449
1623,indextts,happy,/srv/RL_project/repo/outputs/wav/001623_indextts_happy.wav,0.621428906917572
1624,indextts,happy,/srv/RL_project/repo/outputs/wav/001624_indextts_happy.wav,0.552973210811615
1625,indextts,disgusted,/srv/RL_project/repo/outputs/wav/001625_indextts_disgusted.wav,0.5384178757667542
1626,indextts,fearful,/srv/RL_project/repo/outputs/wav/001626_indextts_fearful.wav,0.44738566875457764
1627,indextts,angry,/srv/RL_project/repo/outputs/wav/001627_indextts_angry.wav,0.37422144412994385
1628,indextts,happy,/srv/RL_project/repo/outputs/wav/001628_indextts_happy.wav,0.09009049832820892
1629,indextts,surprised,/srv/RL_project/repo/outputs/wav/001629_indextts_surprised.wav,0.32514387369155884
1630,indextts,angry,/srv/RL_project/repo/outputs/wav/001630_indextts_angry.wav,0.42691656947135925
1631,indextts,surprised,/srv/RL_project/repo/outputs/wav/001631_indextts_surprised.wav,0.5111309289932251
1632,indextts,happy,/srv/RL_project/repo/outputs/wav/001632_indextts_happy.wav,0.6388036608695984
1633,indextts,disgusted,/srv/RL_project/repo/outputs/wav/001633_indextts_disgusted.wav,0.6138505339622498
1634,indextts,angry,/srv/RL_project/repo/outputs/wav/001634_indextts_angry.wav,0.3384985625743866
1635,indextts,angry,/srv/RL_project/repo/outputs/wav/001635_indextts_angry.wav,0.31928756833076477
1636,indextts,neutral,/srv/RL_project/repo/outputs/wav/001636_indextts_neutral.wav,0.5023050904273987
1637,indextts,fearful,/srv/RL_project/repo/outputs/wav/001637_indextts_fearful.wav,0.5662698149681091
1638,indextts,disgusted,/srv/RL_project/repo/outputs/wav/001638_indextts_disgusted.wav,0.6333905458450317
1639,indextts,angry,/srv/RL_project/repo/outputs/wav/001639_indextts_angry.wav,0.41066113114356995
1640,indextts,surprised,/srv/RL_project/repo/outputs/wav/001640_indextts_surprised.wav,0.14866884052753448
1641,indextts,fearful,/srv/RL_project/repo/outputs/wav/001641_indextts_fearful.wav,0.5011439323425293
1642,indextts,fearful,/srv/RL_project/repo/outputs/wav/001642_indextts_fearful.wav,0.5473529100418091
1643,indextts,sad,/srv/RL_project/repo/outputs/wav/001643_indextts_sad.wav,0.5512000322341919
1644,indextts,surprised,/srv/RL_project/repo/outputs/wav/001644_indextts_surprised.wav,0.46840140223503113
1645,indextts,disgusted,/srv/RL_project/repo/outputs/wav/001645_indextts_disgusted.wav,0.5624042749404907
1646,indextts,disgusted,/srv/RL_project/repo/outputs/wav/001646_indextts_disgusted.wav,0.5954464077949524
1647,indextts,neutral,/srv/RL_project/repo/outputs/wav/001647_indextts_neutral.wav,0.6489155292510986
1648,indextts,surprised,/srv/RL_project/repo/outputs/wav/001648_indextts_surprised.wav,0.537132740020752
1649,indextts,angry,/srv/RL_project/repo/outputs/wav/001649_indextts_angry.wav,0.5551205277442932
1650,indextts,happy,/srv/RL_project/repo/outputs/wav/001650_indextts_happy.wav,0.5061122179031372
1651,indextts,happy,/srv/RL_project/repo/outputs/wav/001651_indextts_happy.wav,0.2466302514076233
1652,indextts,surprised,/srv/RL_project/repo/outputs/wav/001652_indextts_surprised.wav,0.5255177617073059
1653,indextts,happy,/srv/RL_project/repo/outputs/wav/001653_indextts_happy.wav,0.5128075480461121
1654,indextts,fearful,/srv/RL_project/repo/outputs/wav/001654_indextts_fearful.wav,0.6589421629905701
1655,indextts,surprised,/srv/RL_project/repo/outputs/wav/001655_indextts_surprised.wav,0.42612242698669434
1656,indextts,disgusted,/srv/RL_project/repo/outputs/wav/001656_indextts_disgusted.wav,0.5678991675376892
1657,indextts,surprised,/srv/RL_project/repo/outputs/wav/001657_indextts_surprised.wav,0.48199790716171265
1658,indextts,neutral,/srv/RL_project/repo/outputs/wav/001658_indextts_neutral.wav,0.42798665165901184
1659,indextts,disgusted,/srv/RL_project/repo/outputs/wav/001659_indextts_disgusted.wav,0.5514440536499023
1660,indextts,fearful,/srv/RL_project/repo/outputs/wav/001660_indextts_fearful.wav,0.503516674041748
1661,indextts,surprised,/srv/RL_project/repo/outputs/wav/001661_indextts_surprised.wav,0.5432315468788147
1662,indextts,angry,/srv/RL_project/repo/outputs/wav/001662_indextts_angry.wav,0.48029184341430664
1663,indextts,fearful,/srv/RL_project/repo/outputs/wav/001663_indextts_fearful.wav,0.4872083067893982
1664,indextts,neutral,/srv/RL_project/repo/outputs/wav/001664_indextts_neutral.wav,0.6068655252456665
1665,indextts,angry,/srv/RL_project/repo/outputs/wav/001665_indextts_angry.wav,0.16920430958271027
1666,indextts,angry,/srv/RL_project/repo/outputs/wav/001666_indextts_angry.wav,0.3028029501438141
1667,indextts,angry,/srv/RL_project/repo/outputs/wav/001667_indextts_angry.wav,0.39213043451309204
1668,indextts,disgusted,/srv/RL_project/repo/outputs/wav/001668_indextts_disgusted.wav,0.6419705748558044
1669,indextts,happy,/srv/RL_project/repo/outputs/wav/001669_indextts_happy.wav,0.5960686206817627
1670,indextts,disgusted,/srv/RL_project/repo/outputs/wav/001670_indextts_disgusted.wav,0.5219123959541321
1671,indextts,angry,/srv/RL_project/repo/outputs/wav/001671_indextts_angry.wav,0.1925317496061325
1672,indextts,disgusted,/srv/RL_project/repo/outputs/wav/001672_indextts_disgusted.wav,0.6580560803413391
1673,indextts,happy,/srv/RL_project/repo/outputs/wav/001673_indextts_happy.wav,0.5112420320510864
1674,indextts,surprised,/srv/RL_project/repo/outputs/wav/001674_indextts_surprised.wav,0.23431771993637085
1675,indextts,fearful,/srv/RL_project/repo/outputs/wav/001675_indextts_fearful.wav,0.502784013748169
1676,indextts,disgusted,/srv/RL_project/repo/outputs/wav/001676_indextts_disgusted.wav,0.5409250259399414
1677,indextts,happy,/srv/RL_project/repo/outputs/wav/001677_indextts_happy.wav,0.3974655568599701
1678,indextts,neutral,/srv/RL_project/repo/outputs/wav/001678_indextts_neutral.wav,0.5239052176475525
1679,indextts,fearful,/srv/RL_project/repo/outputs/wav/001679_indextts_fearful.wav,0.23489534854888916
1680,indextts,happy,/srv/RL_project/repo/outputs/wav/001680_indextts_happy.wav,0.616183340549469
1681,indextts,fearful,/srv/RL_project/repo/outputs/wav/001681_indextts_fearful.wav,0.38321855664253235
1682,indextts,sad,/srv/RL_project/repo/outputs/wav/001682_indextts_sad.wav,0.6402584314346313
1683,indextts,neutral,/srv/RL_project/repo/outputs/wav/001683_indextts_neutral.wav,0.5742743611335754
1684,indextts,angry,/srv/RL_project/repo/outputs/wav/001684_indextts_angry.wav,0.4743410646915436
1685,indextts,disgusted,/srv/RL_project/repo/outputs/wav/001685_indextts_disgusted.wav,0.5612286925315857
1686,indextts,happy,/srv/RL_project/repo/outputs/wav/001686_indextts_happy.wav,0.4768306016921997
1687,indextts,sad,/srv/RL_project/repo/outputs/wav/001687_indextts_sad.wav,0.6270617246627808
1688,indextts,disgusted,/srv/RL_project/repo/outputs/wav/001688_indextts_disgusted.wav,0.4704814851284027
1689,indextts,sad,/srv/RL_project/repo/outputs/wav/001689_indextts_sad.wav,0.4104766845703125
1690,indextts,neutral,/srv/RL_project/repo/outputs/wav/001690_indextts_neutral.wav,0.6219049692153931
1691,indextts,happy,/srv/RL_project/repo/outputs/wav/001691_indextts_happy.wav,0.5012185573577881
1692,indextts,surprised,/srv/RL_project/repo/outputs/wav/001692_indextts_surprised.wav,0.5247534513473511
1693,indextts,happy,/srv/RL_project/repo/outputs/wav/001693_indextts_happy.wav,0.6026632785797119
1694,indextts,surprised,/srv/RL_project/repo/outputs/wav/001694_indextts_surprised.wav,0.279079794883728
1695,indextts,sad,/srv/RL_project/repo/outputs/wav/001695_indextts_sad.wav,0.5051642060279846
1696,indextts,neutral,/srv/RL_project/repo/outputs/wav/001696_indextts_neutral.wav,0.5452075600624084
1697,indextts,sad,/srv/RL_project/repo/outputs/wav/001697_indextts_sad.wav,0.5972457528114319
1698,indextts,neutral,/srv/RL_project/repo/outputs/wav/001698_indextts_neutral.wav,0.553462028503418
1699,indextts,angry,/srv/RL_project/repo/outputs/wav/001699_indextts_angry.wav,0.49623697996139526
1700,indextts,neutral,/srv/RL_project/repo/outputs/wav/001700_indextts_neutral.wav,0.6292169094085693
1701,indextts,disgusted,/srv/RL_project/repo/outputs/wav/001701_indextts_disgusted.wav,0.5744435787200928
1702,indextts,surprised,/srv/RL_project/repo/outputs/wav/001702_indextts_surprised.wav,0.5233123302459717
1703,indextts,angry,/srv/RL_project/repo/outputs/wav/001703_indextts_angry.wav,0.39284512400627136
1704,indextts,disgusted,/srv/RL_project/repo/outputs/wav/001704_indextts_disgusted.wav,0.5155175924301147
1705,indextts,sad,/srv/RL_project/repo/outputs/wav/001705_indextts_sad.wav,0.6197653412818909
1706,indextts,neutral,/srv/RL_project/repo/outputs/wav/001706_indextts_neutral.wav,0.6313314437866211
1707,indextts,surprised,/srv/RL_project/repo/outputs/wav/001707_indextts_surprised.wav,0.4435011148452759
1708,indextts,disgusted,/srv/RL_project/repo/outputs/wav/001708_indextts_disgusted.wav,0.12989425659179688
1709,indextts,surprised,/srv/RL_project/repo/outputs/wav/001709_indextts_surprised.wav,0.39453738927841187
1710,indextts,neutral,/srv/RL_project/repo/outputs/wav/001710_indextts_neutral.wav,0.5893521904945374
1711,indextts,sad,/srv/RL_project/repo/outputs/wav/001711_indextts_sad.wav,0.4973585903644562
1712,indextts,surprised,/srv/RL_project/repo/outputs/wav/001712_indextts_surprised.wav,0.5236852169036865
1713,indextts,fearful,/srv/RL_project/repo/outputs/wav/001713_indextts_fearful.wav,0.3839207589626312
1714,indextts,angry,/srv/RL_project/repo/outputs/wav/001714_indextts_angry.wav,0.29784393310546875
1715,indextts,happy,/srv/RL_project/repo/outputs/wav/001715_indextts_happy.wav,0.5035128593444824
1716,indextts,neutral,/srv/RL_project/repo/outputs/wav/001716_indextts_neutral.wav,0.6175879240036011
1717,indextts,sad,/srv/RL_project/repo/outputs/wav/001717_indextts_sad.wav,0.5683504343032837
1718,indextts,fearful,/srv/RL_project/repo/outputs/wav/001718_indextts_fearful.wav,0.5803562998771667
1719,indextts,happy,/srv/RL_project/repo/outputs/wav/001719_indextts_happy.wav,0.4767269194126129
1720,indextts,angry,/srv/RL_project/repo/outputs/wav/001720_indextts_angry.wav,0.10162144899368286
1721,indextts,surprised,/srv/RL_project/repo/outputs/wav/001721_indextts_surprised.wav,0.4581888020038605
1722,indextts,disgusted,/srv/RL_project/repo/outputs/wav/001722_indextts_disgusted.wav,0.5505319833755493
1723,indextts,disgusted,/srv/RL_project/repo/outputs/wav/001723_indextts_disgusted.wav,0.4850144684314728
1724,indextts,angry,/srv/RL_project/repo/outputs/wav/001724_indextts_angry.wav,0.2502797544002533
1725,indextts,fearful,/srv/RL_project/repo/outputs/wav/001725_indextts_fearful.wav,0.5355890393257141
1726,indextts,fearful,/srv/RL_project/repo/outputs/wav/001726_indextts_fearful.wav,0.1106715202331543
1727,indextts,surprised,/srv/RL_project/repo/outputs/wav/001727_indextts_surprised.wav,0.47117653489112854
1728,indextts,disgusted,/srv/RL_project/repo/outputs/wav/001728_indextts_disgusted.wav,0.5521724224090576
1729,indextts,happy,/srv/RL_project/repo/outputs/wav/001729_indextts_happy.wav,0.430248498916626
1730,indextts,surprised,/srv/RL_project/repo/outputs/wav/001730_indextts_surprised.wav,0.3783729076385498
1731,indextts,happy,/srv/RL_project/repo/outputs/wav/001731_indextts_happy.wav,0.5893124341964722
1732,indextts,fearful,/srv/RL_project/repo/outputs/wav/001732_indextts_fearful.wav,0.420080304145813
1733,indextts,sad,/srv/RL_project/repo/outputs/wav/001733_indextts_sad.wav,0.5449231863021851
1734,indextts,happy,/srv/RL_project/repo/outputs/wav/001734_indextts_happy.wav,0.5839264392852783
1735,indextts,surprised,/srv/RL_project/repo/outputs/wav/001735_indextts_surprised.wav,0.4199540615081787
1736,indextts,disgusted,/srv/RL_project/repo/outputs/wav/001736_indextts_disgusted.wav,0.44393065571784973
1737,indextts,sad,/srv/RL_project/repo/outputs/wav/001737_indextts_sad.wav,0.17865459620952606
1738,indextts,neutral,/srv/RL_project/repo/outputs/wav/001738_indextts_neutral.wav,0.5917736887931824
1739,indextts,neutral,/srv/RL_project/repo/outputs/wav/001739_indextts_neutral.wav,0.5599793195724487
1740,indextts,angry,/srv/RL_project/repo/outputs/wav/001740_indextts_angry.wav,0.39927273988723755
1741,indextts,sad,/srv/RL_project/repo/outputs/wav/001741_indextts_sad.wav,0.531926691532135
1742,indextts,surprised,/srv/RL_project/repo/outputs/wav/001742_indextts_surprised.wav,0.5446199178695679
1743,indextts,neutral,/srv/RL_project/repo/outputs/wav/001743_indextts_neutral.wav,0.6222121715545654
1744,indextts,fearful,/srv/RL_project/repo/outputs/wav/001744_indextts_fearful.wav,0.5271961688995361
1745,indextts,fearful,/srv/RL_project/repo/outputs/wav/001745_indextts_fearful.wav,0.5304252505302429
1746,indextts,fearful,/srv/RL_project/repo/outputs/wav/001746_indextts_fearful.wav,0.5809440016746521
1747,indextts,sad,/srv/RL_project/repo/outputs/wav/001747_indextts_sad.wav,0.44396090507507324
1748,indextts,disgusted,/srv/RL_project/repo/outputs/wav/001748_indextts_disgusted.wav,0.5027807950973511
1749,indextts,happy,/srv/RL_project/repo/outputs/wav/001749_indextts_happy.wav,0.0486639104783535
1750,indextts,fearful,/srv/RL_project/repo/outputs/wav/001750_indextts_fearful.wav,0.4644644260406494
1751,indextts,disgusted,/srv/RL_project/repo/outputs/wav/001751_indextts_disgusted.wav,0.5526233911514282
1752,indextts,angry,/srv/RL_project/repo/outputs/wav/001752_indextts_angry.wav,0.1326969712972641
1753,indextts,disgusted,/srv/RL_project/repo/outputs/wav/001753_indextts_disgusted.wav,0.6030110716819763
1754,indextts,surprised,/srv/RL_project/repo/outputs/wav/001754_indextts_surprised.wav,0.4359856843948364
1755,indextts,disgusted,/srv/RL_project/repo/outputs/wav/001755_indextts_disgusted.wav,0.5332779884338379
1756,indextts,disgusted,/srv/RL_project/repo/outputs/wav/001756_indextts_disgusted.wav,0.5203869342803955
1757,indextts,disgusted,/srv/RL_project/repo/outputs/wav/001757_indextts_disgusted.wav,0.468744695186615
1758,indextts,angry,/srv/RL_project/repo/outputs/wav/001758_indextts_angry.wav,0.43481820821762085
1759,indextts,neutral,/srv/RL_project/repo/outputs/wav/001759_indextts_neutral.wav,0.557300329208374
1760,indextts,surprised,/srv/RL_project/repo/outputs/wav/001760_indextts_surprised.wav,0.5162844657897949
1761,indextts,fearful,/srv/RL_project/repo/outputs/wav/001761_indextts_fearful.wav,0.5190876126289368
1762,indextts,fearful,/srv/RL_project/repo/outputs/wav/001762_indextts_fearful.wav,0.412005752325058
1763,indextts,fearful,/srv/RL_project/repo/outputs/wav/001763_indextts_fearful.wav,0.5806513428688049
1764,indextts,happy,/srv/RL_project/repo/outputs/wav/001764_indextts_happy.wav,0.5237081050872803
1765,indextts,fearful,/srv/RL_project/repo/outputs/wav/001765_indextts_fearful.wav,0.352908194065094
1766,indextts,fearful,/srv/RL_project/repo/outputs/wav/001766_indextts_fearful.wav,0.326058030128479
1767,indextts,disgusted,/srv/RL_project/repo/outputs/wav/001767_indextts_disgusted.wav,0.412092387676239
1768,indextts,happy,/srv/RL_project/repo/outputs/wav/001768_indextts_happy.wav,0.18159106373786926
1769,indextts,disgusted,/srv/RL_project/repo/outputs/wav/001769_indextts_disgusted.wav,0.5268499851226807
1770,indextts,angry,/srv/RL_project/repo/outputs/wav/001770_indextts_angry.wav,0.43171530961990356
1771,indextts,happy,/srv/RL_project/repo/outputs/wav/001771_indextts_happy.wav,0.5159889459609985
1772,indextts,angry,/srv/RL_project/repo/outputs/wav/001772_indextts_angry.wav,0.34277766942977905
1773,indextts,angry,/srv/RL_project/repo/outputs/wav/001773_indextts_angry.wav,0.15545672178268433
1774,indextts,happy,/srv/RL_project/repo/outputs/wav/001774_indextts_happy.wav,0.5366233587265015
1775,indextts,disgusted,/srv/RL_project/repo/outputs/wav/001775_indextts_disgusted.wav,0.4148005247116089
1776,indextts,surprised,/srv/RL_project/repo/outputs/wav/001776_indextts_surprised.wav,0.46789735555648804
1777,indextts,happy,/srv/RL_project/repo/outputs/wav/001777_indextts_happy.wav,0.4638901352882385
1778,indextts,sad,/srv/RL_project/repo/outputs/wav/001778_indextts_sad.wav,0.3778914213180542
1779,indextts,happy,/srv/RL_project/repo/outputs/wav/001779_indextts_happy.wav,0.6126509308815002
1780,indextts,angry,/srv/RL_project/repo/outputs/wav/001780_indextts_angry.wav,0.392948180437088
1781,indextts,fearful,/srv/RL_project/repo/outputs/wav/001781_indextts_fearful.wav,0.5616433620452881
1782,indextts,disgusted,/srv/RL_project/repo/outputs/wav/001782_indextts_disgusted.wav,0.32053297758102417
1783,indextts,angry,/srv/RL_project/repo/outputs/wav/001783_indextts_angry.wav,0.3796665370464325
1784,indextts,fearful,/srv/RL_project/repo/outputs/wav/001784_indextts_fearful.wav,0.4649975597858429
1785,indextts,surprised,/srv/RL_project/repo/outputs/wav/001785_indextts_surprised.wav,0.43280184268951416
1786,indextts,happy,/srv/RL_project/repo/outputs/wav/001786_indextts_happy.wav,0.5061383843421936
1787,indextts,disgusted,/srv/RL_project/repo/outputs/wav/001787_indextts_disgusted.wav,0.590997576713562
1788,indextts,sad,/srv/RL_project/repo/outputs/wav/001788_indextts_sad.wav,0.3035975694656372
1789,indextts,fearful,/srv/RL_project/repo/outputs/wav/001789_indextts_fearful.wav,0.38258346915245056
1790,indextts,sad,/srv/RL_project/repo/outputs/wav/001790_indextts_sad.wav,0.5368322134017944
1791,indextts,angry,/srv/RL_project/repo/outputs/wav/001791_indextts_angry.wav,0.3503192961215973
1792,indextts,fearful,/srv/RL_project/repo/outputs/wav/001792_indextts_fearful.wav,0.5849975347518921
1793,indextts,sad,/srv/RL_project/repo/outputs/wav/001793_indextts_sad.wav,0.45033466815948486
1794,indextts,fearful,/srv/RL_project/repo/outputs/wav/001794_indextts_fearful.wav,0.44697678089141846
1795,indextts,sad,/srv/RL_project/repo/outputs/wav/001795_indextts_sad.wav,0.4993788003921509
1796,indextts,sad,/srv/RL_project/repo/outputs/wav/001796_indextts_sad.wav,0.5058377981185913
1797,indextts,surprised,/srv/RL_project/repo/outputs/wav/001797_indextts_surprised.wav,0.46509507298469543
1798,indextts,disgusted,/srv/RL_project/repo/outputs/wav/001798_indextts_disgusted.wav,0.44344857335090637
1799,indextts,disgusted,/srv/RL_project/repo/outputs/wav/001799_indextts_disgusted.wav,0.6437710523605347
1800,indextts,neutral,/srv/RL_project/repo/outputs/wav/001800_indextts_neutral.wav,0.6412409543991089
1801,indextts,happy,/srv/RL_project/repo/outputs/wav/001801_indextts_happy.wav,0.5496698617935181
1802,indextts,happy,/srv/RL_project/repo/outputs/wav/001802_indextts_happy.wav,0.5614647269248962
1803,indextts,surprised,/srv/RL_project/repo/outputs/wav/001803_indextts_surprised.wav,0.43729498982429504
1804,indextts,neutral,/srv/RL_project/repo/outputs/wav/001804_indextts_neutral.wav,0.5416707396507263
1805,indextts,surprised,/srv/RL_project/repo/outputs/wav/001805_indextts_surprised.wav,0.37756848335266113
1806,indextts,surprised,/srv/RL_project/repo/outputs/wav/001806_indextts_surprised.wav,0.4420856237411499
1807,indextts,surprised,/srv/RL_project/repo/outputs/wav/001807_indextts_surprised.wav,0.3118898272514343
1808,indextts,surprised,/srv/RL_project/repo/outputs/wav/001808_indextts_surprised.wav,0.32321056723594666
1809,indextts,angry,/srv/RL_project/repo/outputs/wav/001809_indextts_angry.wav,0.34431612491607666
1810,indextts,happy,/srv/RL_project/repo/outputs/wav/001810_indextts_happy.wav,0.5697495937347412
1811,indextts,fearful,/srv/RL_project/repo/outputs/wav/001811_indextts_fearful.wav,0.45886698365211487
1812,indextts,surprised,/srv/RL_project/repo/outputs/wav/001812_indextts_surprised.wav,0.5071849226951599
1813,indextts,sad,/srv/RL_project/repo/outputs/wav/001813_indextts_sad.wav,0.1814955174922943
1814,indextts,neutral,/srv/RL_project/repo/outputs/wav/001814_indextts_neutral.wav,0.6518493890762329
1815,indextts,sad,/srv/RL_project/repo/outputs/wav/001815_indextts_sad.wav,0.6635230779647827
1816,indextts,disgusted,/srv/RL_project/repo/outputs/wav/001816_indextts_disgusted.wav,0.5388661623001099
1817,indextts,happy,/srv/RL_project/repo/outputs/wav/001817_indextts_happy.wav,0.48989561200141907
1818,indextts,neutral,/srv/RL_project/repo/outputs/wav/001818_indextts_neutral.wav,0.5628470778465271
1819,indextts,surprised,/srv/RL_project/repo/outputs/wav/001819_indextts_surprised.wav,0.4110575318336487
1820,indextts,surprised,/srv/RL_project/repo/outputs/wav/001820_indextts_surprised.wav,0.49600768089294434
1821,indextts,angry,/srv/RL_project/repo/outputs/wav/001821_indextts_angry.wav,0.3757653832435608
1822,indextts,sad,/srv/RL_project/repo/outputs/wav/001822_indextts_sad.wav,0.5911550521850586
1823,indextts,fearful,/srv/RL_project/repo/outputs/wav/001823_indextts_fearful.wav,0.6135350465774536
1824,indextts,disgusted,/srv/RL_project/repo/outputs/wav/001824_indextts_disgusted.wav,0.47985291481018066
1825,indextts,disgusted,/srv/RL_project/repo/outputs/wav/001825_indextts_disgusted.wav,0.6059339046478271
1826,indextts,surprised,/srv/RL_project/repo/outputs/wav/001826_indextts_surprised.wav,0.5157482028007507
1827,indextts,neutral,/srv/RL_project/repo/outputs/wav/001827_indextts_neutral.wav,0.5959412455558777
1828,indextts,disgusted,/srv/RL_project/repo/outputs/wav/001828_indextts_disgusted.wav,0.4372788667678833
1829,indextts,surprised,/srv/RL_project/repo/outputs/wav/001829_indextts_surprised.wav,0.4884549677371979
1830,indextts,happy,/srv/RL_project/repo/outputs/wav/001830_indextts_happy.wav,0.5774723887443542
1831,indextts,happy,/srv/RL_project/repo/outputs/wav/001831_indextts_happy.wav,0.4134189486503601
1832,indextts,sad,/srv/RL_project/repo/outputs/wav/001832_indextts_sad.wav,0.6436911821365356
1833,indextts,fearful,/srv/RL_project/repo/outputs/wav/001833_indextts_fearful.wav,0.5338423848152161
1834,indextts,disgusted,/srv/RL_project/repo/outputs/wav/001834_indextts_disgusted.wav,0.5025026798248291
1835,indextts,neutral,/srv/RL_project/repo/outputs/wav/001835_indextts_neutral.wav,0.46273016929626465
1836,indextts,disgusted,/srv/RL_project/repo/outputs/wav/001836_indextts_disgusted.wav,0.4142490327358246
1837,indextts,angry,/srv/RL_project/repo/outputs/wav/001837_indextts_angry.wav,0.4499145746231079
1838,indextts,disgusted,/srv/RL_project/repo/outputs/wav/001838_indextts_disgusted.wav,0.6201602220535278
1839,indextts,fearful,/srv/RL_project/repo/outputs/wav/001839_indextts_fearful.wav,0.5301287770271301
1840,indextts,fearful,/srv/RL_project/repo/outputs/wav/001840_indextts_fearful.wav,0.4564412832260132
1841,indextts,neutral,/srv/RL_project/repo/outputs/wav/001841_indextts_neutral.wav,0.08673712611198425
1842,indextts,angry,/srv/RL_project/repo/outputs/wav/001842_indextts_angry.wav,0.5344904661178589
1843,indextts,neutral,/srv/RL_project/repo/outputs/wav/001843_indextts_neutral.wav,0.6493598222732544
1844,indextts,happy,/srv/RL_project/repo/outputs/wav/001844_indextts_happy.wav,0.48262274265289307
1845,indextts,neutral,/srv/RL_project/repo/outputs/wav/001845_indextts_neutral.wav,0.5473828911781311
1846,indextts,fearful,/srv/RL_project/repo/outputs/wav/001846_indextts_fearful.wav,0.6098378896713257
1847,indextts,surprised,/srv/RL_project/repo/outputs/wav/001847_indextts_surprised.wav,0.49298036098480225
1848,indextts,fearful,/srv/RL_project/repo/outputs/wav/001848_indextts_fearful.wav,0.5815995335578918
1849,indextts,happy,/srv/RL_project/repo/outputs/wav/001849_indextts_happy.wav,0.642886221408844
1850,indextts,happy,/srv/RL_project/repo/outputs/wav/001850_indextts_happy.wav,0.47004953026771545
1851,indextts,fearful,/srv/RL_project/repo/outputs/wav/001851_indextts_fearful.wav,0.5951787233352661
1852,indextts,sad,/srv/RL_project/repo/outputs/wav/001852_indextts_sad.wav,0.38543498516082764
1853,indextts,sad,/srv/RL_project/repo/outputs/wav/001853_indextts_sad.wav,0.23409725725650787
1854,indextts,sad,/srv/RL_project/repo/outputs/wav/001854_indextts_sad.wav,0.10165875405073166
1855,indextts,surprised,/srv/RL_project/repo/outputs/wav/001855_indextts_surprised.wav,0.3143588602542877
1856,indextts,angry,/srv/RL_project/repo/outputs/wav/001856_indextts_angry.wav,0.3739532232284546
1857,indextts,surprised,/srv/RL_project/repo/outputs/wav/001857_indextts_surprised.wav,0.5853198766708374
1858,indextts,fearful,/srv/RL_project/repo/outputs/wav/001858_indextts_fearful.wav,0.5624999403953552
1859,indextts,fearful,/srv/RL_project/repo/outputs/wav/001859_indextts_fearful.wav,0.6065995693206787
1860,indextts,neutral,/srv/RL_project/repo/outputs/wav/001860_indextts_neutral.wav,0.6678012013435364
1861,indextts,disgusted,/srv/RL_project/repo/outputs/wav/001861_indextts_disgusted.wav,0.4412285387516022
1862,indextts,sad,/srv/RL_project/repo/outputs/wav/001862_indextts_sad.wav,0.572316586971283
1863,indextts,disgusted,/srv/RL_project/repo/outputs/wav/001863_indextts_disgusted.wav,0.54489666223526
1864,indextts,surprised,/srv/RL_project/repo/outputs/wav/001864_indextts_surprised.wav,0.5571742057800293
1865,indextts,angry,/srv/RL_project/repo/outputs/wav/001865_indextts_angry.wav,0.33492428064346313
1866,indextts,surprised,/srv/RL_project/repo/outputs/wav/001866_indextts_surprised.wav,0.5855932831764221
1867,indextts,sad,/srv/RL_project/repo/outputs/wav/001867_indextts_sad.wav,0.5566362738609314
1868,indextts,surprised,/srv/RL_project/repo/outputs/wav/001868_indextts_surprised.wav,0.4512498676776886
1869,indextts,happy,/srv/RL_project/repo/outputs/wav/001869_indextts_happy.wav,0.5767958164215088
1870,indextts,disgusted,/srv/RL_project/repo/outputs/wav/001870_indextts_disgusted.wav,0.5917519330978394
1871,indextts,fearful,/srv/RL_project/repo/outputs/wav/001871_indextts_fearful.wav,0.5575816631317139
1872,indextts,neutral,/srv/RL_project/repo/outputs/wav/001872_indextts_neutral.wav,0.6522823572158813
1873,indextts,angry,/srv/RL_project/repo/outputs/wav/001873_indextts_angry.wav,0.5419796109199524
1874,indextts,sad,/srv/RL_project/repo/outputs/wav/001874_indextts_sad.wav,0.5278909206390381
1875,indextts,disgusted,/srv/RL_project/repo/outputs/wav/001875_indextts_disgusted.wav,0.630270779132843
1876,indextts,angry,/srv/RL_project/repo/outputs/wav/001876_indextts_angry.wav,0.2785405218601227
1877,indextts,happy,/srv/RL_project/repo/outputs/wav/001877_indextts_happy.wav,0.5606918334960938
1878,indextts,angry,/srv/RL_project/repo/outputs/wav/001878_indextts_angry.wav,0.3340890109539032
1879,indextts,happy,/srv/RL_project/repo/outputs/wav/001879_indextts_happy.wav,0.5869897603988647
1880,indextts,happy,/srv/RL_project/repo/outputs/wav/001880_indextts_happy.wav,0.4881403148174286
1881,indextts,surprised,/srv/RL_project/repo/outputs/wav/001881_indextts_surprised.wav,0.5279930830001831
1882,indextts,disgusted,/srv/RL_project/repo/outputs/wav/001882_indextts_disgusted.wav,0.583375871181488
1883,indextts,angry,/srv/RL_project/repo/outputs/wav/001883_indextts_angry.wav,0.30871284008026123
1884,indextts,fearful,/srv/RL_project/repo/outputs/wav/001884_indextts_fearful.wav,0.5281019806861877
1885,indextts,happy,/srv/RL_project/repo/outputs/wav/001885_indextts_happy.wav,0.5300282835960388
1886,indextts,happy,/srv/RL_project/repo/outputs/wav/001886_indextts_happy.wav,0.5771749019622803
1887,indextts,angry,/srv/RL_project/repo/outputs/wav/001887_indextts_angry.wav,0.45177459716796875
1888,indextts,sad,/srv/RL_project/repo/outputs/wav/001888_indextts_sad.wav,0.5763787031173706
1889,indextts,neutral,/srv/RL_project/repo/outputs/wav/001889_indextts_neutral.wav,0.680270254611969
1890,indextts,disgusted,/srv/RL_project/repo/outputs/wav/001890_indextts_disgusted.wav,0.6036130785942078
1891,indextts,surprised,/srv/RL_project/repo/outputs/wav/001891_indextts_surprised.wav,0.5389348864555359
1892,indextts,surprised,/srv/RL_project/repo/outputs/wav/001892_indextts_surprised.wav,0.4135790467262268
1893,indextts,angry,/srv/RL_project/repo/outputs/wav/001893_indextts_angry.wav,0.2973049581050873
1894,indextts,neutral,/srv/RL_project/repo/outputs/wav/001894_indextts_neutral.wav,0.6353787183761597
1895,indextts,happy,/srv/RL_project/repo/outputs/wav/001895_indextts_happy.wav,0.6128482818603516
1896,indextts,surprised,/srv/RL_project/repo/outputs/wav/001896_indextts_surprised.wav,0.6359221339225769
1897,indextts,happy,/srv/RL_project/repo/outputs/wav/001897_indextts_happy.wav,0.36292123794555664
1898,indextts,surprised,/srv/RL_project/repo/outputs/wav/001898_indextts_surprised.wav,0.339150995016098
1899,indextts,disgusted,/srv/RL_project/repo/outputs/wav/001899_indextts_disgusted.wav,0.5819061994552612
1900,indextts,disgusted,/srv/RL_project/repo/outputs/wav/001900_indextts_disgusted.wav,0.4161674976348877
1901,indextts,surprised,/srv/RL_project/repo/outputs/wav/001901_indextts_surprised.wav,0.4712936282157898
1902,indextts,angry,/srv/RL_project/repo/outputs/wav/001902_indextts_angry.wav,0.20252305269241333
1903,indextts,sad,/srv/RL_project/repo/outputs/wav/001903_indextts_sad.wav,0.5535041689872742
1904,indextts,fearful,/srv/RL_project/repo/outputs/wav/001904_indextts_fearful.wav,0.526552677154541
1905,indextts,sad,/srv/RL_project/repo/outputs/wav/001905_indextts_sad.wav,0.43705686926841736
1906,indextts,disgusted,/srv/RL_project/repo/outputs/wav/001906_indextts_disgusted.wav,0.5098199248313904
1907,indextts,sad,/srv/RL_project/repo/outputs/wav/001907_indextts_sad.wav,0.5778774619102478
1908,indextts,sad,/srv/RL_project/repo/outputs/wav/001908_indextts_sad.wav,0.6038935780525208
1909,indextts,surprised,/srv/RL_project/repo/outputs/wav/001909_indextts_surprised.wav,0.1972859799861908
1910,indextts,angry,/srv/RL_project/repo/outputs/wav/001910_indextts_angry.wav,0.3199281692504883
1911,indextts,surprised,/srv/RL_project/repo/outputs/wav/001911_indextts_surprised.wav,0.44016575813293457
1912,indextts,sad,/srv/RL_project/repo/outputs/wav/001912_indextts_sad.wav,0.4794512689113617
1913,indextts,surprised,/srv/RL_project/repo/outputs/wav/001913_indextts_surprised.wav,0.5006179213523865
1914,indextts,happy,/srv/RL_project/repo/outputs/wav/001914_indextts_happy.wav,0.4925480782985687
1915,indextts,disgusted,/srv/RL_project/repo/outputs/wav/001915_indextts_disgusted.wav,0.3866872191429138
1916,indextts,neutral,/srv/RL_project/repo/outputs/wav/001916_indextts_neutral.wav,0.661063551902771
1917,indextts,disgusted,/srv/RL_project/repo/outputs/wav/001917_indextts_disgusted.wav,0.4498881995677948
1918,indextts,neutral,/srv/RL_project/repo/outputs/wav/001918_indextts_neutral.wav,0.632220983505249
1919,indextts,fearful,/srv/RL_project/repo/outputs/wav/001919_indextts_fearful.wav,0.531501293182373
1920,indextts,happy,/srv/RL_project/repo/outputs/wav/001920_indextts_happy.wav,0.5261150598526001
1921,indextts,neutral,/srv/RL_project/repo/outputs/wav/001921_indextts_neutral.wav,0.6947904825210571
1922,indextts,fearful,/srv/RL_project/repo/outputs/wav/001922_indextts_fearful.wav,0.44349244236946106
1923,indextts,sad,/srv/RL_project/repo/outputs/wav/001923_indextts_sad.wav,0.6218070387840271
1924,indextts,happy,/srv/RL_project/repo/outputs/wav/001924_indextts_happy.wav,0.4882080852985382
1925,indextts,sad,/srv/RL_project/repo/outputs/wav/001925_indextts_sad.wav,0.4729469418525696
1926,indextts,sad,/srv/RL_project/repo/outputs/wav/001926_indextts_sad.wav,0.44936203956604004
1927,indextts,angry,/srv/RL_project/repo/outputs/wav/001927_indextts_angry.wav,0.37441134452819824
1928,indextts,happy,/srv/RL_project/repo/outputs/wav/001928_indextts_happy.wav,0.5464915633201599
1929,indextts,disgusted,/srv/RL_project/repo/outputs/wav/001929_indextts_disgusted.wav,0.5400324463844299
1930,indextts,happy,/srv/RL_project/repo/outputs/wav/001930_indextts_happy.wav,0.3650394380092621
1931,indextts,neutral,/srv/RL_project/repo/outputs/wav/001931_indextts_neutral.wav,0.597915768623352
1932,indextts,angry,/srv/RL_project/repo/outputs/wav/001932_indextts_angry.wav,0.30316591262817383
1933,indextts,fearful,/srv/RL_project/repo/outputs/wav/001933_indextts_fearful.wav,0.3801478147506714
1934,indextts,fearful,/srv/RL_project/repo/outputs/wav/001934_indextts_fearful.wav,0.47205156087875366
1935,indextts,neutral,/srv/RL_project/repo/outputs/wav/001935_indextts_neutral.wav,0.5767235159873962
1936,indextts,fearful,/srv/RL_project/repo/outputs/wav/001936_indextts_fearful.wav,0.4396664500236511
1937,indextts,neutral,/srv/RL_project/repo/outputs/wav/001937_indextts_neutral.wav,0.5361539721488953
1938,indextts,fearful,/srv/RL_project/repo/outputs/wav/001938_indextts_fearful.wav,0.5223061442375183
1939,indextts,surprised,/srv/RL_project/repo/outputs/wav/001939_indextts_surprised.wav,0.364574134349823
1940,indextts,happy,/srv/RL_project/repo/outputs/wav/001940_indextts_happy.wav,0.5071752071380615
1941,indextts,angry,/srv/RL_project/repo/outputs/wav/001941_indextts_angry.wav,0.3178030848503113
1942,indextts,neutral,/srv/RL_project/repo/outputs/wav/001942_indextts_neutral.wav,0.5949963927268982
1943,indextts,neutral,/srv/RL_project/repo/outputs/wav/001943_indextts_neutral.wav,0.20813798904418945
1944,indextts,surprised,/srv/RL_project/repo/outputs/wav/001944_indextts_surprised.wav,0.38118356466293335
1945,indextts,disgusted,/srv/RL_project/repo/outputs/wav/001945_indextts_disgusted.wav,0.32696717977523804
1946,indextts,angry,/srv/RL_project/repo/outputs/wav/001946_indextts_angry.wav,0.0888688787817955
1947,indextts,happy,/srv/RL_project/repo/outputs/wav/001947_indextts_happy.wav,0.5702272653579712
1948,indextts,happy,/srv/RL_project/repo/outputs/wav/001948_indextts_happy.wav,0.5580387115478516
1949,indextts,fearful,/srv/RL_project/repo/outputs/wav/001949_indextts_fearful.wav,0.6396949291229248
1950,indextts,disgusted,/srv/RL_project/repo/outputs/wav/001950_indextts_disgusted.wav,0.5697268843650818
1951,indextts,sad,/srv/RL_project/repo/outputs/wav/001951_indextts_sad.wav,0.637501060962677
1952,indextts,disgusted,/srv/RL_project/repo/outputs/wav/001952_indextts_disgusted.wav,0.5091288089752197
1953,indextts,angry,/srv/RL_project/repo/outputs/wav/001953_indextts_angry.wav,0.5049137473106384
1954,indextts,fearful,/srv/RL_project/repo/outputs/wav/001954_indextts_fearful.wav,0.6014565825462341
1955,indextts,fearful,/srv/RL_project/repo/outputs/wav/001955_indextts_fearful.wav,0.4038274884223938
1956,indextts,angry,/srv/RL_project/repo/outputs/wav/001956_indextts_angry.wav,0.45319971442222595
1957,indextts,angry,/srv/RL_project/repo/outputs/wav/001957_indextts_angry.wav,0.3892655670642853
1958,indextts,angry,/srv/RL_project/repo/outputs/wav/001958_indextts_angry.wav,0.3596789538860321
1959,indextts,surprised,/srv/RL_project/repo/outputs/wav/001959_indextts_surprised.wav,0.3261796236038208
1960,indextts,happy,/srv/RL_project/repo/outputs/wav/001960_indextts_happy.wav,0.637230396270752
1961,indextts,surprised,/srv/RL_project/repo/outputs/wav/001961_indextts_surprised.wav,0.280064195394516
1962,indextts,happy,/srv/RL_project/repo/outputs/wav/001962_indextts_happy.wav,0.4554186165332794
1963,indextts,neutral,/srv/RL_project/repo/outputs/wav/001963_indextts_neutral.wav,0.43036219477653503
1964,indextts,neutral,/srv/RL_project/repo/outputs/wav/001964_indextts_neutral.wav,0.6240216493606567
1965,indextts,fearful,/srv/RL_project/repo/outputs/wav/001965_indextts_fearful.wav,0.5821422934532166
1966,indextts,angry,/srv/RL_project/repo/outputs/wav/001966_indextts_angry.wav,0.3597933351993561
1967,indextts,surprised,/srv/RL_project/repo/outputs/wav/001967_indextts_surprised.wav,0.47639989852905273
1968,indextts,angry,/srv/RL_project/repo/outputs/wav/001968_indextts_angry.wav,0.30111685395240784
1969,indextts,disgusted,/srv/RL_project/repo/outputs/wav/001969_indextts_disgusted.wav,0.6112852692604065
1970,indextts,fearful,/srv/RL_project/repo/outputs/wav/001970_indextts_fearful.wav,0.5795751810073853
1971,indextts,sad,/srv/RL_project/repo/outputs/wav/001971_indextts_sad.wav,0.4615253806114197
1972,indextts,fearful,/srv/RL_project/repo/outputs/wav/001972_indextts_fearful.wav,0.48724859952926636
1973,indextts,neutral,/srv/RL_project/repo/outputs/wav/001973_indextts_neutral.wav,0.24230483174324036
1974,indextts,happy,/srv/RL_project/repo/outputs/wav/001974_indextts_happy.wav,0.5670397877693176
1975,indextts,neutral,/srv/RL_project/repo/outputs/wav/001975_indextts_neutral.wav,0.5276657938957214
1976,indextts,angry,/srv/RL_project/repo/outputs/wav/001976_indextts_angry.wav,0.2998303472995758
1977,indextts,neutral,/srv/RL_project/repo/outputs/wav/001977_indextts_neutral.wav,0.6041202545166016
1978,indextts,fearful,/srv/RL_project/repo/outputs/wav/001978_indextts_fearful.wav,0.5637369751930237
1979,indextts,sad,/srv/RL_project/repo/outputs/wav/001979_indextts_sad.wav,0.40901678800582886
1980,indextts,fearful,/srv/RL_project/repo/outputs/wav/001980_indextts_fearful.wav,0.366054892539978
1981,indextts,disgusted,/srv/RL_project/repo/outputs/wav/001981_indextts_disgusted.wav,0.5102906227111816
1982,indextts,sad,/srv/RL_project/repo/outputs/wav/001982_indextts_sad.wav,0.37241920828819275
1983,indextts,happy,/srv/RL_project/repo/outputs/wav/001983_indextts_happy.wav,0.47867628931999207
1984,indextts,neutral,/srv/RL_project/repo/outputs/wav/001984_indextts_neutral.wav,0.676381528377533
1985,indextts,sad,/srv/RL_project/repo/outputs/wav/001985_indextts_sad.wav,0.11441013216972351
1986,indextts,neutral,/srv/RL_project/repo/outputs/wav/001986_indextts_neutral.wav,0.5495359897613525
1987,indextts,fearful,/srv/RL_project/repo/outputs/wav/001987_indextts_fearful.wav,0.49497875571250916
1988,indextts,neutral,/srv/RL_project/repo/outputs/wav/001988_indextts_neutral.wav,0.525691032409668
1989,indextts,happy,/srv/RL_project/repo/outputs/wav/001989_indextts_happy.wav,0.3553702235221863
1990,indextts,surprised,/srv/RL_project/repo/outputs/wav/001990_indextts_surprised.wav,0.4877757728099823
1991,indextts,angry,/srv/RL_project/repo/outputs/wav/001991_indextts_angry.wav,0.07227320224046707
1992,indextts,happy,/srv/RL_project/repo/outputs/wav/001992_indextts_happy.wav,0.5670515298843384
1993,indextts,neutral,/srv/RL_project/repo/outputs/wav/001993_indextts_neutral.wav,0.6841906905174255
1994,indextts,sad,/srv/RL_project/repo/outputs/wav/001994_indextts_sad.wav,0.3964904844760895
1995,indextts,sad,/srv/RL_project/repo/outputs/wav/001995_indextts_sad.wav,0.40625840425491333
1996,indextts,angry,/srv/RL_project/repo/outputs/wav/001996_indextts_angry.wav,0.36179593205451965
1997,indextts,happy,/srv/RL_project/repo/outputs/wav/001997_indextts_happy.wav,0.5185027718544006
1998,indextts,angry,/srv/RL_project/repo/outputs/wav/001998_indextts_angry.wav,0.3847014307975769
1999,indextts,disgusted,/srv/RL_project/repo/outputs/wav/001999_indextts_disgusted.wav,0.5414431691169739
2000,indextts,sad,/srv/RL_project/repo/outputs/wav/002000_indextts_sad.wav,0.45554685592651367
2001,indextts,sad,/srv/RL_project/repo/outputs/wav/002001_indextts_sad.wav,0.5826276540756226
2002,indextts,angry,/srv/RL_project/repo/outputs/wav/002002_indextts_angry.wav,0.503685474395752
2003,indextts,fearful,/srv/RL_project/repo/outputs/wav/002003_indextts_fearful.wav,0.48952120542526245
2004,indextts,disgusted,/srv/RL_project/repo/outputs/wav/002004_indextts_disgusted.wav,0.5436422228813171
2005,indextts,sad,/srv/RL_project/repo/outputs/wav/002005_indextts_sad.wav,0.5415763258934021
2006,indextts,fearful,/srv/RL_project/repo/outputs/wav/002006_indextts_fearful.wav,0.548433244228363
2007,indextts,neutral,/srv/RL_project/repo/outputs/wav/002007_indextts_neutral.wav,0.5750135779380798
2008,indextts,surprised,/srv/RL_project/repo/outputs/wav/002008_indextts_surprised.wav,0.5026144981384277
2009,indextts,surprised,/srv/RL_project/repo/outputs/wav/002009_indextts_surprised.wav,0.5001139640808105
2010,indextts,angry,/srv/RL_project/repo/outputs/wav/002010_indextts_angry.wav,0.37998998165130615
2011,indextts,surprised,/srv/RL_project/repo/outputs/wav/002011_indextts_surprised.wav,0.34232985973358154
2012,indextts,disgusted,/srv/RL_project/repo/outputs/wav/002012_indextts_disgusted.wav,0.5880718231201172
2013,indextts,angry,/srv/RL_project/repo/outputs/wav/002013_indextts_angry.wav,0.47996705770492554
2014,indextts,fearful,/srv/RL_project/repo/outputs/wav/002014_indextts_fearful.wav,0.5177053809165955
2015,indextts,disgusted,/srv/RL_project/repo/outputs/wav/002015_indextts_disgusted.wav,0.3948207199573517
2016,indextts,happy,/srv/RL_project/repo/outputs/wav/002016_indextts_happy.wav,0.3853009045124054
2017,indextts,surprised,/srv/RL_project/repo/outputs/wav/002017_indextts_surprised.wav,0.5162246823310852
2018,indextts,surprised,/srv/RL_project/repo/outputs/wav/002018_indextts_surprised.wav,0.46988996863365173
2019,indextts,happy,/srv/RL_project/repo/outputs/wav/002019_indextts_happy.wav,0.6277304887771606
2020,indextts,sad,/srv/RL_project/repo/outputs/wav/002020_indextts_sad.wav,0.5089794397354126
2021,indextts,sad,/srv/RL_project/repo/outputs/wav/002021_indextts_sad.wav,0.5122725963592529
2022,indextts,surprised,/srv/RL_project/repo/outputs/wav/002022_indextts_surprised.wav,0.4044855237007141
2023,indextts,disgusted,/srv/RL_project/repo/outputs/wav/002023_indextts_disgusted.wav,0.5010865330696106
2024,indextts,angry,/srv/RL_project/repo/outputs/wav/002024_indextts_angry.wav,0.46118560433387756
2025,indextts,disgusted,/srv/RL_project/repo/outputs/wav/002025_indextts_disgusted.wav,0.5682924389839172
2026,indextts,disgusted,/srv/RL_project/repo/outputs/wav/002026_indextts_disgusted.wav,0.5747365355491638
2027,indextts,fearful,/srv/RL_project/repo/outputs/wav/002027_indextts_fearful.wav,0.46047455072402954
2028,indextts,disgusted,/srv/RL_project/repo/outputs/wav/002028_indextts_disgusted.wav,0.593647301197052
2029,indextts,happy,/srv/RL_project/repo/outputs/wav/002029_indextts_happy.wav,0.5662258863449097
2030,indextts,fearful,/srv/RL_project/repo/outputs/wav/002030_indextts_fearful.wav,0.5038439035415649
2031,indextts,angry,/srv/RL_project/repo/outputs/wav/002031_indextts_angry.wav,0.4267677664756775
2032,indextts,fearful,/srv/RL_project/repo/outputs/wav/002032_indextts_fearful.wav,0.3391956686973572
2033,indextts,disgusted,/srv/RL_project/repo/outputs/wav/002033_indextts_disgusted.wav,0.5187660455703735
2034,indextts,happy,/srv/RL_project/repo/outputs/wav/002034_indextts_happy.wav,0.5390893220901489
2035,indextts,fearful,/srv/RL_project/repo/outputs/wav/002035_indextts_fearful.wav,0.4364888072013855
2036,indextts,angry,/srv/RL_project/repo/outputs/wav/002036_indextts_angry.wav,0.24536262452602386
2037,indextts,angry,/srv/RL_project/repo/outputs/wav/002037_indextts_angry.wav,0.22394512593746185
2038,indextts,surprised,/srv/RL_project/repo/outputs/wav/002038_indextts_surprised.wav,0.5149742960929871
2039,indextts,disgusted,/srv/RL_project/repo/outputs/wav/002039_indextts_disgusted.wav,0.5209696292877197
2040,indextts,surprised,/srv/RL_project/repo/outputs/wav/002040_indextts_surprised.wav,0.53177809715271
2041,indextts,happy,/srv/RL_project/repo/outputs/wav/002041_indextts_happy.wav,0.5388409495353699
2042,indextts,surprised,/srv/RL_project/repo/outputs/wav/002042_indextts_surprised.wav,0.46294838190078735
2043,indextts,neutral,/srv/RL_project/repo/outputs/wav/002043_indextts_neutral.wav,0.47419822216033936
2044,indextts,happy,/srv/RL_project/repo/outputs/wav/002044_indextts_happy.wav,0.5252649784088135
2045,indextts,angry,/srv/RL_project/repo/outputs/wav/002045_indextts_angry.wav,0.5026386380195618
2046,indextts,fearful,/srv/RL_project/repo/outputs/wav/002046_indextts_fearful.wav,0.5678277611732483
2047,indextts,neutral,/srv/RL_project/repo/outputs/wav/002047_indextts_neutral.wav,0.7037995457649231
2048,indextts,angry,/srv/RL_project/repo/outputs/wav/002048_indextts_angry.wav,0.3921220302581787
2049,indextts,surprised,/srv/RL_project/repo/outputs/wav/002049_indextts_surprised.wav,0.4222358763217926
2050,indextts,neutral,/srv/RL_project/repo/outputs/wav/002050_indextts_neutral.wav,0.5889446139335632
2051,indextts,disgusted,/srv/RL_project/repo/outputs/wav/002051_indextts_disgusted.wav,0.4969548285007477
2052,indextts,fearful,/srv/RL_project/repo/outputs/wav/002052_indextts_fearful.wav,0.587881326675415
2053,indextts,neutral,/srv/RL_project/repo/outputs/wav/002053_indextts_neutral.wav,0.4890179932117462
2054,indextts,neutral,/srv/RL_project/repo/outputs/wav/002054_indextts_neutral.wav,0.5858233571052551
2055,indextts,surprised,/srv/RL_project/repo/outputs/wav/002055_indextts_surprised.wav,0.5750086307525635
2056,indextts,happy,/srv/RL_project/repo/outputs/wav/002056_indextts_happy.wav,0.5269644856452942
2057,indextts,angry,/srv/RL_project/repo/outputs/wav/002057_indextts_angry.wav,0.2850705087184906
2058,indextts,neutral,/srv/RL_project/repo/outputs/wav/002058_indextts_neutral.wav,0.4101637005805969
2059,indextts,disgusted,/srv/RL_project/repo/outputs/wav/002059_indextts_disgusted.wav,0.5226477980613708
2060,indextts,angry,/srv/RL_project/repo/outputs/wav/002060_indextts_angry.wav,0.08180554211139679
2061,indextts,neutral,/srv/RL_project/repo/outputs/wav/002061_indextts_neutral.wav,0.5757258534431458
2062,indextts,angry,/srv/RL_project/repo/outputs/wav/002062_indextts_angry.wav,0.3915817141532898
2063,indextts,sad,/srv/RL_project/repo/outputs/wav/002063_indextts_sad.wav,0.605726957321167
2064,indextts,surprised,/srv/RL_project/repo/outputs/wav/002064_indextts_surprised.wav,0.4012237787246704
2065,indextts,happy,/srv/RL_project/repo/outputs/wav/002065_indextts_happy.wav,0.40745580196380615
2066,indextts,happy,/srv/RL_project/repo/outputs/wav/002066_indextts_happy.wav,0.5110674500465393
2067,indextts,angry,/srv/RL_project/repo/outputs/wav/002067_indextts_angry.wav,0.34519723057746887
2068,indextts,fearful,/srv/RL_project/repo/outputs/wav/002068_indextts_fearful.wav,0.44625139236450195
2069,indextts,neutral,/srv/RL_project/repo/outputs/wav/002069_indextts_neutral.wav,0.639378011226654
2070,indextts,disgusted,/srv/RL_project/repo/outputs/wav/002070_indextts_disgusted.wav,0.6058284640312195
2071,indextts,surprised,/srv/RL_project/repo/outputs/wav/002071_indextts_surprised.wav,0.43373656272888184
2072,indextts,fearful,/srv/RL_project/repo/outputs/wav/002072_indextts_fearful.wav,0.41018664836883545
2073,indextts,disgusted,/srv/RL_project/repo/outputs/wav/002073_indextts_disgusted.wav,0.01794017106294632
2074,indextts,disgusted,/srv/RL_project/repo/outputs/wav/002074_indextts_disgusted.wav,0.5206263661384583
2075,indextts,fearful,/srv/RL_project/repo/outputs/wav/002075_indextts_fearful.wav,0.509125292301178
2076,indextts,angry,/srv/RL_project/repo/outputs/wav/002076_indextts_angry.wav,0.34003907442092896
2077,indextts,happy,/srv/RL_project/repo/outputs/wav/002077_indextts_happy.wav,0.4800034761428833
2078,indextts,angry,/srv/RL_project/repo/outputs/wav/002078_indextts_angry.wav,0.47382888197898865
2079,indextts,fearful,/srv/RL_project/repo/outputs/wav/002079_indextts_fearful.wav,0.2425965666770935
2080,indextts,sad,/srv/RL_project/repo/outputs/wav/002080_indextts_sad.wav,0.3872576057910919
2081,indextts,neutral,/srv/RL_project/repo/outputs/wav/002081_indextts_neutral.wav,0.5778172016143799
2082,indextts,neutral,/srv/RL_project/repo/outputs/wav/002082_indextts_neutral.wav,0.6428157091140747
2083,indextts,fearful,/srv/RL_project/repo/outputs/wav/002083_indextts_fearful.wav,0.5584231615066528
2084,indextts,fearful,/srv/RL_project/repo/outputs/wav/002084_indextts_fearful.wav,0.6024531126022339
2085,indextts,surprised,/srv/RL_project/repo/outputs/wav/002085_indextts_surprised.wav,0.4858282506465912
2086,indextts,fearful,/srv/RL_project/repo/outputs/wav/002086_indextts_fearful.wav,0.44465771317481995
2087,indextts,disgusted,/srv/RL_project/repo/outputs/wav/002087_indextts_disgusted.wav,0.516403079032898
2088,indextts,sad,/srv/RL_project/repo/outputs/wav/002088_indextts_sad.wav,0.5307247042655945
2089,indextts,surprised,/srv/RL_project/repo/outputs/wav/002089_indextts_surprised.wav,0.4614015221595764
2090,indextts,sad,/srv/RL_project/repo/outputs/wav/002090_indextts_sad.wav,0.6122791767120361
2091,indextts,surprised,/srv/RL_project/repo/outputs/wav/002091_indextts_surprised.wav,0.46349629759788513
2092,indextts,sad,/srv/RL_project/repo/outputs/wav/002092_indextts_sad.wav,0.30744460225105286
2093,indextts,fearful,/srv/RL_project/repo/outputs/wav/002093_indextts_fearful.wav,0.5351905226707458
2094,indextts,angry,/srv/RL_project/repo/outputs/wav/002094_indextts_angry.wav,0.2223546952009201
2095,indextts,neutral,/srv/RL_project/repo/outputs/wav/002095_indextts_neutral.wav,0.6127198338508606
2096,indextts,sad,/srv/RL_project/repo/outputs/wav/002096_indextts_sad.wav,0.5419470071792603
2097,indextts,neutral,/srv/RL_project/repo/outputs/wav/002097_indextts_neutral.wav,0.5258806943893433
2098,indextts,neutral,/srv/RL_project/repo/outputs/wav/002098_indextts_neutral.wav,0.5143173933029175
2099,indextts,neutral,/srv/RL_project/repo/outputs/wav/002099_indextts_neutral.wav,0.5507245063781738
2100,indextts,neutral,/srv/RL_project/repo/outputs/wav/002100_indextts_neutral.wav,0.6127920150756836
2101,indextts,disgusted,/srv/RL_project/repo/outputs/wav/002101_indextts_disgusted.wav,0.45878687500953674
2102,indextts,neutral,/srv/RL_project/repo/outputs/wav/002102_indextts_neutral.wav,0.4933474659919739
2103,indextts,surprised,/srv/RL_project/repo/outputs/wav/002103_indextts_surprised.wav,0.5968903303146362
2104,indextts,disgusted,/srv/RL_project/repo/outputs/wav/002104_indextts_disgusted.wav,0.4762306809425354
2105,indextts,fearful,/srv/RL_project/repo/outputs/wav/002105_indextts_fearful.wav,0.5390430688858032
2106,indextts,fearful,/srv/RL_project/repo/outputs/wav/002106_indextts_fearful.wav,0.5408604741096497
2107,indextts,sad,/srv/RL_project/repo/outputs/wav/002107_indextts_sad.wav,0.4017146825790405
2108,indextts,disgusted,/srv/RL_project/repo/outputs/wav/002108_indextts_disgusted.wav,0.5228285193443298
2109,indextts,surprised,/srv/RL_project/repo/outputs/wav/002109_indextts_surprised.wav,0.24241629242897034
2110,indextts,surprised,/srv/RL_project/repo/outputs/wav/002110_indextts_surprised.wav,0.38822561502456665
2111,indextts,neutral,/srv/RL_project/repo/outputs/wav/002111_indextts_neutral.wav,0.6553641557693481
2112,indextts,disgusted,/srv/RL_project/repo/outputs/wav/002112_indextts_disgusted.wav,0.4677325189113617
2113,indextts,fearful,/srv/RL_project/repo/outputs/wav/002113_indextts_fearful.wav,0.4289880394935608
2114,indextts,neutral,/srv/RL_project/repo/outputs/wav/002114_indextts_neutral.wav,0.5338440537452698
2115,indextts,disgusted,/srv/RL_project/repo/outputs/wav/002115_indextts_disgusted.wav,0.3877233862876892
2116,indextts,fearful,/srv/RL_project/repo/outputs/wav/002116_indextts_fearful.wav,0.3113020062446594
2117,indextts,sad,/srv/RL_project/repo/outputs/wav/002117_indextts_sad.wav,0.5834892392158508
2118,indextts,surprised,/srv/RL_project/repo/outputs/wav/002118_indextts_surprised.wav,0.5238612294197083
2119,indextts,surprised,/srv/RL_project/repo/outputs/wav/002119_indextts_surprised.wav,0.42803511023521423
2120,indextts,fearful,/srv/RL_project/repo/outputs/wav/002120_indextts_fearful.wav,0.344532310962677
2121,indextts,happy,/srv/RL_project/repo/outputs/wav/002121_indextts_happy.wav,0.5249996781349182
2122,indextts,fearful,/srv/RL_project/repo/outputs/wav/002122_indextts_fearful.wav,0.45137301087379456
2123,indextts,angry,/srv/RL_project/repo/outputs/wav/002123_indextts_angry.wav,0.4846344292163849
2124,indextts,happy,/srv/RL_project/repo/outputs/wav/002124_indextts_happy.wav,0.2479977309703827
2125,indextts,fearful,/srv/RL_project/repo/outputs/wav/002125_indextts_fearful.wav,0.33927005529403687
2126,indextts,disgusted,/srv/RL_project/repo/outputs/wav/002126_indextts_disgusted.wav,0.5828356742858887
2127,indextts,fearful,/srv/RL_project/repo/outputs/wav/002127_indextts_fearful.wav,0.3794570565223694
2128,indextts,sad,/srv/RL_project/repo/outputs/wav/002128_indextts_sad.wav,0.5062488317489624
2129,indextts,surprised,/srv/RL_project/repo/outputs/wav/002129_indextts_surprised.wav,0.43846482038497925
2130,indextts,disgusted,/srv/RL_project/repo/outputs/wav/002130_indextts_disgusted.wav,0.5211134552955627
2131,indextts,fearful,/srv/RL_project/repo/outputs/wav/002131_indextts_fearful.wav,0.49105897545814514
2132,indextts,neutral,/srv/RL_project/repo/outputs/wav/002132_indextts_neutral.wav,0.32028505206108093
2133,indextts,angry,/srv/RL_project/repo/outputs/wav/002133_indextts_angry.wav,0.17866230010986328
2134,indextts,happy,/srv/RL_project/repo/outputs/wav/002134_indextts_happy.wav,0.5553332567214966
2135,indextts,neutral,/srv/RL_project/repo/outputs/wav/002135_indextts_neutral.wav,0.3863122761249542
2136,indextts,neutral,/srv/RL_project/repo/outputs/wav/002136_indextts_neutral.wav,0.31395044922828674
2137,indextts,fearful,/srv/RL_project/repo/outputs/wav/002137_indextts_fearful.wav,0.5315080881118774
2138,indextts,neutral,/srv/RL_project/repo/outputs/wav/002138_indextts_neutral.wav,0.4915609359741211
2139,indextts,angry,/srv/RL_project/repo/outputs/wav/002139_indextts_angry.wav,0.28928646445274353
2140,indextts,surprised,/srv/RL_project/repo/outputs/wav/002140_indextts_surprised.wav,0.23599739372730255
2141,indextts,angry,/srv/RL_project/repo/outputs/wav/002141_indextts_angry.wav,0.1569405347108841
2142,indextts,disgusted,/srv/RL_project/repo/outputs/wav/002142_indextts_disgusted.wav,0.2510507106781006
2143,indextts,angry,/srv/RL_project/repo/outputs/wav/002143_indextts_angry.wav,0.33105793595314026
2144,indextts,happy,/srv/RL_project/repo/outputs/wav/002144_indextts_happy.wav,0.5842515826225281
2145,indextts,neutral,/srv/RL_project/repo/outputs/wav/002145_indextts_neutral.wav,0.5640493631362915
2146,indextts,disgusted,/srv/RL_project/repo/outputs/wav/002146_indextts_disgusted.wav,0.5263757109642029
2147,indextts,happy,/srv/RL_project/repo/outputs/wav/002147_indextts_happy.wav,0.6137722134590149
2148,indextts,sad,/srv/RL_project/repo/outputs/wav/002148_indextts_sad.wav,0.5407506227493286
2149,indextts,neutral,/srv/RL_project/repo/outputs/wav/002149_indextts_neutral.wav,0.7168798446655273
2150,indextts,disgusted,/srv/RL_project/repo/outputs/wav/002150_indextts_disgusted.wav,0.3631497025489807
2151,indextts,fearful,/srv/RL_project/repo/outputs/wav/002151_indextts_fearful.wav,0.5552693605422974
2152,indextts,happy,/srv/RL_project/repo/outputs/wav/002152_indextts_happy.wav,0.47819259762763977
2153,indextts,happy,/srv/RL_project/repo/outputs/wav/002153_indextts_happy.wav,0.38564541935920715
2154,indextts,sad,/srv/RL_project/repo/outputs/wav/002154_indextts_sad.wav,0.48524338006973267
2155,indextts,fearful,/srv/RL_project/repo/outputs/wav/002155_indextts_fearful.wav,0.6868186593055725
2156,indextts,neutral,/srv/RL_project/repo/outputs/wav/002156_indextts_neutral.wav,0.5875709056854248
2157,indextts,disgusted,/srv/RL_project/repo/outputs/wav/002157_indextts_disgusted.wav,0.41960346698760986
2158,indextts,disgusted,/srv/RL_project/repo/outputs/wav/002158_indextts_disgusted.wav,0.4011850357055664
2159,indextts,surprised,/srv/RL_project/repo/outputs/wav/002159_indextts_surprised.wav,0.5196359157562256
2160,indextts,angry,/srv/RL_project/repo/outputs/wav/002160_indextts_angry.wav,0.2521265149116516
2161,indextts,happy,/srv/RL_project/repo/outputs/wav/002161_indextts_happy.wav,0.3900638818740845
2162,indextts,surprised,/srv/RL_project/repo/outputs/wav/002162_indextts_surprised.wav,0.37200474739074707
2163,indextts,disgusted,/srv/RL_project/repo/outputs/wav/002163_indextts_disgusted.wav,0.4832955002784729
2164,indextts,happy,/srv/RL_project/repo/outputs/wav/002164_indextts_happy.wav,0.5263871550559998
2165,indextts,surprised,/srv/RL_project/repo/outputs/wav/002165_indextts_surprised.wav,0.5283780097961426
2166,indextts,happy,/srv/RL_project/repo/outputs/wav/002166_indextts_happy.wav,0.5251694321632385
2167,indextts,surprised,/srv/RL_project/repo/outputs/wav/002167_indextts_surprised.wav,0.4630773961544037
2168,indextts,sad,/srv/RL_project/repo/outputs/wav/002168_indextts_sad.wav,0.5081965327262878
2169,indextts,fearful,/srv/RL_project/repo/outputs/wav/002169_indextts_fearful.wav,0.5253093242645264
2170,indextts,angry,/srv/RL_project/repo/outputs/wav/002170_indextts_angry.wav,0.46057185530662537
2171,indextts,sad,/srv/RL_project/repo/outputs/wav/002171_indextts_sad.wav,0.5824136734008789
2172,indextts,surprised,/srv/RL_project/repo/outputs/wav/002172_indextts_surprised.wav,0.5319090485572815
2173,indextts,neutral,/srv/RL_project/repo/outputs/wav/002173_indextts_neutral.wav,0.5517356991767883
2174,indextts,happy,/srv/RL_project/repo/outputs/wav/002174_indextts_happy.wav,0.3983292579650879
2175,indextts,happy,/srv/RL_project/repo/outputs/wav/002175_indextts_happy.wav,0.579474925994873
2176,indextts,surprised,/srv/RL_project/repo/outputs/wav/002176_indextts_surprised.wav,0.41727542877197266
2177,indextts,surprised,/srv/RL_project/repo/outputs/wav/002177_indextts_surprised.wav,0.38623639941215515
2178,indextts,surprised,/srv/RL_project/repo/outputs/wav/002178_indextts_surprised.wav,0.5463373064994812
2179,indextts,disgusted,/srv/RL_project/repo/outputs/wav/002179_indextts_disgusted.wav,0.32925543189048767
2180,indextts,neutral,/srv/RL_project/repo/outputs/wav/002180_indextts_neutral.wav,0.1541513353586197
2181,indextts,sad,/srv/RL_project/repo/outputs/wav/002181_indextts_sad.wav,0.438431054353714
2182,indextts,angry,/srv/RL_project/repo/outputs/wav/002182_indextts_angry.wav,0.30199533700942993
2183,indextts,angry,/srv/RL_project/repo/outputs/wav/002183_indextts_angry.wav,0.31078729033470154
2184,indextts,disgusted,/srv/RL_project/repo/outputs/wav/002184_indextts_disgusted.wav,0.49202093482017517
2185,indextts,neutral,/srv/RL_project/repo/outputs/wav/002185_indextts_neutral.wav,0.5304614901542664
2186,indextts,angry,/srv/RL_project/repo/outputs/wav/002186_indextts_angry.wav,0.2740213871002197
2187,indextts,happy,/srv/RL_project/repo/outputs/wav/002187_indextts_happy.wav,0.51090407371521
2188,indextts,disgusted,/srv/RL_project/repo/outputs/wav/002188_indextts_disgusted.wav,0.12136989086866379
2189,indextts,happy,/srv/RL_project/repo/outputs/wav/002189_indextts_happy.wav,0.37703192234039307
2190,indextts,angry,/srv/RL_project/repo/outputs/wav/002190_indextts_angry.wav,0.4689888060092926
2191,indextts,angry,/srv/RL_project/repo/outputs/wav/002191_indextts_angry.wav,0.2808935344219208
2192,indextts,sad,/srv/RL_project/repo/outputs/wav/002192_indextts_sad.wav,0.5511602759361267
2193,indextts,angry,/srv/RL_project/repo/outputs/wav/002193_indextts_angry.wav,0.10744908452033997
2194,indextts,surprised,/srv/RL_project/repo/outputs/wav/002194_indextts_surprised.wav,0.41711461544036865
2195,indextts,surprised,/srv/RL_project/repo/outputs/wav/002195_indextts_surprised.wav,0.5311704277992249
2196,indextts,fearful,/srv/RL_project/repo/outputs/wav/002196_indextts_fearful.wav,0.35306522250175476
2197,indextts,disgusted,/srv/RL_project/repo/outputs/wav/002197_indextts_disgusted.wav,0.41069239377975464
2198,indextts,disgusted,/srv/RL_project/repo/outputs/wav/002198_indextts_disgusted.wav,0.42587798833847046
2199,indextts,fearful,/srv/RL_project/repo/outputs/wav/002199_indextts_fearful.wav,0.5894585251808167
2200,indextts,sad,/srv/RL_project/repo/outputs/wav/002200_indextts_sad.wav,0.4699550271034241
2201,indextts,happy,/srv/RL_project/repo/outputs/wav/002201_indextts_happy.wav,0.572299063205719
2202,indextts,angry,/srv/RL_project/repo/outputs/wav/002202_indextts_angry.wav,0.1965056210756302
2203,indextts,happy,/srv/RL_project/repo/outputs/wav/002203_indextts_happy.wav,0.5200915336608887
2204,indextts,happy,/srv/RL_project/repo/outputs/wav/002204_indextts_happy.wav,0.3052108883857727
2205,indextts,neutral,/srv/RL_project/repo/outputs/wav/002205_indextts_neutral.wav,0.5567326545715332
2206,indextts,sad,/srv/RL_project/repo/outputs/wav/002206_indextts_sad.wav,0.38363784551620483
2207,indextts,disgusted,/srv/RL_project/repo/outputs/wav/002207_indextts_disgusted.wav,0.496806263923645
2208,indextts,disgusted,/srv/RL_project/repo/outputs/wav/002208_indextts_disgusted.wav,0.449227511882782
2209,indextts,sad,/srv/RL_project/repo/outputs/wav/002209_indextts_sad.wav,0.46426254510879517
2210,indextts,surprised,/srv/RL_project/repo/outputs/wav/002210_indextts_surprised.wav,0.04057642072439194
2211,indextts,sad,/srv/RL_project/repo/outputs/wav/002211_indextts_sad.wav,0.5193005800247192
2212,indextts,sad,/srv/RL_project/repo/outputs/wav/002212_indextts_sad.wav,0.6086772084236145
2213,indextts,fearful,/srv/RL_project/repo/outputs/wav/002213_indextts_fearful.wav,0.40592527389526367
2214,indextts,neutral,/srv/RL_project/repo/outputs/wav/002214_indextts_neutral.wav,0.6145132184028625
2215,indextts,fearful,/srv/RL_project/repo/outputs/wav/002215_indextts_fearful.wav,0.44574174284935
2216,indextts,sad,/srv/RL_project/repo/outputs/wav/002216_indextts_sad.wav,0.5564619302749634
2217,indextts,angry,/srv/RL_project/repo/outputs/wav/002217_indextts_angry.wav,0.3192611038684845
2218,indextts,fearful,/srv/RL_project/repo/outputs/wav/002218_indextts_fearful.wav,0.5898491740226746
2219,indextts,surprised,/srv/RL_project/repo/outputs/wav/002219_indextts_surprised.wav,0.31158894300460815
2220,indextts,disgusted,/srv/RL_project/repo/outputs/wav/002220_indextts_disgusted.wav,0.4916469156742096
2221,indextts,fearful,/srv/RL_project/repo/outputs/wav/002221_indextts_fearful.wav,0.43698036670684814
2222,indextts,disgusted,/srv/RL_project/repo/outputs/wav/002222_indextts_disgusted.wav,0.476343035697937
2223,indextts,angry,/srv/RL_project/repo/outputs/wav/002223_indextts_angry.wav,0.22713249921798706
2224,indextts,surprised,/srv/RL_project/repo/outputs/wav/002224_indextts_surprised.wav,0.33504799008369446
2225,indextts,surprised,/srv/RL_project/repo/outputs/wav/002225_indextts_surprised.wav,0.4457789361476898
2226,indextts,surprised,/srv/RL_project/repo/outputs/wav/002226_indextts_surprised.wav,0.41357964277267456
2227,indextts,sad,/srv/RL_project/repo/outputs/wav/002227_indextts_sad.wav,0.47073450684547424
2228,indextts,fearful,/srv/RL_project/repo/outputs/wav/002228_indextts_fearful.wav,0.5791365504264832
2229,indextts,angry,/srv/RL_project/repo/outputs/wav/002229_indextts_angry.wav,0.307233065366745
2230,indextts,angry,/srv/RL_project/repo/outputs/wav/002230_indextts_angry.wav,0.43125903606414795
2231,indextts,sad,/srv/RL_project/repo/outputs/wav/002231_indextts_sad.wav,0.4178110361099243
2232,indextts,fearful,/srv/RL_project/repo/outputs/wav/002232_indextts_fearful.wav,0.5329100489616394
2233,indextts,disgusted,/srv/RL_project/repo/outputs/wav/002233_indextts_disgusted.wav,0.5935965180397034
2234,indextts,happy,/srv/RL_project/repo/outputs/wav/002234_indextts_happy.wav,0.5388702750205994
2235,indextts,sad,/srv/RL_project/repo/outputs/wav/002235_indextts_sad.wav,0.06660102307796478
2236,indextts,sad,/srv/RL_project/repo/outputs/wav/002236_indextts_sad.wav,0.5794756412506104
2237,indextts,angry,/srv/RL_project/repo/outputs/wav/002237_indextts_angry.wav,0.3109360337257385
2238,indextts,happy,/srv/RL_project/repo/outputs/wav/002238_indextts_happy.wav,0.5416694283485413
2239,indextts,happy,/srv/RL_project/repo/outputs/wav/002239_indextts_happy.wav,0.4359709322452545
2240,indextts,neutral,/srv/RL_project/repo/outputs/wav/002240_indextts_neutral.wav,0.5710687041282654
2241,indextts,fearful,/srv/RL_project/repo/outputs/wav/002241_indextts_fearful.wav,0.3841257691383362
2242,indextts,fearful,/srv/RL_project/repo/outputs/wav/002242_indextts_fearful.wav,0.4730847179889679
2243,indextts,fearful,/srv/RL_project/repo/outputs/wav/002243_indextts_fearful.wav,0.4981268048286438
2244,indextts,happy,/srv/RL_project/repo/outputs/wav/002244_indextts_happy.wav,0.5196517109870911
2245,indextts,disgusted,/srv/RL_project/repo/outputs/wav/002245_indextts_disgusted.wav,0.1510884016752243
2246,indextts,sad,/srv/RL_project/repo/outputs/wav/002246_indextts_sad.wav,0.5222536325454712
2247,indextts,sad,/srv/RL_project/repo/outputs/wav/002247_indextts_sad.wav,0.6021881103515625
2248,indextts,fearful,/srv/RL_project/repo/outputs/wav/002248_indextts_fearful.wav,0.5883160829544067
2249,indextts,sad,/srv/RL_project/repo/outputs/wav/002249_indextts_sad.wav,0.43445324897766113
2250,indextts,angry,/srv/RL_project/repo/outputs/wav/002250_indextts_angry.wav,0.17800572514533997
2251,indextts,happy,/srv/RL_project/repo/outputs/wav/002251_indextts_happy.wav,0.5524008870124817
2252,indextts,angry,/srv/RL_project/repo/outputs/wav/002252_indextts_angry.wav,0.4465661644935608
2253,indextts,surprised,/srv/RL_project/repo/outputs/wav/002253_indextts_surprised.wav,0.41049647331237793
2254,indextts,surprised,/srv/RL_project/repo/outputs/wav/002254_indextts_surprised.wav,0.5377869009971619
2255,indextts,angry,/srv/RL_project/repo/outputs/wav/002255_indextts_angry.wav,0.26613909006118774
2256,indextts,neutral,/srv/RL_project/repo/outputs/wav/002256_indextts_neutral.wav,0.534559428691864
2257,indextts,neutral,/srv/RL_project/repo/outputs/wav/002257_indextts_neutral.wav,0.5055745244026184
2258,indextts,sad,/srv/RL_project/repo/outputs/wav/002258_indextts_sad.wav,0.5503302812576294
2259,indextts,surprised,/srv/RL_project/repo/outputs/wav/002259_indextts_surprised.wav,0.41389936208724976
2260,indextts,fearful,/srv/RL_project/repo/outputs/wav/002260_indextts_fearful.wav,0.6336474418640137
2261,indextts,happy,/srv/RL_project/repo/outputs/wav/002261_indextts_happy.wav,0.3448672592639923
2262,indextts,disgusted,/srv/RL_project/repo/outputs/wav/002262_indextts_disgusted.wav,0.6183586120605469
2263,indextts,fearful,/srv/RL_project/repo/outputs/wav/002263_indextts_fearful.wav,0.5571125745773315
2264,indextts,sad,/srv/RL_project/repo/outputs/wav/002264_indextts_sad.wav,0.08938484638929367
2265,indextts,sad,/srv/RL_project/repo/outputs/wav/002265_indextts_sad.wav,0.4573899507522583
2266,indextts,fearful,/srv/RL_project/repo/outputs/wav/002266_indextts_fearful.wav,0.5615074634552002
2267,indextts,sad,/srv/RL_project/repo/outputs/wav/002267_indextts_sad.wav,0.06523557007312775
2268,indextts,neutral,/srv/RL_project/repo/outputs/wav/002268_indextts_neutral.wav,0.603573739528656
2269,indextts,fearful,/srv/RL_project/repo/outputs/wav/002269_indextts_fearful.wav,0.5565892457962036
2270,indextts,surprised,/srv/RL_project/repo/outputs/wav/002270_indextts_surprised.wav,0.18828769028186798
2271,indextts,angry,/srv/RL_project/repo/outputs/wav/002271_indextts_angry.wav,0.17836877703666687
2272,indextts,surprised,/srv/RL_project/repo/outputs/wav/002272_indextts_surprised.wav,0.472384512424469
2273,indextts,surprised,/srv/RL_project/repo/outputs/wav/002273_indextts_surprised.wav,0.38537678122520447
2274,indextts,disgusted,/srv/RL_project/repo/outputs/wav/002274_indextts_disgusted.wav,0.45599332451820374
2275,indextts,angry,/srv/RL_project/repo/outputs/wav/002275_indextts_angry.wav,0.36163023114204407
2276,indextts,angry,/srv/RL_project/repo/outputs/wav/002276_indextts_angry.wav,0.2795868515968323
2277,indextts,fearful,/srv/RL_project/repo/outputs/wav/002277_indextts_fearful.wav,0.31984519958496094
2278,indextts,neutral,/srv/RL_project/repo/outputs/wav/002278_indextts_neutral.wav,0.641787052154541
2279,indextts,neutral,/srv/RL_project/repo/outputs/wav/002279_indextts_neutral.wav,0.6199578642845154
2280,indextts,sad,/srv/RL_project/repo/outputs/wav/002280_indextts_sad.wav,0.5303787589073181
2281,indextts,angry,/srv/RL_project/repo/outputs/wav/002281_indextts_angry.wav,0.16444264352321625
2282,indextts,angry,/srv/RL_project/repo/outputs/wav/002282_indextts_angry.wav,0.2500641644001007
2283,indextts,disgusted,/srv/RL_project/repo/outputs/wav/002283_indextts_disgusted.wav,0.5283990502357483
2284,indextts,sad,/srv/RL_project/repo/outputs/wav/002284_indextts_sad.wav,0.5817617774009705
2285,indextts,sad,/srv/RL_project/repo/outputs/wav/002285_indextts_sad.wav,0.4928293228149414
2286,indextts,fearful,/srv/RL_project/repo/outputs/wav/002286_indextts_fearful.wav,0.3911250829696655
2287,indextts,sad,/srv/RL_project/repo/outputs/wav/002287_indextts_sad.wav,0.5289053916931152
2288,indextts,disgusted,/srv/RL_project/repo/outputs/wav/002288_indextts_disgusted.wav,0.5511347055435181
2289,indextts,happy,/srv/RL_project/repo/outputs/wav/002289_indextts_happy.wav,0.4241190254688263
2290,indextts,neutral,/srv/RL_project/repo/outputs/wav/002290_indextts_neutral.wav,0.66081702709198
2291,indextts,fearful,/srv/RL_project/repo/outputs/wav/002291_indextts_fearful.wav,0.5130714774131775
2292,indextts,disgusted,/srv/RL_project/repo/outputs/wav/002292_indextts_disgusted.wav,0.4596579968929291
2293,indextts,surprised,/srv/RL_project/repo/outputs/wav/002293_indextts_surprised.wav,0.5163678526878357
2294,indextts,happy,/srv/RL_project/repo/outputs/wav/002294_indextts_happy.wav,0.5025739669799805
2295,indextts,angry,/srv/RL_project/repo/outputs/wav/002295_indextts_angry.wav,0.36353737115859985
2296,indextts,disgusted,/srv/RL_project/repo/outputs/wav/002296_indextts_disgusted.wav,0.5538153648376465
2297,indextts,surprised,/srv/RL_project/repo/outputs/wav/002297_indextts_surprised.wav,0.4944405257701874
2298,indextts,happy,/srv/RL_project/repo/outputs/wav/002298_indextts_happy.wav,0.36979979276657104
2299,indextts,fearful,/srv/RL_project/repo/outputs/wav/002299_indextts_fearful.wav,0.46870991587638855
2300,indextts,fearful,/srv/RL_project/repo/outputs/wav/002300_indextts_fearful.wav,0.5673892498016357
2301,indextts,sad,/srv/RL_project/repo/outputs/wav/002301_indextts_sad.wav,0.5382973551750183
2302,indextts,disgusted,/srv/RL_project/repo/outputs/wav/002302_indextts_disgusted.wav,0.3838677704334259
2303,indextts,disgusted,/srv/RL_project/repo/outputs/wav/002303_indextts_disgusted.wav,0.5511041879653931
2304,indextts,neutral,/srv/RL_project/repo/outputs/wav/002304_indextts_neutral.wav,0.645996630191803
2305,indextts,surprised,/srv/RL_project/repo/outputs/wav/002305_indextts_surprised.wav,0.45468729734420776
2306,indextts,angry,/srv/RL_project/repo/outputs/wav/002306_indextts_angry.wav,0.2899503707885742
2307,indextts,sad,/srv/RL_project/repo/outputs/wav/002307_indextts_sad.wav,0.5444671511650085
2308,indextts,neutral,/srv/RL_project/repo/outputs/wav/002308_indextts_neutral.wav,0.6377556324005127
2309,indextts,sad,/srv/RL_project/repo/outputs/wav/002309_indextts_sad.wav,0.4264340102672577
2310,indextts,neutral,/srv/RL_project/repo/outputs/wav/002310_indextts_neutral.wav,0.5661733150482178
2311,indextts,happy,/srv/RL_project/repo/outputs/wav/002311_indextts_happy.wav,0.5962668657302856
2312,indextts,fearful,/srv/RL_project/repo/outputs/wav/002312_indextts_fearful.wav,0.5673707723617554
2313,indextts,sad,/srv/RL_project/repo/outputs/wav/002313_indextts_sad.wav,0.49188855290412903
2314,indextts,angry,/srv/RL_project/repo/outputs/wav/002314_indextts_angry.wav,0.22623354196548462
2315,indextts,sad,/srv/RL_project/repo/outputs/wav/002315_indextts_sad.wav,0.5402376651763916
2316,indextts,disgusted,/srv/RL_project/repo/outputs/wav/002316_indextts_disgusted.wav,0.4746975600719452
2317,indextts,surprised,/srv/RL_project/repo/outputs/wav/002317_indextts_surprised.wav,0.43052423000335693
2318,indextts,happy,/srv/RL_project/repo/outputs/wav/002318_indextts_happy.wav,0.5637121796607971
2319,indextts,angry,/srv/RL_project/repo/outputs/wav/002319_indextts_angry.wav,0.37127208709716797
2320,indextts,fearful,/srv/RL_project/repo/outputs/wav/002320_indextts_fearful.wav,0.5542137026786804
2321,indextts,surprised,/srv/RL_project/repo/outputs/wav/002321_indextts_surprised.wav,0.34612584114074707
2322,indextts,disgusted,/srv/RL_project/repo/outputs/wav/002322_indextts_disgusted.wav,0.5411689281463623
2323,indextts,fearful,/srv/RL_project/repo/outputs/wav/002323_indextts_fearful.wav,0.5084384679794312
2324,indextts,fearful,/srv/RL_project/repo/outputs/wav/002324_indextts_fearful.wav,0.3723286986351013
2325,indextts,happy,/srv/RL_project/repo/outputs/wav/002325_indextts_happy.wav,0.41351574659347534
2326,indextts,angry,/srv/RL_project/repo/outputs/wav/002326_indextts_angry.wav,0.07563672959804535
2327,indextts,happy,/srv/RL_project/repo/outputs/wav/002327_indextts_happy.wav,0.5964107513427734
2328,indextts,sad,/srv/RL_project/repo/outputs/wav/002328_indextts_sad.wav,0.5506371855735779
2329,indextts,sad,/srv/RL_project/repo/outputs/wav/002329_indextts_sad.wav,0.5275028347969055
2330,indextts,neutral,/srv/RL_project/repo/outputs/wav/002330_indextts_neutral.wav,0.6009124517440796
2331,indextts,surprised,/srv/RL_project/repo/outputs/wav/002331_indextts_surprised.wav,0.5483109354972839
2332,indextts,fearful,/srv/RL_project/repo/outputs/wav/002332_indextts_fearful.wav,0.592198371887207
2333,indextts,angry,/srv/RL_project/repo/outputs/wav/002333_indextts_angry.wav,0.27061375975608826
2334,indextts,disgusted,/srv/RL_project/repo/outputs/wav/002334_indextts_disgusted.wav,0.42287418246269226
2335,indextts,sad,/srv/RL_project/repo/outputs/wav/002335_indextts_sad.wav,0.4467915892601013
2336,indextts,disgusted,/srv/RL_project/repo/outputs/wav/002336_indextts_disgusted.wav,0.5657389760017395
2337,indextts,neutral,/srv/RL_project/repo/outputs/wav/002337_indextts_neutral.wav,0.5766201615333557
2338,indextts,sad,/srv/RL_project/repo/outputs/wav/002338_indextts_sad.wav,0.4309946596622467
2339,indextts,disgusted,/srv/RL_project/repo/outputs/wav/002339_indextts_disgusted.wav,0.5581268668174744
2340,indextts,angry,/srv/RL_project/repo/outputs/wav/002340_indextts_angry.wav,0.31127530336380005
2341,indextts,disgusted,/srv/RL_project/repo/outputs/wav/002341_indextts_disgusted.wav,0.5333499908447266
2342,indextts,disgusted,/srv/RL_project/repo/outputs/wav/002342_indextts_disgusted.wav,0.5741856694221497
2343,indextts,happy,/srv/RL_project/repo/outputs/wav/002343_indextts_happy.wav,0.5405680537223816
2344,indextts,disgusted,/srv/RL_project/repo/outputs/wav/002344_indextts_disgusted.wav,0.4663662016391754
2345,indextts,angry,/srv/RL_project/repo/outputs/wav/002345_indextts_angry.wav,0.3455846309661865
2346,indextts,surprised,/srv/RL_project/repo/outputs/wav/002346_indextts_surprised.wav,0.34192144870758057
2347,indextts,happy,/srv/RL_project/repo/outputs/wav/002347_indextts_happy.wav,0.11748957633972168
2348,indextts,disgusted,/srv/RL_project/repo/outputs/wav/002348_indextts_disgusted.wav,0.4830358624458313
2349,indextts,disgusted,/srv/RL_project/repo/outputs/wav/002349_indextts_disgusted.wav,0.5320249199867249
2350,indextts,disgusted,/srv/RL_project/repo/outputs/wav/002350_indextts_disgusted.wav,0.5218909978866577
2351,indextts,sad,/srv/RL_project/repo/outputs/wav/002351_indextts_sad.wav,0.5361306667327881
2352,indextts,angry,/srv/RL_project/repo/outputs/wav/002352_indextts_angry.wav,0.4970546066761017
2353,indextts,sad,/srv/RL_project/repo/outputs/wav/002353_indextts_sad.wav,0.4503692090511322
2354,indextts,happy,/srv/RL_project/repo/outputs/wav/002354_indextts_happy.wav,0.44194144010543823
2355,indextts,happy,/srv/RL_project/repo/outputs/wav/002355_indextts_happy.wav,0.20243974030017853
2356,indextts,fearful,/srv/RL_project/repo/outputs/wav/002356_indextts_fearful.wav,0.5548392534255981
2357,indextts,disgusted,/srv/RL_project/repo/outputs/wav/002357_indextts_disgusted.wav,0.593759298324585
2358,indextts,happy,/srv/RL_project/repo/outputs/wav/002358_indextts_happy.wav,0.5167244076728821
2359,indextts,fearful,/srv/RL_project/repo/outputs/wav/002359_indextts_fearful.wav,0.3956816792488098
2360,indextts,happy,/srv/RL_project/repo/outputs/wav/002360_indextts_happy.wav,0.4757360816001892
2361,indextts,surprised,/srv/RL_project/repo/outputs/wav/002361_indextts_surprised.wav,0.14286723732948303
2362,indextts,happy,/srv/RL_project/repo/outputs/wav/002362_indextts_happy.wav,0.4278106689453125
2363,indextts,sad,/srv/RL_project/repo/outputs/wav/002363_indextts_sad.wav,0.443399578332901
2364,indextts,neutral,/srv/RL_project/repo/outputs/wav/002364_indextts_neutral.wav,0.3611128330230713
2365,indextts,angry,/srv/RL_project/repo/outputs/wav/002365_indextts_angry.wav,0.39911624789237976
2366,indextts,sad,/srv/RL_project/repo/outputs/wav/002366_indextts_sad.wav,0.6160975694656372
2367,indextts,angry,/srv/RL_project/repo/outputs/wav/002367_indextts_angry.wav,0.4055158793926239
2368,indextts,surprised,/srv/RL_project/repo/outputs/wav/002368_indextts_surprised.wav,0.5740668773651123
2369,indextts,sad,/srv/RL_project/repo/outputs/wav/002369_indextts_sad.wav,0.5293571949005127
2370,indextts,angry,/srv/RL_project/repo/outputs/wav/002370_indextts_angry.wav,0.3559293746948242
2371,indextts,disgusted,/srv/RL_project/repo/outputs/wav/002371_indextts_disgusted.wav,0.6519935727119446
2372,indextts,fearful,/srv/RL_project/repo/outputs/wav/002372_indextts_fearful.wav,0.6305530071258545
2373,indextts,surprised,/srv/RL_project/repo/outputs/wav/002373_indextts_surprised.wav,0.45990660786628723
2374,indextts,fearful,/srv/RL_project/repo/outputs/wav/002374_indextts_fearful.wav,0.5558165311813354
2375,indextts,disgusted,/srv/RL_project/repo/outputs/wav/002375_indextts_disgusted.wav,0.5445666909217834
2376,indextts,angry,/srv/RL_project/repo/outputs/wav/002376_indextts_angry.wav,0.47875601053237915
2377,indextts,happy,/srv/RL_project/repo/outputs/wav/002377_indextts_happy.wav,0.5517289638519287
2378,indextts,angry,/srv/RL_project/repo/outputs/wav/002378_indextts_angry.wav,0.28659161925315857
2379,indextts,angry,/srv/RL_project/repo/outputs/wav/002379_indextts_angry.wav,0.43629318475723267
2380,indextts,sad,/srv/RL_project/repo/outputs/wav/002380_indextts_sad.wav,0.3901127576828003
2381,indextts,surprised,/srv/RL_project/repo/outputs/wav/002381_indextts_surprised.wav,0.49559640884399414
2382,indextts,happy,/srv/RL_project/repo/outputs/wav/002382_indextts_happy.wav,0.5580161213874817
2383,indextts,angry,/srv/RL_project/repo/outputs/wav/002383_indextts_angry.wav,0.2940690517425537
2384,indextts,surprised,/srv/RL_project/repo/outputs/wav/002384_indextts_surprised.wav,0.4486102759838104
2385,indextts,surprised,/srv/RL_project/repo/outputs/wav/002385_indextts_surprised.wav,0.5442327857017517
2386,indextts,neutral,/srv/RL_project/repo/outputs/wav/002386_indextts_neutral.wav,0.22209113836288452
2387,indextts,fearful,/srv/RL_project/repo/outputs/wav/002387_indextts_fearful.wav,0.6236754059791565
2388,indextts,angry,/srv/RL_project/repo/outputs/wav/002388_indextts_angry.wav,0.4194876253604889
2389,indextts,sad,/srv/RL_project/repo/outputs/wav/002389_indextts_sad.wav,0.327262282371521
2390,indextts,happy,/srv/RL_project/repo/outputs/wav/002390_indextts_happy.wav,0.5718687772750854
2391,indextts,angry,/srv/RL_project/repo/outputs/wav/002391_indextts_angry.wav,0.1822311282157898
2392,indextts,angry,/srv/RL_project/repo/outputs/wav/002392_indextts_angry.wav,0.21251383423805237
2393,indextts,surprised,/srv/RL_project/repo/outputs/wav/002393_indextts_surprised.wav,0.4506476819515228
2394,indextts,angry,/srv/RL_project/repo/outputs/wav/002394_indextts_angry.wav,0.11549293994903564
2395,indextts,happy,/srv/RL_project/repo/outputs/wav/002395_indextts_happy.wav,0.4322846829891205
2396,indextts,happy,/srv/RL_project/repo/outputs/wav/002396_indextts_happy.wav,0.5489845275878906
2397,indextts,sad,/srv/RL_project/repo/outputs/wav/002397_indextts_sad.wav,0.5056633353233337
2398,indextts,sad,/srv/RL_project/repo/outputs/wav/002398_indextts_sad.wav,0.2803257405757904
2399,indextts,sad,/srv/RL_project/repo/outputs/wav/002399_indextts_sad.wav,0.5249425768852234
2400,indextts,happy,/srv/RL_project/repo/outputs/wav/002400_indextts_happy.wav,0.5425835251808167
2401,indextts,disgusted,/srv/RL_project/repo/outputs/wav/002401_indextts_disgusted.wav,0.5228611826896667
2402,indextts,disgusted,/srv/RL_project/repo/outputs/wav/002402_indextts_disgusted.wav,0.40680772066116333
2403,indextts,sad,/srv/RL_project/repo/outputs/wav/002403_indextts_sad.wav,0.528155505657196
2404,indextts,fearful,/srv/RL_project/repo/outputs/wav/002404_indextts_fearful.wav,0.3925691545009613
2405,indextts,neutral,/srv/RL_project/repo/outputs/wav/002405_indextts_neutral.wav,0.6117544174194336
2406,indextts,happy,/srv/RL_project/repo/outputs/wav/002406_indextts_happy.wav,0.28829893469810486
2407,indextts,fearful,/srv/RL_project/repo/outputs/wav/002407_indextts_fearful.wav,0.4271915853023529
2408,indextts,fearful,/srv/RL_project/repo/outputs/wav/002408_indextts_fearful.wav,0.618257462978363
2409,indextts,disgusted,/srv/RL_project/repo/outputs/wav/002409_indextts_disgusted.wav,0.5280933976173401
2410,indextts,sad,/srv/RL_project/repo/outputs/wav/002410_indextts_sad.wav,0.5608892440795898
2411,indextts,neutral,/srv/RL_project/repo/outputs/wav/002411_indextts_neutral.wav,0.5577553510665894
2412,indextts,angry,/srv/RL_project/repo/outputs/wav/002412_indextts_angry.wav,0.3320537507534027
2413,indextts,sad,/srv/RL_project/repo/outputs/wav/002413_indextts_sad.wav,0.5475046634674072
2414,indextts,disgusted,/srv/RL_project/repo/outputs/wav/002414_indextts_disgusted.wav,0.43870964646339417
2415,indextts,sad,/srv/RL_project/repo/outputs/wav/002415_indextts_sad.wav,0.29204103350639343
2416,indextts,sad,/srv/RL_project/repo/outputs/wav/002416_indextts_sad.wav,0.541632354259491
2417,indextts,neutral,/srv/RL_project/repo/outputs/wav/002417_indextts_neutral.wav,0.5593860149383545
2418,indextts,disgusted,/srv/RL_project/repo/outputs/wav/002418_indextts_disgusted.wav,0.6043981313705444
2419,indextts,happy,/srv/RL_project/repo/outputs/wav/002419_indextts_happy.wav,0.5723438262939453
2420,indextts,fearful,/srv/RL_project/repo/outputs/wav/002420_indextts_fearful.wav,0.2238023430109024
2421,indextts,fearful,/srv/RL_project/repo/outputs/wav/002421_indextts_fearful.wav,0.45530492067337036
2422,indextts,happy,/srv/RL_project/repo/outputs/wav/002422_indextts_happy.wav,0.3467193841934204
2423,indextts,happy,/srv/RL_project/repo/outputs/wav/002423_indextts_happy.wav,0.45020097494125366
2424,indextts,neutral,/srv/RL_project/repo/outputs/wav/002424_indextts_neutral.wav,0.49806374311447144
2425,indextts,sad,/srv/RL_project/repo/outputs/wav/002425_indextts_sad.wav,0.5003600120544434
2426,indextts,angry,/srv/RL_project/repo/outputs/wav/002426_indextts_angry.wav,0.24528740346431732
2427,indextts,happy,/srv/RL_project/repo/outputs/wav/002427_indextts_happy.wav,0.5249692797660828
2428,indextts,surprised,/srv/RL_project/repo/outputs/wav/002428_indextts_surprised.wav,0.4880225360393524
2429,indextts,sad,/srv/RL_project/repo/outputs/wav/002429_indextts_sad.wav,0.4981723725795746
2430,indextts,fearful,/srv/RL_project/repo/outputs/wav/002430_indextts_fearful.wav,0.5234546065330505
2431,indextts,disgusted,/srv/RL_project/repo/outputs/wav/002431_indextts_disgusted.wav,0.5759656429290771
2432,indextts,angry,/srv/RL_project/repo/outputs/wav/002432_indextts_angry.wav,0.07037170231342316
2433,indextts,sad,/srv/RL_project/repo/outputs/wav/002433_indextts_sad.wav,0.5371466279029846
2434,indextts,surprised,/srv/RL_project/repo/outputs/wav/002434_indextts_surprised.wav,0.41834285855293274
2435,indextts,fearful,/srv/RL_project/repo/outputs/wav/002435_indextts_fearful.wav,0.26528048515319824
2436,indextts,angry,/srv/RL_project/repo/outputs/wav/002436_indextts_angry.wav,0.4058634042739868
2437,indextts,fearful,/srv/RL_project/repo/outputs/wav/002437_indextts_fearful.wav,0.5095545053482056
2438,indextts,neutral,/srv/RL_project/repo/outputs/wav/002438_indextts_neutral.wav,0.5842579007148743
2439,indextts,sad,/srv/RL_project/repo/outputs/wav/002439_indextts_sad.wav,0.38939401507377625
2440,indextts,neutral,/srv/RL_project/repo/outputs/wav/002440_indextts_neutral.wav,0.648726761341095
2441,indextts,happy,/srv/RL_project/repo/outputs/wav/002441_indextts_happy.wav,0.513264000415802
2442,indextts,surprised,/srv/RL_project/repo/outputs/wav/002442_indextts_surprised.wav,0.47230252623558044
2443,indextts,fearful,/srv/RL_project/repo/outputs/wav/002443_indextts_fearful.wav,0.47572362422943115
2444,indextts,disgusted,/srv/RL_project/repo/outputs/wav/002444_indextts_disgusted.wav,0.36736345291137695
2445,indextts,sad,/srv/RL_project/repo/outputs/wav/002445_indextts_sad.wav,0.467035710811615
2446,indextts,surprised,/srv/RL_project/repo/outputs/wav/002446_indextts_surprised.wav,0.4920019507408142
2447,indextts,angry,/srv/RL_project/repo/outputs/wav/002447_indextts_angry.wav,0.3661024868488312
2448,indextts,disgusted,/srv/RL_project/repo/outputs/wav/002448_indextts_disgusted.wav,0.4521474242210388
2449,indextts,sad,/srv/RL_project/repo/outputs/wav/002449_indextts_sad.wav,0.47375398874282837
2450,indextts,neutral,/srv/RL_project/repo/outputs/wav/002450_indextts_neutral.wav,0.5788108706474304
2451,indextts,sad,/srv/RL_project/repo/outputs/wav/002451_indextts_sad.wav,0.5270680785179138
2452,indextts,happy,/srv/RL_project/repo/outputs/wav/002452_indextts_happy.wav,0.622539758682251
2453,indextts,fearful,/srv/RL_project/repo/outputs/wav/002453_indextts_fearful.wav,0.4868241548538208
2454,indextts,fearful,/srv/RL_project/repo/outputs/wav/002454_indextts_fearful.wav,0.5207279920578003
2455,indextts,fearful,/srv/RL_project/repo/outputs/wav/002455_indextts_fearful.wav,0.45957088470458984
2456,indextts,happy,/srv/RL_project/repo/outputs/wav/002456_indextts_happy.wav,0.3917102813720703
2457,indextts,angry,/srv/RL_project/repo/outputs/wav/002457_indextts_angry.wav,0.14033128321170807
2458,indextts,disgusted,/srv/RL_project/repo/outputs/wav/002458_indextts_disgusted.wav,0.5496755242347717
2459,indextts,fearful,/srv/RL_project/repo/outputs/wav/002459_indextts_fearful.wav,0.5792351365089417
2460,indextts,surprised,/srv/RL_project/repo/outputs/wav/002460_indextts_surprised.wav,0.6058273911476135
2461,indextts,disgusted,/srv/RL_project/repo/outputs/wav/002461_indextts_disgusted.wav,0.5374630689620972
2462,indextts,angry,/srv/RL_project/repo/outputs/wav/002462_indextts_angry.wav,0.1294241100549698
2463,indextts,disgusted,/srv/RL_project/repo/outputs/wav/002463_indextts_disgusted.wav,0.4831675589084625
2464,indextts,surprised,/srv/RL_project/repo/outputs/wav/002464_indextts_surprised.wav,0.5000243186950684
2465,indextts,neutral,/srv/RL_project/repo/outputs/wav/002465_indextts_neutral.wav,0.24221427738666534
2466,indextts,disgusted,/srv/RL_project/repo/outputs/wav/002466_indextts_disgusted.wav,0.5903418660163879
2467,indextts,disgusted,/srv/RL_project/repo/outputs/wav/002467_indextts_disgusted.wav,0.3706602156162262
2468,indextts,sad,/srv/RL_project/repo/outputs/wav/002468_indextts_sad.wav,0.504596471786499
2469,indextts,surprised,/srv/RL_project/repo/outputs/wav/002469_indextts_surprised.wav,0.5011982321739197
2470,indextts,surprised,/srv/RL_project/repo/outputs/wav/002470_indextts_surprised.wav,0.41178619861602783
2471,indextts,disgusted,/srv/RL_project/repo/outputs/wav/002471_indextts_disgusted.wav,0.5501704812049866
2472,indextts,neutral,/srv/RL_project/repo/outputs/wav/002472_indextts_neutral.wav,0.5256578326225281
2473,indextts,fearful,/srv/RL_project/repo/outputs/wav/002473_indextts_fearful.wav,0.42195314168930054
2474,indextts,sad,/srv/RL_project/repo/outputs/wav/002474_indextts_sad.wav,0.5866764783859253
2475,indextts,angry,/srv/RL_project/repo/outputs/wav/002475_indextts_angry.wav,0.25317609310150146
2476,indextts,sad,/srv/RL_project/repo/outputs/wav/002476_indextts_sad.wav,0.49545276165008545
2477,indextts,angry,/srv/RL_project/repo/outputs/wav/002477_indextts_angry.wav,0.3686741590499878
2478,indextts,sad,/srv/RL_project/repo/outputs/wav/002478_indextts_sad.wav,0.25233379006385803
2479,indextts,sad,/srv/RL_project/repo/outputs/wav/002479_indextts_sad.wav,0.49444878101348877
2480,indextts,sad,/srv/RL_project/repo/outputs/wav/002480_indextts_sad.wav,0.41553401947021484
2481,indextts,surprised,/srv/RL_project/repo/outputs/wav/002481_indextts_surprised.wav,0.47743338346481323
2482,indextts,disgusted,/srv/RL_project/repo/outputs/wav/002482_indextts_disgusted.wav,0.3786889314651489
2483,indextts,angry,/srv/RL_project/repo/outputs/wav/002483_indextts_angry.wav,0.325814425945282
2484,indextts,disgusted,/srv/RL_project/repo/outputs/wav/002484_indextts_disgusted.wav,0.42654404044151306
2485,indextts,disgusted,/srv/RL_project/repo/outputs/wav/002485_indextts_disgusted.wav,0.4599303901195526
2486,indextts,neutral,/srv/RL_project/repo/outputs/wav/002486_indextts_neutral.wav,0.06277438998222351
2487,indextts,happy,/srv/RL_project/repo/outputs/wav/002487_indextts_happy.wav,0.5362655520439148
2488,indextts,disgusted,/srv/RL_project/repo/outputs/wav/002488_indextts_disgusted.wav,0.5484136939048767
2489,indextts,disgusted,/srv/RL_project/repo/outputs/wav/002489_indextts_disgusted.wav,0.4121133089065552
2490,indextts,disgusted,/srv/RL_project/repo/outputs/wav/002490_indextts_disgusted.wav,0.36855968832969666
2491,indextts,surprised,/srv/RL_project/repo/outputs/wav/002491_indextts_surprised.wav,0.09372290223836899
2492,indextts,happy,/srv/RL_project/repo/outputs/wav/002492_indextts_happy.wav,0.23247550427913666
2493,indextts,sad,/srv/RL_project/repo/outputs/wav/002493_indextts_sad.wav,0.5702168941497803
2494,indextts,happy,/srv/RL_project/repo/outputs/wav/002494_indextts_happy.wav,0.44549059867858887
2495,indextts,sad,/srv/RL_project/repo/outputs/wav/002495_indextts_sad.wav,0.3780858516693115
2496,indextts,fearful,/srv/RL_project/repo/outputs/wav/002496_indextts_fearful.wav,0.5191965699195862
2497,indextts,happy,/srv/RL_project/repo/outputs/wav/002497_indextts_happy.wav,0.5968502163887024
2498,indextts,angry,/srv/RL_project/repo/outputs/wav/002498_indextts_angry.wav,0.39220142364501953
2499,indextts,fearful,/srv/RL_project/repo/outputs/wav/002499_indextts_fearful.wav,0.31515130400657654
2500,indextts,happy,/srv/RL_project/repo/outputs/wav/002500_indextts_happy.wav,0.4466727077960968
2501,indextts,angry,/srv/RL_project/repo/outputs/wav/002501_indextts_angry.wav,0.36336836218833923
2502,indextts,neutral,/srv/RL_project/repo/outputs/wav/002502_indextts_neutral.wav,0.574992299079895
2503,indextts,happy,/srv/RL_project/repo/outputs/wav/002503_indextts_happy.wav,0.5080219507217407
2504,indextts,angry,/srv/RL_project/repo/outputs/wav/002504_indextts_angry.wav,0.2603074014186859
2505,indextts,neutral,/srv/RL_project/repo/outputs/wav/002505_indextts_neutral.wav,0.6217868328094482
2506,indextts,fearful,/srv/RL_project/repo/outputs/wav/002506_indextts_fearful.wav,0.4218670725822449
2507,indextts,fearful,/srv/RL_project/repo/outputs/wav/002507_indextts_fearful.wav,0.3294389545917511
2508,indextts,neutral,/srv/RL_project/repo/outputs/wav/002508_indextts_neutral.wav,0.5560194849967957
2509,indextts,neutral,/srv/RL_project/repo/outputs/wav/002509_indextts_neutral.wav,0.6073388457298279
2510,indextts,sad,/srv/RL_project/repo/outputs/wav/002510_indextts_sad.wav,0.5547738671302795
2511,indextts,fearful,/srv/RL_project/repo/outputs/wav/002511_indextts_fearful.wav,0.34608539938926697
2512,indextts,sad,/srv/RL_project/repo/outputs/wav/002512_indextts_sad.wav,0.4637017846107483
2513,indextts,angry,/srv/RL_project/repo/outputs/wav/002513_indextts_angry.wav,0.30282625555992126
2514,indextts,surprised,/srv/RL_project/repo/outputs/wav/002514_indextts_surprised.wav,0.419678658246994
2515,indextts,surprised,/srv/RL_project/repo/outputs/wav/002515_indextts_surprised.wav,0.4829863905906677
2516,indextts,neutral,/srv/RL_project/repo/outputs/wav/002516_indextts_neutral.wav,0.5439093112945557
2517,indextts,neutral,/srv/RL_project/repo/outputs/wav/002517_indextts_neutral.wav,0.06449398398399353
2518,indextts,angry,/srv/RL_project/repo/outputs/wav/002518_indextts_angry.wav,0.41841617226600647
2519,indextts,fearful,/srv/RL_project/repo/outputs/wav/002519_indextts_fearful.wav,0.4274488389492035
2520,indextts,happy,/srv/RL_project/repo/outputs/wav/002520_indextts_happy.wav,0.538779616355896
2521,indextts,disgusted,/srv/RL_project/repo/outputs/wav/002521_indextts_disgusted.wav,0.4250081181526184
2522,indextts,angry,/srv/RL_project/repo/outputs/wav/002522_indextts_angry.wav,0.5570006370544434
2523,indextts,surprised,/srv/RL_project/repo/outputs/wav/002523_indextts_surprised.wav,0.3952036201953888
2524,indextts,sad,/srv/RL_project/repo/outputs/wav/002524_indextts_sad.wav,0.45909583568573
2525,indextts,angry,/srv/RL_project/repo/outputs/wav/002525_indextts_angry.wav,0.1950206309556961
2526,indextts,sad,/srv/RL_project/repo/outputs/wav/002526_indextts_sad.wav,0.4850030541419983
2527,indextts,disgusted,/srv/RL_project/repo/outputs/wav/002527_indextts_disgusted.wav,0.08917195349931717
2528,indextts,disgusted,/srv/RL_project/repo/outputs/wav/002528_indextts_disgusted.wav,0.5474388599395752
2529,indextts,happy,/srv/RL_project/repo/outputs/wav/002529_indextts_happy.wav,0.5114471316337585
2530,indextts,fearful,/srv/RL_project/repo/outputs/wav/002530_indextts_fearful.wav,0.6102010011672974
2531,indextts,fearful,/srv/RL_project/repo/outputs/wav/002531_indextts_fearful.wav,0.5011131167411804
2532,indextts,fearful,/srv/RL_project/repo/outputs/wav/002532_indextts_fearful.wav,0.6109944581985474
2533,indextts,disgusted,/srv/RL_project/repo/outputs/wav/002533_indextts_disgusted.wav,0.45814424753189087
2534,indextts,happy,/srv/RL_project/repo/outputs/wav/002534_indextts_happy.wav,0.6542330980300903
2535,indextts,surprised,/srv/RL_project/repo/outputs/wav/002535_indextts_surprised.wav,0.4633398652076721
2536,indextts,angry,/srv/RL_project/repo/outputs/wav/002536_indextts_angry.wav,0.4436214566230774
2537,indextts,neutral,/srv/RL_project/repo/outputs/wav/002537_indextts_neutral.wav,0.17725622653961182
2538,indextts,fearful,/srv/RL_project/repo/outputs/wav/002538_indextts_fearful.wav,0.46163997054100037
2539,indextts,neutral,/srv/RL_project/repo/outputs/wav/002539_indextts_neutral.wav,0.217826247215271
2540,indextts,fearful,/srv/RL_project/repo/outputs/wav/002540_indextts_fearful.wav,0.5350542068481445
2541,indextts,disgusted,/srv/RL_project/repo/outputs/wav/002541_indextts_disgusted.wav,0.35700365900993347
2542,indextts,fearful,/srv/RL_project/repo/outputs/wav/002542_indextts_fearful.wav,0.300813764333725
2543,indextts,sad,/srv/RL_project/repo/outputs/wav/002543_indextts_sad.wav,0.6512755155563354
2544,indextts,happy,/srv/RL_project/repo/outputs/wav/002544_indextts_happy.wav,0.4910138249397278
2545,indextts,sad,/srv/RL_project/repo/outputs/wav/002545_indextts_sad.wav,0.4769150912761688
2546,indextts,happy,/srv/RL_project/repo/outputs/wav/002546_indextts_happy.wav,0.47851043939590454
2547,indextts,surprised,/srv/RL_project/repo/outputs/wav/002547_indextts_surprised.wav,0.48289597034454346
2548,indextts,angry,/srv/RL_project/repo/outputs/wav/002548_indextts_angry.wav,0.39774996042251587
2549,indextts,neutral,/srv/RL_project/repo/outputs/wav/002549_indextts_neutral.wav,0.6796069741249084
2550,indextts,happy,/srv/RL_project/repo/outputs/wav/002550_indextts_happy.wav,0.4426427185535431
2551,indextts,sad,/srv/RL_project/repo/outputs/wav/002551_indextts_sad.wav,0.5097474455833435
2552,indextts,happy,/srv/RL_project/repo/outputs/wav/002552_indextts_happy.wav,0.42590832710266113
2553,indextts,disgusted,/srv/RL_project/repo/outputs/wav/002553_indextts_disgusted.wav,0.5071886777877808
2554,indextts,surprised,/srv/RL_project/repo/outputs/wav/002554_indextts_surprised.wav,0.4736036956310272
2555,indextts,angry,/srv/RL_project/repo/outputs/wav/002555_indextts_angry.wav,0.21297448873519897
2556,indextts,angry,/srv/RL_project/repo/outputs/wav/002556_indextts_angry.wav,0.09482524544000626
2557,indextts,neutral,/srv/RL_project/repo/outputs/wav/002557_indextts_neutral.wav,0.6208956241607666
2558,indextts,happy,/srv/RL_project/repo/outputs/wav/002558_indextts_happy.wav,0.204580157995224
2559,indextts,sad,/srv/RL_project/repo/outputs/wav/002559_indextts_sad.wav,0.4509847164154053
2560,indextts,happy,/srv/RL_project/repo/outputs/wav/002560_indextts_happy.wav,0.618232786655426
2561,indextts,neutral,/srv/RL_project/repo/outputs/wav/002561_indextts_neutral.wav,0.5958395004272461
2562,indextts,neutral,/srv/RL_project/repo/outputs/wav/002562_indextts_neutral.wav,0.6971572637557983
2563,indextts,surprised,/srv/RL_project/repo/outputs/wav/002563_indextts_surprised.wav,0.19852985441684723
2564,indextts,sad,/srv/RL_project/repo/outputs/wav/002564_indextts_sad.wav,0.4935447871685028
2565,indextts,happy,/srv/RL_project/repo/outputs/wav/002565_indextts_happy.wav,0.4374335706233978
2566,indextts,sad,/srv/RL_project/repo/outputs/wav/002566_indextts_sad.wav,0.4857129454612732
2567,indextts,sad,/srv/RL_project/repo/outputs/wav/002567_indextts_sad.wav,0.35939303040504456
2568,indextts,angry,/srv/RL_project/repo/outputs/wav/002568_indextts_angry.wav,0.37926188111305237
2569,indextts,sad,/srv/RL_project/repo/outputs/wav/002569_indextts_sad.wav,0.5242822170257568
2570,indextts,sad,/srv/RL_project/repo/outputs/wav/002570_indextts_sad.wav,0.41759833693504333
2571,indextts,sad,/srv/RL_project/repo/outputs/wav/002571_indextts_sad.wav,0.6241182088851929
2572,indextts,sad,/srv/RL_project/repo/outputs/wav/002572_indextts_sad.wav,0.5914334654808044
2573,indextts,happy,/srv/RL_project/repo/outputs/wav/002573_indextts_happy.wav,0.5331149101257324
2574,indextts,fearful,/srv/RL_project/repo/outputs/wav/002574_indextts_fearful.wav,0.4280124008655548
2575,indextts,fearful,/srv/RL_project/repo/outputs/wav/002575_indextts_fearful.wav,0.5662129521369934
2576,indextts,disgusted,/srv/RL_project/repo/outputs/wav/002576_indextts_disgusted.wav,0.5208545923233032
2577,indextts,disgusted,/srv/RL_project/repo/outputs/wav/002577_indextts_disgusted.wav,0.5127887725830078
2578,indextts,neutral,/srv/RL_project/repo/outputs/wav/002578_indextts_neutral.wav,0.5306445360183716
2579,indextts,sad,/srv/RL_project/repo/outputs/wav/002579_indextts_sad.wav,0.5101264119148254
2580,indextts,disgusted,/srv/RL_project/repo/outputs/wav/002580_indextts_disgusted.wav,0.46506303548812866
2581,indextts,angry,/srv/RL_project/repo/outputs/wav/002581_indextts_angry.wav,0.4926387667655945
2582,indextts,disgusted,/srv/RL_project/repo/outputs/wav/002582_indextts_disgusted.wav,0.4624731242656708
2583,indextts,neutral,/srv/RL_project/repo/outputs/wav/002583_indextts_neutral.wav,0.6500240564346313
2584,indextts,disgusted,/srv/RL_project/repo/outputs/wav/002584_indextts_disgusted.wav,0.4834434390068054
2585,indextts,surprised,/srv/RL_project/repo/outputs/wav/002585_indextts_surprised.wav,0.5241000652313232
2586,indextts,fearful,/srv/RL_project/repo/outputs/wav/002586_indextts_fearful.wav,0.5001413822174072
2587,indextts,happy,/srv/RL_project/repo/outputs/wav/002587_indextts_happy.wav,0.5922407507896423
2588,indextts,angry,/srv/RL_project/repo/outputs/wav/002588_indextts_angry.wav,0.45651599764823914
2589,indextts,sad,/srv/RL_project/repo/outputs/wav/002589_indextts_sad.wav,0.5040457248687744
2590,indextts,happy,/srv/RL_project/repo/outputs/wav/002590_indextts_happy.wav,0.587177574634552
2591,indextts,surprised,/srv/RL_project/repo/outputs/wav/002591_indextts_surprised.wav,0.46636104583740234
2592,indextts,happy,/srv/RL_project/repo/outputs/wav/002592_indextts_happy.wav,0.6049562096595764
2593,indextts,neutral,/srv/RL_project/repo/outputs/wav/002593_indextts_neutral.wav,0.689060389995575
2594,indextts,happy,/srv/RL_project/repo/outputs/wav/002594_indextts_happy.wav,0.5081968903541565
2595,indextts,happy,/srv/RL_project/repo/outputs/wav/002595_indextts_happy.wav,0.6119610667228699
2596,indextts,sad,/srv/RL_project/repo/outputs/wav/002596_indextts_sad.wav,0.5553482174873352
2597,indextts,fearful,/srv/RL_project/repo/outputs/wav/002597_indextts_fearful.wav,0.5106427669525146
2598,indextts,neutral,/srv/RL_project/repo/outputs/wav/002598_indextts_neutral.wav,0.6018001437187195
2599,indextts,disgusted,/srv/RL_project/repo/outputs/wav/002599_indextts_disgusted.wav,0.5342456102371216
2600,indextts,happy,/srv/RL_project/repo/outputs/wav/002600_indextts_happy.wav,0.6126063466072083
2601,indextts,sad,/srv/RL_project/repo/outputs/wav/002601_indextts_sad.wav,0.5245310068130493
2602,indextts,sad,/srv/RL_project/repo/outputs/wav/002602_indextts_sad.wav,0.5576773881912231
2603,indextts,surprised,/srv/RL_project/repo/outputs/wav/002603_indextts_surprised.wav,0.1676114797592163
2604,indextts,fearful,/srv/RL_project/repo/outputs/wav/002604_indextts_fearful.wav,0.4808068871498108
2605,indextts,happy,/srv/RL_project/repo/outputs/wav/002605_indextts_happy.wav,0.4478433430194855
2606,indextts,disgusted,/srv/RL_project/repo/outputs/wav/002606_indextts_disgusted.wav,0.5636481642723083
2607,indextts,sad,/srv/RL_project/repo/outputs/wav/002607_indextts_sad.wav,0.3637632727622986
2608,indextts,angry,/srv/RL_project/repo/outputs/wav/002608_indextts_angry.wav,0.4297134578227997
2609,indextts,happy,/srv/RL_project/repo/outputs/wav/002609_indextts_happy.wav,0.5024250149726868
2610,indextts,disgusted,/srv/RL_project/repo/outputs/wav/002610_indextts_disgusted.wav,0.5396081805229187
2611,indextts,angry,/srv/RL_project/repo/outputs/wav/002611_indextts_angry.wav,0.3099910318851471
2612,indextts,sad,/srv/RL_project/repo/outputs/wav/002612_indextts_sad.wav,0.5629305243492126
2613,indextts,fearful,/srv/RL_project/repo/outputs/wav/002613_indextts_fearful.wav,0.5829753875732422
2614,indextts,sad,/srv/RL_project/repo/outputs/wav/002614_indextts_sad.wav,0.5295909643173218
2615,indextts,surprised,/srv/RL_project/repo/outputs/wav/002615_indextts_surprised.wav,0.47523078322410583
2616,indextts,disgusted,/srv/RL_project/repo/outputs/wav/002616_indextts_disgusted.wav,0.5666050314903259
2617,indextts,fearful,/srv/RL_project/repo/outputs/wav/002617_indextts_fearful.wav,0.545015275478363
2618,indextts,surprised,/srv/RL_project/repo/outputs/wav/002618_indextts_surprised.wav,0.3372114598751068
2619,indextts,happy,/srv/RL_project/repo/outputs/wav/002619_indextts_happy.wav,0.5489717125892639
2620,indextts,happy,/srv/RL_project/repo/outputs/wav/002620_indextts_happy.wav,0.5582957863807678
2621,indextts,fearful,/srv/RL_project/repo/outputs/wav/002621_indextts_fearful.wav,0.4532891511917114
2622,indextts,disgusted,/srv/RL_project/repo/outputs/wav/002622_indextts_disgusted.wav,0.5748228430747986
2623,indextts,neutral,/srv/RL_project/repo/outputs/wav/002623_indextts_neutral.wav,0.6610008478164673
2624,indextts,angry,/srv/RL_project/repo/outputs/wav/002624_indextts_angry.wav,0.35754793882369995
2625,indextts,fearful,/srv/RL_project/repo/outputs/wav/002625_indextts_fearful.wav,0.5424005389213562
2626,indextts,neutral,/srv/RL_project/repo/outputs/wav/002626_indextts_neutral.wav,0.6252937316894531
2627,indextts,sad,/srv/RL_project/repo/outputs/wav/002627_indextts_sad.wav,0.2544735372066498
2628,indextts,disgusted,/srv/RL_project/repo/outputs/wav/002628_indextts_disgusted.wav,0.5275132656097412
2629,indextts,angry,/srv/RL_project/repo/outputs/wav/002629_indextts_angry.wav,0.36675864458084106
2630,indextts,surprised,/srv/RL_project/repo/outputs/wav/002630_indextts_surprised.wav,0.28627514839172363
2631,indextts,sad,/srv/RL_project/repo/outputs/wav/002631_indextts_sad.wav,0.5239019393920898
2632,indextts,disgusted,/srv/RL_project/repo/outputs/wav/002632_indextts_disgusted.wav,0.574591875076294
2633,indextts,fearful,/srv/RL_project/repo/outputs/wav/002633_indextts_fearful.wav,0.5527524948120117
2634,indextts,happy,/srv/RL_project/repo/outputs/wav/002634_indextts_happy.wav,0.6288855075836182
2635,indextts,sad,/srv/RL_project/repo/outputs/wav/002635_indextts_sad.wav,0.559016764163971
2636,indextts,surprised,/srv/RL_project/repo/outputs/wav/002636_indextts_surprised.wav,0.47012555599212646
2637,indextts,disgusted,/srv/RL_project/repo/outputs/wav/002637_indextts_disgusted.wav,0.5273884534835815
2638,indextts,disgusted,/srv/RL_project/repo/outputs/wav/002638_indextts_disgusted.wav,0.5494059324264526
2639,indextts,fearful,/srv/RL_project/repo/outputs/wav/002639_indextts_fearful.wav,0.5473082065582275
2640,indextts,surprised,/srv/RL_project/repo/outputs/wav/002640_indextts_surprised.wav,0.4383818805217743
2641,indextts,neutral,/srv/RL_project/repo/outputs/wav/002641_indextts_neutral.wav,0.6641561985015869
2642,indextts,surprised,/srv/RL_project/repo/outputs/wav/002642_indextts_surprised.wav,0.3396659791469574
2643,indextts,angry,/srv/RL_project/repo/outputs/wav/002643_indextts_angry.wav,0.39474982023239136
2644,indextts,disgusted,/srv/RL_project/repo/outputs/wav/002644_indextts_disgusted.wav,0.3844895362854004
2645,indextts,surprised,/srv/RL_project/repo/outputs/wav/002645_indextts_surprised.wav,0.45220765471458435
2646,indextts,disgusted,/srv/RL_project/repo/outputs/wav/002646_indextts_disgusted.wav,0.45029789209365845
2647,indextts,surprised,/srv/RL_project/repo/outputs/wav/002647_indextts_surprised.wav,0.5348973274230957
2648,indextts,happy,/srv/RL_project/repo/outputs/wav/002648_indextts_happy.wav,0.6172619462013245
2649,indextts,happy,/srv/RL_project/repo/outputs/wav/002649_indextts_happy.wav,0.6173467040061951
2650,indextts,sad,/srv/RL_project/repo/outputs/wav/002650_indextts_sad.wav,0.503355860710144
2651,indextts,disgusted,/srv/RL_project/repo/outputs/wav/002651_indextts_disgusted.wav,0.4915506839752197
2652,indextts,sad,/srv/RL_project/repo/outputs/wav/002652_indextts_sad.wav,0.39898067712783813
2653,indextts,neutral,/srv/RL_project/repo/outputs/wav/002653_indextts_neutral.wav,0.6805200576782227
2654,indextts,surprised,/srv/RL_project/repo/outputs/wav/002654_indextts_surprised.wav,0.5196728110313416
2655,indextts,angry,/srv/RL_project/repo/outputs/wav/002655_indextts_angry.wav,0.4891142249107361
2656,indextts,sad,/srv/RL_project/repo/outputs/wav/002656_indextts_sad.wav,0.5673807859420776
2657,indextts,sad,/srv/RL_project/repo/outputs/wav/002657_indextts_sad.wav,0.5260376930236816
2658,indextts,disgusted,/srv/RL_project/repo/outputs/wav/002658_indextts_disgusted.wav,0.5180211067199707
2659,indextts,fearful,/srv/RL_project/repo/outputs/wav/002659_indextts_fearful.wav,0.5175654888153076
2660,indextts,surprised,/srv/RL_project/repo/outputs/wav/002660_indextts_surprised.wav,0.4288492500782013
2661,indextts,angry,/srv/RL_project/repo/outputs/wav/002661_indextts_angry.wav,0.21667492389678955
2662,indextts,neutral,/srv/RL_project/repo/outputs/wav/002662_indextts_neutral.wav,0.6665411591529846
2663,indextts,neutral,/srv/RL_project/repo/outputs/wav/002663_indextts_neutral.wav,0.7111486792564392
2664,indextts,neutral,/srv/RL_project/repo/outputs/wav/002664_indextts_neutral.wav,0.6592135429382324
2665,indextts,neutral,/srv/RL_project/repo/outputs/wav/002665_indextts_neutral.wav,0.689206600189209
2666,indextts,sad,/srv/RL_project/repo/outputs/wav/002666_indextts_sad.wav,0.5354099869728088
2667,indextts,happy,/srv/RL_project/repo/outputs/wav/002667_indextts_happy.wav,0.6531901359558105
2668,indextts,disgusted,/srv/RL_project/repo/outputs/wav/002668_indextts_disgusted.wav,0.47258177399635315
2669,indextts,neutral,/srv/RL_project/repo/outputs/wav/002669_indextts_neutral.wav,0.6562802791595459
2670,indextts,neutral,/srv/RL_project/repo/outputs/wav/002670_indextts_neutral.wav,0.6704594492912292
2671,indextts,disgusted,/srv/RL_project/repo/outputs/wav/002671_indextts_disgusted.wav,0.5791523456573486
2672,indextts,happy,/srv/RL_project/repo/outputs/wav/002672_indextts_happy.wav,0.5133230090141296
2673,indextts,angry,/srv/RL_project/repo/outputs/wav/002673_indextts_angry.wav,0.33574119210243225
2674,indextts,surprised,/srv/RL_project/repo/outputs/wav/002674_indextts_surprised.wav,0.5658397674560547
2675,indextts,neutral,/srv/RL_project/repo/outputs/wav/002675_indextts_neutral.wav,0.6884214878082275
2676,indextts,fearful,/srv/RL_project/repo/outputs/wav/002676_indextts_fearful.wav,0.5053285956382751
2677,indextts,sad,/srv/RL_project/repo/outputs/wav/002677_indextts_sad.wav,0.626366138458252
2678,indextts,disgusted,/srv/RL_project/repo/outputs/wav/002678_indextts_disgusted.wav,0.5440687537193298
2679,indextts,happy,/srv/RL_project/repo/outputs/wav/002679_indextts_happy.wav,0.5803315043449402
2680,indextts,surprised,/srv/RL_project/repo/outputs/wav/002680_indextts_surprised.wav,0.5214674472808838
2681,indextts,surprised,/srv/RL_project/repo/outputs/wav/002681_indextts_surprised.wav,0.502303421497345
2682,indextts,surprised,/srv/RL_project/repo/outputs/wav/002682_indextts_surprised.wav,0.533989429473877
2683,indextts,fearful,/srv/RL_project/repo/outputs/wav/002683_indextts_fearful.wav,0.5328013896942139
2684,indextts,surprised,/srv/RL_project/repo/outputs/wav/002684_indextts_surprised.wav,0.4539513885974884
2685,indextts,sad,/srv/RL_project/repo/outputs/wav/002685_indextts_sad.wav,0.5770753622055054
2686,indextts,sad,/srv/RL_project/repo/outputs/wav/002686_indextts_sad.wav,0.46469154953956604
2687,indextts,neutral,/srv/RL_project/repo/outputs/wav/002687_indextts_neutral.wav,0.18713711202144623
2688,indextts,surprised,/srv/RL_project/repo/outputs/wav/002688_indextts_surprised.wav,0.20729781687259674
2689,indextts,sad,/srv/RL_project/repo/outputs/wav/002689_indextts_sad.wav,0.6199899911880493
2690,indextts,surprised,/srv/RL_project/repo/outputs/wav/002690_indextts_surprised.wav,0.32458943128585815
2691,indextts,sad,/srv/RL_project/repo/outputs/wav/002691_indextts_sad.wav,0.5455179810523987
2692,indextts,sad,/srv/RL_project/repo/outputs/wav/002692_indextts_sad.wav,0.44562864303588867
2693,indextts,fearful,/srv/RL_project/repo/outputs/wav/002693_indextts_fearful.wav,0.39755675196647644
2694,indextts,sad,/srv/RL_project/repo/outputs/wav/002694_indextts_sad.wav,0.4912707507610321
2695,indextts,fearful,/srv/RL_project/repo/outputs/wav/002695_indextts_fearful.wav,0.24626021087169647
2696,indextts,disgusted,/srv/RL_project/repo/outputs/wav/002696_indextts_disgusted.wav,0.5418429374694824
2697,indextts,disgusted,/srv/RL_project/repo/outputs/wav/002697_indextts_disgusted.wav,0.440274715423584
2698,indextts,angry,/srv/RL_project/repo/outputs/wav/002698_indextts_angry.wav,0.4388177692890167
2699,indextts,happy,/srv/RL_project/repo/outputs/wav/002699_indextts_happy.wav,0.46078425645828247
2700,indextts,neutral,/srv/RL_project/repo/outputs/wav/002700_indextts_neutral.wav,0.6758009195327759
2701,indextts,sad,/srv/RL_project/repo/outputs/wav/002701_indextts_sad.wav,0.6089843511581421
2702,indextts,angry,/srv/RL_project/repo/outputs/wav/002702_indextts_angry.wav,0.40415048599243164
2703,indextts,surprised,/srv/RL_project/repo/outputs/wav/002703_indextts_surprised.wav,0.4529830515384674
2704,indextts,surprised,/srv/RL_project/repo/outputs/wav/002704_indextts_surprised.wav,0.36836498975753784
2705,indextts,surprised,/srv/RL_project/repo/outputs/wav/002705_indextts_surprised.wav,0.3113681674003601
2706,indextts,angry,/srv/RL_project/repo/outputs/wav/002706_indextts_angry.wav,0.37088045477867126
2707,indextts,neutral,/srv/RL_project/repo/outputs/wav/002707_indextts_neutral.wav,0.6005839109420776
2708,indextts,disgusted,/srv/RL_project/repo/outputs/wav/002708_indextts_disgusted.wav,0.49593082070350647
2709,indextts,fearful,/srv/RL_project/repo/outputs/wav/002709_indextts_fearful.wav,0.5594620704650879
2710,indextts,fearful,/srv/RL_project/repo/outputs/wav/002710_indextts_fearful.wav,0.4691518247127533
2711,indextts,sad,/srv/RL_project/repo/outputs/wav/002711_indextts_sad.wav,0.385629802942276
2712,indextts,fearful,/srv/RL_project/repo/outputs/wav/002712_indextts_fearful.wav,0.6238650679588318
2713,indextts,disgusted,/srv/RL_project/repo/outputs/wav/002713_indextts_disgusted.wav,0.5580750107765198
2714,indextts,disgusted,/srv/RL_project/repo/outputs/wav/002714_indextts_disgusted.wav,0.5127778053283691
2715,indextts,happy,/srv/RL_project/repo/outputs/wav/002715_indextts_happy.wav,0.5607905983924866
2716,indextts,surprised,/srv/RL_project/repo/outputs/wav/002716_indextts_surprised.wav,0.3275676667690277
2717,indextts,sad,/srv/RL_project/repo/outputs/wav/002717_indextts_sad.wav,0.594464123249054
2718,indextts,angry,/srv/RL_project/repo/outputs/wav/002718_indextts_angry.wav,0.4205103814601898
2719,indextts,angry,/srv/RL_project/repo/outputs/wav/002719_indextts_angry.wav,0.30228298902511597
2720,indextts,sad,/srv/RL_project/repo/outputs/wav/002720_indextts_sad.wav,0.5081809163093567
2721,indextts,surprised,/srv/RL_project/repo/outputs/wav/002721_indextts_surprised.wav,0.40346917510032654
2722,indextts,fearful,/srv/RL_project/repo/outputs/wav/002722_indextts_fearful.wav,0.542860209941864
2723,indextts,surprised,/srv/RL_project/repo/outputs/wav/002723_indextts_surprised.wav,0.4190840721130371
2724,indextts,sad,/srv/RL_project/repo/outputs/wav/002724_indextts_sad.wav,0.2494591474533081
2725,indextts,happy,/srv/RL_project/repo/outputs/wav/002725_indextts_happy.wav,0.47969648241996765
2726,indextts,sad,/srv/RL_project/repo/outputs/wav/002726_indextts_sad.wav,0.48259279131889343
2727,indextts,disgusted,/srv/RL_project/repo/outputs/wav/002727_indextts_disgusted.wav,0.42158907651901245
2728,indextts,angry,/srv/RL_project/repo/outputs/wav/002728_indextts_angry.wav,0.3706062138080597
2729,indextts,angry,/srv/RL_project/repo/outputs/wav/002729_indextts_angry.wav,0.30403831601142883
2730,indextts,surprised,/srv/RL_project/repo/outputs/wav/002730_indextts_surprised.wav,0.33091500401496887
2731,indextts,neutral,/srv/RL_project/repo/outputs/wav/002731_indextts_neutral.wav,0.6456837058067322
2732,indextts,happy,/srv/RL_project/repo/outputs/wav/002732_indextts_happy.wav,0.4893976151943207
2733,indextts,fearful,/srv/RL_project/repo/outputs/wav/002733_indextts_fearful.wav,0.5404161214828491
2734,indextts,surprised,/srv/RL_project/repo/outputs/wav/002734_indextts_surprised.wav,0.5970413684844971
2735,indextts,angry,/srv/RL_project/repo/outputs/wav/002735_indextts_angry.wav,0.3623709976673126
2736,indextts,surprised,/srv/RL_project/repo/outputs/wav/002736_indextts_surprised.wav,0.17395827174186707
2737,indextts,angry,/srv/RL_project/repo/outputs/wav/002737_indextts_angry.wav,0.23005303740501404
2738,indextts,neutral,/srv/RL_project/repo/outputs/wav/002738_indextts_neutral.wav,0.6567094922065735
2739,indextts,surprised,/srv/RL_project/repo/outputs/wav/002739_indextts_surprised.wav,0.5204841494560242
2740,indextts,angry,/srv/RL_project/repo/outputs/wav/002740_indextts_angry.wav,0.3113638758659363
2741,indextts,surprised,/srv/RL_project/repo/outputs/wav/002741_indextts_surprised.wav,0.347667396068573
2742,indextts,disgusted,/srv/RL_project/repo/outputs/wav/002742_indextts_disgusted.wav,0.5133903622627258
2743,indextts,sad,/srv/RL_project/repo/outputs/wav/002743_indextts_sad.wav,0.4993942975997925
2744,indextts,surprised,/srv/RL_project/repo/outputs/wav/002744_indextts_surprised.wav,0.4307138919830322
2745,indextts,angry,/srv/RL_project/repo/outputs/wav/002745_indextts_angry.wav,0.30377596616744995
2746,indextts,happy,/srv/RL_project/repo/outputs/wav/002746_indextts_happy.wav,0.4802856147289276
2747,indextts,neutral,/srv/RL_project/repo/outputs/wav/002747_indextts_neutral.wav,0.6181366443634033
2748,indextts,fearful,/srv/RL_project/repo/outputs/wav/002748_indextts_fearful.wav,0.5709171295166016
2749,indextts,surprised,/srv/RL_project/repo/outputs/wav/002749_indextts_surprised.wav,0.36024031043052673
2750,indextts,sad,/srv/RL_project/repo/outputs/wav/002750_indextts_sad.wav,0.5995750427246094
2751,indextts,surprised,/srv/RL_project/repo/outputs/wav/002751_indextts_surprised.wav,0.3704870641231537
2752,indextts,happy,/srv/RL_project/repo/outputs/wav/002752_indextts_happy.wav,0.5435651540756226
