index,model,emotion,file,audio_path,label,transcription,label_clean,transcription_clean,wer,reference_words,hits,substitutions,deletions,insertions,language,language_probability,status
1,indextts,disgusted,000001_indextts_disgusted.wav,/srv/RL_project/repo/outputs/wav_by_model/indextts/000001_indextts_disgusted.wav,sua loh lai khuann sin tik tshi bin a tsai it ho e thinn khi,sua3 loh8 lai5 khuann3 sin1 tik4 tshi7 bin5 a2 tsai3 it4 ho7 e5 thinn1 khi3,sua loh lai khuann sin tik tshi bin a tsai it ho e thinn khi,sua loh lai khuann sin tik tshi bin a tsai it ho e thinn khi,0.0,15,15,0,0,0,zh,1,ok
2,indextts,neutral,000002_indextts_neutral.wav,/srv/RL_project/repo/outputs/wav_by_model/indextts/000002_indextts_neutral.wav,un too li tsap sann too tsi ji tsap tshit too loh hoo ki lut li tsap,un1 too7 li7 tsap8 sann1 too7 tsi3 li7 tsap8 tshit4 too7 loh8 hoo7 ki1 lu7 ji7 tsap8%,un too li tsap sann too tsi ji tsap tshit too loh hoo ki lut li tsap,un too li tsap sann too tsi li tsap tshit too loh hoo ki lu ji tsap,0.17647058823529413,17,14,3,0,0,zh,1,ok
3,indextts,happy,000003_indextts_happy.wav,/srv/RL_project/repo/outputs/wav_by_model/indextts/000003_indextts_happy.wav,lai pin goo pah goo tsap kau ho tshiann lai tsap sann ho kui tai pan li,lai5 pin1 goo7 pah4 goo7 tsap8 kau2 ho7 tshiann2 lai5 tsap8 sann1 ho7 kui7 tai5 pan7 li2,lai pin goo pah goo tsap kau ho tshiann lai tsap sann ho kui tai pan li,lai pin goo pah goo tsap kau ho tshiann lai tsap sann ho kui tai pan li,0.0,17,17,0,0,0,zh,1,ok
4,indextts,disgusted,000004_indextts_disgusted.wav,/srv/RL_project/repo/outputs/wav_by_model/indextts/000004_indextts_disgusted.wav,long tsong peh pah khong ji khoo tsau li kau tsap peh khoo,long2 tsong2 peh4 pah4 khong3 ji7 khoo1 tsau7 li2 kau2 tsap8 peh4 khoo1,long tsong peh pah khong ji khoo tsau li kau tsap peh khoo,long tsong peh pah khong ji khoo tsau li kau tsap peh khoo,0.0,13,13,0,0,0,zh,1,ok
5,indextts,happy,000005_indextts_happy.wav,/srv/RL_project/repo/outputs/wav_by_model/indextts/000005_indextts_happy.wav,kin a lit si sann gueh tsap sann pai lak,kin1 a2 lit8 si7 sann1 gueh8 tsap8 sann1 pai3 lak8,kin a lit si sann gueh tsap sann pai lak,kin a lit si sann gueh tsap sann pai lak,0.0,10,10,0,0,0,zh,1,ok
6,indextts,disgusted,000006_indextts_disgusted.wav,/srv/RL_project/repo/outputs/wav/000006_indextts_disgusted.wav,gua e hoo tsiau ho be si sam liok ji ji su it khong it su,gua2 e5 hoo7 tshi5 tsian2 tsiau5 sann1 siau1 si5 oh8 tshi5 tsian2 be7 SIN sut8 an3 i3 liok8 pa1 tsi1 tsi1 tsi1 su3 tshian1 siau1 si5 ong2 san2 it4 si3 su3,gua e hoo tsiau ho be si sam liok ji ji su it khong it su,gua e hoo tshi tsian tsiau sann siau si oh tshi tsian be sin sut an i liok pa tsi tsi tsi su tshian siau si ong san it si su,1.375,16,9,7,0,15,zh,1,ok
7,indextts,angry,000007_indextts_angry.wav,/srv/RL_project/repo/outputs/wav_by_model/indextts/000007_indextts_angry.wav,gun tau e tian ue ho be si khong liok sam kiu ji sam ngoo it sam,gun2 tau1 e5 tian7 ue7 ho7 be2 si7 khong3 liok8 sam1 kiu2 ji7 sam1 ngoo2 it4 sam1,gun tau e tian ue ho be si khong liok sam kiu ji sam ngoo it sam,gun tau e tian ue ho be si khong liok sam kiu ji sam ngoo it sam,0.0,17,17,0,0,0,zh,1,ok
8,indextts,fearful,000008_indextts_fearful.wav,/srv/RL_project/repo/outputs/wav_by_model/indextts/000008_indextts_fearful.wav,i ti it kiu su it ni tshut si,i1 ti7 it4 kiu2 su3 it4 ni5 tshut4 si3,i ti it kiu su it ni tshut si,i ti it kiu su it ni tshut si,0.0,9,9,0,0,0,zh,1,ok
9,indextts,angry,000009_indextts_angry.wav,/srv/RL_project/repo/outputs/wav_by_model/indextts/000009_indextts_angry.wav,tshiann pang gua tsuan hun ki it liok kiu ngoo,tshiann2 pang1 gua2 tsuan2 hun1 ki1 it4 liok8 kiu2 ngoo2,tshiann pang gua tsuan hun ki it liok kiu ngoo,tshiann pang gua tsuan hun ki it liok kiu ngoo,0.0,10,10,0,0,0,zh,1,ok
10,indextts,disgusted,000010_indextts_disgusted.wav,/srv/RL_project/repo/outputs/wav_by_model/indextts/000010_indextts_disgusted.wav,bun peh a li khuann hia u sann ki hiunn,bun5 peh4 a2 li2 khuann3 hia1 u7 sann1 ki1 hiunn1,bun peh a li khuann hia u sann ki hiunn,bun peh a li khuann hia u sann ki hiunn,0.0,10,10,0,0,0,zh,1,ok
11,indextts,sad,000011_indextts_sad.wav,/srv/RL_project/repo/outputs/wav_by_model/indextts/000011_indextts_sad.wav,bo m tioh koh khah khi si tua tun suann,bo5 m7 tioh8 koh4 khah4 khi2 si7 tua7 tun7 suann1,bo m tioh koh khah khi si tua tun suann,bo m tioh koh khah khi si tua tun suann,0.0,10,10,0,0,0,zh,1,ok
12,indextts,sad,000012_indextts_sad.wav,/srv/RL_project/repo/outputs/wav_by_model/indextts/000012_indextts_sad.wav,ke lang sik tsi tshau suann u kau phann e pi khuann te too khah tsim tsiok,ke1 lang5 sik8 tsi2 tshau2 suann1 u7 kau3 pha1 e5 pi2 khuann3 te7 too5 khah4 tsim2 tsiok4,ke lang sik tsi tshau suann u kau phann e pi khuann te too khah tsim tsiok,ke lang sik tsi tshau suann u kau pha e pi khuann te too khah tsim tsiok,0.058823529411764705,17,16,1,0,0,zh,1,ok
13,indextts,disgusted,000013_indextts_disgusted.wav,/srv/RL_project/repo/outputs/wav/000013_indextts_disgusted.wav,tse si pak ping nia li uat thau khuann lam khi,tse3 i2 biau5 si1 pah4 si1 kha3 khe1 si3 jian5 phin2 nia5 li2 uat4 pa2 ba7 tsian3 thau5 u7 tsian3 tsian3 khi2 san1,tse si pak ping nia li uat thau khuann lam khi,tse i biau si pah si kha khe si jian phin nia li uat pa ba tsian thau u tsian tsian khi san,1.4545454545454546,11,7,4,0,12,zh,1,ok
14,indextts,happy,000014_indextts_happy.wav,/srv/RL_project/repo/outputs/wav/000014_indextts_happy.wav,kong king sit tsai tsan ang ang he si siann,kong1 jian3 kinn3 si7 pa1 lian2 tsai3 tshi1 tsang1 a2 ang5 tsian3 ang5 he1 si5 tsi1 tsian3 jian3 siann1 a2,kong king sit tsai tsan ang ang he si siann,kong jian kinn si pa lian tsai tshi tsang a ang tsian ang he si tsi tsian jian siann a,1.3,10,7,3,0,10,zh,1,ok
15,indextts,surprised,000015_indextts_surprised.wav,/srv/RL_project/repo/outputs/wav_by_model/indextts/000015_indextts_surprised.wav,gua khuann mai leh he ping khe lah,gua2 khuann3 mai7 leh4 he5 ping1 khe1 lah4,gua khuann mai leh he ping khe lah,gua khuann mai leh he ping khe lah,0.0,8,8,0,0,0,zh,1,ok
16,indextts,neutral,000016_indextts_neutral.wav,/srv/RL_project/repo/outputs/wav_by_model/indextts/000016_indextts_neutral.wav,gua tsai ah hit thau uat lai uat khi na tsit bue peh tsua e si sik tsi thang ping khe e sik ping kong loo,gua2 tsai1 ah4 hit4 thau5 uat4 lai5 gua2 khi3 na2 tsit8 bue2 peh8 tsuah8 e5 si7 sit8 tsi2 thang3 ping1 khe1 e5 sit8 ping5 kong1 loo7,gua tsai ah hit thau uat lai uat khi na tsit bue peh tsua e si sik tsi thang ping khe e sik ping kong loo,gua tsai ah hit thau uat lai gua khi na tsit bue peh tsuah e si sit tsi thang ping khe e sit ping kong loo,0.15384615384615385,26,22,4,0,0,zh,1,ok
17,indextts,disgusted,000017_indextts_disgusted.wav,/srv/RL_project/repo/outputs/wav_by_model/indextts/000017_indextts_disgusted.wav,kok tiong khah kue lai to si tsioh sun tsiam,kok4 tiong1 khah4 kue3 lai5 to7 si7 tsioh8 sun2 tsiam1,kok tiong khah kue lai to si tsioh sun tsiam,kok tiong khah kue lai to si tsioh sun tsiam,0.0,10,10,0,0,0,zh,1,ok
18,indextts,fearful,000018_indextts_fearful.wav,/srv/RL_project/repo/outputs/wav/000018_indextts_fearful.wav,bo siann sing tik sun neh,bo5 siann1 a2 e5 sing5 ting7 si3 lian7 sun1 e5 si2,bo siann sing tik sun neh,bo siann a e sing ting si lian sun e si,1.1666666666666667,6,4,2,0,5,zh,1,ok
19,indextts,disgusted,000019_indextts_disgusted.wav,/srv/RL_project/repo/outputs/wav_by_model/indextts/000019_indextts_disgusted.wav,ui ping khe hit ping khuann kue lai toh tsin sing,hui1 ping5 khe1 hit4 ping5 khuann3 kue3 lai5 to7 tsin1 sing5,ui ping khe hit ping khuann kue lai toh tsin sing,hui ping khe hit ping khuann kue lai to tsin sing,0.18181818181818182,11,9,2,0,0,zh,1,ok
20,indextts,angry,000020_indextts_angry.wav,/srv/RL_project/repo/outputs/wav_by_model/indextts/000020_indextts_angry.wav,tan thinn khi khah liang e si lan e sai lai khi hia tshit tho,tan2 thinn1 khi3 khah4 liang5 e5 si5 lan2 e7 sai2 lai5 khi3 hia1 tshit4 tho5,tan thinn khi khah liang e si lan e sai lai khi hia tshit tho,tan thinn khi khah liang e si lan e sai lai khi hia tshit tho,0.0,15,15,0,0,0,zh,1,ok
21,indextts,surprised,000021_indextts_surprised.wav,/srv/RL_project/repo/outputs/wav_by_model/indextts/000021_indextts_surprised.wav,li u kau gua hang siann mih sann ki hiunn he si hiap ho huat tian tshiunn,li2 u7 kau3 gua7 hang5 siann2 mih4 sann1 ki1 hiunn1 he1 si7 hiap8 ho5 huat4 tian2 tshiunn2,li u kau gua hang siann mih sann ki hiunn he si hiap ho huat tian tshiunn,li u kau gua hang siann mih sann ki hiunn he si hiap ho huat tian tshiunn,0.0,17,17,0,0,0,zh,1,ok
22,indextts,surprised,000022_indextts_surprised.wav,/srv/RL_project/repo/outputs/wav_by_model/indextts/000022_indextts_surprised.wav,lang teh kong tshio e lah bian hiah ting tsin,lang5 leh4 kong2 tshio3 e5 lah4 bian2 hiah4 ting2 tsin1,lang teh kong tshio e lah bian hiah ting tsin,lang leh kong tshio e lah bian hiah ting tsin,0.1,10,9,1,0,0,zh,1,ok
23,indextts,angry,000023_indextts_angry.wav,/srv/RL_project/repo/outputs/wav_by_model/indextts/000023_indextts_angry.wav,bun peh a tsiann tshiu ping hit liap,bun5 peh4 a2 tsiann3 tshiu2 ping5 hit4 liap8,bun peh a tsiann tshiu ping hit liap,bun peh a tsiann tshiu ping hit liap,0.0,8,8,0,0,0,zh,1,ok
24,indextts,surprised,000024_indextts_surprised.wav,/srv/RL_project/repo/outputs/wav_by_model/indextts/000024_indextts_surprised.wav,hit liap kio tso ke lang khit koh khah kue lai hit liap to si ke lang suann,hit4 liap8 kio3 tso3 ke1 lang5 khit8 koh4 khah4 kue3 lai5 hit4 liap8 tioh8 si7 ke1 lang5 suann1,hit liap kio tso ke lang khit koh khah kue lai hit liap to si ke lang suann,hit liap kio tso ke lang khit koh khah kue lai hit liap tioh si ke lang suann,0.05555555555555555,18,17,1,0,0,zh,1,ok
25,indextts,neutral,000025_indextts_neutral.wav,/srv/RL_project/repo/outputs/wav_by_model/indextts/000025_indextts_neutral.wav,to si ti kau hun a hu kin mah kin ni sann gueh gun u khi hia tshit tho,to7 si7 ti7 kau2 hun1 a2 hu7 kin1 ma7 kin1 ni5 sann1 gueh8 gun2 u7 khi3 hia1 tshit4 tho5,to si ti kau hun a hu kin mah kin ni sann gueh gun u khi hia tshit tho,to si ti kau hun a hu kin ma kin ni sann gueh gun u khi hia tshit tho,0.05263157894736842,19,18,1,0,0,zh,1,ok
26,indextts,disgusted,000026_indextts_disgusted.wav,/srv/RL_project/repo/outputs/wav_by_model/indextts/000026_indextts_disgusted.wav,tsit khuan thinn peh ke lang suann pau nia li phak kah pinn poo,tshit4 khuan2 thinn1 peh8 ke1 lang5 suann1 pau1 nia2 li2 phak8 kah4 pi3 poo2,tsit khuan thinn peh ke lang suann pau nia li phak kah pinn poo,tshit khuan thinn peh ke lang suann pau nia li phak kah pi poo,0.14285714285714285,14,12,2,0,0,zh,1,ok
27,indextts,angry,000027_indextts_angry.wav,/srv/RL_project/repo/outputs/wav_by_model/indextts/000027_indextts_angry.wav,kui liap suann bo kui tsang tshiu a thang jia lit thau,kui1 liap8 suann1 bo5 kui2 tsang5 tshiu7 a2 thang1 jia2 jit8 thau5,kui liap suann bo kui tsang tshiu a thang jia lit thau,kui liap suann bo kui tsang tshiu a thang jia jit thau,0.08333333333333333,12,11,1,0,0,zh,1,ok
28,indextts,surprised,000028_indextts_surprised.wav,/srv/RL_project/repo/outputs/wav_by_model/indextts/000028_indextts_surprised.wav,to ping hng hng siong kuan hit liap suann si m si tshit tshenn suann,to3 ping5 hng7 hng7 siong7 kuan5 ki1 liap8 suann1 si7 m7 si7 tshit4 tshenn1 suann1,to ping hng hng siong kuan hit liap suann si m si tshit tshenn suann,to ping hng hng siong kuan ki liap suann si m si tshit tshenn suann,0.06666666666666667,15,14,1,0,0,zh,1,ok
29,indextts,fearful,000029_indextts_fearful.wav,/srv/RL_project/repo/outputs/wav_by_model/indextts/000029_indextts_fearful.wav,iong siang kha ai tai uan,iong7 siang1 kha1 ai3 tai5 uan5,iong siang kha ai tai uan,iong siang kha ai tai uan,0.0,6,6,0,0,0,zh,1,ok
30,indextts,surprised,000030_indextts_surprised.wav,/srv/RL_project/repo/outputs/wav/000030_indextts_surprised.wav,koh tui tai uan bue kiann kau tai uan thau,koh4 si3 tui3 tai5 jian2 uan5 bue2 kiann1 u7 kau2 san1 tai5 jian2 uan5 thau5 u7,koh tui tai uan bue kiann kau tai uan thau,koh si tui tai jian uan bue kiann u kau san tai jian uan thau u,0.6,10,10,0,0,6,zh,1,ok
31,indextts,sad,000031_indextts_sad.wav,/srv/RL_project/repo/outputs/wav_by_model/indextts/000031_indextts_sad.wav,tsit poo tsit kha in,tsit8 poo7 tsit8 kha1 in3,tsit poo tsit kha in,tsit poo tsit kha in,0.0,5,5,0,0,0,zh,1,ok
32,indextts,neutral,000032_indextts_neutral.wav,/srv/RL_project/repo/outputs/wav_by_model/indextts/000032_indextts_neutral.wav,iong siong khiam pi e thai too,iong7 siong7 khiam1 pi1 e5 thai7 too7,iong siong khiam pi e thai too,iong siong khiam pi e thai too,0.0,7,7,0,0,0,zh,1,ok
33,indextts,disgusted,000033_indextts_disgusted.wav,/srv/RL_project/repo/outputs/wav_by_model/indextts/000033_indextts_disgusted.wav,khi tshin kin tsit te tshiann iong ka ti e thoo te,khi3 tshin1 king1 tsit4 te3 tshiann5 iong2 ka1 ti7 e5 thoo2 te7,khi tshin kin tsit te tshiann iong ka ti e thoo te,khi tshin king tsit te tshiann iong ka ti e thoo te,0.08333333333333333,12,11,1,0,0,zh,1,ok
34,indextts,neutral,000034_indextts_neutral.wav,/srv/RL_project/repo/outputs/wav_by_model/indextts/000034_indextts_neutral.wav,khuann tioh lik sik e suann meh uan lai uat khi e ho liu sik sai e tshan hng,khuann3 tioh8 liok8 sioh4 e5 suann1 meh8 guan5 lai5 ua2 khi3 e5 ho5 liu5 sio1 sai1 e5 tshan5 hng5,khuann tioh lik sik e suann meh uan lai uat khi e ho liu sik sai e tshan hng,khuann tioh liok sioh e suann meh guan lai ua khi e ho liu sio sai e tshan hng,0.2631578947368421,19,14,5,0,0,zh,1,ok
35,indextts,fearful,000035_indextts_fearful.wav,/srv/RL_project/repo/outputs/wav_by_model/indextts/000035_indextts_fearful.wav,sun phok e hiong tin be lang e hai huann hiong tshin tshin tshiat e tshio iong,sun5 phok4 e5 hiong1 tin3 peh8 lang5 e5 hai2 huann7 hiong1 tshin1 tshin1 tshiat4 e5 tshio3 iong5,sun phok e hiong tin be lang e hai huann hiong tshin tshin tshiat e tshio iong,sun phok e hiong tin peh lang e hai huann hiong tshin tshin tshiat e tshio iong,0.058823529411764705,17,16,1,0,0,zh,1,ok
36,indextts,surprised,000036_indextts_surprised.wav,/srv/RL_project/repo/outputs/wav_by_model/indextts/000036_indextts_surprised.wav,sim kuann thau tiann tioh u mua mua e kam tshiok kah kam tong,sin1 kuann1 thau5 tiann7 tioh8 u7 mua2 mua2 e5 kam2 tshiok4 kah4 kam2 tong7,sim kuann thau tiann tioh u mua mua e kam tshiok kah kam tong,sin kuann thau tiann tioh u mua mua e kam tshiok kah kam tong,0.07142857142857142,14,13,1,0,0,zh,1,ok
37,indextts,surprised,000037_indextts_surprised.wav,/srv/RL_project/repo/outputs/wav_by_model/indextts/000037_indextts_surprised.wav,terry si tsit e tsin u li siong kah tsu kian e tshing tshun siau lian hiann,Terry si7 tsit8 e5 tsin1 u7 li2 siong2 kah4 tsu2 kian3 e5 tshing1 tshun1 siau3 lian5 hiann1,terry si tsit e tsin u li siong kah tsu kian e tshing tshun siau lian hiann,terry si tsit e tsin u li siong kah tsu kian e tshing tshun siau lian hiann,0.0,17,17,0,0,0,zh,1,ok
38,indextts,disgusted,000038_indextts_disgusted.wav,/srv/RL_project/repo/outputs/wav_by_model/indextts/000038_indextts_disgusted.wav,i kam guan tsiam si hong ha kho ki kong si lang lang him sian e khang khue,i1 kam1 guan7 tsiam7 si5 hong3 ha7 kho1 ki1 kong1 si1 lang5 lang5 him1 sian7 e5 khang1 khue3,i kam guan tsiam si hong ha kho ki kong si lang lang him sian e khang khue,i kam guan tsiam si hong ha kho ki kong si lang lang him sian e khang khue,0.0,18,18,0,0,0,zh,1,ok
39,indextts,disgusted,000039_indextts_disgusted.wav,/srv/RL_project/repo/outputs/wav/000039_indextts_disgusted.wav,hoo ka ti tsit e a khong kan,hoo7 tsit8 ka1 jian3 tik4 tshi7 tsit8 pah4 jian3 e5 jian3 a2 khong2 i5 jian3 kan1,hoo ka ti tsit e a khong kan,hoo tsit ka jian tik tshi tsit pah jian e jian a khong i jian kan,1.125,8,7,1,0,8,zh,1,ok
40,indextts,neutral,000040_indextts_neutral.wav,/srv/RL_project/repo/outputs/wav_by_model/indextts/000040_indextts_neutral.wav,tsok tsia iunn tsin ju,tsok4 tsia2 iunn5 tsin2 lu7,tsok tsia iunn tsin ju,tsok tsia iunn tsin lu,0.2,5,4,1,0,0,zh,1,ok
41,indextts,neutral,000041_indextts_neutral.wav,/srv/RL_project/repo/outputs/wav_by_model/indextts/000041_indextts_neutral.wav,khi tiong sin jin bat tai uan,khi3 tiong1 sin1 jin7 bat4 tai5 uan5,khi tiong sin jin bat tai uan,khi tiong sin jin bat tai uan,0.0,7,7,0,0,0,zh,1,ok
42,indextts,neutral,000042_indextts_neutral.wav,/srv/RL_project/repo/outputs/wav_by_model/indextts/000042_indextts_neutral.wav,ping tshiann su kho lin sing e tsin gi,ping7 tshiann2 su1 kho2 ling5 sing1 e5 tsing1 gi5,ping tshiann su kho lin sing e tsin gi,ping tshiann su kho ling sing e tsing gi,0.2222222222222222,9,7,2,0,0,zh,1,ok
43,indextts,angry,000043_indextts_angry.wav,/srv/RL_project/repo/outputs/wav_by_model/indextts/000043_indextts_angry.wav,i beh tsit poo a tsit poo a,i1 beh4 tsit8 poo7 a2 tsit8 poo7 a2,i beh tsit poo a tsit poo a,i beh tsit poo a tsit poo a,0.0,8,8,0,0,0,zh,1,ok
44,indextts,happy,000044_indextts_happy.wav,/srv/RL_project/repo/outputs/wav_by_model/indextts/000044_indextts_happy.wav,iong ka ti e siang kha kiann tai uan tsit lian,iong7 ka1 ti7 e5 siang1 kha1 kiann5 tai5 uan5 tsit8 lian3,iong ka ti e siang kha kiann tai uan tsit lian,iong ka ti e siang kha kiann tai uan tsit lian,0.0,11,11,0,0,0,zh,1,ok
45,indextts,sad,000045_indextts_sad.wav,/srv/RL_project/repo/outputs/wav_by_model/indextts/000045_indextts_sad.wav,in tsing ka ti e siunn huat,in2 tsing3 ka1 ti7 e5 siunn7 huat4,in tsing ka ti e siunn huat,in tsing ka ti e siunn huat,0.0,7,7,0,0,0,zh,1,ok
46,indextts,fearful,000046_indextts_fearful.wav,/srv/RL_project/repo/outputs/wav_by_model/indextts/000046_indextts_fearful.wav,ma tshue tshut sinn mia tsing khak e hong hiong kah ting ui,ma7 tshue7 tshut4 sinn3 mia7 tsing3 khak4 e5 hong1 hiong3 kah4 tin1 ui5,ma tshue tshut sinn mia tsing khak e hong hiong kah ting ui,ma tshue tshut sinn mia tsing khak e hong hiong kah tin ui,0.07692307692307693,13,12,1,0,0,zh,1,ok
47,indextts,happy,000047_indextts_happy.wav,/srv/RL_project/repo/outputs/wav_by_model/indextts/000047_indextts_happy.wav,i tsit e sim guan toh tsiong kin beh uan sing ah,it4 tsi2 e5 sing1 uah8 to7 tsiong7 kin7 beh4 uan7 sin5 ah4,i tsit e sim guan toh tsiong kin beh uan sing ah,it tsi e sing uah to tsiong kin beh uan sin ah,0.5,12,6,6,0,0,zh,1,ok
48,indextts,sad,000048_indextts_sad.wav,/srv/RL_project/repo/outputs/wav/000048_indextts_sad.wav,ku ni tsap it gueh ji ji i tui tai tiong tshut huat,ku1 tsi2 tsian1 ni5 tsap8 a2 tsian3 i3 si3 gueh8 pa2 pu7 tsi1 i1 tsi1 i1 tui3 tai5 tsian3 tiong7 tshut4 tsi2 tsian3 huat4 si2,ku ni tsap it gueh ji ji i tui tai tiong tshut huat,ku tsi tsian ni tsap a tsian i si gueh pa pu tsi i tsi i tui tai tsian tiong tshut tsi tsian huat si,1.1538461538461537,13,10,3,0,12,zh,1,ok
49,indextts,surprised,000049_indextts_surprised.wav,/srv/RL_project/repo/outputs/wav_by_model/indextts/000049_indextts_surprised.wav,i sun si tsiam e hong sik sing tsiunn pak,i1 sun7 si7 tsiam3 e5 hong1 sik4 sing1 tsiunn7 pak4,i sun si tsiam e hong sik sing tsiunn pak,i sun si tsiam e hong sik sing tsiunn pak,0.0,10,10,0,0,0,zh,1,ok
50,indextts,surprised,000050_indextts_surprised.wav,/srv/RL_project/repo/outputs/wav_by_model/indextts/000050_indextts_surprised.wav,kiann kau ke lang liau au tsiah loh lam,kiann5 kau3 ke1 lang5 liau2 au7 tsiah4 loh8 lam5,kiann kau ke lang liau au tsiah loh lam,kiann kau ke lang liau au tsiah loh lam,0.0,9,9,0,0,0,zh,1,ok
51,indextts,sad,000051_indextts_sad.wav,/srv/RL_project/repo/outputs/wav_by_model/indextts/000051_indextts_sad.wav,tai uan u gua sui,tai5 uan5 u7 gua7 sui2,tai uan u gua sui,tai uan u gua sui,0.0,5,5,0,0,0,zh,1,ok
52,indextts,neutral,000052_indextts_neutral.wav,/srv/RL_project/repo/outputs/wav_by_model/indextts/000052_indextts_neutral.wav,king kue hua lian tai tang,king1 kue3 hua1 lian5 tai5 tang1,king kue hua lian tai tang,king kue hua lian tai tang,0.0,6,6,0,0,0,zh,1,ok
53,indextts,surprised,000053_indextts_surprised.wav,/srv/RL_project/repo/outputs/wav_by_model/indextts/000053_indextts_surprised.wav,jim nai tioh kha kut e sng thiann kah tsit loo e koo tuann,gim2 lai7 tioh8 kha1 kut4 e5 sng2 thiann3 kah4 tsit8 loo7 e5 koo1 tuann1,jim nai tioh kha kut e sng thiann kah tsit loo e koo tuann,gim lai tioh kha kut e sng thiann kah tsit loo e koo tuann,0.14285714285714285,14,12,2,0,0,zh,1,ok
54,indextts,disgusted,000054_indextts_disgusted.wav,/srv/RL_project/repo/outputs/wav_by_model/indextts/000054_indextts_disgusted.wav,tsit loo it tit kiann kau tai uan siong lam ping e go luan phinn,tsit8 loo7 it4 tit8 kiann5 kau3 tai5 uan5 siong7 lam5 ping5 e5 goo5 luan5 phinn1,tsit loo it tit kiann kau tai uan siong lam ping e go luan phinn,tsit loo it tit kiann kau tai uan siong lam ping e goo luan phinn,0.06666666666666667,15,14,1,0,0,zh,1,ok
55,indextts,sad,000055_indextts_sad.wav,/srv/RL_project/repo/outputs/wav_by_model/indextts/000055_indextts_sad.wav,tsiah koh tsiunn pak,tsiah4 koh4 tsiunn7 pah4,tsiah koh tsiunn pak,tsiah koh tsiunn pah,0.25,4,3,1,0,0,zh,1,ok
56,indextts,disgusted,000056_indextts_disgusted.wav,/srv/RL_project/repo/outputs/wav_by_model/indextts/000056_indextts_disgusted.wav,hian tsu si i i king kiann kau tai lam tshi kiam tsui khu e guat tin kang ah,hian7 tsu2 si5 i1 i2 king1 kiann5 kau3 tai5 lam5 tshi7 kiam5 tsui2 khu1 e5 uah8 ting5 kang2 ah4,hian tsu si i i king kiann kau tai lam tshi kiam tsui khu e guat tin kang ah,hian tsu si i i king kiann kau tai lam tshi kiam tsui khu e uah ting kang ah,0.10526315789473684,19,17,2,0,0,zh,1,ok
57,indextts,fearful,000057_indextts_fearful.wav,/srv/RL_project/repo/outputs/wav_by_model/indextts/000057_indextts_fearful.wav,tng ti tai uan si loo hu kin teh tsiah tau gim si phue ka pi ah,tng1 ti7 tai5 uan5 si7 loo7 hu3 kin7 teh4 tsiah8 tau3 kim1 si1 phue3 ka1 pi1 ah4,tng ti tai uan si loo hu kin teh tsiah tau gim si phue ka pi ah,tng ti tai uan si loo hu kin teh tsiah tau kim si phue ka pi ah,0.058823529411764705,17,16,1,0,0,zh,1,ok
58,indextts,angry,000058_indextts_angry.wav,/srv/RL_project/repo/outputs/wav_by_model/indextts/000058_indextts_angry.wav,siong kai lan tit e si,siong7 kai3 lan2 tit4 e5 si7,siong kai lan tit e si,siong kai lan tit e si,0.0,6,6,0,0,0,zh,1,ok
59,indextts,disgusted,000059_indextts_disgusted.wav,/srv/RL_project/repo/outputs/wav_by_model/indextts/000059_indextts_disgusted.wav,terry u tsit tui khai bing e pe bu,terry u7 tsit8 tui3 khai1 bing5 e5 pe7 bu2,terry u tsit tui khai bing e pe bu,terry u tsit tui khai bing e pe bu,0.0,9,9,0,0,0,zh,1,ok
60,indextts,angry,000060_indextts_angry.wav,/srv/RL_project/repo/outputs/wav_by_model/indextts/000060_indextts_angry.wav,tui i tsit khuan long ban kah u tam poh a bo hu hap sit tse e siunn huat ping bo huan tui,tui3 tsit4 khuan2 long7 guan5 kah4 u7 tam7 poh8 a2 bo5 hu5 hap8 sit8 tse3 e5 siu7 huat4 ping2 bo5 huan2 tui3,tui i tsit khuan long ban kah u tam poh a bo hu hap sit tse e siunn huat ping bo huan tui,tui tsit khuan long guan kah u tam poh a bo hu hap sit tse e siu huat ping bo huan tui,0.13043478260869565,23,20,2,1,0,zh,1,ok
61,indextts,neutral,000061_indextts_neutral.wav,/srv/RL_project/repo/outputs/wav_by_model/indextts/000061_indextts_neutral.wav,tian to tsuan lik tsi tshi,tian1 to3 tsuan1 jit8 tsi1 tshi5,tian to tsuan lik tsi tshi,tian to tsuan jit tsi tshi,0.16666666666666666,6,5,1,0,0,zh,1,ok
62,indextts,angry,000062_indextts_angry.wav,/srv/RL_project/repo/outputs/wav_by_model/indextts/000062_indextts_angry.wav,li kam tsai iann,li2 kam2 tsai1 iann2,li kam tsai iann,li kam tsai iann,0.0,4,4,0,0,0,zh,1,ok
63,indextts,angry,000063_indextts_angry.wav,/srv/RL_project/repo/outputs/wav_by_model/indextts/000063_indextts_angry.wav,ping tshiann ti i khuan to poo lian i king tsiong kin beh uan sing e bue tsam a,ping7 tshiann2 ti7 i7 khuan5 too2 poo7 lian7 i2 king1 tshiong1 kin7 beh4 uan2 sing5 e5 bue2 tsam7 a2,ping tshiann ti i khuan to poo lian i king tsiong kin beh uan sing e bue tsam a,ping tshiann ti i khuan too poo lian i king tshiong kin beh uan sing e bue tsam a,0.10526315789473684,19,17,2,0,0,zh,1,ok
64,indextts,surprised,000064_indextts_surprised.wav,/srv/RL_project/repo/outputs/wav_by_model/indextts/000064_indextts_surprised.wav,tik piat puah si kan pue i kiann tsit tuann,tik8 piat8 puah4 si5 kan1 pue5 i1 kiann5 tsit8 tuann7,tik piat puah si kan pue i kiann tsit tuann,tik piat puah si kan pue i kiann tsit tuann,0.0,10,10,0,0,0,zh,1,ok
65,indextts,surprised,000065_indextts_surprised.wav,/srv/RL_project/repo/outputs/wav_by_model/indextts/000065_indextts_surprised.wav,hoo i tsing sin siong siong tua e koo bu,hoo7 i1 tsin1 sin1 siong7 siong7 tua7 e5 koo2 bu2,hoo i tsing sin siong siong tua e koo bu,hoo i tsin sin siong siong tua e koo bu,0.1,10,9,1,0,0,zh,1,ok
66,indextts,disgusted,000066_indextts_disgusted.wav,/srv/RL_project/repo/outputs/wav/000066_indextts_disgusted.wav,u bang siong sui,u7 ji5 bang7 tsi2 mia7 iong7 tshi2 sui2,u bang siong sui,u ji bang tsi mia iong tshi sui,1.25,4,3,1,0,4,zh,1,ok
67,indextts,happy,000067_indextts_happy.wav,/srv/RL_project/repo/outputs/wav_by_model/indextts/000067_indextts_happy.wav,u li siong tioh ai iong kam khi tui kiu,u7 li2 siong2 tioh8 ai3 iong2 kam2 khi3 tui1 kiu5,u li siong tioh ai iong kam khi tui kiu,u li siong tioh ai iong kam khi tui kiu,0.0,10,10,0,0,0,zh,1,ok
68,indextts,neutral,000068_indextts_neutral.wav,/srv/RL_project/repo/outputs/wav/000068_indextts_neutral.wav,lan lang sing uah ti tsit e se kan,lan2 jian3 lang5 sing1 jian3 ua2 ba2 ti7 tshi2 tsit8 si3 e5 se3 jian5 kan1,lan lang sing uah ti tsit e se kan,lan jian lang sing jian ua ba ti tshi tsit si e se jian kan,0.7777777777777778,9,8,1,0,6,zh,1,ok
69,indextts,fearful,000069_indextts_fearful.wav,/srv/RL_project/repo/outputs/wav_by_model/indextts/000069_indextts_fearful.wav,tu liau it tsai tiong hok e lit siong tsiah tshing i gua,tu5 liau2 it4 tsai3 tiong1 hok8 e5 jit8 siong7 tsiah8 tshing7 i2 gua7,tu liau it tsai tiong hok e lit siong tsiah tshing i gua,tu liau it tsai tiong hok e jit siong tsiah tshing i gua,0.07692307692307693,13,12,1,0,0,zh,1,ok
70,indextts,angry,000070_indextts_angry.wav,/srv/RL_project/repo/outputs/wav_by_model/indextts/000070_indextts_angry.wav,iau u tsan tshu koh khah kuan e li siong,iau2 u7 tsan1 tshu3 koh4 khah4 kuan5 e5 li2 siong2,iau u tsan tshu koh khah kuan e li siong,iau u tsan tshu koh khah kuan e li siong,0.0,10,10,0,0,0,zh,1,ok
71,indextts,fearful,000071_indextts_fearful.wav,/srv/RL_project/repo/outputs/wav_by_model/indextts/000071_indextts_fearful.wav,su iau khi tui kiu khi sit hian,su1 iau3 khi3 tui1 kiu5 khi3 sit8 hian7,su iau khi tui kiu khi sit hian,su iau khi tui kiu khi sit hian,0.0,8,8,0,0,0,zh,1,ok
72,indextts,happy,000072_indextts_happy.wav,/srv/RL_project/repo/outputs/wav_by_model/indextts/000072_indextts_happy.wav,ti lan ling lik iau tso e kau e si tsun,ti7 lan2 lin5 lik8 iau2 tso3 e7 kau3 e5 si5 tsun7,ti lan ling lik iau tso e kau e si tsun,ti lan lin lik iau tso e kau e si tsun,0.09090909090909091,11,10,1,0,0,zh,1,ok
73,indextts,neutral,000073_indextts_neutral.wav,/srv/RL_project/repo/outputs/wav_by_model/indextts/000073_indextts_neutral.wav,tai uan lang kau kau kau e lin tsing bi,tai5 uan5 lang5 kau7 kau7 kau7 e5 lin5 tsing3 bi7,tai uan lang kau kau kau e lin tsing bi,tai uan lang kau kau kau e lin tsing bi,0.0,10,10,0,0,0,zh,1,ok
74,indextts,surprised,000074_indextts_surprised.wav,/srv/RL_project/repo/outputs/wav_by_model/indextts/000074_indextts_surprised.wav,na si kiann khun lan,na7 si7 kiann1 khun3 lan5,na si kiann khun lan,na si kiann khun lan,0.0,5,5,0,0,0,zh,1,ok
75,indextts,neutral,000075_indextts_neutral.wav,/srv/RL_project/repo/outputs/wav_by_model/indextts/000075_indextts_neutral.wav,tshin tshai tioh hong khi tui kiu bang siong e ki hue,tshin1 tshai2 tio7 hong3 khi3 tui1 kiu5 bang7 siong2 e5 ki1 hue7,tshin tshai tioh hong khi tui kiu bang siong e ki hue,tshin tshai tio hong khi tui kiu bang siong e ki hue,0.08333333333333333,12,11,1,0,0,zh,1,ok
76,indextts,neutral,000076_indextts_neutral.wav,/srv/RL_project/repo/outputs/wav_by_model/indextts/000076_indextts_neutral.wav,tan kau au pai tsiah lai huan hue,tan2 kau3 au7 pai2 tsiah4 lai5 huan2 hue2,tan kau au pai tsiah lai huan hue,tan kau au pai tsiah lai huan hue,0.0,8,8,0,0,0,zh,1,ok
77,indextts,surprised,000077_indextts_surprised.wav,/srv/RL_project/repo/outputs/wav_by_model/indextts/000077_indextts_surprised.wav,he tioh siunn ban ah,he1 tioh8 siunn1 ban7 ah4,he tioh siunn ban ah,he tioh siunn ban ah,0.0,5,5,0,0,0,zh,1,ok
78,indextts,sad,000078_indextts_sad.wav,/srv/RL_project/repo/outputs/wav_by_model/indextts/000078_indextts_sad.wav,khuan to poo lian si tsit kiann sin khoo e tai tsi,khuan5 to2 poo7 lian7 si7 tsit8 kiann7 sin1 khoo2 e5 tai7 tsi3,khuan to poo lian si tsit kiann sin khoo e tai tsi,khuan to poo lian si tsit kiann sin khoo e tai tsi,0.0,12,12,0,0,0,zh,1,ok
79,indextts,angry,000079_indextts_angry.wav,/srv/RL_project/repo/outputs/wav_by_model/indextts/000079_indextts_angry.wav,tu liau ai u tsiu tsuan e ke ue the lat ai ho i gua,tu5 liau2 ai3 u7 tsiu1 tsuan5 e5 ke3 ue7 the2 lat8 ai3 ho2 i2 gua7,tu liau ai u tsiu tsuan e ke ue the lat ai ho i gua,tu liau ai u tsiu tsuan e ke ue the lat ai ho i gua,0.0,15,15,0,0,0,zh,1,ok
80,indextts,disgusted,000080_indextts_disgusted.wav,/srv/RL_project/repo/outputs/wav_by_model/indextts/000080_indextts_disgusted.wav,siong tiong iau e si ai u kian kiong e i tsi lat,siong7 tiong7 iau3 e5 si7 ai3 u7 kian1 kiong5 e5 i3 tsi3 lah4,siong tiong iau e si ai u kian kiong e i tsi lat,siong tiong iau e si ai u kian kiong e i tsi lah,0.07692307692307693,13,12,1,0,0,zh,1,ok
81,indextts,neutral,000081_indextts_neutral.wav,/srv/RL_project/repo/outputs/wav_by_model/indextts/000081_indextts_neutral.wav,tsiah thang khik hok ian loo tu tioh e kok tsiong siunn be kau e lan te,tsiah4 thang1 khi3 hoo7 ian1 loo7 tu2 tioh8 e5 kok4 tsiong2 tshiunn7 be7 kau3 e5 lan5 te5,tsiah thang khik hok ian loo tu tioh e kok tsiong siunn be kau e lan te,tsiah thang khi hoo ian loo tu tioh e kok tsiong tshiunn be kau e lan te,0.17647058823529413,17,14,3,0,0,zh,1,ok
82,indextts,angry,000082_indextts_angry.wav,/srv/RL_project/repo/outputs/wav/000082_indextts_angry.wav,kiong hi terry khuan to poo lian,kiong5 tsian3 He Terry khuan2 u7 tsian3 to7 po2 tsi2 tsian3 lian2,kiong hi terry khuan to poo lian,kiong tsian he terry khuan u tsian to po tsi tsian lian,1.0,7,5,2,0,5,zh,1,ok
83,indextts,fearful,000083_indextts_fearful.wav,/srv/RL_project/repo/outputs/wav_by_model/indextts/000083_indextts_fearful.wav,iong siang kha ai tai uan e bong siong tih beh uan sing ah,iong7 siang1 kha1 ai3 tai5 uan5 e5 bong7 siong2 li2 beh4 uan5 sing5 ah4,iong siang kha ai tai uan e bong siong tih beh uan sing ah,iong siang kha ai tai uan e bong siong li beh uan sing ah,0.07142857142857142,14,13,1,0,0,zh,1,ok
84,indextts,sad,000084_indextts_sad.wav,/srv/RL_project/repo/outputs/wav_by_model/indextts/000084_indextts_sad.wav,li kam bat kam siu tioh,li2 kam2 bat4 kam2 siu7 tioh8,li kam bat kam siu tioh,li kam bat kam siu tioh,0.0,6,6,0,0,0,zh,1,ok
85,indextts,fearful,000085_indextts_fearful.wav,/srv/RL_project/repo/outputs/wav_by_model/indextts/000085_indextts_fearful.wav,kian tshi loh khi,kian1 tshi5 loh8 khi3,kian tshi loh khi,kian tshi loh khi,0.0,4,4,0,0,0,zh,1,ok
86,indextts,neutral,000086_indextts_neutral.wav,/srv/RL_project/repo/outputs/wav_by_model/indextts/000086_indextts_neutral.wav,siong sin it ting e sing kong,siong1 sin3 it4 ting7 e7 sing5 kong1,siong sin it ting e sing kong,siong sin it ting e sing kong,0.0,7,7,0,0,0,zh,1,ok
87,indextts,surprised,000087_indextts_surprised.wav,/srv/RL_project/repo/outputs/wav_by_model/indextts/000087_indextts_surprised.wav,lim ping tik sin sinn kah i e pe bu kang khuan,lim5 pin1 tik4 sin1 sinn1 kah4 i1 e5 pe7 bu2 kang7 khuan2,lim ping tik sin sinn kah i e pe bu kang khuan,lim pin tik sin sinn kah i e pe bu kang khuan,0.08333333333333333,12,11,1,0,0,zh,1,ok
88,indextts,surprised,000088_indextts_surprised.wav,/srv/RL_project/repo/outputs/wav_by_model/indextts/000088_indextts_surprised.wav,long si jin tsin phah piann kha tah sit te,long2 si7 lin7 tsin1 phah4 piann3 kha1 tah8 sit8 te7,long si jin tsin phah piann kha tah sit te,long si lin tsin phah piann kha tah sit te,0.1,10,9,1,0,0,zh,1,ok
89,indextts,happy,000089_indextts_happy.wav,/srv/RL_project/repo/outputs/wav_by_model/indextts/000089_indextts_happy.wav,iong sit tse e hing tong thiann tai uan e lang,iong7 sit8 tse3 hing5 tong7 thiah4 tai5 uan5 e5 lang5,iong sit tse e hing tong thiann tai uan e lang,iong sit tse hing tong thiah tai uan e lang,0.18181818181818182,11,9,1,1,0,zh,1,ok
90,indextts,happy,000090_indextts_happy.wav,/srv/RL_project/repo/outputs/wav_by_model/indextts/000090_indextts_happy.wav,iong tshim tsing e bak tsiu,iong7 tshin1 tsing5 e5 bak8 tsiu1,iong tshim tsing e bak tsiu,iong tshin tsing e bak tsiu,0.16666666666666666,6,5,1,0,0,zh,1,ok
91,indextts,happy,000091_indextts_happy.wav,/srv/RL_project/repo/outputs/wav_by_model/indextts/000091_indextts_happy.wav,khuann tai uan tsit liap bi le e to su,khuann3 tai5 uan5 tsit4 liap8 bi2 le7 e5 to2 su7,khuann tai uan tsit liap bi le e to su,khuann tai uan tsit liap bi le e to su,0.0,10,10,0,0,0,zh,1,ok
92,indextts,neutral,000092_indextts_neutral.wav,/srv/RL_project/repo/outputs/wav_by_model/indextts/000092_indextts_neutral.wav,iong nng ki kha tui tai uan thau kiann kau tai uan bue,iong7 nng7 ki1 kha1 tui3 tai5 uan5 thau5 kiann5 kau3 tai5 uan5 bue2,iong nng ki kha tui tai uan thau kiann kau tai uan bue,iong nng ki kha tui tai uan thau kiann kau tai uan bue,0.0,13,13,0,0,0,zh,1,ok
93,indextts,sad,000093_indextts_sad.wav,/srv/RL_project/repo/outputs/wav_by_model/indextts/000093_indextts_sad.wav,tai uan e kiau ngoo,tai5 uan5 e5 kiau2 moo7,tai uan e kiau ngoo,tai uan e kiau moo,0.2,5,4,1,0,0,zh,1,ok
94,indextts,happy,000094_indextts_happy.wav,/srv/RL_project/repo/outputs/wav/000094_indextts_happy.wav,se kai kip e to ian li an kah gui tik sing,se3 lian3 kah4 lian3 kip4 si2 e5 to2 tshi7 lian3 li7 ian2 kah4 si3 ui2 tsi1 tik4 sin3 sing3,se kai kip e to ian li an kah gui tik sing,se lian kah lian kip si e to tshi lian li ian kah si ui tsi tik sin sing,0.9166666666666666,12,8,4,0,7,zh,1,ok
95,indextts,disgusted,000095_indextts_disgusted.wav,/srv/RL_project/repo/outputs/wav_by_model/indextts/000095_indextts_disgusted.wav,kian tshi thau bue e o un suan tshiu soo le bun,kian1 tshi5 thau3 bue2 e5 o3 un7 suan2 tshiu2 soo2 le7 bun5,kian tshi thau bue e o un suan tshiu soo le bun,kian tshi thau bue e o un suan tshiu soo le bun,0.0,12,12,0,0,0,zh,1,ok
96,indextts,sad,000096_indextts_sad.wav,/srv/RL_project/repo/outputs/wav_by_model/indextts/000096_indextts_sad.wav,suann kiu ko tshiu tsan nga ni ting ting,suann1 kiu5 ko1 tshiu2 tsan1 ka1 ni5 tin2 ting2,suann kiu ko tshiu tsan nga ni ting ting,suann kiu ko tshiu tsan ka ni tin ting,0.2222222222222222,9,7,2,0,0,zh,1,ok
97,indextts,happy,000097_indextts_happy.wav,/srv/RL_project/repo/outputs/wav_by_model/indextts/000097_indextts_happy.wav,in tsiah si lan sio sio e tai uan tshiann iong tshut lai,in1 tsiah4 si7 lan2 sioh4 sioh4 e5 tai5 uan5 tshia1 iong2 tshut4 lai5,in tsiah si lan sio sio e tai uan tshiann iong tshut lai,in tsiah si lan sioh sioh e tai uan tshia iong tshut lai,0.23076923076923078,13,10,3,0,0,zh,1,ok
98,indextts,sad,000098_indextts_sad.wav,/srv/RL_project/repo/outputs/wav_by_model/indextts/000098_indextts_sad.wav,ti se kai bu tai ting huat kng huat jiat,ti7 se3 kai3 bu2 tai5 ting2 huat4 kng1 huat4 ji7,ti se kai bu tai ting huat kng huat jiat,ti se kai bu tai ting huat kng huat ji,0.1,10,9,1,0,0,zh,1,ok
99,indextts,fearful,000099_indextts_fearful.wav,/srv/RL_project/repo/outputs/wav/000099_indextts_fearful.wav,si tat tit lan kam kak kiau ngoo e jin but,si5 tshi5 tat8 pat4 tsian3 tit4 tsi3 lan2 kam2 a2 tsing3 kak4 si3 kiau7 i5 tsian5 ngoo5 tshi1 e5 lin5 tsian3 but8 pa1,si tat tit lan kam kak kiau ngoo e jin but,si tshi tat pat tsian tit tsi lan kam a tsing kak si kiau i tsian ngoo tshi e lin tsian but pa,1.1818181818181819,11,10,1,0,12,zh,1,ok
100,indextts,neutral,000100_indextts_neutral.wav,/srv/RL_project/repo/outputs/wav_by_model/indextts/000100_indextts_neutral.wav,na kong tioh tai uan e kiau ngoo,na7 kong2 tioh8 tai5 uan5 e5 kiau1 ngoo7,na kong tioh tai uan e kiau ngoo,na kong tioh tai uan e kiau ngoo,0.0,8,8,0,0,0,zh,1,ok
101,indextts,sad,000101_indextts_sad.wav,/srv/RL_project/repo/outputs/wav_by_model/indextts/000101_indextts_sad.wav,li te li e siunn tioh e,li2 te7 li7 e5 siunn7 tioh8 e5,li te li e siunn tioh e,li te li e siunn tioh e,0.0,7,7,0,0,0,zh,1,ok
102,indextts,sad,000102_indextts_sad.wav,/srv/RL_project/repo/outputs/wav_by_model/indextts/000102_indextts_sad.wav,it ting si tai uan phong phai e but tsu,it4 ting7 si7 tai5 uan5 phong1 phai3 e5 but8 tsu1,it ting si tai uan phong phai e but tsu,it ting si tai uan phong phai e but tsu,0.0,10,10,0,0,0,zh,1,ok
103,indextts,fearful,000103_indextts_fearful.wav,/srv/RL_project/repo/outputs/wav_by_model/indextts/000103_indextts_fearful.wav,in ui tai uan lang thau nau khiau gau pian khiau,in1 ui7 tai5 uan5 lang5 thau5 nau2 khiau2 kau7 pian3 khiau3,in ui tai uan lang thau nau khiau gau pian khiau,in ui tai uan lang thau nau khiau kau pian khiau,0.09090909090909091,11,10,1,0,0,zh,1,ok
104,indextts,neutral,000104_indextts_neutral.wav,/srv/RL_project/repo/outputs/wav_by_model/indextts/000104_indextts_neutral.wav,tsok tsia lim siu hua,tsok4 tsia2 lim5 tshiu2 hua5,tsok tsia lim siu hua,tsok tsia lim tshiu hua,0.2,5,4,1,0,0,zh,1,ok
105,indextts,fearful,000105_indextts_fearful.wav,/srv/RL_project/repo/outputs/wav_by_model/indextts/000105_indextts_fearful.wav,bo lun kue tsi lan hue iah tsui san,bo5 lun7 kue2 tsi2 lang5 hue1 ia2 tsui2 san2,bo lun kue tsi lan hue iah tsui san,bo lun kue tsi lang hue ia tsui san,0.2222222222222222,9,7,2,0,0,zh,1,ok
106,indextts,neutral,000106_indextts_neutral.wav,/srv/RL_project/repo/outputs/wav/000106_indextts_neutral.wav,tsi iau king kue tai uan lang e kai liong,tsit8 a2 ian2 iau1 san1 king1 jian3 kue3 tai5 jian3 uan5 jian3 lang5 e5 kai2 jian3 liong5,tsi iau king kue tai uan lang e kai liong,tsit a ian iau san king jian kue tai jian uan jian lang e kai jian liong,0.8,10,9,1,0,7,zh,1,ok
107,indextts,surprised,000107_indextts_surprised.wav,/srv/RL_project/repo/outputs/wav_by_model/indextts/000107_indextts_surprised.wav,long e gian huat tshut it too tsan e phin tsing,long2 e7 gin5 huat4 tshut4 it4 too2 tsan2 e5 phin2 tsing2,long e gian huat tshut it too tsan e phin tsing,long e gin huat tshut it too tsan e phin tsing,0.09090909090909091,11,10,1,0,0,zh,1,ok
108,indextts,fearful,000108_indextts_fearful.wav,/srv/RL_project/repo/outputs/wav/000108_indextts_fearful.wav,hoo tsuan se kai o lo lan e kue tsi tua koh tinn,hoo7 tsi1 tsuann2 u7 se3 jian3 kai3 o1 jian3 lo2 lan2 e5 kue2 kian3 tsinn5 er3 thua1 tshi7 koh4 si3 ting2 i1,hoo tsuan se kai o lo lan e kue tsi tua koh tinn,hoo tsi tsuann u se jian kai o jian lo lan e kue kian tsinn er thua tshi koh si ting i,1.0,13,9,4,0,9,zh,1,ok
109,indextts,fearful,000109_indextts_fearful.wav,/srv/RL_project/repo/outputs/wav_by_model/indextts/000109_indextts_fearful.wav,lan hue phang koh sui,lan5 hue1 phang1 koh4 sui2,lan hue phang koh sui,lan hue phang koh sui,0.0,5,5,0,0,0,zh,1,ok
110,indextts,sad,000110_indextts_sad.wav,/srv/RL_project/repo/outputs/wav_by_model/indextts/000110_indextts_sad.wav,tsui san tshinn koh ho tsiah,tsui2 san2 tshi7 koh4 ho2 tsiah8,tsui san tshinn koh ho tsiah,tsui san tshi koh ho tsiah,0.16666666666666666,6,5,1,0,0,zh,1,ok
111,indextts,disgusted,000111_indextts_disgusted.wav,/srv/RL_project/repo/outputs/wav_by_model/indextts/000111_indextts_disgusted.wav,ma in ui an ne,ma7 in1 ui7 an2 ne1,ma in ui an ne,ma in ui an ne,0.0,5,5,0,0,0,zh,1,ok
112,indextts,angry,000112_indextts_angry.wav,/srv/RL_project/repo/outputs/wav/000112_indextts_angry.wav,soo i e tang gua siau than gua hue,soo1 a2 tsian3 gi2 e5 tshi7 jian7 tan3 gua7 tshi7 tsian3 siau1 i5 than2 san2 gua7 tshi7 tsian3 hue2 tshi7,soo i e tang gua siau than gua hue,soo a tsian gi e tshi jian tan gua tshi tsian siau i than san gua tshi tsian hue tshi,1.4444444444444444,9,7,2,0,11,zh,1,ok
113,indextts,happy,000113_indextts_happy.wav,/srv/RL_project/repo/outputs/wav_by_model/indextts/000113_indextts_happy.wav,iáh koh u i tsa long giap sia hue e tai uan u su po te bi thng kap tsiunn lo,i2 koh4 u7 i2 tsa2 long5 giap8 sia7 hue7 e5 tai5 uan5 u7 su3 poo2 te5 mih8 thng5 kah4 tsiunn1 lo2,iáh koh u i tsa long giap sia hue e tai uan u su po te bi thng kap tsiunn lo,i koh u i tsa long giap sia hue e tai uan u su poo te mih thng kah tsiunn lo,0.19047619047619047,21,17,4,0,0,zh,1,ok
114,indextts,angry,000114_indextts_angry.wav,/srv/RL_project/repo/outputs/wav_by_model/indextts/000114_indextts_angry.wav,tsit mainnh kang giap sia hue e tai uan si tian nau ic led kap tsin tse ko kho ki e san phin,tsit4 mai2 ka3 iann2 sia7 hue7 e5 tai5 uan5 si7 tian7 nau2 IC e5 li2 ki1 kah4 tsin1 tse7 ko1 kho1 ki1 e5 san2 phin2,tsit mainnh kang giap sia hue e tai uan si tian nau ic led kap tsin tse ko kho ki e san phin,tsit mai ka iann sia hue e tai uan si tian nau ic e li ki kah tsin tse ko kho ki e san phin,0.30434782608695654,23,18,5,0,2,zh,1,ok
115,indextts,fearful,000115_indextts_fearful.wav,/srv/RL_project/repo/outputs/wav_by_model/indextts/000115_indextts_fearful.wav,na mng li tai uan e kiau ngoo si siann mih,na7 mng7 li2 tai5 uan5 e5 kiau1 ngoo7 si7 siann2 mih8,na mng li tai uan e kiau ngoo si siann mih,na mng li tai uan e kiau ngoo si siann mih,0.0,11,11,0,0,0,zh,1,ok
116,indextts,neutral,000116_indextts_neutral.wav,/srv/RL_project/repo/outputs/wav_by_model/indextts/000116_indextts_neutral.wav,hing siau tsuan kiu e bi le to,hik8 siau1 tsuan5 kiu5 e5 bi2 le7 to2,hing siau tsuan kiu e bi le to,hik siau tsuan kiu e bi le to,0.125,8,7,1,0,0,zh,1,ok
117,indextts,disgusted,000117_indextts_disgusted.wav,/srv/RL_project/repo/outputs/wav_by_model/indextts/000117_indextts_disgusted.wav,tse si lan tai uan lang e hiau pa ap si ki un iong ti hui,tse1 si7 lan2 tai5 uan5 lang5 e7 hiau2 pak4 ap4 si5 ki1 un7 iong7 ti3 hui7,tse si lan tai uan lang e hiau pa ap si ki un iong ti hui,tse si lan tai uan lang e hiau pak ap si ki un iong ti hui,0.0625,16,15,1,0,0,zh,1,ok
118,indextts,happy,000118_indextts_happy.wav,/srv/RL_project/repo/outputs/wav_by_model/indextts/000118_indextts_happy.wav,jin tsin phah piann tshong tso tshut lai e king tse ki tsik,lin7 tsin1 phah4 piah4 tshong3 tso7 tshut4 lai5 e5 king1 tse3 ki1 tsit4,jin tsin phah piann tshong tso tshut lai e king tse ki tsik,lin tsin phah piah tshong tso tshut lai e king tse ki tsit,0.23076923076923078,13,10,3,0,0,zh,1,ok
119,indextts,disgusted,000119_indextts_disgusted.wav,/srv/RL_project/repo/outputs/wav_by_model/indextts/000119_indextts_disgusted.wav,ma si lan siong kiau ngoo e sing tsiu,ma7 si7 lan2 siong7 kiau1 ngoo7 e5 sin1 tsiu7,ma si lan siong kiau ngoo e sing tsiu,ma si lan siong kiau ngoo e sin tsiu,0.1111111111111111,9,8,1,0,0,zh,1,ok
120,indextts,sad,000120_indextts_sad.wav,/srv/RL_project/repo/outputs/wav_by_model/indextts/000120_indextts_sad.wav,lang kong tai uan liam tsin tsing kap tak ke lai puah kam tsing,lang5 kong2 tai5 uan5 tiam3 tsin1 tsing5 kah4 tak8 ke1 lai5 puah8 kam2 tsing5,lang kong tai uan liam tsin tsing kap tak ke lai puah kam tsing,lang kong tai uan tiam tsin tsing kah tak ke lai puah kam tsing,0.14285714285714285,14,12,2,0,0,zh,1,ok
121,indextts,happy,000121_indextts_happy.wav,/srv/RL_project/repo/outputs/wav_by_model/indextts/000121_indextts_happy.wav,tai uan sio lo e jin tsing bi,tai5 uan5 sio1 lo7 e5 jin7 tsin1 bi7,tai uan sio lo e jin tsing bi,tai uan sio lo e jin tsin bi,0.125,8,7,1,0,0,zh,1,ok
122,indextts,disgusted,000122_indextts_disgusted.wav,/srv/RL_project/repo/outputs/wav_by_model/indextts/000122_indextts_disgusted.wav,hoo tsin tse bat lai tai uan tshit tho,hoo7 tsin1 tse7 bat4 lai5 tai5 uan5 tshit4 tho5,hoo tsin tse bat lai tai uan tshit tho,hoo tsin tse bat lai tai uan tshit tho,0.0,9,9,0,0,0,zh,1,ok
123,indextts,surprised,000123_indextts_surprised.wav,/srv/RL_project/repo/outputs/wav_by_model/indextts/000123_indextts_surprised.wav,iah si tua kue e gua kok lang long o lo kah e tak tsih,iah8 si7 tua3 kue3 e5 gua7 kok4 lang5 long2 o1 lo2 kah4 e5 tak4 tsi2,iah si tua kue e gua kok lang long o lo kah e tak tsih,iah si tua kue e gua kok lang long o lo kah e tak tsi,0.06666666666666667,15,14,1,0,0,zh,1,ok
124,indextts,surprised,000124_indextts_surprised.wav,/srv/RL_project/repo/outputs/wav_by_model/indextts/000124_indextts_surprised.wav,bat u tsit ui tui jit pun lai e tsin tshut mia e bing tshenn kong,gua2 u7 tsit8 ui7 tui3 jit8 pun2 lai5 e5 tsin1 tshut4 mia5 e5 bin5 tshe1 kong1,bat u tsit ui tui jit pun lai e tsin tshut mia e bing tshenn kong,gua u tsit ui tui jit pun lai e tsin tshut mia e bin tshe kong,0.1875,16,13,3,0,0,zh,1,ok
125,indextts,fearful,000125_indextts_fearful.wav,/srv/RL_project/repo/outputs/wav_by_model/indextts/000125_indextts_fearful.wav,in ui tai uan lang e tshin tshiat,in1 ui7 tai5 uan5 lang5 e5 tshin1 tsheh4,in ui tai uan lang e tshin tshiat,in ui tai uan lang e tshin tsheh,0.125,8,7,1,0,0,zh,1,ok
126,indextts,sad,000126_indextts_sad.wav,/srv/RL_project/repo/outputs/wav_by_model/indextts/000126_indextts_sad.wav,li thau tsit e siunn tioh e it ting si tsit tsam a tshing kah liah be tiau e bi kok tsit giap na kiu tui e suan tshiu lim su ho,li2 thau5 tsit8 e5 siunn7 tioh8 e5 it4 ting7 si7 tsit4 tsam7 a2 tshing3 kah4 liah8 be7 tiau7 e5 bi2 kok4 tsit4 giap8 na5 kiu5 tui7 e5 suan2 tshiu2 lim5 su1 ho5,li thau tsit e siunn tioh e it ting si tsit tsam a tshing kah liah be tiau e bi kok tsit giap na kiu tui e suan tshiu lim su ho,li thau tsit e siunn tioh e it ting si tsit tsam a tshing kah liah be tiau e bi kok tsit giap na kiu tui e suan tshiu lim su ho,0.0,32,32,0,0,0,zh,1,ok
127,indextts,angry,000127_indextts_angry.wav,/srv/RL_project/repo/outputs/wav_by_model/indextts/000127_indextts_angry.wav,hoo gua tshim tshim be luan tai uan,hoo7 gua2 tshim1 tshim1 be5 luan5 tai5 uan5,hoo gua tshim tshim be luan tai uan,hoo gua tshim tshim be luan tai uan,0.0,8,8,0,0,0,zh,1,ok
128,indextts,neutral,000128_indextts_neutral.wav,/srv/RL_project/repo/outputs/wav_by_model/indextts/000128_indextts_neutral.wav,soo i toh sng lai tsia tshit tho tsap kui pai,soo2 i2 to7 sng3 lai5 tsia1 tshit4 tho5 tsap8 kui2 pai2,soo i toh sng lai tsia tshit tho tsap kui pai,soo i to sng lai tsia tshit tho tsap kui pai,0.09090909090909091,11,10,1,0,0,zh,1,ok
129,indextts,happy,000129_indextts_happy.wav,/srv/RL_project/repo/outputs/wav_by_model/indextts/000129_indextts_happy.wav,ma be ia sian,ma7 be7 iau3 sian3,ma be ia sian,ma be iau sian,0.25,4,3,1,0,0,zh,1,ok
130,indextts,happy,000130_indextts_happy.wav,/srv/RL_project/repo/outputs/wav/000130_indextts_happy.wav,in ui ti tai uan,in1 tsian3 ui5 tshi5 tik4 tsi2 tai5 tsian3 uan5,in ui ti tai uan,in tsian ui tshi tik tsi tai tsian uan,1.0,5,4,1,0,4,zh,1,ok
131,indextts,sad,000131_indextts_sad.wav,/srv/RL_project/repo/outputs/wav_by_model/indextts/000131_indextts_sad.wav,tak ke long ka gua tong tso si ka ti lang,tak8 ke1 long2 ka7 gua2 tong3 tso3 si7 ka1 ti7 lang5,tak ke long ka gua tong tso si ka ti lang,tak ke long ka gua tong tso si ka ti lang,0.0,11,11,0,0,0,zh,1,ok
132,indextts,sad,000132_indextts_sad.wav,/srv/RL_project/repo/outputs/wav_by_model/indextts/000132_indextts_sad.wav,guan lau su ma bat tu tioh tsit e ti tai uan tsiah thau loo e gua kok lang,guan2 lau7 su1 ma7 bat4 tu2 tioh8 tsit8 e5 ti7 tai5 uan5 tsiah8 thau5 loo7 e5 gua7 kok4 lang5,guan lau su ma bat tu tioh tsit e ti tai uan tsiah thau loo e gua kok lang,guan lau su ma bat tu tioh tsit e ti tai uan tsiah thau loo e gua kok lang,0.0,19,19,0,0,0,zh,1,ok
133,indextts,angry,000133_indextts_angry.wav,/srv/RL_project/repo/outputs/wav_by_model/indextts/000133_indextts_angry.wav,in ui beh hoo lang tiau khi tiong kok,in1 ui7 beh4 hoo7 lang5 tiau3 khi3 tiong1 kok4,in ui beh hoo lang tiau khi tiong kok,in ui beh hoo lang tiau khi tiong kok,0.0,9,9,0,0,0,zh,1,ok
134,indextts,happy,000134_indextts_happy.wav,/srv/RL_project/repo/outputs/wav_by_model/indextts/000134_indextts_happy.wav,kam kak tsin ut tsut,kam2 kak4 tsin1 ut4 tsut4,kam kak tsin ut tsut,kam kak tsin ut tsut,0.0,5,5,0,0,0,zh,1,ok
135,indextts,fearful,000135_indextts_fearful.wav,/srv/RL_project/repo/outputs/wav_by_model/indextts/000135_indextts_fearful.wav,i kong tai uan tsit si ke long tshiong buan sio lo e jin tsing bi,i1 kong2 tai5 uan5 tsit8 si3 ke3 long2 tshiong1 buan2 sio1 lo7 e5 lin5 tsin1 bi7,i kong tai uan tsit si ke long tshiong buan sio lo e jin tsing bi,i kong tai uan tsit si ke long tshiong buan sio lo e lin tsin bi,0.125,16,14,2,0,0,zh,1,ok
136,indextts,angry,000136_indextts_angry.wav,/srv/RL_project/repo/outputs/wav_by_model/indextts/000136_indextts_angry.wav,si tsit e e hoo lang siau liam e ho soo tsai,si7 tsit8 e5 e7 hoo7 lang5 siau3 liam7 e5 ho2 soo2 tsai7,si tsit e e hoo lang siau liam e ho soo tsai,si tsit e e hoo lang siau liam e ho soo tsai,0.0,12,12,0,0,0,zh,1,ok
137,indextts,angry,000137_indextts_angry.wav,/srv/RL_project/repo/outputs/wav_by_model/indextts/000137_indextts_angry.wav,lim su ho sui lian hoo lan kam kak tsin kiau ngoo,lim5 su1 ho5 sui1 lian5 hoo7 lan2 kam2 kak4 tsin1 kiau1 ngoo7,lim su ho sui lian hoo lan kam kak tsin kiau ngoo,lim su ho sui lian hoo lan kam kak tsin kiau ngoo,0.0,12,12,0,0,0,zh,1,ok
138,indextts,surprised,000138_indextts_surprised.wav,/srv/RL_project/repo/outputs/wav_by_model/indextts/000138_indextts_surprised.wav,tong jian hoo lang siong kiau ngoo e soo tsai si,tong1 jian5 hoo7 lang5 siong7 kiau1 ngoo7 e5 soo2 tsai7 si7,tong jian hoo lang siong kiau ngoo e soo tsai si,tong jian hoo lang siong kiau ngoo e soo tsai si,0.0,11,11,0,0,0,zh,1,ok
139,indextts,happy,000139_indextts_happy.wav,/srv/RL_project/repo/outputs/wav_by_model/indextts/000139_indextts_happy.wav,tai uan si ti hua jin se kai te it e sit si bin tsu tse too e kok ka,tai5 uan5 si7 ti7 hua1 lin5 se3 kai3 te7 it4 e5 sit8 si1 bin5 tsu2 tse3 too7 e5 kok4 ka1,tai uan si ti hua jin se kai te it e sit si bin tsu tse too e kok ka,tai uan si ti hua lin se kai te it e sit si bin tsu tse too e kok ka,0.05,20,19,1,0,0,zh,1,ok
140,indextts,fearful,000140_indextts_fearful.wav,/srv/RL_project/repo/outputs/wav/000140_indextts_fearful.wav,it kiu pat liok ni i au,it4 tsit4 kiu2 pat4 si3 liok8 ba2 ni5 i2 tsian3 au2 tshi7,it kiu pat liok ni i au,it tsit kiu pat si liok ba ni i tsian au tshi,0.7142857142857143,7,7,0,0,5,zh,1,ok
141,indextts,fearful,000141_indextts_fearful.wav,/srv/RL_project/repo/outputs/wav_by_model/indextts/000141_indextts_fearful.wav,tsing ti kai kik e sok too lu lai lu kin,tsin1 ti7 kai2 kik4 e5 sok4 too7 lu2 lai5 lu2 kin2,tsing ti kai kik e sok too lu lai lu kin,tsin ti kai kik e sok too lu lai lu kin,0.09090909090909091,11,10,1,0,0,zh,1,ok
142,indextts,surprised,000142_indextts_surprised.wav,/srv/RL_project/repo/outputs/wav_by_model/indextts/000142_indextts_surprised.wav,pau kuat it kiu pat tshit ni kai tu kai giam huat,pau1 kuat4 it4 kiu2 pat4 tshit4 ni5 kai2 tu5 kai3 giam5 huat4,pau kuat it kiu pat tshit ni kai tu kai giam huat,pau kuat it kiu pat tshit ni kai tu kai giam huat,0.0,12,12,0,0,0,zh,1,ok
143,indextts,neutral,000143_indextts_neutral.wav,/srv/RL_project/repo/outputs/wav_by_model/indextts/000143_indextts_neutral.wav,sit si tsu iu hua tsing tshik,si7 si1 tsu7 iu5 hua3 tsing3 tshioh4,sit si tsu iu hua tsing tshik,si si tsu iu hua tsing tshioh,0.2857142857142857,7,5,2,0,0,zh,1,ok
144,indextts,sad,000144_indextts_sad.wav,/srv/RL_project/repo/outputs/wav/000144_indextts_sad.wav,kau it kiu kiu liok ni tsong thong tit suan,kau1 sam1 it4 si3 kiu2 kiu2 liok8 ba2 ni5 tsong7 oh8 tsian3 thong2 oh8 tit8 pa5 tsian3 suan2,kau it kiu kiu liok ni tsong thong tit suan,kau sam it si kiu kiu liok ba ni tsong oh tsian thong oh tit pa tsian suan,0.8,10,10,0,0,8,zh,1,ok
145,indextts,neutral,000145_indextts_neutral.wav,/srv/RL_project/repo/outputs/wav_by_model/indextts/000145_indextts_neutral.wav,sng si huah tshut bin tsu tsuan hing e tsit tua poo,sng3 si7 huah4 tshut4 bin5 tsu2 tsuan2 hing5 e5 tsit8 tua7 poo7,sng si huah tshut bin tsu tsuan hing e tsit tua poo,sng si huah tshut bin tsu tsuan hing e tsit tua poo,0.0,12,12,0,0,0,zh,1,ok
146,indextts,surprised,000146_indextts_surprised.wav,/srv/RL_project/repo/outputs/wav_by_model/indextts/000146_indextts_surprised.wav,nng tshing ni tsong thong tai suan e kiat ko,nng7 tshing1 ni5 tsong2 thong2 tai7 suan2 e5 kiat4 ko2,nng tshing ni tsong thong tai suan e kiat ko,nng tshing ni tsong thong tai suan e kiat ko,0.0,10,10,0,0,0,zh,1,ok
147,indextts,surprised,000147_indextts_surprised.wav,/srv/RL_project/repo/outputs/wav_by_model/indextts/000147_indextts_surprised.wav,si tai uan te it pai e tsing tong lun the,si7 tai5 uan5 te7 it4 pai2 e5 tsing3 tong2 lun5 the3,si tai uan te it pai e tsing tong lun the,si tai uan te it pai e tsing tong lun the,0.0,11,11,0,0,0,zh,1,ok
148,indextts,happy,000148_indextts_happy.wav,/srv/RL_project/repo/outputs/wav_by_model/indextts/000148_indextts_happy.wav,m koh i ping m si lan tai uan pue iong tshut lai e,m7 koh4 i1 ping7 m7 si7 lan2 tai5 uan5 pue5 iong2 tshut4 lai5 e5,m koh i ping m si lan tai uan pue iong tshut lai e,m koh i ping m si lan tai uan pue iong tshut lai e,0.0,14,14,0,0,0,zh,1,ok
149,indextts,neutral,000149_indextts_neutral.wav,/srv/RL_project/repo/outputs/wav_by_model/indextts/000149_indextts_neutral.wav,lan king lik ho ping tsuan i tsip tsing khuan e kue ting,lan2 king1 liok8 ho5 ping5 tsuan2 i5 tsit4 tsing3 khuan5 e5 kue3 ting5,lan king lik ho ping tsuan i tsip tsing khuan e kue ting,lan king liok ho ping tsuan i tsit tsing khuan e kue ting,0.15384615384615385,13,11,2,0,0,zh,1,ok
150,indextts,disgusted,000150_indextts_disgusted.wav,/srv/RL_project/repo/outputs/wav_by_model/indextts/000150_indextts_disgusted.wav,hoo tai uan e bin tsu hua siu tioh se hong bin tsu kok ka e khing ting,hoo7 tai5 uan5 e5 bin5 tsu2 hua1 siu7 tioh8 se3 hong1 bin5 tsu2 kok4 ka1 e5 khing2 ting7,hoo tai uan e bin tsu hua siu tioh se hong bin tsu kok ka e khing ting,hoo tai uan e bin tsu hua siu tioh se hong bin tsu kok ka e khing ting,0.0,18,18,0,0,0,zh,1,ok
151,indextts,disgusted,000151_indextts_disgusted.wav,/srv/RL_project/repo/outputs/wav_by_model/indextts/000151_indextts_disgusted.wav,lan u tsiah ni tse tat tit tshia iann e tsu san,lan2 u7 tsiah4 ni7 tse7 tat8 tit4 tshia1 iann7 e5 tsu1 san2,lan u tsiah ni tse tat tit tshia iann e tsu san,lan u tsiah ni tse tat tit tshia iann e tsu san,0.0,12,12,0,0,0,zh,1,ok
152,indextts,angry,000152_indextts_angry.wav,/srv/RL_project/repo/outputs/wav_by_model/indextts/000152_indextts_angry.wav,lan u ho tioh ai tsai sioh po,lan2 u7 ho2 tioh8 ai3 tsai5 sioh4 po2,lan u ho tioh ai tsai sioh po,lan u ho tioh ai tsai sioh po,0.0,8,8,0,0,0,zh,1,ok
153,indextts,happy,000153_indextts_happy.wav,/srv/RL_project/repo/outputs/wav_by_model/indextts/000153_indextts_happy.wav,m thang tshin tshai pang hinn sat,m7 thang1 tshin3 tshai2 pang3 hinn3 sak4,m thang tshin tshai pang hinn sat,m thang tshin tshai pang hinn sak,0.14285714285714285,7,6,1,0,0,zh,1,ok
154,indextts,neutral,000154_indextts_neutral.wav,/srv/RL_project/repo/outputs/wav/000154_indextts_neutral.wav,lan tioh ai bo hun tsok kun hue tse phah piann,lan2 tio7 ba5 jian3 ai3 bo5 hun1 tsok4 pa1 jian2 kun5 hue1 tshi1 jian3 tse2 u7 phah4 si3 jian2 piann1 san1,lan tioh ai bo hun tsok kun hue tse phah piann,lan tio ba jian ai bo hun tsok pa jian kun hue tshi jian tse u phah si jian piann san,1.0,11,10,1,0,10,zh,1,ok
155,indextts,disgusted,000155_indextts_disgusted.wav,/srv/RL_project/repo/outputs/wav_by_model/indextts/000155_indextts_disgusted.wav,kiong tong tshong tso koh khah tse tai uan tsi kong,kiong7 tong5 tshong3 tso7 koh4 khah4 tse7 tai5 uan5 tsit8 kong1,kiong tong tshong tso koh khah tse tai uan tsi kong,kiong tong tshong tso koh khah tse tai uan tsit kong,0.09090909090909091,11,10,1,0,0,zh,1,ok
156,indextts,angry,000156_indextts_angry.wav,/srv/RL_project/repo/outputs/wav_by_model/indextts/000156_indextts_angry.wav,kiong tong kian siat tsit e tsing siong e kok ka,kiong7 tong5 kian3 siat4 tsit8 e5 tsing3 siong5 e5 kok4 ka1,kiong tong kian siat tsit e tsing siong e kok ka,kiong tong kian siat tsit e tsing siong e kok ka,0.0,11,11,0,0,0,zh,1,ok
157,indextts,sad,000157_indextts_sad.wav,/srv/RL_project/repo/outputs/wav_by_model/indextts/000157_indextts_sad.wav,hoo lan e tang tua siann tui tsuan se kai huah tshut,hoo7 lan2 e7 tang3 tua7 siann1 tui3 tsuan5 se3 kai3 huah4 tshut4,hoo lan e tang tua siann tui tsuan se kai huah tshut,hoo lan e tang tua siann tui tsuan se kai huah tshut,0.0,12,12,0,0,0,zh,1,ok
158,indextts,disgusted,000158_indextts_disgusted.wav,/srv/RL_project/repo/outputs/wav_by_model/indextts/000158_indextts_disgusted.wav,gua si tai uan lang,gua2 si7 tai5 uan5 lang5,gua si tai uan lang,gua si tai uan lang,0.0,5,5,0,0,0,zh,1,ok
159,indextts,happy,000159_indextts_happy.wav,/srv/RL_project/repo/outputs/wav_by_model/indextts/000159_indextts_happy.wav,i si ti bi kok tshut si,i1 si7 ti7 bi2 kok4 tshut4 si3,i si ti bi kok tshut si,i si ti bi kok tshut si,0.0,7,7,0,0,0,zh,1,ok
160,indextts,neutral,000160_indextts_neutral.wav,/srv/RL_project/repo/outputs/wav_by_model/indextts/000160_indextts_neutral.wav,tse tsiah si tai uan siong tua e kiau ngoo,tse1 tsiah4 si7 tai5 uan5 siong7 tua7 e5 kiau1 ngoo7,tse tsiah si tai uan siong tua e kiau ngoo,tse tsiah si tai uan siong tua e kiau ngoo,0.0,10,10,0,0,0,zh,1,ok
161,indextts,angry,000161_indextts_angry.wav,/srv/RL_project/repo/outputs/wav/000161_indextts_angry.wav,li kong tioh bo,li2 kong2 tioh8 pa2 tsian5 tsian7 bo5,li kong tioh bo,li kong tioh pa tsian tsian bo,0.75,4,4,0,0,3,zh,1,ok
162,indextts,fearful,000162_indextts_fearful.wav,/srv/RL_project/repo/outputs/wav_by_model/indextts/000162_indextts_fearful.wav,tsiap siu bi kok kau iok e bi kok lang,tsiah4 siu7 bi2 kok4 kau3 iok8 e5 bi2 kok4 lang5,tsiap siu bi kok kau iok e bi kok lang,tsiah siu bi kok kau iok e bi kok lang,0.1,10,9,1,0,0,zh,1,ok
163,indextts,angry,000163_indextts_angry.wav,/srv/RL_project/repo/outputs/wav/000163_indextts_angry.wav,soo i gua jin ui tsin tsin tsiann tsiann e tai uan tsi kong si ia kiu tau tshiu ong kian bin,soo1 a2 jian3 i2 gua2 jin5 tsi1 jian3 ui5 tsin1 inn5 jian3 tsin1 inn5 jian3 tsiann1 san1 jian3 tsiann1 san1 e5 tai5 jian3 uan5 tsi1 i1 kong1 si1 tsi1 ia2 jian2 kiu5 tau1 u7 jian3 tshiu2 a2 ong5 kian3 jian3 bing5,soo i gua jin ui tsin tsin tsiann tsiann e tai uan tsi kong si ia kiu tau tshiu ong kian bin,soo a jian i gua jin tsi jian ui tsin inn jian tsin inn jian tsiann san jian tsiann san e tai jian uan tsi i kong si tsi ia jian kiu tau u jian tshiu a ong kian jian bing,0.9090909090909091,22,21,1,0,19,zh,1,ok
164,indextts,neutral,000164_indextts_neutral.wav,/srv/RL_project/repo/outputs/wav_by_model/indextts/000164_indextts_neutral.wav,gua siong ai e lang,gua2 siong7 ai3 e5 lang5,gua siong ai e lang,gua siong ai e lang,0.0,5,5,0,0,0,zh,1,ok
165,indextts,sad,000165_indextts_sad.wav,/srv/RL_project/repo/outputs/wav_by_model/indextts/000165_indextts_sad.wav,tsin han tit u khah tng e si kan tso hue,tsin1 han2 tit4 u7 khah4 tng5 e5 si5 kan1 tso3 hue2,tsin han tit u khah tng e si kan tso hue,tsin han tit u khah tng e si kan tso hue,0.0,11,11,0,0,0,zh,1,ok
166,indextts,fearful,000166_indextts_fearful.wav,/srv/RL_project/repo/outputs/wav_by_model/indextts/000166_indextts_fearful.wav,soo i tsu se han kau tann,soo2 i2 tsu7 se3 han3 kau3 ta1,soo i tsu se han kau tann,soo i tsu se han kau ta,0.14285714285714285,7,6,1,0,0,zh,1,ok
167,indextts,sad,000167_indextts_sad.wav,/srv/RL_project/repo/outputs/wav_by_model/indextts/000167_indextts_sad.wav,long si a ma teh tsiau koo gua,long2 si7 a1 ma2 leh4 tsiau3 koo3 gua2,long si a ma teh tsiau koo gua,long si a ma leh tsiau koo gua,0.125,8,7,1,0,0,zh,1,ok
168,indextts,happy,000168_indextts_happy.wav,/srv/RL_project/repo/outputs/wav_by_model/indextts/000168_indextts_happy.wav,ka gua lak sai lak lio,ka7 gua2 lak8 sai2 lak8 lio7,ka gua lak sai lak lio,ka gua lak sai lak lio,0.0,6,6,0,0,0,zh,1,ok
169,indextts,happy,000169_indextts_happy.wav,/srv/RL_project/repo/outputs/wav/000169_indextts_happy.wav,kiann gua iau kiann gua kuann,kiann1 i3 gua2 iau3 i3 kiann1 i3 gua2 kuann5 u7,kiann gua iau kiann gua kuann,kiann i gua iau i kiann i gua kuann u,0.6666666666666666,6,6,0,0,4,zh,1,ok
170,indextts,angry,000170_indextts_angry.wav,/srv/RL_project/repo/outputs/wav_by_model/indextts/000170_indextts_angry.wav,ui gua ang ang luan luan tshua kau tann tsiah tua han,ui7 gua2 ang5 ang5 luan2 luan2 tshah4 kah4 tann1 tsiah4 tua7 han3,ui gua ang ang luan luan tshua kau tann tsiah tua han,ui gua ang ang luan luan tshah kah tann tsiah tua han,0.16666666666666666,12,10,2,0,0,zh,1,ok
171,indextts,surprised,000171_indextts_surprised.wav,/srv/RL_project/repo/outputs/wav_by_model/indextts/000171_indextts_surprised.wav,soo i a ma si gua sim tiong siong tshin siong ai e lang,soo2 i2 a1 ma2 si7 gua2 sim1 tiong1 siong7 tshing1 siong7 ai3 e5 lang5,soo i a ma si gua sim tiong siong tshin siong ai e lang,soo i a ma si gua sim tiong siong tshing siong ai e lang,0.07142857142857142,14,13,1,0,0,zh,1,ok
172,indextts,fearful,000172_indextts_fearful.wav,/srv/RL_project/repo/outputs/wav/000172_indextts_fearful.wav,gua bat thiann a ma kong gua se han e si tsiann ai khau,gua2 pa2 tshit4 thiann1 ia2 tse7 ma2 kong2 tsiann3 gua2 se3 tsian3 han3 e5 si5 tsiah4 u7 ai3 jian3 khau1 san1,gua bat thiann a ma kong gua se han e si tsiann ai khau,gua pa tshit thiann ia tse ma kong tsiann gua se tsian han e si tsiah u ai jian khau san,0.7142857142857143,14,11,3,0,7,zh,1,ok
173,indextts,neutral,000173_indextts_neutral.wav,/srv/RL_project/repo/outputs/wav_by_model/indextts/000173_indextts_neutral.wav,khau long khau be tiam,khau3 long2 khau3 be7 tiam7,khau long khau be tiam,khau long khau be tiam,0.0,5,5,0,0,0,zh,1,ok
174,indextts,happy,000174_indextts_happy.wav,/srv/RL_project/repo/outputs/wav/000174_indextts_happy.wav,in ui tshu lai khuan king bo gua ho,in1 jian2 ui5 tsi1 tshu2 san1 lian3 lai7 tsit4 tsian7 siau1 si5 guan5 u7 jian3 kin2 bo5 gua7 tshi7 ho2,in ui tshu lai khuan king bo gua ho,in jian ui tsi tshu san lian lai tsit tsian siau si guan u jian kin bo gua tshi ho,1.4444444444444444,9,7,2,0,11,zh,1,ok
175,indextts,fearful,000175_indextts_fearful.wav,/srv/RL_project/repo/outputs/wav_by_model/indextts/000175_indextts_fearful.wav,tsok tsia tiunn jit tong,tsok4 tsia2 tiunn1 tsit8 tong1,tsok tsia tiunn jit tong,tsok tsia tiunn tsit tong,0.2,5,4,1,0,0,zh,1,ok
176,indextts,neutral,000176_indextts_neutral.wav,/srv/RL_project/repo/outputs/wav_by_model/indextts/000176_indextts_neutral.wav,hit si tsun a ma koh u teh tso tsu guan hue siu,hit4 si5 tsun7 a1 ma2 koh4 u7 leh4 tso3 tsu1 guan5 hue5 siu1,hit si tsun a ma koh u teh tso tsu guan hue siu,hit si tsun a ma koh u leh tso tsu guan hue siu,0.07692307692307693,13,12,1,0,0,zh,1,ok
177,indextts,neutral,000177_indextts_neutral.wav,/srv/RL_project/repo/outputs/wav_by_model/indextts/000177_indextts_neutral.wav,ke kiam khioh tsit kua sok ka kuan a phainn tang ku siah phoo a tsua lai be,ke1 kiam2 khioh4 tsit8 kua2 sok4 ka1 kuan3 a2 phainn2 tang5 ku7 sia7 phoo7 a2 tsua2 lai5 be7,ke kiam khioh tsit kua sok ka kuan a phainn tang ku siah phoo a tsua lai be,ke kiam khioh tsit kua sok ka kuan a phainn tang ku sia phoo a tsua lai be,0.05555555555555555,18,17,1,0,0,zh,1,ok
178,indextts,happy,000178_indextts_happy.wav,/srv/RL_project/repo/outputs/wav_by_model/indextts/000178_indextts_happy.wav,thang ke kiam poo thiap tshu lai e khai siau,thang1 ke1 kiam2 po2 thiap4 tshu3 lai7 e5 khai1 siau1,thang ke kiam poo thiap tshu lai e khai siau,thang ke kiam po thiap tshu lai e khai siau,0.1,10,9,1,0,0,zh,1,ok
179,indextts,disgusted,000179_indextts_disgusted.wav,/srv/RL_project/repo/outputs/wav_by_model/indextts/000179_indextts_disgusted.wav,u tsit pai a ma tshut khi khioh mih kiann e si,u7 tsit8 pai2 a1 ma2 tshut4 khi3 khioh4 mih8 kiann7 e5 si5,u tsit pai a ma tshut khi khioh mih kiann e si,u tsit pai a ma tshut khi khioh mih kiann e si,0.0,12,12,0,0,0,zh,1,ok
180,indextts,surprised,000180_indextts_surprised.wav,/srv/RL_project/repo/outputs/wav_by_model/indextts/000180_indextts_surprised.wav,gua ti tshu lai it tit khau,gua2 ti7 tshu3 lai7 it4 tit8 khau3,gua ti tshu lai it tit khau,gua ti tshu lai it tit khau,0.0,7,7,0,0,0,zh,1,ok
181,indextts,sad,000181_indextts_sad.wav,/srv/RL_project/repo/outputs/wav_by_model/indextts/000181_indextts_sad.wav,khau kah siunn tshut lat,khau2 ka7 siu7 tshut4 lat8,khau kah siunn tshut lat,khau ka siu tshut lat,0.4,5,3,2,0,0,zh,1,ok
182,indextts,neutral,000182_indextts_neutral.wav,/srv/RL_project/repo/outputs/wav_by_model/indextts/000182_indextts_neutral.wav,suah lai tui tiong,suah4 lai5 tui7 tiong5,suah lai tui tiong,suah lai tui tiong,0.0,4,4,0,0,0,zh,1,ok
183,indextts,angry,000183_indextts_angry.wav,/srv/RL_project/repo/outputs/wav_by_model/indextts/000183_indextts_angry.wav,a ma tng lai e si khuann gua bin sik huan tshinn,a1 ma2 tng2 lai5 e5 si5 khuann3 gua2 bin7 sik4 huat4 tshi1,a ma tng lai e si khuann gua bin sik huan tshinn,a ma tng lai e si khuann gua bin sik huat tshi,0.16666666666666666,12,10,2,0,0,zh,1,ok
184,indextts,angry,000184_indextts_angry.wav,/srv/RL_project/repo/outputs/wav_by_model/indextts/000184_indextts_angry.wav,kuann kin tsiong gua sang khi penn inn,kuann2 kin2 tsiong1 gua2 sang3 khi3 penn7 inn7,kuann kin tsiong gua sang khi penn inn,kuann kin tsiong gua sang khi penn inn,0.0,8,8,0,0,0,zh,1,ok
185,indextts,surprised,000185_indextts_surprised.wav,/srv/RL_project/repo/outputs/wav_by_model/indextts/000185_indextts_surprised.wav,i sing kong na koh ban tit puann tiam tsing,i1 sing1 kong2 na7 koo2 ban7 ti3 puann3 tiam2 tsing1,i sing kong na koh ban tit puann tiam tsing,i sing kong na koo ban ti puann tiam tsing,0.2,10,8,2,0,0,zh,1,ok
186,indextts,neutral,000186_indextts_neutral.wav,/srv/RL_project/repo/outputs/wav/000186_indextts_neutral.wav,kok ui phing phuann lau su kok ui suan tshiu tak ke ho,kok4 si2 lian5 ui5 tsi2 phin2 u7 jian3 phuann1 san1 lau5 tshi5 jian7 su1 kok4 si2 lian5 ui5 tshi2 suan2 jian3 tshio1 R tap8 ba7 jian3 ke1 ho2,kok ui phing phuann lau su kok ui suan tshiu tak ke ho,kok si lian ui tsi phin u jian phuann san lau tshi jian su kok si lian ui tshi suan jian tshio r tap ba jian ke ho,1.3846153846153846,13,10,3,0,15,zh,1,ok
187,indextts,surprised,000187_indextts_surprised.wav,/srv/RL_project/repo/outputs/wav_by_model/indextts/000187_indextts_surprised.wav,tng a ngeh oo khi,tng1 a2 ngeh4 oo2 khi3,tng a ngeh oo khi,tng a ngeh oo khi,0.0,5,5,0,0,0,zh,1,ok
188,indextts,angry,000188_indextts_angry.wav,/srv/RL_project/repo/outputs/wav_by_model/indextts/000188_indextts_angry.wav,tsit e gin a toh bo kiu ah,tsit4 e5 gin2 a2 tio7 bo5 kiu3 ah4,tsit e gin a toh bo kiu ah,tsit e gin a tio bo kiu ah,0.125,8,7,1,0,0,zh,1,ok
189,indextts,happy,000189_indextts_happy.wav,/srv/RL_project/repo/outputs/wav/000189_indextts_happy.wav,a ma kong kau tsia bak sai lin lin go,a1 jian5 ma2 kong2 kau5 san1 tsia1 pah4 pah4 jian3 sai2 lin2 jian2 lin2 go5,a ma kong kau tsia bak sai lin lin go,a jian ma kong kau san tsia pah pah jian sai lin jian lin go,0.6,10,9,1,0,5,zh,1,ok
190,indextts,surprised,000190_indextts_surprised.wav,/srv/RL_project/repo/outputs/wav_by_model/indextts/000190_indextts_surprised.wav,tshin tshiunn teh tsik kuai i bo ka tsiau koo ho se e khuan,tshin1 tshiunn7 leh4 tsit4 kuai3 i1 bo5 ka7 tsiau3 koo3 ho2 se3 e5 khuan2,tshin tshiunn teh tsik kuai i bo ka tsiau koo ho se e khuan,tshin tshiunn leh tsit kuai i bo ka tsiau koo ho se e khuan,0.14285714285714285,14,12,2,0,0,zh,1,ok
191,indextts,disgusted,000191_indextts_disgusted.wav,/srv/RL_project/repo/outputs/wav_by_model/indextts/000191_indextts_disgusted.wav,gua toh kuann kin an ui a ma kong,gua2 to7 kuann2 kin2 an1 ui3 a1 ma2 kong2,gua toh kuann kin an ui a ma kong,gua to kuann kin an ui a ma kong,0.1111111111111111,9,8,1,0,0,zh,1,ok
192,indextts,neutral,000192_indextts_neutral.wav,/srv/RL_project/repo/outputs/wav_by_model/indextts/000192_indextts_neutral.wav,si gua siunn ai khau,si7 gua2 siunn1 ai3 khau3,si gua siunn ai khau,si gua siunn ai khau,0.0,5,5,0,0,0,zh,1,ok
193,indextts,neutral,000193_indextts_neutral.wav,/srv/RL_project/repo/outputs/wav_by_model/indextts/000193_indextts_neutral.wav,gua e sinn mia si a ma ka gua kiu tng lai e,gua2 e5 sinn3 mia7 si7 a1 ma2 ka7 gua2 kiu3 tng2 lai5 e5,gua e sinn mia si a ma ka gua kiu tng lai e,gua e sinn mia si a ma ka gua kiu tng lai e,0.0,13,13,0,0,0,zh,1,ok
194,indextts,fearful,000194_indextts_fearful.wav,/srv/RL_project/repo/outputs/wav_by_model/indextts/000194_indextts_fearful.wav,a ma li si gua siong ai e lang,a1 ma2 li2 si7 gua2 siong7 ai3 e5 lang5,a ma li si gua siong ai e lang,a ma li si gua siong ai e lang,0.0,9,9,0,0,0,zh,1,ok
195,indextts,disgusted,000195_indextts_disgusted.wav,/srv/RL_project/repo/outputs/wav/000195_indextts_disgusted.wav,a ma koh bat ka gua kong,a1 lian5 ma2 koh4 si1 bi2 thih4 e7 tsi1 gua2 kong2,a ma koh bat ka gua kong,a lian ma koh si bi thih e tsi gua kong,0.8571428571428571,7,5,2,0,4,zh,1,ok
196,indextts,happy,000196_indextts_happy.wav,/srv/RL_project/repo/outputs/wav_by_model/indextts/000196_indextts_happy.wav,gua se han e si phue hu bo ho,gua2 se3 han3 e5 si5 phue5 hu1 bo5 ho2,gua se han e si phue hu bo ho,gua se han e si phue hu bo ho,0.0,9,9,0,0,0,zh,1,ok
197,indextts,disgusted,000197_indextts_disgusted.wav,/srv/RL_project/repo/outputs/wav/000197_indextts_disgusted.wav,kin a lit gua beh kong e te bok si gua siong ai e lang,kin1 tsian3 na7 jian3 li2 pa2 gua2 beh4 si3 kong2 e5 te7 gak8 a2 e5 si7 ai3 e5 lang5 nine,kin a lit gua beh kong e te bok si gua siong ai e lang,kin tsian na jian li pa gua beh si kong e te gak a e si ai e lang nine,0.7333333333333333,15,9,6,0,5,zh,1,ok
198,indextts,fearful,000198_indextts_fearful.wav,/srv/RL_project/repo/outputs/wav/000198_indextts_fearful.wav,tsin gau senn thau huat bue,tsing5 a2 u7 biau5 e5 it4 thau5 gu5 siau3 si5 gua2 thih4 suh4 bue2,tsin gau senn thau huat bue,tsing a u biau e it thau gu siau si gua thih suh bue,2.0,6,2,4,0,8,zh,1,ok
199,indextts,happy,000199_indextts_happy.wav,/srv/RL_project/repo/outputs/wav_by_model/indextts/000199_indextts_happy.wav,khah tsa tshu lai bang tsiann kau,khah4 tsa2 tshu3 lai7 bang7 tsiann5 kau3,khah tsa tshu lai bang tsiann kau,khah tsa tshu lai bang tsiann kau,0.0,7,7,0,0,0,zh,1,ok
200,indextts,surprised,000200_indextts_surprised.wav,/srv/RL_project/repo/outputs/wav_by_model/indextts/000200_indextts_surprised.wav,tiann tiann khi hoo bang a ting kah kui thau kui bin,tiann7 tiann7 khi3 hoo7 bang2 a2 ting3 kah4 kui1 thau5 kui1 bin7,tiann tiann khi hoo bang a ting kah kui thau kui bin,tiann tiann khi hoo bang a ting kah kui thau kui bin,0.0,12,12,0,0,0,zh,1,ok
201,indextts,happy,000201_indextts_happy.wav,/srv/RL_project/repo/outputs/wav_by_model/indextts/000201_indextts_happy.wav,tsit phok tsit phok ang ki ki,tsit8 phok4 tsit8 phoo3 ang5 ki3 ki3,tsit phok tsit phok ang ki ki,tsit phok tsit phoo ang ki ki,0.14285714285714285,7,6,1,0,0,zh,1,ok
202,indextts,happy,000202_indextts_happy.wav,/srv/RL_project/repo/outputs/wav_by_model/indextts/000202_indextts_happy.wav,in ui tsin tsiunn toh it tit khi ka liau,in1 ui7 tsin1 tsiunn1 to7 it4 tit8 khi3 ka7 liau2,in ui tsin tsiunn toh it tit khi ka liau,in ui tsin tsiunn to it tit khi ka liau,0.1,10,9,1,0,0,zh,1,ok
203,indextts,neutral,000203_indextts_neutral.wav,/srv/RL_project/repo/outputs/wav_by_model/indextts/000203_indextts_neutral.wav,jiau kah huat hong koh puh lang,niau2 kah4 huat4 hong5 koh4 put4 lang5,jiau kah huat hong koh puh lang,niau kah huat hong koh put lang,0.2857142857142857,7,5,2,0,0,zh,1,ok
204,indextts,neutral,000204_indextts_neutral.wav,/srv/RL_project/repo/outputs/wav_by_model/indextts/000204_indextts_neutral.wav,kui liap thau long si liap a,kui1 liap8 thau5 long2 si7 liap8 a2,kui liap thau long si liap a,kui liap thau long si liap a,0.0,7,7,0,0,0,zh,1,ok
205,indextts,happy,000205_indextts_happy.wav,/srv/RL_project/repo/outputs/wav_by_model/indextts/000205_indextts_happy.wav,tshiunn tshau thau kang khuan,tshiunn7 tshau3 thau5 kang7 khuan2,tshiunn tshau thau kang khuan,tshiunn tshau thau kang khuan,0.0,5,5,0,0,0,zh,1,ok
206,indextts,disgusted,000206_indextts_disgusted.wav,/srv/RL_project/repo/outputs/wav_by_model/indextts/000206_indextts_disgusted.wav,a ma khuainnh tioh tsiann m kam,a1 ma2 khuainn3 tioh8 tsiann5 m7 kam1,a ma khuainnh tioh tsiann m kam,a ma khuainn tioh tsiann m kam,0.14285714285714285,7,6,1,0,0,zh,1,ok
207,indextts,surprised,000207_indextts_surprised.wav,/srv/RL_project/repo/outputs/wav_by_model/indextts/000207_indextts_surprised.wav,toh tsau khi tiong ioh tiam kap tsin tsu hun tng lai hoo gua tsiah koh hoo gua buah,to7 tsau2 khi3 tiong1 kio5 tiam3 kah4 tsin1 tsu1 hun2 tng2 lai5 hoo7 gua2 tsia1 koh4 hoo7 gua2 buah4,toh tsau khi tiong ioh tiam kap tsin tsu hun tng lai hoo gua tsiah koh hoo gua buah,to tsau khi tiong kio tiam kah tsin tsu hun tng lai hoo gua tsia koh hoo gua buah,0.21052631578947367,19,15,4,0,0,zh,1,ok
208,indextts,fearful,000208_indextts_fearful.wav,/srv/RL_project/repo/outputs/wav_by_model/indextts/000208_indextts_fearful.wav,tsu ngoo u ki ti kau tann,tsun5 ho2 u7 ki3 ti5 kau3 tann1,tsu ngoo u ki ti kau tann,tsun ho u ki ti kau tann,0.2857142857142857,7,5,2,0,0,zh,1,ok
209,indextts,surprised,000209_indextts_surprised.wav,/srv/RL_project/repo/outputs/wav_by_model/indextts/000209_indextts_surprised.wav,gua ti leh siunn tsin tsu hun it ting si kui som som,gua2 ti7 leh4 siunn7 tsin1 tsu1 hun2 it4 ting7 si7 kui3 som1 som1,gua ti leh siunn tsin tsu hun it ting si kui som som,gua ti leh siunn tsin tsu hun it ting si kui som som,0.0,13,13,0,0,0,zh,1,ok
210,indextts,surprised,000210_indextts_surprised.wav,/srv/RL_project/repo/outputs/wav_by_model/indextts/000210_indextts_surprised.wav,a ma tioh ai khioh gua tse ki 寶特瓶 tsiah u thang be tsin tsu hun,a1 ma2 tioh8 ai3 khioh4 gua7 tse7 ki1 to3 phing5 tih4 tsiah4 u7 thang1 be2 tsin1 tsu1 hun2,a ma tioh ai khioh gua tse ki 寶特瓶 tsiah u thang be tsin tsu hun,a ma tioh ai khioh gua tse ki to phing tih tsiah u thang be tsin tsu hun,0.1875,16,15,1,0,2,zh,1,ok
211,indextts,disgusted,000211_indextts_disgusted.wav,/srv/RL_project/repo/outputs/wav/000211_indextts_disgusted.wav,siunn kau tsia,siunn7 se1 mng7 kau3 thui2 tsiah4 uan2,siunn kau tsia,siunn se mng kau thui tsiah uan,1.6666666666666667,3,2,1,0,4,zh,1,ok
212,indextts,surprised,000212_indextts_surprised.wav,/srv/RL_project/repo/outputs/wav_by_model/indextts/000212_indextts_surprised.wav,gua kam siu tioh a ma si se kan siong ai gua e lang,gua2 kam2 siu7 tioh8 a1 ma2 si7 se3 kan1 siong7 ai3 gua2 e5 lang5,gua kam siu tioh a ma si se kan siong ai gua e lang,gua kam siu tioh a ma si se kan siong ai gua e lang,0.0,14,14,0,0,0,zh,1,ok
213,indextts,neutral,000213_indextts_neutral.wav,/srv/RL_project/repo/outputs/wav_by_model/indextts/000213_indextts_neutral.wav,gua tsit ma teh thak kok sio,gua2 tsit4 ma2 leh4 thak8 kok4 sio2,gua tsit ma teh thak kok sio,gua tsit ma leh thak kok sio,0.14285714285714285,7,6,1,0,0,zh,1,ok
214,indextts,surprised,000214_indextts_surprised.wav,/srv/RL_project/repo/outputs/wav_by_model/indextts/000214_indextts_surprised.wav,tak kang ke be thi kau be pui e si,tak8 kang1 ke1 be7 thi5 kau2 be7 pui7 e5 si5,tak kang ke be thi kau be pui e si,tak kang ke be thi kau be pui e si,0.0,10,10,0,0,0,zh,1,ok
215,indextts,disgusted,000215_indextts_disgusted.wav,/srv/RL_project/repo/outputs/wav_by_model/indextts/000215_indextts_disgusted.wav,a ma toh e khi lai tsu tsa tng hoo gua tsiah,a1 ma2 to7 e7 khi3 lai5 tsu2 tsa2 tng3 hoo7 gua2 tsiah8,a ma toh e khi lai tsu tsa tng hoo gua tsiah,a ma to e khi lai tsu tsa tng hoo gua tsiah,0.08333333333333333,12,11,1,0,0,zh,1,ok
216,indextts,surprised,000216_indextts_surprised.wav,/srv/RL_project/repo/outputs/wav/000216_indextts_surprised.wav,a ma e kun mue tsian nng,a1 jiat8 ma2 e5 tsit8 kun5 mue5 tsuan1 it4 nng7 tsi1 Zither Harp,a ma e kun mue tsian nng,a jiat ma e tsit kun mue tsuan it nng tsi zither harp,1.0,7,6,1,0,6,zh,1,ok
217,indextts,angry,000217_indextts_angry.wav,/srv/RL_project/repo/outputs/wav_by_model/indextts/000217_indextts_angry.wav,koh tsha tsit hang tshenn tshai hoo gua phue,koh4 tsha1 tsit4 hang7 tshenn1 tshai3 hoo7 gua2 phue3,koh tsha tsit hang tshenn tshai hoo gua phue,koh tsha tsit hang tshenn tshai hoo gua phue,0.0,9,9,0,0,0,zh,1,ok
218,indextts,fearful,000218_indextts_fearful.wav,/srv/RL_project/repo/outputs/wav_by_model/indextts/000218_indextts_fearful.wav,a ma kong ka ti tsu e tsong pi gua khau be e khah ho,a1 ma2 a2 kong2 ka1 ti7 tsu2 e5 tsong2 pi2 gua7 khau2 be7 e5 khah4 ho2,a ma kong ka ti tsu e tsong pi gua khau be e khah ho,a ma a kong ka ti tsu e tsong pi gua khau be e khah ho,0.06666666666666667,15,15,0,0,1,zh,1,ok
219,indextts,neutral,000219_indextts_neutral.wav,/srv/RL_project/repo/outputs/wav_by_model/indextts/000219_indextts_neutral.wav,gua m bat khuann kue gun ma mah,gua2 m7 bat4 khuann3 kue3 gun2 ma2 mah4,gua m bat khuann kue gun ma mah,gua m bat khuann kue gun ma mah,0.0,8,8,0,0,0,zh,1,ok
220,indextts,sad,000220_indextts_sad.wav,/srv/RL_project/repo/outputs/wav_by_model/indextts/000220_indextts_sad.wav,tsiah tioh ma khah an sim,tsiah8 tioh8 ma7 khah4 an1 sin1,tsiah tioh ma khah an sim,tsiah tioh ma khah an sin,0.16666666666666666,6,5,1,0,0,zh,1,ok
221,indextts,sad,000221_indextts_sad.wav,/srv/RL_project/repo/outputs/wav/000221_indextts_sad.wav,tsit ma tian si koh it tit po hit lo 塑化劑,tsit4 tshit4 tsian2 ma2 tian7 tsi1 tsian2 si7 tshit4 koo2 si3 a2 tsi1 tsi3 tsian3 ti3 ba2 po3 hi3 tshi7 lian7 lo5 tshi1 suh4 hua3 tsi2,tsit ma tian si koh it tit po hit lo 塑化劑,tsit tshit tsian ma tian tsi tsian si tshit koo si a tsi tsi tsian ti ba po hi tshi lian lo tshi suh hua tsi,1.8181818181818181,11,6,5,0,15,zh,1,ok
222,indextts,fearful,000222_indextts_fearful.wav,/srv/RL_project/repo/outputs/wav_by_model/indextts/000222_indextts_fearful.wav,na tsiah siunn tse tui sin the tsiann bai,na7 tsiah8 siunn1 tse7 tui3 sin1 the2 tsiah8 bai2,na tsiah siunn tse tui sin the tsiann bai,na tsiah siunn tse tui sin the tsiah bai,0.1111111111111111,9,8,1,0,0,zh,1,ok
223,indextts,neutral,000223_indextts_neutral.wav,/srv/RL_project/repo/outputs/wav/000223_indextts_neutral.wav,li gin a lang tu beh tua,li2 gin2 e5 na2 lian3 lang5 tu2 beh4 si2 tua7 tshi7,li gin a lang tu beh tua,li gin e na lian lang tu beh si tua tshi,0.7142857142857143,7,6,1,0,4,zh,1,ok
224,indextts,happy,000224_indextts_happy.wav,/srv/RL_project/repo/outputs/wav_by_model/indextts/000224_indextts_happy.wav,sin the ai koo hoo kiann,sin1 the2 ai3 koo3 hoo7 kiann7,sin the ai koo hoo kiann,sin the ai koo hoo kiann,0.0,6,6,0,0,0,zh,1,ok
225,indextts,happy,000225_indextts_happy.wav,/srv/RL_project/repo/outputs/wav_by_model/indextts/000225_indextts_happy.wav,au pai tsiah u thang kian lip tsit e khuai lok e ka ting,au7 pai2 tsiah4 u7 thang1 kian3 lip8 tsit8 e5 khuai3 lok8 e5 ka1 ting5,au pai tsiah u thang kian lip tsit e khuai lok e ka ting,au pai tsiah u thang kian lip tsit e khuai lok e ka ting,0.0,14,14,0,0,0,zh,1,ok
226,indextts,happy,000226_indextts_happy.wav,/srv/RL_project/repo/outputs/wav_by_model/indextts/000226_indextts_happy.wav,sui lian hian tsu si gua iau koh se han,sui1 lian5 hian7 tsu2 si5 gua2 iau2 koh4 se3 han3,sui lian hian tsu si gua iau koh se han,sui lian hian tsu si gua iau koh se han,0.0,10,10,0,0,0,zh,1,ok
227,indextts,disgusted,000227_indextts_disgusted.wav,/srv/RL_project/repo/outputs/wav_by_model/indextts/000227_indextts_disgusted.wav,m koh a ma tui gua e kuan sim kah thiann ai,m7 koh4 a1 ma2 tui3 gua2 e5 kuan1 sim1 kah4 thiann3 ai3,m koh a ma tui gua e kuan sim kah thiann ai,m koh a ma tui gua e kuan sim kah thiann ai,0.0,12,12,0,0,0,zh,1,ok
228,indextts,surprised,000228_indextts_surprised.wav,/srv/RL_project/repo/outputs/wav/000228_indextts_surprised.wav,gua e ing uan ki tiam sim lai,gua2 e5 tsi1 ing2 jian3 guan2 ki3 tiam2 san1 e5 im1 i1 jian3 lai5 tsi1,gua e ing uan ki tiam sim lai,gua e tsi ing jian guan ki tiam san e im i jian lai tsi,1.125,8,6,2,0,7,zh,1,ok
229,indextts,happy,000229_indextts_happy.wav,/srv/RL_project/repo/outputs/wav_by_model/indextts/000229_indextts_happy.wav,tsit ma gua tioh ai ho ho iu hau a ma,tsit4 ma2 gua2 tioh8 ai3 ho2 ho2 iu2 hau3 a1 ma2,tsit ma gua tioh ai ho ho iu hau a ma,tsit ma gua tioh ai ho ho iu hau a ma,0.0,11,11,0,0,0,zh,1,ok
230,indextts,happy,000230_indextts_happy.wav,/srv/RL_project/repo/outputs/wav/000230_indextts_happy.wav,pa pah ui tioh kui ke hue e sing uah,pak8 lian2 pak8 si3 ui1 tshi5 kian3 tioh8 ba2 kui1 jian2 the1 lian2 hue2 e5 sing1 bian2 ua2 ba7,pa pah ui tioh kui ke hue e sing uah,pak lian pak si ui tshi kian tioh ba kui jian the lian hue e sing bian ua ba,1.3,10,6,4,0,9,zh,1,ok
231,indextts,happy,000231_indextts_happy.wav,/srv/RL_project/repo/outputs/wav_by_model/indextts/000231_indextts_happy.wav,tan gua tua han,tan2 gua2 tua7 han3,tan gua tua han,tan gua tua han,0.0,4,4,0,0,0,zh,1,ok
232,indextts,disgusted,000232_indextts_disgusted.wav,/srv/RL_project/repo/outputs/wav_by_model/indextts/000232_indextts_disgusted.wav,gua beh po tap a ma iong iok gua e un tsing,gua2 beh4 po3 tap4 a1 ma2 iong2 iok8 gua2 e5 un1 tsing5,gua beh po tap a ma iong iok gua e un tsing,gua beh po tap a ma iong iok gua e un tsing,0.0,12,12,0,0,0,zh,1,ok
233,indextts,surprised,000233_indextts_surprised.wav,/srv/RL_project/repo/outputs/wav_by_model/indextts/000233_indextts_surprised.wav,koh tsiong tsit hun un tsing ka thuan loh khi,koh4 tsiong1 tsit4 hun7 un1 tsing5 ka7 thuan5 loh8 khi3,koh tsiong tsit hun un tsing ka thuan loh khi,koh tsiong tsit hun un tsing ka thuan loh khi,0.0,10,10,0,0,0,zh,1,ok
234,indextts,angry,000234_indextts_angry.wav,/srv/RL_project/repo/outputs/wav_by_model/indextts/000234_indextts_angry.wav,tsue au gua beh kong,tsue3 iau3 gua2 beh4 kong2,tsue au gua beh kong,tsue iau gua beh kong,0.2,5,4,1,0,0,zh,1,ok
235,indextts,surprised,000235_indextts_surprised.wav,/srv/RL_project/repo/outputs/wav_by_model/indextts/000235_indextts_surprised.wav,a ma 妳si gua ing uan ing uan siong ai e lang,a1 ma2 si7 gua2 ing2 uan2 ing2 uan2 siong7 ai3 e5 lang5,a ma 妳si gua ing uan ing uan siong ai e lang,a ma si gua ing uan ing uan siong ai e lang,0.08333333333333333,12,11,1,0,0,zh,1,ok
236,indextts,disgusted,000236_indextts_disgusted.wav,/srv/RL_project/repo/outputs/wav/000236_indextts_disgusted.wav,gua e ian kang tioh kong kah tsia,gua2 e5 ian2 tsian3 kang2 tioh8 ba2 kong2 kah4 si3 tsiah4 i1,gua e ian kang tioh kong kah tsia,gua e ian tsian kang tioh ba kong kah si tsiah i,0.625,8,7,1,0,4,zh,1,ok
237,indextts,angry,000237_indextts_angry.wav,/srv/RL_project/repo/outputs/wav_by_model/indextts/000237_indextts_angry.wav,kam sia koh ui,kam2 sia7 koo3 ui7,kam sia koh ui,kam sia koo ui,0.25,4,3,1,0,0,zh,1,ok
238,indextts,sad,000238_indextts_sad.wav,/srv/RL_project/repo/outputs/wav_by_model/indextts/000238_indextts_sad.wav,thau lit ti gua khau pun pho tsau tsong,thau3 lit8 ti7 gua7 khau2 pun2 pho1 tsau2 tsong5,thau lit ti gua khau pun pho tsau tsong,thau lit ti gua khau pun pho tsau tsong,0.0,9,9,0,0,0,zh,1,ok
239,indextts,neutral,000239_indextts_neutral.wav,/srv/RL_project/repo/outputs/wav/000239_indextts_neutral.wav,u tang si kui na kang tsiah u thang tng lai tsit pai,u7 tsi2 lian7 tang7 lian7 si5 kui1 lian7 na7 tshi1 kang1 tsiah4 si2 u7 tsit8 lian7 thang1 i1 tng2 a2 jian5 lai5 tsit8 pah4 jian7 pai2,u tang si kui na kang tsiah u thang tng lai tsit pai,u tsi lian tang lian si kui lian na tshi kang tsiah si u tsit lian thang i tng a jian lai tsit pah jian pai,1.0,13,13,0,0,13,zh,1,ok
240,indextts,angry,000240_indextts_angry.wav,/srv/RL_project/repo/outputs/wav_by_model/indextts/000240_indextts_angry.wav,tshio si hong guan hit e tann sai e,tshio3 si2 hong1 guan5 hit4 e5 tann1 sai2 e5,tshio si hong guan hit e tann sai e,tshio si hong guan hit e tann sai e,0.0,9,9,0,0,0,zh,1,ok
241,indextts,angry,000241_indextts_angry.wav,/srv/RL_project/repo/outputs/wav_by_model/indextts/000241_indextts_angry.wav,tsing tsoh tsin tsio teh iong hua hak pui liau,tsin1 tso3 tsin1 tsio2 leh4 iong7 hua3 hak8 pui5 liau7,tsing tsoh tsin tsio teh iong hua hak pui liau,tsin tso tsin tsio leh iong hua hak pui liau,0.3,10,7,3,0,0,zh,1,ok
242,indextts,sad,000242_indextts_sad.wav,/srv/RL_project/repo/outputs/wav_by_model/indextts/000242_indextts_sad.wav,long tsok but ai iong tioh e pui,long5 tsok4 but8 ai3 iong7 tioh8 e5 pui5,long tsok but ai iong tioh e pui,long tsok but ai iong tioh e pui,0.0,8,8,0,0,0,zh,1,ok
243,indextts,happy,000243_indextts_happy.wav,/srv/RL_project/repo/outputs/wav_by_model/indextts/000243_indextts_happy.wav,long ma ka ti tse tso sing san e,long2 ma7 ka1 ti7 tse3 tso7 sin1 san2 e5,long ma ka ti tse tso sing san e,long ma ka ti tse tso sin san e,0.1111111111111111,9,8,1,0,0,zh,1,ok
244,indextts,angry,000244_indextts_angry.wav,/srv/RL_project/repo/outputs/wav_by_model/indextts/000244_indextts_angry.wav,tshiunn kong ke sai pui ti sai pui kah lang ka ti pang tshut lai e tua pui,tshiunn7 kong2 ke1 sai1 pui5 ti1 sai1 pui5 kah4 lang5 ka1 ti7 pang3 tshut4 lai5 e5 tua7 pui5,tshiunn kong ke sai pui ti sai pui kah lang ka ti pang tshut lai e tua pui,tshiunn kong ke sai pui ti sai pui kah lang ka ti pang tshut lai e tua pui,0.0,18,18,0,0,0,zh,1,ok
245,indextts,disgusted,000245_indextts_disgusted.wav,/srv/RL_project/repo/outputs/wav_by_model/indextts/000245_indextts_disgusted.wav,iah si iong tiu tshau pun so khi au tso pui,iah8 si7 iong7 tiu7 tshau2 pun3 so3 khi3 au1 tso3 pui5,iah si iong tiu tshau pun so khi au tso pui,iah si iong tiu tshau pun so khi au tso pui,0.0,11,11,0,0,0,zh,1,ok
246,indextts,happy,000246_indextts_happy.wav,/srv/RL_project/repo/outputs/wav_by_model/indextts/000246_indextts_happy.wav,koh tsit tsiong toh si tua ti ke a lai e lang,koh4 tsit8 tsiong2 to7 si7 tua3 ti7 ke1 a2 lai7 e5 lang5,koh tsit tsiong toh si tua ti ke a lai e lang,koh tsit tsiong to si tua ti ke a lai e lang,0.08333333333333333,12,11,1,0,0,zh,1,ok
247,indextts,sad,000247_indextts_sad.wav,/srv/RL_project/repo/outputs/wav_by_model/indextts/000247_indextts_sad.wav,ui hia e pang tshut lai e mih kiann ka ti bo loo iong,ui7 hia1 e5 pang3 tshut4 lai5 e5 mih8 kiann7 ka1 ti7 bo5 loo7 iong7,ui hia e pang tshut lai e mih kiann ka ti bo loo iong,ui hia e pang tshut lai e mih kiann ka ti bo loo iong,0.0,14,14,0,0,0,zh,1,ok
248,indextts,angry,000248_indextts_angry.wav,/srv/RL_project/repo/outputs/wav_by_model/indextts/000248_indextts_angry.wav,tioh e u tsit kua tsoh sit lang lai in beh ai in e tua pui,tioh8 e7 u7 tsit8 kua2 tsoh4 sit4 lang5 lai5 in2 beh4 ai3 in1 e5 tua7 pui5,tioh e u tsit kua tsoh sit lang lai in beh ai in e tua pui,tioh e u tsit kua tsoh sit lang lai in beh ai in e tua pui,0.0,16,16,0,0,0,zh,1,ok
249,indextts,disgusted,000249_indextts_disgusted.wav,/srv/RL_project/repo/outputs/wav_by_model/indextts/000249_indextts_disgusted.wav,sui lian in tse bian hu tsinn,sui1 lian5 in2 tse1 pian2 hu7 tsinn5,sui lian in tse bian hu tsinn,sui lian in tse pian hu tsinn,0.14285714285714285,7,6,1,0,0,zh,1,ok
250,indextts,surprised,000250_indextts_surprised.wav,/srv/RL_project/repo/outputs/wav_by_model/indextts/000250_indextts_surprised.wav,m koh kue ni kue tseh iau si ai sang tsit e a le but,m7 koh4 kue3 ni5 kue3 tseh4 iau2 si7 ai3 sang3 tsit8 e5 a2 li2 but8,m koh kue ni kue tseh iau si ai sang tsit e a le but,m koh kue ni kue tseh iau si ai sang tsit e a li but,0.06666666666666667,15,14,1,0,0,zh,1,ok
251,indextts,surprised,000251_indextts_surprised.wav,/srv/RL_project/repo/outputs/wav_by_model/indextts/000251_indextts_surprised.wav,tsok tsia kang ting tshiu,tsok4 tsia2 kang1 tin1 tshiu7,tsok tsia kang ting tshiu,tsok tsia kang tin tshiu,0.2,5,4,1,0,0,zh,1,ok
252,indextts,neutral,000252_indextts_neutral.wav,/srv/RL_project/repo/outputs/wav_by_model/indextts/000252_indextts_neutral.wav,na bo gua ka iah leh,na7 bo5 gua7 ka1 iah8 leh4,na bo gua ka iah leh,na bo gua ka iah leh,0.0,6,6,0,0,0,zh,1,ok
253,indextts,neutral,000253_indextts_neutral.wav,/srv/RL_project/repo/outputs/wav/000253_indextts_neutral.wav,me ni toh hoo pat lang in khi,me5 lian3 ni5 to3 ba2 siau3 si7 oo1 tsi2 pah4 si1 kha2 pa1 lian3 lang5 in2 lian2 tian2 khi2 san1,me ni toh hoo pat lang in khi,me lian ni to ba siau si oo tsi pah si kha pa lian lang in lian tian khi san,1.875,8,5,3,0,12,zh,1,ok
254,indextts,surprised,000254_indextts_surprised.wav,/srv/RL_project/repo/outputs/wav_by_model/indextts/000254_indextts_surprised.wav,u tsit e be ke e sing li lang,u7 tsit8 e5 be7 ke3 e5 sing1 li2 lang5,u tsit e be ke e sing li lang,u tsit e be ke e sing li lang,0.0,9,9,0,0,0,zh,1,ok
255,indextts,angry,000255_indextts_angry.wav,/srv/RL_project/repo/outputs/wav_by_model/indextts/000255_indextts_angry.wav,tak kang toh e tann tioh i hit tann ke,tak8 kang1 to7 e7 tann2 tioh8 i1 hit4 tah4 ke5,tak kang toh e tann tioh i hit tann ke,tak kang to e tann tioh i hit tah ke,0.2,10,8,2,0,0,zh,1,ok
256,indextts,angry,000256_indextts_angry.wav,/srv/RL_project/repo/outputs/wav_by_model/indextts/000256_indextts_angry.wav,ti tak si ke e tsng a thau tsit e tsit e khi kio be,ti7 tak8 si3 ke3 tsng1 a2 thau5 tsit8 e5 tsit8 e5 khi3 kio3 be7,ti tak si ke e tsng a thau tsit e tsit e khi kio be,ti tak si ke tsng a thau tsit e tsit e khi kio be,0.06666666666666667,15,14,0,1,0,zh,1,ok
257,indextts,disgusted,000257_indextts_disgusted.wav,/srv/RL_project/repo/outputs/wav/000257_indextts_disgusted.wav,na kau tiong tau i toh e khi tsng gua e tua tshiu kha,na7 tsi2 kau1 san1 tiong2 ling2 tau5 san1 i1 to3 pa2 e5 tsit8 tshing1 siau3 si5 ai3 san1 tsng1 i1 lian3 gua7 tsi1 e5 tua7 tsi1 jian3 tshiu7 tsi1 jian3 kha1 i1,na kau tiong tau i toh e khi tsng gua e tua tshiu kha,na tsi kau san tiong ling tau san i to pa e tsit tshing siau si ai san tsng i lian gua tsi e tua tsi jian tshiu tsi jian kha i,1.4285714285714286,14,12,2,0,18,zh,1,ok
258,indextts,fearful,000258_indextts_fearful.wav,/srv/RL_project/repo/outputs/wav_by_model/indextts/000258_indextts_fearful.wav,tsiah png kann hioh tau,tsiah8 png7 kah4 hioh4 tau3,tsiah png kann hioh tau,tsiah png kah hioh tau,0.2,5,4,1,0,0,zh,1,ok
259,indextts,neutral,000259_indextts_neutral.wav,/srv/RL_project/repo/outputs/wav_by_model/indextts/000259_indextts_neutral.wav,tsit kua na ti i tann khi be e si hu bo tioh e,tsit8 kua2 na7 ti7 i1 tann2 khi3 be7 e5 si5 hu3 bo5 tioh8 e5,tsit kua na ti i tann khi be e si hu bo tioh e,tsit kua na ti i tann khi be e si hu bo tioh e,0.0,14,14,0,0,0,zh,1,ok
260,indextts,fearful,000260_indextts_fearful.wav,/srv/RL_project/repo/outputs/wav_by_model/indextts/000260_indextts_fearful.wav,long tsai iann ti tiong tau i hioh khun e si,long2 tsai1 iann2 ti7 tiong1 tau3 i1 hioh4 khun3 e5 si5,long tsai iann ti tiong tau i hioh khun e si,long tsai iann ti tiong tau i hioh khun e si,0.0,11,11,0,0,0,zh,1,ok
261,indextts,sad,000261_indextts_sad.wav,/srv/RL_project/repo/outputs/wav/000261_indextts_sad.wav,lai tsia ka kau kuan,lai5 tsiah8 it4 kah4 tshi3 kau1 i1 jian3 kuan1,lai tsia ka kau kuan,lai tsiah it kah tshi kau i jian kuan,1.2,5,3,2,0,4,zh,1,ok
262,indextts,fearful,000262_indextts_fearful.wav,/srv/RL_project/repo/outputs/wav_by_model/indextts/000262_indextts_fearful.wav,tsin tsa i tsing,tsin1 tsa2 i2 tsing5,tsin tsa i tsing,tsin tsa i tsing,0.0,4,4,0,0,0,zh,1,ok
263,indextts,disgusted,000263_indextts_disgusted.wav,/srv/RL_project/repo/outputs/wav_by_model/indextts/000263_indextts_disgusted.wav,be ke si u phiat poo e,be2 ke5 si7 u7 phiat4 poo7 e5,be ke si u phiat poo e,be ke si u phiat poo e,0.0,7,7,0,0,0,zh,1,ok
264,indextts,disgusted,000264_indextts_disgusted.wav,/srv/RL_project/repo/outputs/wav_by_model/indextts/000264_indextts_disgusted.wav,ai sing iong tsing thau a ka tsam tsit sut a lai tshui nih tam khuann u kam phinn khuann u phang bo,ai3 sing1 iong7 tsing2 thau5 a2 ka7 tsam1 tsit8 sun1 a2 lai5 tshui3 nih4 tam1 khuann3 u7 kam1 phinn7 khuann3 u7 phang1 bo5,ai sing iong tsing thau a ka tsam tsit sut a lai tshui nih tam khuann u kam phinn khuann u phang bo,ai sing iong tsing thau a ka tsam tsit sun a lai tshui nih tam khuann u kam phinn khuann u phang bo,0.043478260869565216,23,22,1,0,0,zh,1,ok
265,indextts,happy,000265_indextts_happy.wav,/srv/RL_project/repo/outputs/wav_by_model/indextts/000265_indextts_happy.wav,in ui na si kui tann an ne phinn,in1 ui7 na7 si7 kui1 tah4 an2 ne1 phinn1,in ui na si kui tann an ne phinn,in ui na si kui tah an ne phinn,0.1111111111111111,9,8,1,0,0,zh,1,ok
266,indextts,surprised,000266_indextts_surprised.wav,/srv/RL_project/repo/outputs/wav_by_model/indextts/000266_indextts_surprised.wav,khi bi siunn tang,khi3 bi2 sin1 tang7,khi bi siunn tang,khi bi sin tang,0.25,4,3,1,0,0,zh,1,ok
267,indextts,disgusted,000267_indextts_disgusted.wav,/srv/RL_project/repo/outputs/wav_by_model/indextts/000267_indextts_disgusted.wav,tshau tsho phih pha,tshau3 tsho1 phih4 pha7,tshau tsho phih pha,tshau tsho phih pha,0.0,4,4,0,0,0,zh,1,ok
268,indextts,fearful,000268_indextts_fearful.wav,/srv/RL_project/repo/outputs/wav_by_model/indextts/000268_indextts_fearful.wav,gua bai bi leh,gua7 bai2 bih4 i1 leh4,gua bai bi leh,gua bai bih i leh,0.5,4,3,1,0,1,zh,1,ok
269,indextts,angry,000269_indextts_angry.wav,/srv/RL_project/repo/outputs/wav_by_model/indextts/000269_indextts_angry.wav,tsin tu ho u tsit kang tsit e be ke e hioh khun bo lai be,tsin1 tu2 ho2 u7 tsit8 kang1 tsit4 e5 be5 hiau2 khun3 bo5 lai5 be7,tsin tu ho u tsit kang tsit e be ke e hioh khun bo lai be,tsin tu ho u tsit kang tsit e be hiau khun bo lai be,0.1875,16,13,1,2,0,zh,1,ok
270,indextts,sad,000270_indextts_sad.wav,/srv/RL_project/repo/outputs/wav_by_model/indextts/000270_indextts_sad.wav,ma hiah tu tshian,ma7 hia1 tu2 tshian1,ma hiah tu tshian,ma hia tu tshian,0.25,4,3,1,0,0,zh,1,ok
271,indextts,fearful,000271_indextts_fearful.wav,/srv/RL_project/repo/outputs/wav_by_model/indextts/000271_indextts_fearful.wav,u tsit e tua hong guan e tsoh sit lang,u7 tsit8 e5 tua3 hong1 guan5 e5 tsoh4 sit4 lang5,u tsit e tua hong guan e tsoh sit lang,u tsit e tua hong guan e tsoh sit lang,0.0,10,10,0,0,0,zh,1,ok
272,indextts,disgusted,000272_indextts_disgusted.wav,/srv/RL_project/repo/outputs/wav_by_model/indextts/000272_indextts_disgusted.wav,khi siu tua pui tng lai kau puann loo,khi3 siu1 tua7 pui5 tng2 lai5 kau3 puann3 loo7,khi siu tua pui tng lai kau puann loo,khi siu tua pui tng lai kau puann loo,0.0,9,9,0,0,0,zh,1,ok
273,indextts,fearful,000273_indextts_fearful.wav,/srv/RL_project/repo/outputs/wav_by_model/indextts/000273_indextts_fearful.wav,lan tai uan iau si long giap sia hue,lan2 tai5 uan5 iau2 si7 long5 giap8 sia7 hue7,lan tai uan iau si long giap sia hue,lan tai uan iau si long giap sia hue,0.0,9,9,0,0,0,zh,1,ok
274,indextts,neutral,000274_indextts_neutral.wav,/srv/RL_project/repo/outputs/wav_by_model/indextts/000274_indextts_neutral.wav,pak too bo song khuai,pak4 too2 bo5 song2 khuai3,pak too bo song khuai,pak too bo song khuai,0.0,5,5,0,0,0,zh,1,ok
275,indextts,happy,000275_indextts_happy.wav,/srv/RL_project/repo/outputs/wav_by_model/indextts/000275_indextts_happy.wav,toh tsit tann tua pui khng tiam tshiu a kha,to7 tsit8 tann3 tua7 pui5 khng3 tiam3 tshiu7 a2 kha1,toh tsit tann tua pui khng tiam tshiu a kha,to tsit tann tua pui khng tiam tshiu a kha,0.1,10,9,1,0,0,zh,1,ok
276,indextts,angry,000276_indextts_angry.wav,/srv/RL_project/repo/outputs/wav_by_model/indextts/000276_indextts_angry.wav,siunn kong tua pui bo lang e thau tsiah tioh lah,siunn7 kong2 tua7 pui5 bo5 lang5 e7 thau1 tsiap4 tioh8 lah4,siunn kong tua pui bo lang e thau tsiah tioh lah,siunn kong tua pui bo lang e thau tsiap tioh lah,0.09090909090909091,11,10,1,0,0,zh,1,ok
277,indextts,neutral,000277_indextts_neutral.wav,/srv/RL_project/repo/outputs/wav/000277_indextts_neutral.wav,ka ti kin khi tshau poo a lai tshue soo tsai siau thau,ka7 lian3 ti1 tsi2 kin2 khi3 san1 tshau1 a2 e5 lian7 poo1 inn5 jian5 a2 lai7 tsi1 tshue1 tshi2 miau7 oo2 ai3 lian2 tsai5 tshi7 ia7 iau2 i5 jian3 thau5 a2,ka ti kin khi tshau poo a lai tshue soo tsai siau thau,ka lian ti tsi kin khi san tshau a e lian poo inn jian a lai tsi tshue tshi miau oo ai lian tsai tshi ia iau i jian thau a,1.5384615384615385,13,11,2,0,18,zh,1,ok
278,indextts,neutral,000278_indextts_neutral.wav,/srv/RL_project/repo/outputs/wav_by_model/indextts/000278_indextts_neutral.wav,hiah tu ho,hia1 tu2 ho2,hiah tu ho,hia tu ho,0.3333333333333333,3,2,1,0,0,zh,1,ok
279,indextts,disgusted,000279_indextts_disgusted.wav,/srv/RL_project/repo/outputs/wav_by_model/indextts/000279_indextts_disgusted.wav,tsit e tua tshiu kha,tsit4 e5 tua7 tshiu7 kha1,tsit e tua tshiu kha,tsit e tua tshiu kha,0.0,5,5,0,0,0,zh,1,ok
280,indextts,disgusted,000280_indextts_disgusted.wav,/srv/RL_project/repo/outputs/wav_by_model/indextts/000280_indextts_disgusted.wav,toh si hit e be ke e tiann tiann hioh tau e soo tsai,to7 si7 hit4 e5 be7 ke5 e5 tiann7 tiann7 hioh4 tau3 e5 soo2 tsai7,toh si hit e be ke e tiann tiann hioh tau e soo tsai,to si hit e be ke e tiann tiann hioh tau e soo tsai,0.07142857142857142,14,13,1,0,0,zh,1,ok
281,indextts,happy,000281_indextts_happy.wav,/srv/RL_project/repo/outputs/wav_by_model/indextts/000281_indextts_happy.wav,si kan ia tu ho tiong tau si,si5 kan1 ia7 tu2 ho2 tiong1 tau3 si5,si kan ia tu ho tiong tau si,si kan ia tu ho tiong tau si,0.0,8,8,0,0,0,zh,1,ok
282,indextts,happy,000282_indextts_happy.wav,/srv/RL_project/repo/outputs/wav_by_model/indextts/000282_indextts_happy.wav,he tua pui e sik tsui kah ke si sio ua sio ua,he1 tua7 pui5 e5 sik4 tsui2 kah4 ke5 si7 sio1 ua2 sio1 ua2,he tua pui e sik tsui kah ke si sio ua sio ua,he tua pui e sik tsui kah ke si sio ua sio ua,0.0,13,13,0,0,0,zh,1,ok
283,indextts,sad,000283_indextts_sad.wav,/srv/RL_project/repo/outputs/wav_by_model/indextts/000283_indextts_sad.wav,long si oo oo koh tua sio khua ang huann ang huann,long2 si7 oo1 oo1 koh4 tua3 sio2 khua2 ang5 huann2 ang5 huann2,long si oo oo koh tua sio khua ang huann ang huann,long si oo oo koh tua sio khua ang huann ang huann,0.0,12,12,0,0,0,zh,1,ok
284,indextts,happy,000284_indextts_happy.wav,/srv/RL_project/repo/outputs/wav_by_model/indextts/000284_indextts_happy.wav,soo iong soo tsiah e mih kiann,soo2 iong2 soo2 tsia2 e5 mih8 kiann7,soo iong soo tsiah e mih kiann,soo iong soo tsia e mih kiann,0.14285714285714285,7,6,1,0,0,zh,1,ok
285,indextts,fearful,000285_indextts_fearful.wav,/srv/RL_project/repo/outputs/wav_by_model/indextts/000285_indextts_fearful.wav,khi bi ma si tshau tsho a tshau tsho,khi3 bi7 ma7 si7 tshau3 tsho1 a2 tshau3 tsho1,khi bi ma si tshau tsho a tshau tsho,khi bi ma si tshau tsho a tshau tsho,0.0,9,9,0,0,0,zh,1,ok
286,indextts,neutral,000286_indextts_neutral.wav,/srv/RL_project/repo/outputs/wav_by_model/indextts/000286_indextts_neutral.wav,na bo tsim tsiok khuann un un a phinn,na7 bo5 tsim1 tsiok4 khuann3 un5 un5 a2 phinn7,na bo tsim tsiok khuann un un a phinn,na bo tsim tsiok khuann un un a phinn,0.0,9,9,0,0,0,zh,1,ok
287,indextts,fearful,000287_indextts_fearful.wav,/srv/RL_project/repo/outputs/wav_by_model/indextts/000287_indextts_fearful.wav,si hun bo siann e tshut lai,si7 hun1 bo5 sia2 e7 tshut4 lai5,si hun bo siann e tshut lai,si hun bo sia e tshut lai,0.14285714285714285,7,6,1,0,0,zh,1,ok
288,indextts,happy,000288_indextts_happy.wav,/srv/RL_project/repo/outputs/wav_by_model/indextts/000288_indextts_happy.wav,hiah tu ho,hia1 tu2 ho2,hiah tu ho,hia tu ho,0.3333333333333333,3,2,1,0,0,zh,1,ok
289,indextts,happy,000289_indextts_happy.wav,/srv/RL_project/repo/outputs/wav_by_model/indextts/000289_indextts_happy.wav,ke e sing li tik piat ka iah,keh4 e5 sin1 li2 tik8 piat8 ka7 ia2,ke e sing li tik piat ka iah,keh e sin li tik piat ka ia,0.375,8,5,3,0,0,zh,1,ok
290,indextts,surprised,000290_indextts_surprised.wav,/srv/RL_project/repo/outputs/wav_by_model/indextts/000290_indextts_surprised.wav,be ke e bo lai be,be7 ke3 e5 bo5 lai5 be7,be ke e bo lai be,be ke e bo lai be,0.0,6,6,0,0,0,zh,1,ok
291,indextts,surprised,000291_indextts_surprised.wav,/srv/RL_project/repo/outputs/wav_by_model/indextts/000291_indextts_surprised.wav,tak ke suah kio si lang kue be bo tioh,tak8 ke1 suah4 kio3 si7 lang5 kue3 be2 bo5 tioh8,tak ke suah kio si lang kue be bo tioh,tak ke suah kio si lang kue be bo tioh,0.0,10,10,0,0,0,zh,1,ok
292,indextts,angry,000292_indextts_angry.wav,/srv/RL_project/repo/outputs/wav_by_model/indextts/000292_indextts_angry.wav,tse tse lang tioh lai tua tshiu kha beh ka kau kuan,tse7 tse7 lang5 tio7 lai5 tua3 tshiu7 kha1 beh4 ka7 kau1 kuan1,tse tse lang tioh lai tua tshiu kha beh ka kau kuan,tse tse lang tio lai tua tshiu kha beh ka kau kuan,0.08333333333333333,12,11,1,0,0,zh,1,ok
293,indextts,sad,000293_indextts_sad.wav,/srv/RL_project/repo/outputs/wav_by_model/indextts/000293_indextts_sad.wav,lai beh be ke e si si suann suann,lai5 beh4 be2 ke5 e5 si3 si3 suann3 suann3,lai beh be ke e si si suann suann,lai beh be ke e si si suann suann,0.0,9,9,0,0,0,zh,1,ok
294,indextts,disgusted,000294_indextts_disgusted.wav,/srv/RL_project/repo/outputs/wav_by_model/indextts/000294_indextts_disgusted.wav,tsit e tsit e lai,tsit8 e7 tsit8 e7 lai5,tsit e tsit e lai,tsit e tsit e lai,0.0,5,5,0,0,0,zh,1,ok
295,indextts,fearful,000295_indextts_fearful.wav,/srv/RL_project/repo/outputs/wav_by_model/indextts/000295_indextts_fearful.wav,tai poo hun long si ka ti sing san e,tai7 poo7 hun7 long2 si7 ka1 ti7 sing1 san2 e5,tai poo hun long si ka ti sing san e,tai poo hun long si ka ti sing san e,0.0,10,10,0,0,0,zh,1,ok
296,indextts,neutral,000296_indextts_neutral.wav,/srv/RL_project/repo/outputs/wav_by_model/indextts/000296_indextts_neutral.wav,hia e lang kau ui tsit khuann,hia1 e5 lang5 ka3 ui7 tsit8 khuann3,hia e lang kau ui tsit khuann,hia e lang ka ui tsit khuann,0.14285714285714285,7,6,1,0,0,zh,1,ok
297,indextts,neutral,000297_indextts_neutral.wav,/srv/RL_project/repo/outputs/wav_by_model/indextts/000297_indextts_neutral.wav,bo khuainnh be ke e,bo5 khuainn3 be7 ke3 e5,bo khuainnh be ke e,bo khuainn be ke e,0.2,5,4,1,0,0,zh,1,ok
298,indextts,fearful,000298_indextts_fearful.wav,/srv/RL_project/repo/outputs/wav_by_model/indextts/000298_indextts_fearful.wav,kan na tsit tann ke khng ti tshiu a kha,kan1 na1 tsit8 tah4 ke5 khng3 ti7 tshiu7 a2 kha1,kan na tsit tann ke khng ti tshiu a kha,kan na tsit tah ke khng ti tshiu a kha,0.1,10,9,1,0,0,zh,1,ok
299,indextts,happy,000299_indextts_happy.wav,/srv/RL_project/repo/outputs/wav_by_model/indextts/000299_indextts_happy.wav,sui e tioh kah i ong kang khuan,sui5 e5 tio7 kah4 i3 ong2 kang7 khuan2,sui e tioh kah i ong kang khuan,sui e tio kah i ong kang khuan,0.125,8,7,1,0,0,zh,1,ok
300,indextts,disgusted,000300_indextts_disgusted.wav,/srv/RL_project/repo/outputs/wav/000300_indextts_disgusted.wav,iong tsing thau a ka tsam tsit sut a lai tshui nih tam khuann mai,iong7 tsi2 tsing3 al3 tsian3 thau5 u7 tiann7 a2 ke3 a2 tshi1 tsam7 i1 tsit8 a2 tsing3 su1 tshit4 lian3 a2 lai5 tshui1 san1 tsian3 nih4 si3 tam1 it4 tsing5 siau1 si5 uann7 san2 tsian3 mai2 tsi1,iong tsing thau a ka tsam tsit sut a lai tshui nih tam khuann mai,iong tsi tsing al tsian thau u tiann a ke a tshi tsam i tsit a tsing su tshit lian a lai tshui san tsian nih si tam it tsing siau si uann san tsian mai tsi,1.6666666666666667,15,12,3,0,22,zh,1,ok
301,indextts,fearful,000301_indextts_fearful.wav,/srv/RL_project/repo/outputs/wav_by_model/indextts/000301_indextts_fearful.wav,tam suah na io thau na li khui,kam1 suah4 na2 io1 thau5 na2 li7 khui1,tam suah na io thau na li khui,kam suah na io thau na li khui,0.125,8,7,1,0,0,zh,1,ok
302,indextts,sad,000302_indextts_sad.wav,/srv/RL_project/repo/outputs/wav/000302_indextts_sad.wav,tsit e si tsun,tsit4 tshit4 e5 si5 ian3 tsun7 tsi1,tsit e si tsun,tsit tshit e si ian tsun tsi,0.75,4,4,0,0,3,zh,1,ok
303,indextts,surprised,000303_indextts_surprised.wav,/srv/RL_project/repo/outputs/wav_by_model/indextts/000303_indextts_surprised.wav,hit e siu tua pui e tsoh sit lang,hit4 e5 siunn1 tua7 pui5 e5 tsoh4 sit4 lang5,hit e siu tua pui e tsoh sit lang,hit e siunn tua pui e tsoh sit lang,0.1111111111111111,9,8,1,0,0,zh,1,ok
304,indextts,sad,000304_indextts_sad.wav,/srv/RL_project/repo/outputs/wav_by_model/indextts/000304_indextts_sad.wav,pang ho na lang khoo na kiann tshut lai,pang3 ho2 na2 lang3 khoo3 na2 kiann5 tshut4 lai5,pang ho na lang khoo na kiann tshut lai,pang ho na lang khoo na kiann tshut lai,0.0,9,9,0,0,0,zh,1,ok
305,indextts,fearful,000305_indextts_fearful.wav,/srv/RL_project/repo/outputs/wav_by_model/indextts/000305_indextts_fearful.wav,khuann tioh hia e lang,khuann3 tioh8 hia1 e5 lang5,khuann tioh hia e lang,khuann tioh hia e lang,0.0,5,5,0,0,0,zh,1,ok
306,indextts,fearful,000306_indextts_fearful.wav,/srv/RL_project/repo/outputs/wav/000306_indextts_fearful.wav,han tit khi ke a iah si tshi a be tang be sai,han3 tsian3 ti7 tsi2 tsian1 siau1 si5 i1 san1 ke1 a2 i1 e5 a1 a1 s s tshi1 tshi1 tsian3 a2 be2 tang1 be2 sai1,han tit khi ke a iah si tshi a be tang be sai,han tsian ti tsi tsian siau si i san ke a i e a a s s tshi tshi tsian a be tang be sai,1.2307692307692308,13,9,4,0,12,zh,1,ok
307,indextts,surprised,000307_indextts_surprised.wav,/srv/RL_project/repo/outputs/wav_by_model/indextts/000307_indextts_surprised.wav,tsit e tsit e teh tsam i hit tann tua pui,tsit8 e5 tsit8 e5 te2 tsam1 i1 hit4 tann3 tua7 pui5,tsit e tsit e teh tsam i hit tann tua pui,tsit e tsit e te tsam i hit tann tua pui,0.09090909090909091,11,10,1,0,0,zh,1,ok
308,indextts,happy,000308_indextts_happy.wav,/srv/RL_project/repo/outputs/wav_by_model/indextts/000308_indextts_happy.wav,i kam kak honn ki koh ho tshio,i1 kam2 kak4 honn3 ki5 koh4 ho2 tshio3,i kam kak honn ki koh ho tshio,i kam kak honn ki koh ho tshio,0.0,8,8,0,0,0,zh,1,ok
309,indextts,surprised,000309_indextts_surprised.wav,/srv/RL_project/repo/outputs/wav_by_model/indextts/000309_indextts_surprised.wav,bo phah tshenn kiann in,bo5 phah4 tshe1 kiann1 in1,bo phah tshenn kiann in,bo phah tshe kiann in,0.2,5,4,1,0,0,zh,1,ok
310,indextts,neutral,000310_indextts_neutral.wav,/srv/RL_project/repo/outputs/wav_by_model/indextts/000310_indextts_neutral.wav,tiam tiam a bih ti tshau poo a lai khuann,tiam7 tiam7 a2 bi2 ti7 tshau2 poo1 a2 lai5 khuann3,tiam tiam a bih ti tshau poo a lai khuann,tiam tiam a bi ti tshau poo a lai khuann,0.1,10,9,1,0,0,zh,1,ok
311,indextts,disgusted,000311_indextts_disgusted.wav,/srv/RL_project/repo/outputs/wav_by_model/indextts/000311_indextts_disgusted.wav,lian sua kui na tsap e long lai tsuinn tua pui,lian5 sua3 kui2 lak8 tsap8 e5 long2 lai5 tsui1 tua7 pui5,lian sua kui na tsap e long lai tsuinn tua pui,lian sua kui lak tsap e long lai tsui tua pui,0.18181818181818182,11,9,2,0,0,zh,1,ok
312,indextts,disgusted,000312_indextts_disgusted.wav,/srv/RL_project/repo/outputs/wav_by_model/indextts/000312_indextts_disgusted.wav,i na khuann na ho tshio,i1 na2 khuann3 na2 ho2 tshio3,i na khuann na ho tshio,i na khuann na ho tshio,0.0,6,6,0,0,0,zh,1,ok
313,indextts,fearful,000313_indextts_fearful.wav,/srv/RL_project/repo/outputs/wav_by_model/indextts/000313_indextts_fearful.wav,koh m kann tshio tshut siann,koh4 m7 kann2 tshio3 tshut4 siann1,koh m kann tshio tshut siann,koh m kann tshio tshut siann,0.0,6,6,0,0,0,zh,1,ok
314,indextts,fearful,000314_indextts_fearful.wav,/srv/RL_project/repo/outputs/wav_by_model/indextts/000314_indextts_fearful.wav,tsit e sit tsu i,tsit8 e7 sit4 tsu3 i3,tsit e sit tsu i,tsit e sit tsu i,0.0,5,5,0,0,0,zh,1,ok
315,indextts,surprised,000315_indextts_surprised.wav,/srv/RL_project/repo/outputs/wav_by_model/indextts/000315_indextts_surprised.wav,tshio siunn tua lat,tshio3 siunn1 tua7 lat8,tshio siunn tua lat,tshio siunn tua lat,0.0,4,4,0,0,0,zh,1,ok
316,indextts,angry,000316_indextts_angry.wav,/srv/RL_project/repo/outputs/wav_by_model/indextts/000316_indextts_angry.wav,suah khi tsak tioh khui,suah4 khi3 tsak8 tioh8 khui3,suah khi tsak tioh khui,suah khi tsak tioh khui,0.0,5,5,0,0,0,zh,1,ok
317,indextts,disgusted,000317_indextts_disgusted.wav,/srv/RL_project/repo/outputs/wav_by_model/indextts/000317_indextts_disgusted.wav,u e tioh si lang tann lai be e,u7 e5 tioh8 si7 lang5 ta1 lai5 be7 e5,u e tioh si lang tann lai be e,u e tioh si lang ta lai be e,0.1111111111111111,9,8,1,0,0,zh,1,ok
318,indextts,surprised,000318_indextts_surprised.wav,/srv/RL_project/repo/outputs/wav/000318_indextts_surprised.wav,tsit khau khui tshuan be khi lai,tsit8 pa2 tsian3 khau2 ai3 tsian3 khui1 san1 tshuan5 a2 be2 tsit8 tsing1 siau1 si7 i2 i2 kian3 lai5,tsit khau khui tshuan be khi lai,tsit pa tsian khau ai tsian khui san tshuan a be tsit tsing siau si i i kian lai,1.8571428571428572,7,6,1,0,12,zh,1,ok
319,indextts,neutral,000319_indextts_neutral.wav,/srv/RL_project/repo/outputs/wav_by_model/indextts/000319_indextts_neutral.wav,tsu an ne sit kiu kue ong khi,tsu7 an2 ne1 si3 kiu3 kue3 ong2 khi3,tsu an ne sit kiu kue ong khi,tsu an ne si kiu kue ong khi,0.125,8,7,1,0,0,zh,1,ok
320,indextts,surprised,000320_indextts_surprised.wav,/srv/RL_project/repo/outputs/wav_by_model/indextts/000320_indextts_surprised.wav,m tsiah e liu thuan tsit ku tshio si hong guan hit e tann sai e,m7 tsiah4 e7 liu5 thuan5 tsit4 ku3 tshio7 si2 hong1 guan5 hit4 e5 tann1 sai2 e5,m tsiah e liu thuan tsit ku tshio si hong guan hit e tann sai e,m tsiah e liu thuan tsit ku tshio si hong guan hit e tann sai e,0.0,16,16,0,0,0,zh,1,ok
321,indextts,surprised,000321_indextts_surprised.wav,/srv/RL_project/repo/outputs/wav_by_model/indextts/000321_indextts_surprised.wav,tsa tsing long giap si tai,tsa2 tsing5 long5 giap8 si5 tai7,tsa tsing long giap si tai,tsa tsing long giap si tai,0.0,6,6,0,0,0,zh,1,ok
322,indextts,surprised,000322_indextts_surprised.wav,/srv/RL_project/repo/outputs/wav_by_model/indextts/000322_indextts_surprised.wav,sua loh lai khuann sin tik tshi bin a tsai it ho e thinn khi,sua3 loh8 lai5 khuann3 sin1 tik4 tshi5 bin5 a2 tsai3 it4 ho7 e5 thinn1 khi3,sua loh lai khuann sin tik tshi bin a tsai it ho e thinn khi,sua loh lai khuann sin tik tshi bin a tsai it ho e thinn khi,0.0,15,15,0,0,0,zh,1,ok
323,indextts,disgusted,000323_indextts_disgusted.wav,/srv/RL_project/repo/outputs/wav/000323_indextts_disgusted.wav,un too ji tsap sann tsi ji tsap tshit too loh hoo ki lut li tsap,un1 tsian3 to7 tsi2 it4 tsi2 tian3 tsap8 ba7 jian3 sann1 i1 ji7 san1 ji7 tsi1 tian3 tsap8 ba7 jian3 tshit4 too5 tsi1 loh8 ba7 ian3 hoo7 tsi1 ki1 ian3 lut8 ba2 li7 tsi1 tsian3 tsap8 pai7 pun1 tsit8 pah4,un too ji tsap sann tsi ji tsap tshit too loh hoo ki lut li tsap,un tsian to tsi it tsi tian tsap ba jian sann i ji san ji tsi tian tsap ba jian tshit too tsi loh ba ian hoo tsi ki ian lut ba li tsi tsian tsap pai pun tsit pah,1.6875,16,13,3,0,24,zh,1,ok
324,indextts,fearful,000324_indextts_fearful.wav,/srv/RL_project/repo/outputs/wav_by_model/indextts/000324_indextts_fearful.wav,lai pin goo pah goo tsap kau ho tshiann lai tsap sann ho kui tai pan li,lai5 pin1 goo7 pah4 goo7 tsap8 kau2 ho7 tshiann2 lai5 tsap8 kha1 ho7 kui7 tai5 pan7 li2,lai pin goo pah goo tsap kau ho tshiann lai tsap sann ho kui tai pan li,lai pin goo pah goo tsap kau ho tshiann lai tsap kha ho kui tai pan li,0.058823529411764705,17,16,1,0,0,zh,1,ok
325,indextts,neutral,000325_indextts_neutral.wav,/srv/RL_project/repo/outputs/wav_by_model/indextts/000325_indextts_neutral.wav,long tsong peh pah khong ji khoo tsau li kau tsap peh khoo,long2 tsong2 peh4 pah4 khong3 li7 khoo1 tsau7 li2 kau2 tsap8 peh4 khoo1,long tsong peh pah khong ji khoo tsau li kau tsap peh khoo,long tsong peh pah khong li khoo tsau li kau tsap peh khoo,0.07692307692307693,13,12,1,0,0,zh,1,ok
326,indextts,happy,000326_indextts_happy.wav,/srv/RL_project/repo/outputs/wav_by_model/indextts/000326_indextts_happy.wav,kin a jit si sann gueh tsap sann pai lak,kin1 a2 lit8 si7 sann1 gueh8 tsap8 sann1 pai3 lak8,kin a jit si sann gueh tsap sann pai lak,kin a lit si sann gueh tsap sann pai lak,0.1,10,9,1,0,0,zh,1,ok
327,indextts,neutral,000327_indextts_neutral.wav,/srv/RL_project/repo/outputs/wav_by_model/indextts/000327_indextts_neutral.wav,gua e hoo tsiau ho be si sam liok ji ji su it khong it su,gua2 e5 hoo7 tsiau3 ho7 be2 si7 sam1 liok8 ji7 ji7 su3 it4 khong3 it4 su3,gua e hoo tsiau ho be si sam liok ji ji su it khong it su,gua e hoo tsiau ho be si sam liok ji ji su it khong it su,0.0,16,16,0,0,0,zh,1,ok
328,indextts,neutral,000328_indextts_neutral.wav,/srv/RL_project/repo/outputs/wav/000328_indextts_neutral.wav,gun tau e tian ue ho be si khong liok sam kiu ji sam ngoo ji sam,gun2 jian3 tau3 i1 e5 tian2 tsi2 jian7 ue7 tsi2 siau3 si5 oo1 tsi2 jian2 be2 e5 si7 tshi7 tsian1 siau3 si5 ong2 sam1 liok8 pa2 S.m. i1 kiu2 ji7 tsi1 am5 i1 na2 ke3 OR ji7 tshi1 am5 i1,gun tau e tian ue ho be si khong liok sam kiu ji sam ngoo ji sam,gun jian tau i e tian tsi jian ue tsi siau si oo tsi jian be e si tshi tsian siau si ong sam liok pa s m i kiu ji tsi am i na ke or ji tshi am i,1.7647058823529411,17,11,6,0,24,zh,1,ok
329,indextts,angry,000329_indextts_angry.wav,/srv/RL_project/repo/outputs/wav_by_model/indextts/000329_indextts_angry.wav,i ti it kiu su it ni tshut si,i1 ti7 it4 kiu2 soo3 it4 ni5 tshut4 si3,i ti it kiu su it ni tshut si,i ti it kiu soo it ni tshut si,0.1111111111111111,9,8,1,0,0,zh,1,ok
330,indextts,disgusted,000330_indextts_disgusted.wav,/srv/RL_project/repo/outputs/wav_by_model/indextts/000330_indextts_disgusted.wav,tshiann pang gua tsuan hun ki it liok kiu ngoo,tshiann2 pang1 gua2 tsuan2 hun1 ki1 it4 liok8 kiu2 ngoo2,tshiann pang gua tsuan hun ki it liok kiu ngoo,tshiann pang gua tsuan hun ki it liok kiu ngoo,0.0,10,10,0,0,0,zh,1,ok
331,indextts,neutral,000331_indextts_neutral.wav,/srv/RL_project/repo/outputs/wav_by_model/indextts/000331_indextts_neutral.wav,bun peh a li khuann hia u sann ki hiunn,bun5 peh4 a2 li2 khuann3 hia1 u7 sann1 ki1 hiunn1,bun peh a li khuann hia u sann ki hiunn,bun peh a li khuann hia u sann ki hiunn,0.0,10,10,0,0,0,zh,1,ok
332,indextts,sad,000332_indextts_sad.wav,/srv/RL_project/repo/outputs/wav_by_model/indextts/000332_indextts_sad.wav,bo m tioh koh khah khi si tua tun suann,bo5 m7 tioh8 koh4 khah4 khi2 si7 tua7 tun7 suann1,bo m tioh koh khah khi si tua tun suann,bo m tioh koh khah khi si tua tun suann,0.0,10,10,0,0,0,zh,1,ok
333,indextts,happy,000333_indextts_happy.wav,/srv/RL_project/repo/outputs/wav_by_model/indextts/000333_indextts_happy.wav,ke lang sik tsi tshau suann u kau phann e pi khuann te too khah tsim tsiok,ke1 lang5 sit8 tsi2 tshau2 sua1 u7 kau3 phann7 e5 pi2 khuann3 te7 too5 khah4 tsin1 tsiok4,ke lang sik tsi tshau suann u kau phann e pi khuann te too khah tsim tsiok,ke lang sit tsi tshau sua u kau phann e pi khuann te too khah tsin tsiok,0.17647058823529413,17,14,3,0,0,zh,1,ok
334,indextts,sad,000334_indextts_sad.wav,/srv/RL_project/repo/outputs/wav_by_model/indextts/000334_indextts_sad.wav,tse si pak ping nia li uat thau khuann lam khi,tse1 si7 pak4 ping5 nia5 li2 uat8 thau5 khuann3 lam5 khi3,tse si pak ping nia li uat thau khuann lam khi,tse si pak ping nia li uat thau khuann lam khi,0.0,11,11,0,0,0,zh,1,ok
335,indextts,surprised,000335_indextts_surprised.wav,/srv/RL_project/repo/outputs/wav_by_model/indextts/000335_indextts_surprised.wav,kong king sit tsai tsan ang ang he si siann,kong1 king2 sit8 tsai7 tsan2 ang5 ang5 he1 si7 siannh4,kong king sit tsai tsan ang ang he si siann,kong king sit tsai tsan ang ang he si siannh,0.1,10,9,1,0,0,zh,1,ok
336,indextts,neutral,000336_indextts_neutral.wav,/srv/RL_project/repo/outputs/wav_by_model/indextts/000336_indextts_neutral.wav,gua khuann mai leh he ping khe lah,gua2 khuann3 mai7 leh4 he1 ping5 khe1 lah4,gua khuann mai leh he ping khe lah,gua khuann mai leh he ping khe lah,0.0,8,8,0,0,0,zh,1,ok
337,indextts,disgusted,000337_indextts_disgusted.wav,/srv/RL_project/repo/outputs/wav_by_model/indextts/000337_indextts_disgusted.wav,gua tsai ah hit thau uat lai uat khi na tsit bue peh tsua e si sik tsi thang ping khe e sik ping kong loo,gua2 tsai1 ah4 khi2 thau5 uat4 lai5 uat4 khi3 na2 tsit8 bue2 peh8 tsua5 e5 sit8 sit8 tsit4 thang1 ping5 kheh4 e5 sit8 ping5 kong1 loo7,gua tsai ah hit thau uat lai uat khi na tsit bue peh tsua e si sik tsi thang ping khe e sik ping kong loo,gua tsai ah khi thau uat lai uat khi na tsit bue peh tsua e sit sit tsit thang ping kheh e sit ping kong loo,0.23076923076923078,26,20,6,0,0,zh,1,ok
338,indextts,neutral,000338_indextts_neutral.wav,/srv/RL_project/repo/outputs/wav_by_model/indextts/000338_indextts_neutral.wav,kok tiong khah kue lai to si tsioh sun tsiam,kok4 tiong1 khah4 kue3 lai5 to7 si7 tsioh8 sun2 tsiam1,kok tiong khah kue lai to si tsioh sun tsiam,kok tiong khah kue lai to si tsioh sun tsiam,0.0,10,10,0,0,0,zh,1,ok
339,indextts,surprised,000339_indextts_surprised.wav,/srv/RL_project/repo/outputs/wav_by_model/indextts/000339_indextts_surprised.wav,bo siann sing tik sun neh,bo5 siann2 sing1 tik4 sun2 neh4,bo siann sing tik sun neh,bo siann sing tik sun neh,0.0,6,6,0,0,0,zh,1,ok
340,indextts,angry,000340_indextts_angry.wav,/srv/RL_project/repo/outputs/wav/000340_indextts_angry.wav,ui ping khe hit ping khuann kue lai to tsin sing,ui3 thing5 tsian3 kheh4 it4 siau1 si5 ai3 si3 jian7 ping5 khuann3 san2 tsian3 kue3 jian7 lai5 to1 tsi2 tsin1 i2 sing5,ui ping khe hit ping khuann kue lai to tsin sing,ui thing tsian kheh it siau si ai si jian ping khuann san tsian kue jian lai to tsi tsin i sing,1.2727272727272727,11,8,3,0,11,zh,1,ok
341,indextts,angry,000341_indextts_angry.wav,/srv/RL_project/repo/outputs/wav/000341_indextts_angry.wav,tan thinn khi khah liang e si lan e sai lai khi hia tshit tho,tan7 thinn1 i1 tsian3 khi2 sann1 tsian5 kong1 tshing1 he7 sit8 si3 liang5 e5 si5 lan2 e5 tshi5 jian2 sai2 lai5 jian5 khi2 san2 hia1 tshit4 si1 tsian3 tho2 u7,tan thinn khi khah liang e si lan e sai lai khi hia tshit tho,tan thinn i tsian khi sann tsian kong tshing he sit si liang e si lan e tshi jian sai lai jian khi san hia tshit si tsian tho u,1.0666666666666667,15,14,1,0,15,zh,1,ok
342,indextts,angry,000342_indextts_angry.wav,/srv/RL_project/repo/outputs/wav_by_model/indextts/000342_indextts_angry.wav,li u kau gua hang siann mih sann ki hiunn he si hiap ho huat tian tshiunn,li2 u7 kau3 gua7 hang5 siann2 mih4 sann1 ki1 hiunn1 he1 si7 hiap8 ho5 huat4 tian2 tshiunn2,li u kau gua hang siann mih sann ki hiunn he si hiap ho huat tian tshiunn,li u kau gua hang siann mih sann ki hiunn he si hiap ho huat tian tshiunn,0.0,17,17,0,0,0,zh,1,ok
343,indextts,disgusted,000343_indextts_disgusted.wav,/srv/RL_project/repo/outputs/wav_by_model/indextts/000343_indextts_disgusted.wav,lang leh kong tshio e lah bian hiah ting tsin,lang5 leh4 kong2 sioh4 e5 lah4 bian2 hiah4 ting2 tsin1,lang leh kong tshio e lah bian hiah ting tsin,lang leh kong sioh e lah bian hiah ting tsin,0.1,10,9,1,0,0,zh,1,ok
344,indextts,neutral,000344_indextts_neutral.wav,/srv/RL_project/repo/outputs/wav/000344_indextts_neutral.wav,bun peh a tsiann tshiu ping hit liap,bun5 jian3 peh4 si3 jian3 jian3 ah4 tsiann1 san1 jian3 tshiu1 ah4 jian3 ping5 hi3 si7 liap8 pa1,bun peh a tsiann tshiu ping hit liap,bun jian peh si jian jian ah tsiann san jian tshiu ah jian ping hi si liap pa,1.5,8,6,2,0,10,zh,1,ok
345,indextts,neutral,000345_indextts_neutral.wav,/srv/RL_project/repo/outputs/wav_by_model/indextts/000345_indextts_neutral.wav,hit liap kio tso ke lang khit koh khah kue lai e hit liap to si ke lang suann,hit4 liap8 kio3 tso3 ke1 lang5 khi2 koh4 khah4 kue3 lai5 e5 hit4 liap8 tio7 si7 ke1 lang5 suann1,hit liap kio tso ke lang khit koh khah kue lai e hit liap to si ke lang suann,hit liap kio tso ke lang khi koh khah kue lai e hit liap tio si ke lang suann,0.10526315789473684,19,17,2,0,0,zh,1,ok
346,indextts,surprised,000346_indextts_surprised.wav,/srv/RL_project/repo/outputs/wav/000346_indextts_surprised.wav,to si ti kau hun a hu kin mah kin ni sann gueh guan u khi hia tshit tho,to7 tsi2 siau3 i1 tsi1 tah8 tsi2 kau1 a2 nioh4 khun3 tsit8 jian3 a2 hu3 tsian3 king1 tsi3 ian3 lian2 MMA e5 si2 king1 jian7 ni5 sann1 i1 ian3 lian2 gueh8 ba1 uan1 u1 tsi1 tsian1 siau3 si5 i1 san1 hia1 tshit4 tsi2 tsian3 thoo2 u7,to si ti kau hun a hu kin mah kin ni sann gueh guan u khi hia tshit tho,to tsi siau i tsi tah tsi kau a nioh khun tsit jian a hu tsian king tsi ian lian mma e si king jian ni sann i ian lian gueh ba uan u tsi tsian siau si i san hia tshit tsi tsian thoo u,1.894736842105263,19,10,9,0,27,zh,1,ok
347,indextts,happy,000347_indextts_happy.wav,/srv/RL_project/repo/outputs/wav_by_model/indextts/000347_indextts_happy.wav,tsit khuan thinn peh ke lang suann pau nia li phak kah pinn poo,tsit4 khuan2 thinn1 peh4 ke1 lang5 suann1 pau1 nia2 li2 phak8 kah4 pinn3 poo2,tsit khuan thinn peh ke lang suann pau nia li phak kah pinn poo,tsit khuan thinn peh ke lang suann pau nia li phak kah pinn poo,0.0,14,14,0,0,0,zh,1,ok
348,indextts,disgusted,000348_indextts_disgusted.wav,/srv/RL_project/repo/outputs/wav_by_model/indextts/000348_indextts_disgusted.wav,kui liap suann bo kui tsang tshiu a thang jia lit thau,kui1 liap8 suann1 bo5 kui2 tsang5 tshiu7 a2 thang1 jia7 jit8 thau5,kui liap suann bo kui tsang tshiu a thang jia lit thau,kui liap suann bo kui tsang tshiu a thang jia jit thau,0.08333333333333333,12,11,1,0,0,zh,1,ok
349,indextts,disgusted,000349_indextts_disgusted.wav,/srv/RL_project/repo/outputs/wav_by_model/indextts/000349_indextts_disgusted.wav,to ping hng hng siong kuan hit liap suann si m si tshit tshinn suann,to3 ping5 hng7 hng7 siong7 kuan5 hit4 liap8 suann1 si7 m7 si7 tshit4 tshing1 suann1,to ping hng hng siong kuan hit liap suann si m si tshit tshinn suann,to ping hng hng siong kuan hit liap suann si m si tshit tshing suann,0.06666666666666667,15,14,1,0,0,zh,1,ok
350,indextts,neutral,000350_indextts_neutral.wav,/srv/RL_project/repo/outputs/wav_by_model/indextts/000350_indextts_neutral.wav,iong siang kha ai tai uan,iong7 siang1 kha1 ai3 tai5 uan5,iong siang kha ai tai uan,iong siang kha ai tai uan,0.0,6,6,0,0,0,zh,1,ok
351,indextts,happy,000351_indextts_happy.wav,/srv/RL_project/repo/outputs/wav_by_model/indextts/000351_indextts_happy.wav,koh tui tai uan bue kiann kau tai uan thau,koh4 tui3 tai5 uan5 bue2 kiann5 kau3 tai5 uan5 thau5,koh tui tai uan bue kiann kau tai uan thau,koh tui tai uan bue kiann kau tai uan thau,0.0,10,10,0,0,0,zh,1,ok
352,indextts,neutral,000352_indextts_neutral.wav,/srv/RL_project/repo/outputs/wav_by_model/indextts/000352_indextts_neutral.wav,tsit poo tsit kha in,tsit8 poo7 tsit8 kha1 in3,tsit poo tsit kha in,tsit poo tsit kha in,0.0,5,5,0,0,0,zh,1,ok
353,indextts,sad,000353_indextts_sad.wav,/srv/RL_project/repo/outputs/wav_by_model/indextts/000353_indextts_sad.wav,iong siong khiam pi e thai too,iong7 siong7 khiam1 pi1 e5 thai7 too7,iong siong khiam pi e thai too,iong siong khiam pi e thai too,0.0,7,7,0,0,0,zh,1,ok
354,indextts,angry,000354_indextts_angry.wav,/srv/RL_project/repo/outputs/wav_by_model/indextts/000354_indextts_angry.wav,khi tshin kin tsit te tshiann iong ka ki e thoo te,khi3 tshin1 kin7 tsit4 te3 tshiann5 iong2 ka1 ki7 e5 thoo2 te7,khi tshin kin tsit te tshiann iong ka ki e thoo te,khi tshin kin tsit te tshiann iong ka ki e thoo te,0.0,12,12,0,0,0,zh,1,ok
355,indextts,sad,000355_indextts_sad.wav,/srv/RL_project/repo/outputs/wav_by_model/indextts/000355_indextts_sad.wav,khuann tioh lik sik e suann meh uan lai uat khi e ho liu sik sai e tshan hng,khuann3 tioh8 liu5 sik4 e5 suann1 meh8 guan5 lai5 uat4 khi3 e5 ho5 liu5 siok8 sai7 e5 tshan5 hng5,khuann tioh lik sik e suann meh uan lai uat khi e ho liu sik sai e tshan hng,khuann tioh liu sik e suann meh guan lai uat khi e ho liu siok sai e tshan hng,0.15789473684210525,19,16,3,0,0,zh,1,ok
356,indextts,sad,000356_indextts_sad.wav,/srv/RL_project/repo/outputs/wav_by_model/indextts/000356_indextts_sad.wav,sun phok e hiong tin be lang e hai huann hiong tshin tshin tshiat e tshio iong,sun5 phok4 e5 hiong1 tin3 be5 lang5 e5 hai2 huann7 hiong1 tshin1 tshin1 tshiat4 e5 tshio3 liong5,sun phok e hiong tin be lang e hai huann hiong tshin tshin tshiat e tshio iong,sun phok e hiong tin be lang e hai huann hiong tshin tshin tshiat e tshio liong,0.058823529411764705,17,16,1,0,0,zh,1,ok
357,indextts,happy,000357_indextts_happy.wav,/srv/RL_project/repo/outputs/wav_by_model/indextts/000357_indextts_happy.wav,sim kuann thau tiann tioh u mua mua e kam tshiok kah kam tong,sin1 kuann1 thau5 tiann7 tioh8 u7 mua2 mua2 e5 kam2 tshiok4 kah4 kan2 tong7,sim kuann thau tiann tioh u mua mua e kam tshiok kah kam tong,sin kuann thau tiann tioh u mua mua e kam tshiok kah kan tong,0.14285714285714285,14,12,2,0,0,zh,1,ok
358,indextts,fearful,000358_indextts_fearful.wav,/srv/RL_project/repo/outputs/wav_by_model/indextts/000358_indextts_fearful.wav,terry si tsit e tsin u li siong kah tsu kian e tshing tshun siau lian hiann,Terry si7 tsit8 e5 tsin1 u7 li2 siong2 kah4 tsu2 kian3 e5 tshing1 tshun1 siau3 lian5 hiann1,terry si tsit e tsin u li siong kah tsu kian e tshing tshun siau lian hiann,terry si tsit e tsin u li siong kah tsu kian e tshing tshun siau lian hiann,0.0,17,17,0,0,0,zh,1,ok
359,indextts,angry,000359_indextts_angry.wav,/srv/RL_project/repo/outputs/wav_by_model/indextts/000359_indextts_angry.wav,i kam guan tsiam si hong ha kho ki kong si lang lang him sian e khang khue,i1 kam1 guan7 tsiam7 si5 hong3 hap8 kho1 ki1 kong1 si1 lang5 lang5 him1 sian7 e5 khang1 khue3,i kam guan tsiam si hong ha kho ki kong si lang lang him sian e khang khue,i kam guan tsiam si hong hap kho ki kong si lang lang him sian e khang khue,0.05555555555555555,18,17,1,0,0,zh,1,ok
360,indextts,angry,000360_indextts_angry.wav,/srv/RL_project/repo/outputs/wav_by_model/indextts/000360_indextts_angry.wav,hoo ka ki tsit e a khong kan,hoo7 ka1 ki7 tsit8 e7 a2 khong1 kan1,hoo ka ki tsit e a khong kan,hoo ka ki tsit e a khong kan,0.0,8,8,0,0,0,zh,1,ok
361,indextts,surprised,000361_indextts_surprised.wav,/srv/RL_project/repo/outputs/wav_by_model/indextts/000361_indextts_surprised.wav,tsok tsia iunn tsin ju,tsok4 tsia2 iunn5 tsin2 ju7,tsok tsia iunn tsin ju,tsok tsia iunn tsin ju,0.0,5,5,0,0,0,zh,1,ok
362,indextts,angry,000362_indextts_angry.wav,/srv/RL_project/repo/outputs/wav_by_model/indextts/000362_indextts_angry.wav,khi tiong sin jin pat tai uan,khi3 tiong1 sin1 lim5 pak4 tai5 uan5,khi tiong sin jin pat tai uan,khi tiong sin lim pak tai uan,0.2857142857142857,7,5,2,0,0,zh,1,ok
363,indextts,surprised,000363_indextts_surprised.wav,/srv/RL_project/repo/outputs/wav_by_model/indextts/000363_indextts_surprised.wav,ping tshiann su kho jin sing e tsin gi,ping7 tshiann2 su1 kho2 jin5 sing1 e5 tsin1 gi7,ping tshiann su kho jin sing e tsin gi,ping tshiann su kho jin sing e tsin gi,0.0,9,9,0,0,0,zh,1,ok
364,indextts,disgusted,000364_indextts_disgusted.wav,/srv/RL_project/repo/outputs/wav/000364_indextts_disgusted.wav,i beh tsit poo a tsit poo a,i1 beh4 si3 tsit8 pah4 tsian3 pho7 tsi1 jian3 a2 tsit8 pah4 tsian3 poo3 tsi1 jian3 a2,i beh tsit poo a tsit poo a,i beh si tsit pah tsian pho tsi jian a tsit pah tsian poo tsi jian a,1.25,8,7,1,0,9,zh,1,ok
365,indextts,angry,000365_indextts_angry.wav,/srv/RL_project/repo/outputs/wav_by_model/indextts/000365_indextts_angry.wav,iong ka ki e siang kha kiann tai uan tsit lian,iong7 ka1 ki7 e5 siang1 kha1 kiann5 tai5 uan5 tsit8 lian3,iong ka ki e siang kha kiann tai uan tsit lian,iong ka ki e siang kha kiann tai uan tsit lian,0.0,11,11,0,0,0,zh,1,ok
366,indextts,angry,000366_indextts_angry.wav,/srv/RL_project/repo/outputs/wav_by_model/indextts/000366_indextts_angry.wav,in tsing ka ki e siunn huat,in3 tsing3 ka1 ki7 e5 siunn7 huat4,in tsing ka ki e siunn huat,in tsing ka ki e siunn huat,0.0,7,7,0,0,0,zh,1,ok
367,indextts,fearful,000367_indextts_fearful.wav,/srv/RL_project/repo/outputs/wav_by_model/indextts/000367_indextts_fearful.wav,ma tshue tshut sinn mia tsing khak e hong hiong kah ting ui,ma7 tshue7 tshut4 si3 mia7 tsing3 khak4 e5 hong1 hiong3 kah4 tin7 ui5,ma tshue tshut sinn mia tsing khak e hong hiong kah ting ui,ma tshue tshut si mia tsing khak e hong hiong kah tin ui,0.15384615384615385,13,11,2,0,0,zh,1,ok
368,indextts,sad,000368_indextts_sad.wav,/srv/RL_project/repo/outputs/wav_by_model/indextts/000368_indextts_sad.wav,i tsit e sim guan to tsiong kin beh uan sing ah,i1 tsit4 e5 sing1 uan1 to7 tsiong1 kin7 beh4 uan5 sing5 ah4,i tsit e sim guan to tsiong kin beh uan sing ah,i tsit e sing uan to tsiong kin beh uan sing ah,0.16666666666666666,12,10,2,0,0,zh,1,ok
369,indextts,happy,000369_indextts_happy.wav,/srv/RL_project/repo/outputs/wav_by_model/indextts/000369_indextts_happy.wav,ku ni tsap it gueh ji ji i tui tai tiong tshut huat,ku7 ni5 tsap8 it4 gueh8 ji7 ji7 i1 tui3 tai5 tiong1 tshut4 huat4,ku ni tsap it gueh ji ji i tui tai tiong tshut huat,ku ni tsap it gueh ji ji i tui tai tiong tshut huat,0.0,13,13,0,0,0,zh,1,ok
370,indextts,happy,000370_indextts_happy.wav,/srv/RL_project/repo/outputs/wav_by_model/indextts/000370_indextts_happy.wav,i sun si tsiam e hong sik sing tsiunn pak,i2 sun7 si5 tsiam3 e5 hong1 sik4 sing1 tsioh8 pak4,i sun si tsiam e hong sik sing tsiunn pak,i sun si tsiam e hong sik sing tsioh pak,0.1,10,9,1,0,0,zh,1,ok
371,indextts,happy,000371_indextts_happy.wav,/srv/RL_project/repo/outputs/wav_by_model/indextts/000371_indextts_happy.wav,kiann kau ke lang liau au tsiah loh lam,kiann5 kau3 ke1 lang5 liau2 au7 tsiah4 loh8 lam5,kiann kau ke lang liau au tsiah loh lam,kiann kau ke lang liau au tsiah loh lam,0.0,9,9,0,0,0,zh,1,ok
372,indextts,angry,000372_indextts_angry.wav,/srv/RL_project/repo/outputs/wav_by_model/indextts/000372_indextts_angry.wav,tai uan u gua sui,tai5 uan5 u7 gua7 sui2,tai uan u gua sui,tai uan u gua sui,0.0,5,5,0,0,0,zh,1,ok
373,indextts,sad,000373_indextts_sad.wav,/srv/RL_project/repo/outputs/wav_by_model/indextts/000373_indextts_sad.wav,king kue hua lian tai tang,king1 kue3 hua1 lian5 tai5 tang1,king kue hua lian tai tang,king kue hua lian tai tang,0.0,6,6,0,0,0,zh,1,ok
374,indextts,fearful,000374_indextts_fearful.wav,/srv/RL_project/repo/outputs/wav_by_model/indextts/000374_indextts_fearful.wav,jim nai tioh kha kut e sng thiann kah tsit loo e koo tuann,tsit4 lai7 tio7 kha1 kut8 e5 sng2 thiann3 kah4 tsit8 loo7 e5 koo1 tuann1,jim nai tioh kha kut e sng thiann kah tsit loo e koo tuann,tsit lai tio kha kut e sng thiann kah tsit loo e koo tuann,0.21428571428571427,14,11,3,0,0,zh,1,ok
375,indextts,sad,000375_indextts_sad.wav,/srv/RL_project/repo/outputs/wav_by_model/indextts/000375_indextts_sad.wav,tsit loo it tit kiann kau tai uan siong lam ping e go luan phinn,tsit8 loo7 it4 tit8 kiann1 kau3 tai5 uan5 siong7 lam5 ping5 e5 goo5 luan5 phinn1,tsit loo it tit kiann kau tai uan siong lam ping e go luan phinn,tsit loo it tit kiann kau tai uan siong lam ping e goo luan phinn,0.06666666666666667,15,14,1,0,0,zh,1,ok
376,indextts,fearful,000376_indextts_fearful.wav,/srv/RL_project/repo/outputs/wav_by_model/indextts/000376_indextts_fearful.wav,tsiah koh tsiunn pak,tsiah4 koh4 tsiunn7 pau1,tsiah koh tsiunn pak,tsiah koh tsiunn pau,0.25,4,3,1,0,0,zh,1,ok
377,indextts,sad,000377_indextts_sad.wav,/srv/RL_project/repo/outputs/wav_by_model/indextts/000377_indextts_sad.wav,hian tshu si i i king kiann kau tai lam tshi kiam tsui khu e guat tin kang ah,hian7 tshu2 si5 i1 i2 king1 kiann5 kau3 tai5 lam5 tshi7 kiam5 tsui2 khu1 e5 uat8 tin1 kang2 ah4,hian tshu si i i king kiann kau tai lam tshi kiam tsui khu e guat tin kang ah,hian tshu si i i king kiann kau tai lam tshi kiam tsui khu e uat tin kang ah,0.05263157894736842,19,18,1,0,0,zh,1,ok
378,indextts,sad,000378_indextts_sad.wav,/srv/RL_project/repo/outputs/wav_by_model/indextts/000378_indextts_sad.wav,tng ti tai uan si loo hu kin teh tsiah tau gim si phue ka pi ah,tng1 ti7 tai5 uan5 si1 loo7 hu3 kin7 leh4 tsiah8 tau3 kim1 si1 phue3 ka1 pi1 a2,tng ti tai uan si loo hu kin teh tsiah tau gim si phue ka pi ah,tng ti tai uan si loo hu kin leh tsiah tau kim si phue ka pi a,0.17647058823529413,17,14,3,0,0,zh,1,ok
379,indextts,fearful,000379_indextts_fearful.wav,/srv/RL_project/repo/outputs/wav_by_model/indextts/000379_indextts_fearful.wav,siong kai lan tit e si,siong7 kai3 lam5 ti7 e5 si5,siong kai lan tit e si,siong kai lam ti e si,0.3333333333333333,6,4,2,0,0,zh,1,ok
380,indextts,disgusted,000380_indextts_disgusted.wav,/srv/RL_project/repo/outputs/wav/000380_indextts_disgusted.wav,terry u tsit tui khai bing e pe bu,terry u7 tsi2 tsit8 pah4 tui3 khai3 i1 tsian3 bin5 e5 pe2 tshi2 tsian7 bu2 tsit8 tsit8 tsit8 tsit8 tsit8 tsit8 tsit8 tsit8 tsit8 tsit8 tsit8 tsit8,terry u tsit tui khai bing e pe bu,terry u tsi tsit pah tui khai i tsian bin e pe tshi tsian bu tsit tsit tsit tsit tsit tsit tsit tsit tsit tsit tsit tsit,2.111111111111111,9,8,1,0,18,zh,1,ok
381,indextts,disgusted,000381_indextts_disgusted.wav,/srv/RL_project/repo/outputs/wav/000381_indextts_disgusted.wav,tui i tsit khuan long ban kah u tam poh a bo hu hap sit tse e siunn huat ping bo huan tui,tui3 tsit4 sui2 jian3 khuan2 long5 tsi1 jian3 ban5 tsi1 kah4 si2 u7 tshi5 tan1 tsi1 jian3 poo3 bak8 tsian3 a2 bo5 hu5 tsian3 thak8 ba2 e2 e5 la2 tse3 sann1 e5 siunn1 tsi1 tsian3 huat4 tshi3 ping5 tsi1 bo5 huan2 tsian3 tui3,tui i tsit khuan long ban kah u tam poh a bo hu hap sit tse e siunn huat ping bo huan tui,tui tsit sui jian khuan long tsi jian ban tsi kah si u tshi tan tsi jian poo bak tsian a bo hu tsian thak ba e e la tse sann e siunn tsi tsian huat tshi ping tsi bo huan tsian tui,1.1304347826086956,23,17,6,0,20,zh,1,ok
382,indextts,fearful,000382_indextts_fearful.wav,/srv/RL_project/repo/outputs/wav_by_model/indextts/000382_indextts_fearful.wav,tian to tsuan lik tsi tshi,tian1 to3 tsuan1 li2 tsi1 tshi5,tian to tsuan lik tsi tshi,tian to tsuan li tsi tshi,0.16666666666666666,6,5,1,0,0,zh,1,ok
383,indextts,angry,000383_indextts_angry.wav,/srv/RL_project/repo/outputs/wav_by_model/indextts/000383_indextts_angry.wav,li kam tsai iann,li2 kam2 tsai1 iann2,li kam tsai iann,li kam tsai iann,0.0,4,4,0,0,0,zh,1,ok
384,indextts,disgusted,000384_indextts_disgusted.wav,/srv/RL_project/repo/outputs/wav_by_model/indextts/000384_indextts_disgusted.wav,ping tshiann ti i khuan to poo lian i king tsiong kin beh uan sing e bue tsam a,ping7 tshiann2 ti7 i1 khuan5 to2 poo7 lian3 i2 king1 tsiong1 kim1 beh4 uan5 sing5 e5 bue2 tsam7 a2,ping tshiann ti i khuan to poo lian i king tsiong kin beh uan sing e bue tsam a,ping tshiann ti i khuan to poo lian i king tsiong kim beh uan sing e bue tsam a,0.05263157894736842,19,18,1,0,0,zh,1,ok
385,indextts,angry,000385_indextts_angry.wav,/srv/RL_project/repo/outputs/wav/000385_indextts_angry.wav,tik piat puah si kan pue i kiann tsit tuann,tik4 pa2 tsiat4 peh4 pa2 puann3 si3 si3 tsian3 kan1 pue5 kiann1 u7 tsit4 ma2 tua7 tsi1,tik piat puah si kan pue i kiann tsit tuann,tik pa tsiat peh pa puann si si tsian kan pue kiann u tsit ma tua tsi,1.2,10,5,5,0,7,zh,1,ok
386,indextts,angry,000386_indextts_angry.wav,/srv/RL_project/repo/outputs/wav/000386_indextts_angry.wav,hoo i tsing sin siong siong tua e koo bu,hoo7 tsit4 gi5 tsing5 gi7 tsian3 sin3 lian3 siong1 tshi7 iau3 iong5 tshi7 tua7 tsi1 e5 koo2 a2 hik8 bu2,hoo i tsing sin siong siong tua e koo bu,hoo tsit gi tsing gi tsian sin lian siong tshi iau iong tshi tua tsi e koo a hik bu,1.2,10,8,2,0,10,zh,1,ok
387,indextts,fearful,000387_indextts_fearful.wav,/srv/RL_project/repo/outputs/wav_by_model/indextts/000387_indextts_fearful.wav,u bang siong sui,u7 bang7 siong7 sui2,u bang siong sui,u bang siong sui,0.0,4,4,0,0,0,zh,1,ok
388,indextts,neutral,000388_indextts_neutral.wav,/srv/RL_project/repo/outputs/wav_by_model/indextts/000388_indextts_neutral.wav,u li siong tioh ai iong kam khi tui kiu,u7 li2 siong2 tioh8 ai3 iong2 kam2 khi3 tui1 kiu5,u li siong tioh ai iong kam khi tui kiu,u li siong tioh ai iong kam khi tui kiu,0.0,10,10,0,0,0,zh,1,ok
389,indextts,fearful,000389_indextts_fearful.wav,/srv/RL_project/repo/outputs/wav/000389_indextts_fearful.wav,lan lang sing uah ti tsit e se kan,lan2 lang5 sing5 jian5 uah8 pa2 ti7 tshit4 tsit4 si5 e5 se3 kian3 kan1,lan lang sing uah ti tsit e se kan,lan lang sing jian uah pa ti tshit tsit si e se kian kan,0.5555555555555556,9,9,0,0,5,zh,1,ok
390,indextts,neutral,000390_indextts_neutral.wav,/srv/RL_project/repo/outputs/wav_by_model/indextts/000390_indextts_neutral.wav,tu liau it tsai tiong hok e jit siong tsiah tshing i gua,tu5 liau2 it4 tsai3 tiong5 ho7 e5 jit8 siong5 tsiah8 tshing3 i2 gua7,tu liau it tsai tiong hok e jit siong tsiah tshing i gua,tu liau it tsai tiong ho e jit siong tsiah tshing i gua,0.07692307692307693,13,12,1,0,0,zh,1,ok
391,indextts,surprised,000391_indextts_surprised.wav,/srv/RL_project/repo/outputs/wav_by_model/indextts/000391_indextts_surprised.wav,iau u tsan tshu koh khah kuan e li siong,iau2 u7 tsan1 tshu3 koh4 khah4 kuan5 e5 li2 siong2,iau u tsan tshu koh khah kuan e li siong,iau u tsan tshu koh khah kuan e li siong,0.0,10,10,0,0,0,zh,1,ok
392,indextts,surprised,000392_indextts_surprised.wav,/srv/RL_project/repo/outputs/wav_by_model/indextts/000392_indextts_surprised.wav,su iau khi tui kiu khi sit hian,su1 iau3 khi3 tui1 kiu5 khi3 sit8 hian7,su iau khi tui kiu khi sit hian,su iau khi tui kiu khi sit hian,0.0,8,8,0,0,0,zh,1,ok
393,indextts,angry,000393_indextts_angry.wav,/srv/RL_project/repo/outputs/wav_by_model/indextts/000393_indextts_angry.wav,ti lan ling lik iau tso e kau e si tsun,ti7 lan2 ling5 lip8 iau2 tso3 kau3 e5 si5 tsun7,ti lan ling lik iau tso e kau e si tsun,ti lan ling lip iau tso kau e si tsun,0.18181818181818182,11,9,1,1,0,zh,1,ok
394,indextts,sad,000394_indextts_sad.wav,/srv/RL_project/repo/outputs/wav_by_model/indextts/000394_indextts_sad.wav,tai uan lang kau kau kau e jin tsing bi,tai5 uan5 lang5 kau2 kau2 kau2 e5 lin5 tsin1 bi7,tai uan lang kau kau kau e jin tsing bi,tai uan lang kau kau kau e lin tsin bi,0.2,10,8,2,0,0,zh,1,ok
395,indextts,sad,000395_indextts_sad.wav,/srv/RL_project/repo/outputs/wav_by_model/indextts/000395_indextts_sad.wav,na si kiann khun lan,na7 si7 kiann1 khun3 lan5,na si kiann khun lan,na si kiann khun lan,0.0,5,5,0,0,0,zh,1,ok
396,indextts,neutral,000396_indextts_neutral.wav,/srv/RL_project/repo/outputs/wav_by_model/indextts/000396_indextts_neutral.wav,tshin tshai to hong khi tui kiu bang siong e ki hue,tshin1 tshai2 to7 hong1 khi3 tui1 kiu5 bang7 siong1 e5 ki1 hue7,tshin tshai to hong khi tui kiu bang siong e ki hue,tshin tshai to hong khi tui kiu bang siong e ki hue,0.0,12,12,0,0,0,zh,1,ok
397,indextts,happy,000397_indextts_happy.wav,/srv/RL_project/repo/outputs/wav_by_model/indextts/000397_indextts_happy.wav,tan kau au pai tsiah lai huan hue,tan2 kau3 au7 pai2 tsiah8 lai5 huan2 hue2,tan kau au pai tsiah lai huan hue,tan kau au pai tsiah lai huan hue,0.0,8,8,0,0,0,zh,1,ok
398,indextts,surprised,000398_indextts_surprised.wav,/srv/RL_project/repo/outputs/wav_by_model/indextts/000398_indextts_surprised.wav,he to siunn ban ah,he1 to7 siunn1 ban7 ah4,he to siunn ban ah,he to siunn ban ah,0.0,5,5,0,0,0,zh,1,ok
399,indextts,disgusted,000399_indextts_disgusted.wav,/srv/RL_project/repo/outputs/wav_by_model/indextts/000399_indextts_disgusted.wav,khuan to poo lian si tsit kiann sin khoo e tai tsi,khuan5 to2 poo7 lian7 si7 tsit8 kiann7 sin1 khoo2 e5 tai7 tsi3,khuan to poo lian si tsit kiann sin khoo e tai tsi,khuan to poo lian si tsit kiann sin khoo e tai tsi,0.0,12,12,0,0,0,zh,1,ok
400,indextts,angry,000400_indextts_angry.wav,/srv/RL_project/repo/outputs/wav/000400_indextts_angry.wav,tu liau ai u tsiu tsuan e ke ue the lat ai ho i gua,tu5 jian3 liau5 a2 ai3 u7 tsi2 tsiu3 i5 tsian3 tsuan1 u7 e5 kiat4 jian7 ue7 tsi1 the5 a2 tsian3 lah4 tann1 ai3 ho2 gi2 jian3 gua2 tsi1,tu liau ai u tsiu tsuan e ke ue the lat ai ho i gua,tu jian liau a ai u tsi tsiu i tsian tsuan u e kiat jian ue tsi the a tsian lah tann ai ho gi jian gua tsi,1.0666666666666667,15,12,3,0,13,zh,1,ok
401,indextts,disgusted,000401_indextts_disgusted.wav,/srv/RL_project/repo/outputs/wav_by_model/indextts/000401_indextts_disgusted.wav,siong tiong iau e si ai u kian kiong e i tsi lik,siong7 tiong7 iau3 e5 si7 ai3 u7 kian1 kiong5 e5 it4 tsi3 lik8,siong tiong iau e si ai u kian kiong e i tsi lik,siong tiong iau e si ai u kian kiong e it tsi lik,0.07692307692307693,13,12,1,0,0,zh,1,ok
402,indextts,happy,000402_indextts_happy.wav,/srv/RL_project/repo/outputs/wav_by_model/indextts/000402_indextts_happy.wav,tsiah thang khik hok ian loo tu tioh e kok tsiong siunn be kau e lan te,tsiah4 thang1 khi3 hoo7 ian5 loo7 tu2 tioh8 e5 koh4 tsiong2 siunn7 be7 kau3 e5 lan5 te5,tsiah thang khik hok ian loo tu tioh e kok tsiong siunn be kau e lan te,tsiah thang khi hoo ian loo tu tioh e koh tsiong siunn be kau e lan te,0.17647058823529413,17,14,3,0,0,zh,1,ok
403,indextts,angry,000403_indextts_angry.wav,/srv/RL_project/repo/outputs/wav_by_model/indextts/000403_indextts_angry.wav,kiong hi terry khuan to poo lian,kiong1 hi2 Terry khuan5 to2 poo7 lian2,kiong hi terry khuan to poo lian,kiong hi terry khuan to poo lian,0.0,7,7,0,0,0,zh,1,ok
404,indextts,neutral,000404_indextts_neutral.wav,/srv/RL_project/repo/outputs/wav_by_model/indextts/000404_indextts_neutral.wav,iong siang kha ai tai uan e bang siong teh beh uan sing ah,iong7 siang1 kha1 ai3 tai5 uan5 e5 bang7 siong2 leh4 be2 uan5 sing5 ah4,iong siang kha ai tai uan e bang siong teh beh uan sing ah,iong siang kha ai tai uan e bang siong leh be uan sing ah,0.14285714285714285,14,12,2,0,0,zh,1,ok
405,indextts,angry,000405_indextts_angry.wav,/srv/RL_project/repo/outputs/wav_by_model/indextts/000405_indextts_angry.wav,li kam bat kam siu tioh,li2 kam2 kak4 kam2 siu7 tioh8,li kam bat kam siu tioh,li kam kak kam siu tioh,0.16666666666666666,6,5,1,0,0,zh,1,ok
406,indextts,surprised,000406_indextts_surprised.wav,/srv/RL_project/repo/outputs/wav_by_model/indextts/000406_indextts_surprised.wav,kian tshi loh khi,kian1 tshi5 loh8 khi3,kian tshi loh khi,kian tshi loh khi,0.0,4,4,0,0,0,zh,1,ok
407,indextts,sad,000407_indextts_sad.wav,/srv/RL_project/repo/outputs/wav_by_model/indextts/000407_indextts_sad.wav,siong sin it ting e sing kong,siong1 sin3 it4 ting7 e7 sing5 kong1,siong sin it ting e sing kong,siong sin it ting e sing kong,0.0,7,7,0,0,0,zh,1,ok
408,indextts,angry,000408_indextts_angry.wav,/srv/RL_project/repo/outputs/wav_by_model/indextts/000408_indextts_angry.wav,lim ping tik sian sinn kah i e pe bu kang khuan,lim5 ping1 tik4 sian1 sinn1 kah4 i1 e5 pe7 bu2 kang7 khuan2,lim ping tik sian sinn kah i e pe bu kang khuan,lim ping tik sian sinn kah i e pe bu kang khuan,0.0,12,12,0,0,0,zh,1,ok
409,indextts,fearful,000409_indextts_fearful.wav,/srv/RL_project/repo/outputs/wav_by_model/indextts/000409_indextts_fearful.wav,long si jin tsin phah piann kha tah sit te,long2 si7 lin7 tsin1 phah4 piann3 kha1 tah8 sit4 te7,long si jin tsin phah piann kha tah sit te,long si lin tsin phah piann kha tah sit te,0.1,10,9,1,0,0,zh,1,ok
410,indextts,angry,000410_indextts_angry.wav,/srv/RL_project/repo/outputs/wav_by_model/indextts/000410_indextts_angry.wav,iong sit tse e hing tong thiann tai uan e lang,iong7 sit8 tse3 e5 hing5 tong7 thiann3 tai5 uan5 e5 lang5,iong sit tse e hing tong thiann tai uan e lang,iong sit tse e hing tong thiann tai uan e lang,0.0,11,11,0,0,0,zh,1,ok
411,indextts,disgusted,000411_indextts_disgusted.wav,/srv/RL_project/repo/outputs/wav_by_model/indextts/000411_indextts_disgusted.wav,iong tshim tsing e bak tsiu,iong7 tshim1 tsing5 e5 bak8 tsiu1,iong tshim tsing e bak tsiu,iong tshim tsing e bak tsiu,0.0,6,6,0,0,0,zh,1,ok
412,indextts,happy,000412_indextts_happy.wav,/srv/RL_project/repo/outputs/wav_by_model/indextts/000412_indextts_happy.wav,khuann tai uan tsit liap bi le e to su,khuann3 tai5 uan5 tsit4 liap8 bi2 le7 e5 to2 su7,khuann tai uan tsit liap bi le e to su,khuann tai uan tsit liap bi le e to su,0.0,10,10,0,0,0,zh,1,ok
413,indextts,neutral,000413_indextts_neutral.wav,/srv/RL_project/repo/outputs/wav_by_model/indextts/000413_indextts_neutral.wav,iong nng ki kha tui tai uan thau kiann kau tai uan bue,iong7 nng7 ki1 kha1 tui3 tai5 uan5 thau5 kiann5 kau3 tai5 uan5 bue2,iong nng ki kha tui tai uan thau kiann kau tai uan bue,iong nng ki kha tui tai uan thau kiann kau tai uan bue,0.0,13,13,0,0,0,zh,1,ok
414,indextts,neutral,000414_indextts_neutral.wav,/srv/RL_project/repo/outputs/wav/000414_indextts_neutral.wav,tai uan e kiau ngoo,tai5 jian3 uan5 e5 kiau1 i1 jian3 goo7 tshi7,tai uan e kiau ngoo,tai jian uan e kiau i jian goo tshi,1.0,5,4,1,0,4,zh,1,ok
415,indextts,fearful,000415_indextts_fearful.wav,/srv/RL_project/repo/outputs/wav_by_model/indextts/000415_indextts_fearful.wav,se kai kip e to ian li an kah gui tik sing,se3 kai3 ki5 e5 to7 ian2 li2 an1 kah4 ui5 tik4 sing3,se kai kip e to ian li an kah gui tik sing,se kai ki e to ian li an kah ui tik sing,0.16666666666666666,12,10,2,0,0,zh,1,ok
416,indextts,sad,000416_indextts_sad.wav,/srv/RL_project/repo/outputs/wav/000416_indextts_sad.wav,kian tshi thau bue e o un suan tshiu soo le bun,kian1 jian3 tshi7 u7 thau5 san1 jian3 bue2 e5 oo1 jian3 un1 tsi1 suan2 jian3 tshiu1 liang5 miau2 oo1 ji7 leh4 tsi1 jian7 bun5,kian tshi thau bue e o un suan tshiu soo le bun,kian jian tshi u thau san jian bue e oo jian un tsi suan jian tshiu liang miau oo ji leh tsi jian bun,1.25,12,9,3,0,12,zh,1,ok
417,indextts,happy,000417_indextts_happy.wav,/srv/RL_project/repo/outputs/wav_by_model/indextts/000417_indextts_happy.wav,suann kiu ko tshiu tsan nga ni ting ting,suann1 kiu5 koo1 tshiu2 tsan1 a2 ni5 ting2 ting2,suann kiu ko tshiu tsan nga ni ting ting,suann kiu koo tshiu tsan a ni ting ting,0.2222222222222222,9,7,2,0,0,zh,1,ok
418,indextts,happy,000418_indextts_happy.wav,/srv/RL_project/repo/outputs/wav_by_model/indextts/000418_indextts_happy.wav,in tsiah si lan sio sio e tai uan tshiann iong tshut lai,in1 tsiah4 si7 lan2 sio2 sio2 e5 tai5 uan5 tshiann5 iong2 tshut4 lai5,in tsiah si lan sio sio e tai uan tshiann iong tshut lai,in tsiah si lan sio sio e tai uan tshiann iong tshut lai,0.0,13,13,0,0,0,zh,1,ok
419,indextts,angry,000419_indextts_angry.wav,/srv/RL_project/repo/outputs/wav_by_model/indextts/000419_indextts_angry.wav,ti se kai bu tai ting huat kng huat jiat,ti7 se3 kai3 bu2 tai5 ting2 huat4 kng1 huat4 jiat8,ti se kai bu tai ting huat kng huat jiat,ti se kai bu tai ting huat kng huat jiat,0.0,10,10,0,0,0,zh,1,ok
420,indextts,fearful,000420_indextts_fearful.wav,/srv/RL_project/repo/outputs/wav_by_model/indextts/000420_indextts_fearful.wav,si tat tit lan kam kak kiau ngoo e jin but,si7 tat8 tit4 lan2 kian1 kak4 kah4 kiau5 ngoo7 e5 lin5 but8,si tat tit lan kam kak kiau ngoo e jin but,si tat tit lan kian kak kah kiau ngoo e lin but,0.2727272727272727,11,9,2,0,1,zh,1,ok
421,indextts,angry,000421_indextts_angry.wav,/srv/RL_project/repo/outputs/wav_by_model/indextts/000421_indextts_angry.wav,na kong tioh tai uan e kiau ngoo,na7 kong2 tioh8 tai5 uan5 e5 kiong5 ooh4,na kong tioh tai uan e kiau ngoo,na kong tioh tai uan e kiong ooh,0.25,8,6,2,0,0,zh,1,ok
422,indextts,sad,000422_indextts_sad.wav,/srv/RL_project/repo/outputs/wav_by_model/indextts/000422_indextts_sad.wav,li te ji e siunn tioh e,li2 te7 ji7 e5 siunn7 tioh8 e5,li te ji e siunn tioh e,li te ji e siunn tioh e,0.0,7,7,0,0,0,zh,1,ok
423,indextts,disgusted,000423_indextts_disgusted.wav,/srv/RL_project/repo/outputs/wav_by_model/indextts/000423_indextts_disgusted.wav,it ting si tai uan phong phai e but tsu,it4 ting7 si7 tai5 uan5 phong1 phai3 e5 but8 tsu1,it ting si tai uan phong phai e but tsu,it ting si tai uan phong phai e but tsu,0.0,10,10,0,0,0,zh,1,ok
424,indextts,sad,000424_indextts_sad.wav,/srv/RL_project/repo/outputs/wav_by_model/indextts/000424_indextts_sad.wav,in ui tai uan lang thau nau khiau gau pian khiau,in1 ui7 tai5 uan5 lang5 khau1 nau2 khiau2 gau5 pian3 khiau3,in ui tai uan lang thau nau khiau gau pian khiau,in ui tai uan lang khau nau khiau gau pian khiau,0.09090909090909091,11,10,1,0,0,zh,1,ok
425,indextts,angry,000425_indextts_angry.wav,/srv/RL_project/repo/outputs/wav_by_model/indextts/000425_indextts_angry.wav,tsok tsia lim siu hua,tsiok4 tsia2 lim7 siu3 hua5,tsok tsia lim siu hua,tsiok tsia lim siu hua,0.2,5,4,1,0,0,zh,1,ok
426,indextts,neutral,000426_indextts_neutral.wav,/srv/RL_project/repo/outputs/wav_by_model/indextts/000426_indextts_neutral.wav,bo lun kue tsi lan hue iah tsui san,bo5 lun7 kue2 tsi2 lam5 hue1 ia7 tsui2 san2,bo lun kue tsi lan hue iah tsui san,bo lun kue tsi lam hue ia tsui san,0.2222222222222222,9,7,2,0,0,zh,1,ok
427,indextts,surprised,000427_indextts_surprised.wav,/srv/RL_project/repo/outputs/wav_by_model/indextts/000427_indextts_surprised.wav,tsi iau king kue tai uan lang e kai liong,tsi2 iau3 king1 kue3 tai5 uan5 lang5 e5 kai2 liong5,tsi iau king kue tai uan lang e kai liong,tsi iau king kue tai uan lang e kai liong,0.0,10,10,0,0,0,zh,1,ok
428,indextts,neutral,000428_indextts_neutral.wav,/srv/RL_project/repo/outputs/wav_by_model/indextts/000428_indextts_neutral.wav,long e gian huat tshut it too tsan e phin tsiong,long2 e7 gian2 huat4 tshut4 it4 too7 tsan2 e5 phin2 tsiong2,long e gian huat tshut it too tsan e phin tsiong,long e gian huat tshut it too tsan e phin tsiong,0.0,11,11,0,0,0,zh,1,ok
429,indextts,angry,000429_indextts_angry.wav,/srv/RL_project/repo/outputs/wav_by_model/indextts/000429_indextts_angry.wav,hoo tsuan se kai o lo lan e kue tsi tua koh tinn,hoo7 tsuan5 se3 kai3 o1 lo2 lan2 e5 kue3 tsi2 tua7 koh4 tinn1,hoo tsuan se kai o lo lan e kue tsi tua koh tinn,hoo tsuan se kai o lo lan e kue tsi tua koh tinn,0.0,13,13,0,0,0,zh,1,ok
430,indextts,neutral,000430_indextts_neutral.wav,/srv/RL_project/repo/outputs/wav/000430_indextts_neutral.wav,lan hue phang koh sui,lan5 jian3 hue1 phang1 i1 koh4 si3 sui2,lan hue phang koh sui,lan jian hue phang i koh si sui,0.6,5,5,0,0,3,zh,1,ok
431,indextts,angry,000431_indextts_angry.wav,/srv/RL_project/repo/outputs/wav_by_model/indextts/000431_indextts_angry.wav,tsui san tshinn koh ho tsiah,tsui2 san2 tshinn1 koh4 ho2 tsiah8,tsui san tshinn koh ho tsiah,tsui san tshinn koh ho tsiah,0.0,6,6,0,0,0,zh,1,ok
432,indextts,disgusted,000432_indextts_disgusted.wav,/srv/RL_project/repo/outputs/wav/000432_indextts_disgusted.wav,ma in ui an ne,ma7 tshi5 in1 ian2 ui5 i1 tshi2 an2 ian2 e5,ma in ui an ne,ma tshi in ian ui i tshi an ian e,1.2,5,4,1,0,5,zh,1,ok
433,indextts,neutral,000433_indextts_neutral.wav,/srv/RL_project/repo/outputs/wav_by_model/indextts/000433_indextts_neutral.wav,soo i e tang gua siau than gua hue,soo2 i2 e7 tang3 gua7 siau1 than3 gua7 hue7,soo i e tang gua siau than gua hue,soo i e tang gua siau than gua hue,0.0,9,9,0,0,0,zh,1,ok
434,indextts,neutral,000434_indextts_neutral.wav,/srv/RL_project/repo/outputs/wav_by_model/indextts/000434_indextts_neutral.wav,iau koh u i tsa long giap sia hue e tai uan u su po te bi thng kah tsiunn lo,iau2 koh4 u7 i2 tsa2 long5 giap8 sia7 hue7 e5 tai5 uan5 u7 su3 poo7 te5 bi2 thng5 kah4 tsiunn1 lo2,iau koh u i tsa long giap sia hue e tai uan u su po te bi thng kah tsiunn lo,iau koh u i tsa long giap sia hue e tai uan u su poo te bi thng kah tsiunn lo,0.047619047619047616,21,20,1,0,0,zh,1,ok
435,indextts,neutral,000435_indextts_neutral.wav,/srv/RL_project/repo/outputs/wav_by_model/indextts/000435_indextts_neutral.wav,tsit ma kang giap sia hue e tai uan si tian nau ic led kah tsin tse ko kho ki e san phin,tsit4 ma2 kang1 giap8 sia7 hue7 e5 tai5 uan5 si7 tian7 nau2 IC LED kah4 tsin1 tse7 koo1 khoo1 ki1 e5 san2 phin2,tsit ma kang giap sia hue e tai uan si tian nau ic led kah tsin tse ko kho ki e san phin,tsit ma kang giap sia hue e tai uan si tian nau ic led kah tsin tse koo khoo ki e san phin,0.08695652173913043,23,21,2,0,0,zh,1,ok
436,indextts,happy,000436_indextts_happy.wav,/srv/RL_project/repo/outputs/wav_by_model/indextts/000436_indextts_happy.wav,na mng li tai uan e kiau ngoo si siann mih,na7 mng7 li2 tai5 uan5 e5 kiann5 oo7 si7 siann2 mih8,na mng li tai uan e kiau ngoo si siann mih,na mng li tai uan e kiann oo si siann mih,0.18181818181818182,11,9,2,0,0,zh,1,ok
437,indextts,surprised,000437_indextts_surprised.wav,/srv/RL_project/repo/outputs/wav_by_model/indextts/000437_indextts_surprised.wav,hing siau tsuan kiu e bi le to,hing5 siau1 tsuan5 kiu5 e5 bi2 le7 to2,hing siau tsuan kiu e bi le to,hing siau tsuan kiu e bi le to,0.0,8,8,0,0,0,zh,1,ok
438,indextts,sad,000438_indextts_sad.wav,/srv/RL_project/repo/outputs/wav_by_model/indextts/000438_indextts_sad.wav,tse si lan tai uan lang e hiau pa ak si ki un iong ti hui,tse1 si7 lan2 tai5 uan5 lang5 e7 hiau2 pak4 ak4 si5 ki1 un7 iong7 ti3 hui7,tse si lan tai uan lang e hiau pa ak si ki un iong ti hui,tse si lan tai uan lang e hiau pak ak si ki un iong ti hui,0.0625,16,15,1,0,0,zh,1,ok
439,indextts,neutral,000439_indextts_neutral.wav,/srv/RL_project/repo/outputs/wav/000439_indextts_neutral.wav,jin tsin phah piann tshong tso tshut lai e king tse ki tsik,lim5 tsi2 jian7 tsin1 i1 phah4 si2 lian3 piann1 san1 tshong3 san1 lian7 tsoo1 tshi7 jian7 tsian1 tshut4 tsi2 lian7 lai5 e5 king1 lian2 tse1 san1 ki5 lian2 tsik4 si2,jin tsin phah piann tshong tso tshut lai e king tse ki tsik,lim tsi jian tsin i phah si lian piann san tshong san lian tsoo tshi jian tsian tshut tsi lian lai e king lian tse san ki lian tsik si,1.4615384615384615,13,11,2,0,17,zh,1,ok
440,indextts,fearful,000440_indextts_fearful.wav,/srv/RL_project/repo/outputs/wav_by_model/indextts/000440_indextts_fearful.wav,ma si lan siong kiau ngoo e sing tsiu,ma7 si7 lan2 siong7 kiann1 goo7 e5 sin1 tsiu7,ma si lan siong kiau ngoo e sing tsiu,ma si lan siong kiann goo e sin tsiu,0.3333333333333333,9,6,3,0,0,zh,1,ok
441,indextts,neutral,000441_indextts_neutral.wav,/srv/RL_project/repo/outputs/wav_by_model/indextts/000441_indextts_neutral.wav,lang kong tai uan liam tsin tsing kah tak ke lai puah kam tsing,lang5 kong2 tai5 uan5 liam7 tsin1 tsing5 kah4 tak8 ke1 lai5 puah8 kan2 tsing5,lang kong tai uan liam tsin tsing kah tak ke lai puah kam tsing,lang kong tai uan liam tsin tsing kah tak ke lai puah kan tsing,0.07142857142857142,14,13,1,0,0,zh,1,ok
442,indextts,angry,000442_indextts_angry.wav,/srv/RL_project/repo/outputs/wav_by_model/indextts/000442_indextts_angry.wav,tai uan sio lo e jin tsing bi,tai5 uan5 sio1 lo7 e5 jin5 tsing5 bi7,tai uan sio lo e jin tsing bi,tai uan sio lo e jin tsing bi,0.0,8,8,0,0,0,zh,1,ok
443,indextts,surprised,000443_indextts_surprised.wav,/srv/RL_project/repo/outputs/wav/000443_indextts_surprised.wav,hoo tsin tse pat lai tai uan tshit tho,hoo7 tsi2 tsin1 i1 tseh4 tshi7 passika ti2 tsi2 lai5 tai5 jian5 uan5 tshi7 tshi7 jian3 thoo2 u7,hoo tsin tse pat lai tai uan tshit tho,hoo tsi tsin i tseh tshi passika ti tsi lai tai jian uan tshi tshi jian thoo u,1.4444444444444444,9,5,4,0,9,zh,1,ok
444,indextts,neutral,000444_indextts_neutral.wav,/srv/RL_project/repo/outputs/wav_by_model/indextts/000444_indextts_neutral.wav,iah si tua kue e gua kok lang long o lo kah e tak tsih,iah8 si7 tua3 kue3 e5 gua7 kok4 lang5 long2 o1 lo2 kah4 e7 tat8 tsi2,iah si tua kue e gua kok lang long o lo kah e tak tsih,iah si tua kue e gua kok lang long o lo kah e tat tsi,0.13333333333333333,15,13,2,0,0,zh,1,ok
445,indextts,disgusted,000445_indextts_disgusted.wav,/srv/RL_project/repo/outputs/wav_by_model/indextts/000445_indextts_disgusted.wav,bat u tsit ui tui jit pun lai e tsin tshut mia e bing tshenn kong,bat4 u7 tsit8 kui1 tui3 tsit8 pun2 lai5 e5 tsin1 tshut4 mia5 e5 bin5 tshenn1 kong2,bat u tsit ui tui jit pun lai e tsin tshut mia e bing tshenn kong,bat u tsit kui tui tsit pun lai e tsin tshut mia e bin tshenn kong,0.1875,16,13,3,0,0,zh,1,ok
446,indextts,neutral,000446_indextts_neutral.wav,/srv/RL_project/repo/outputs/wav_by_model/indextts/000446_indextts_neutral.wav,in ui tai uan lang e tshin tshiat,in1 ui7 tai5 uan5 lang5 e7 tshin1 tsheh4,in ui tai uan lang e tshin tshiat,in ui tai uan lang e tshin tsheh,0.125,8,7,1,0,0,zh,1,ok
447,indextts,fearful,000447_indextts_fearful.wav,/srv/RL_project/repo/outputs/wav/000447_indextts_fearful.wav,li thau tsit e siunn tioh e it ting si tsit tsam a tshing kah liah be tiau e bi kok tsit giap na kiu tui e suan tshiu lim su ho,li2 thau5 u7 tsit8 pah4 e5 siunn1 tshih4 tsian3 tioh8 pa1 tsian3 tsian3 e5 ITC ian3 ting7 GSID tsian7 sam2 tsit8 tsian1 a2 tshing1 sam1 kah4 suh4 liah8 pa2 pe2 tshi1 tiau7 u7 e5 bit8 tsian3 koo1 CG iapana lian7 kiu5 lian7 tui1 tsit4 e5 suan2 jian3 tshiu2 au2 ling2 u7 su1 tsian3 ho5,li thau tsit e siunn tioh e it ting si tsit tsam a tshing kah liah be tiau e bi kok tsit giap na kiu tui e suan tshiu lim su ho,li thau u tsit pah e siunn tshih tsian tioh pa tsian tsian e itc ian ting gsid tsian sam tsit tsian a tshing sam kah suh liah pa pe tshi tiau u e bit tsian koo cg iapana lian kiu lian tui tsit e suan jian tshiu au ling u su tsian ho,1.0,32,22,10,0,22,zh,1,ok
448,indextts,surprised,000448_indextts_surprised.wav,/srv/RL_project/repo/outputs/wav_by_model/indextts/000448_indextts_surprised.wav,hoo gua tshim tshim be luan tai uan,hoo7 gua2 tshim1 tshim1 be5 luan5 tai5 uan5,hoo gua tshim tshim be luan tai uan,hoo gua tshim tshim be luan tai uan,0.0,8,8,0,0,0,zh,1,ok
449,indextts,fearful,000449_indextts_fearful.wav,/srv/RL_project/repo/outputs/wav_by_model/indextts/000449_indextts_fearful.wav,soo i tioh sng lai tsia tshit tho tsap kui pai,soo2 i2 tio7 sng3 lai5 tsia1 tshit4 tho5 tsap8 kui2 pai2,soo i tioh sng lai tsia tshit tho tsap kui pai,soo i tio sng lai tsia tshit tho tsap kui pai,0.09090909090909091,11,10,1,0,0,zh,1,ok
450,indextts,surprised,000450_indextts_surprised.wav,/srv/RL_project/repo/outputs/wav_by_model/indextts/000450_indextts_surprised.wav,ma be ia sian,ma7 be7 iah8 sian7,ma be ia sian,ma be iah sian,0.25,4,3,1,0,0,zh,1,ok
451,indextts,neutral,000451_indextts_neutral.wav,/srv/RL_project/repo/outputs/wav_by_model/indextts/000451_indextts_neutral.wav,in ui ti tai uan,in1 ui7 ti7 tai5 uan5,in ui ti tai uan,in ui ti tai uan,0.0,5,5,0,0,0,zh,1,ok
452,indextts,neutral,000452_indextts_neutral.wav,/srv/RL_project/repo/outputs/wav_by_model/indextts/000452_indextts_neutral.wav,tak ke long ka gua tong tso si ka ki lang,tak8 ke1 long2 ka7 gua2 tong3 tso3 si7 ka1 ki7 lang5,tak ke long ka gua tong tso si ka ki lang,tak ke long ka gua tong tso si ka ki lang,0.0,11,11,0,0,0,zh,1,ok
453,indextts,surprised,000453_indextts_surprised.wav,/srv/RL_project/repo/outputs/wav_by_model/indextts/000453_indextts_surprised.wav,gun lau su ma bat tu tioh tsit e ti tai uan tsiah thau loo e gua kok lang,kun2 lau7 su1 ma7 bat4 tu2 tioh8 tsit8 e5 ti7 tai5 uan5 tsiah8 thau5 loo7 e5 gua7 kok4 lang5,gun lau su ma bat tu tioh tsit e ti tai uan tsiah thau loo e gua kok lang,kun lau su ma bat tu tioh tsit e ti tai uan tsiah thau loo e gua kok lang,0.05263157894736842,19,18,1,0,0,zh,1,ok
454,indextts,surprised,000454_indextts_surprised.wav,/srv/RL_project/repo/outputs/wav/000454_indextts_surprised.wav,in ui beh hoo lang tiau khi tiong kok,in1 tsian3 kui1 tshi3 beh4 si3 siau1 si5 oo2 tshit4 lang5 tiau5 san1 jian3 khi3 san2 tiong1 jian3 kok4 si2,in ui beh hoo lang tiau khi tiong kok,in tsian kui tshi beh si siau si oo tshit lang tiau san jian khi san tiong jian kok si,1.4444444444444444,9,7,2,0,11,zh,1,ok
455,indextts,sad,000455_indextts_sad.wav,/srv/RL_project/repo/outputs/wav_by_model/indextts/000455_indextts_sad.wav,kam kak tsin ut tsut,kam2 kak4 tsin1 ut4 tsut4,kam kak tsin ut tsut,kam kak tsin ut tsut,0.0,5,5,0,0,0,zh,1,ok
456,indextts,disgusted,000456_indextts_disgusted.wav,/srv/RL_project/repo/outputs/wav_by_model/indextts/000456_indextts_disgusted.wav,i kong tai uan tsit si ke long tshiong buan sio lo e jin tsing bi,i1 kong2 tai5 uan5 tsit8 si3 ke3 long2 tshiong1 buan2 sio1 lo7 e5 lin5 tsing5 ui5,i kong tai uan tsit si ke long tshiong buan sio lo e jin tsing bi,i kong tai uan tsit si ke long tshiong buan sio lo e lin tsing ui,0.125,16,14,2,0,0,zh,1,ok
457,indextts,angry,000457_indextts_angry.wav,/srv/RL_project/repo/outputs/wav_by_model/indextts/000457_indextts_angry.wav,si tsit e e hoo lang siau liam e ho soo tsai,si7 tsit8 e5 e7 hoo7 lang5 siau3 liam7 e5 ho2 soo2 tsai7,si tsit e e hoo lang siau liam e ho soo tsai,si tsit e e hoo lang siau liam e ho soo tsai,0.0,12,12,0,0,0,zh,1,ok
458,indextts,sad,000458_indextts_sad.wav,/srv/RL_project/repo/outputs/wav_by_model/indextts/000458_indextts_sad.wav,lim su ho sui jian hoo lan kam kak tsin kiau ngoo,lin5 su1 ho5 sui1 lian5 hoo7 lan2 kam2 kak4 tsin1 kiau5 ngoo7,lim su ho sui jian hoo lan kam kak tsin kiau ngoo,lin su ho sui lian hoo lan kam kak tsin kiau ngoo,0.16666666666666666,12,10,2,0,0,zh,1,ok
459,indextts,disgusted,000459_indextts_disgusted.wav,/srv/RL_project/repo/outputs/wav_by_model/indextts/000459_indextts_disgusted.wav,tong jian hoo lang siong kiau ngoo e soo tsai si,tong1 jian5 hoo7 lang5 siong7 kiau1 ngoo7 e5 soo2 tsai7 si7,tong jian hoo lang siong kiau ngoo e soo tsai si,tong jian hoo lang siong kiau ngoo e soo tsai si,0.0,11,11,0,0,0,zh,1,ok
460,indextts,sad,000460_indextts_sad.wav,/srv/RL_project/repo/outputs/wav_by_model/indextts/000460_indextts_sad.wav,tai uan si ti hua jin se kai te it e sit si bin tsu tse too e kok ka,tai5 uan5 si7 ti7 hua1 ling5 se3 kai3 te7 it4 e5 sit8 si1 bin5 tsu2 tse3 too5 e5 kok4 ka1,tai uan si ti hua jin se kai te it e sit si bin tsu tse too e kok ka,tai uan si ti hua ling se kai te it e sit si bin tsu tse too e kok ka,0.05,20,19,1,0,0,zh,1,ok
461,indextts,sad,000461_indextts_sad.wav,/srv/RL_project/repo/outputs/wav_by_model/indextts/000461_indextts_sad.wav,it kiu pat liok ni i au,it4 kiu2 pat4 liok8 ni5 i2 au7,it kiu pat liok ni i au,it kiu pat liok ni i au,0.0,7,7,0,0,0,zh,1,ok
462,indextts,surprised,000462_indextts_surprised.wav,/srv/RL_project/repo/outputs/wav_by_model/indextts/000462_indextts_surprised.wav,tsing ti kai kik e sok too ju lai ju kin,tshin1 ti7 kai2 kip4 e5 sok4 too7 ju2 lai5 ju2 kin2,tsing ti kai kik e sok too ju lai ju kin,tshin ti kai kip e sok too ju lai ju kin,0.18181818181818182,11,9,2,0,0,zh,1,ok
463,indextts,fearful,000463_indextts_fearful.wav,/srv/RL_project/repo/outputs/wav/000463_indextts_fearful.wav,pau kuat it kiu pat tshit ni kai tu kai giam huat,pau1 i5 tian7 kuat4 si7 it4 si3 kiu2 pat4 si3 tshit4 tsit4 ni5 kai2 kian3 tu5 kai3 giam5 u7 tsian3 huat4 si3,pau kuat it kiu pat tshit ni kai tu kai giam huat,pau i tian kuat si it si kiu pat si tshit tsit ni kai kian tu kai giam u tsian huat si,0.8333333333333334,12,12,0,0,10,zh,1,ok
464,indextts,happy,000464_indextts_happy.wav,/srv/RL_project/repo/outputs/wav/000464_indextts_happy.wav,sit si tsu iu hua tsing tshik,si7 pah4 tsian3 si1 tsu2 tshi5 lian3 iu5 lian3 hua3 tsin1 san1 lian3 tshik4 si2,sit si tsu iu hua tsing tshik,si pah tsian si tsu tshi lian iu lian hua tsin san lian tshik si,1.4285714285714286,7,5,2,0,8,zh,1,ok
465,indextts,disgusted,000465_indextts_disgusted.wav,/srv/RL_project/repo/outputs/wav/000465_indextts_disgusted.wav,kau it kiu kiu liok ni tsong thong tit suan,kau2 sam1 it4 si3 kiu2 kiu2 liok8 pa2 ni5 tsong2 R and thong2 R tik4 pa2 tsian3 suan2,kau it kiu kiu liok ni tsong thong tit suan,kau sam it si kiu kiu liok pa ni tsong r and thong r tik pa tsian suan,0.9,10,9,1,0,8,zh,1,ok
466,indextts,angry,000466_indextts_angry.wav,/srv/RL_project/repo/outputs/wav_by_model/indextts/000466_indextts_angry.wav,sng si huah tshut bin tsu tsuan hing e tsit tua poo,sng3 si7 huah4 tshut4 bin5 tsu2 tsuan2 hing5 e5 tsit4 tua7 poo7,sng si huah tshut bin tsu tsuan hing e tsit tua poo,sng si huah tshut bin tsu tsuan hing e tsit tua poo,0.0,12,12,0,0,0,zh,1,ok
467,indextts,surprised,000467_indextts_surprised.wav,/srv/RL_project/repo/outputs/wav_by_model/indextts/000467_indextts_surprised.wav,nng tshing ni tsong thong tai suan e kiat ko,nng7 tshing1 ni5 tsong2 thong2 tai7 suan1 e5 kiat4 ko2,nng tshing ni tsong thong tai suan e kiat ko,nng tshing ni tsong thong tai suan e kiat ko,0.0,10,10,0,0,0,zh,1,ok
468,indextts,sad,000468_indextts_sad.wav,/srv/RL_project/repo/outputs/wav_by_model/indextts/000468_indextts_sad.wav,si tai uan te it pai e tsing tong lun the,si7 tai5 uan5 te7 it4 pai2 e5 tsin3 tong2 lun5 the3,si tai uan te it pai e tsing tong lun the,si tai uan te it pai e tsin tong lun the,0.09090909090909091,11,10,1,0,0,zh,1,ok
469,indextts,neutral,000469_indextts_neutral.wav,/srv/RL_project/repo/outputs/wav/000469_indextts_neutral.wav,m koh i ping m si lan tai uan pue iong tshut lai e,m7 tsi2 jian2 koh4 si2 i1 ping7 tsi2 mi7 tsi2 SIC lan2 tai5 ian2 uan5 pue5 jian3 iong2 jian3 jian3 tshu2 tsi2 jian2 lai5 jian3 jian3 e5,m koh i ping m si lan tai uan pue iong tshut lai e,m tsi jian koh si i ping tsi mi tsi sic lan tai ian uan pue jian iong jian jian tshu tsi jian lai jian jian e,1.1428571428571428,14,11,3,0,13,zh,1,ok
470,indextts,surprised,000470_indextts_surprised.wav,/srv/RL_project/repo/outputs/wav/000470_indextts_surprised.wav,lan king lik ho ping tsuan i tsip tsing khuan e kue ting,lan2 kin2 tsian3 li2 ba5 ho5 tsian3 ping5 tsuan2 al3 tsian3 i5 tsit8 si3 tsian3 tsing1 san2 tsian3 khuan2 u7 e5 kui3 tsian3 ting5,lan king lik ho ping tsuan i tsip tsing khuan e kue ting,lan kin tsian li ba ho tsian ping tsuan al tsian i tsit si tsian tsing san tsian khuan u e kui tsian ting,1.1538461538461537,13,9,4,0,11,zh,1,ok
471,indextts,surprised,000471_indextts_surprised.wav,/srv/RL_project/repo/outputs/wav_by_model/indextts/000471_indextts_surprised.wav,hoo tai uan e bin tsu hua siu tioh se hong bin tsu kok ka e khing ting,hoo7 tai5 uan5 e5 bin5 tsu2 hua1 siu7 tioh8 se1 hong1 bin5 tsu2 kok4 ka1 e5 khing2 ting7,hoo tai uan e bin tsu hua siu tioh se hong bin tsu kok ka e khing ting,hoo tai uan e bin tsu hua siu tioh se hong bin tsu kok ka e khing ting,0.0,18,18,0,0,0,zh,1,ok
472,indextts,neutral,000472_indextts_neutral.wav,/srv/RL_project/repo/outputs/wav_by_model/indextts/000472_indextts_neutral.wav,lan u tsiah ni tse tat tit tshia iann e tsu san,lan2 u7 tsiah4 ni7 tse7 tat8 tit4 tshia1 iann7 e5 tsu1 san2,lan u tsiah ni tse tat tit tshia iann e tsu san,lan u tsiah ni tse tat tit tshia iann e tsu san,0.0,12,12,0,0,0,zh,1,ok
473,indextts,surprised,000473_indextts_surprised.wav,/srv/RL_project/repo/outputs/wav_by_model/indextts/000473_indextts_surprised.wav,lan u ho tioh ai tsai sioh po,lan2 u7 ho2 tioh8 ai3 tsai1 sioh4 po2,lan u ho tioh ai tsai sioh po,lan u ho tioh ai tsai sioh po,0.0,8,8,0,0,0,zh,1,ok
474,indextts,disgusted,000474_indextts_disgusted.wav,/srv/RL_project/repo/outputs/wav_by_model/indextts/000474_indextts_disgusted.wav,m thang tshin tshai pang hinn sak,m7 thang1 tshin3 tshai2 pang3 hi3 sat4,m thang tshin tshai pang hinn sak,m thang tshin tshai pang hi sat,0.2857142857142857,7,5,2,0,0,zh,1,ok
475,indextts,disgusted,000475_indextts_disgusted.wav,/srv/RL_project/repo/outputs/wav_by_model/indextts/000475_indextts_disgusted.wav,lan tioh ai bo hun tsok kun hue tse phah piann,lan2 tioh8 ai3 bo5 hun1 tsok8 kun5 hue7 tse5 phah4 piann1,lan tioh ai bo hun tsok kun hue tse phah piann,lan tioh ai bo hun tsok kun hue tse phah piann,0.0,11,11,0,0,0,zh,1,ok
476,indextts,sad,000476_indextts_sad.wav,/srv/RL_project/repo/outputs/wav_by_model/indextts/000476_indextts_sad.wav,kiong tong tshong tso koh khah tse tai uan tsi kong,kiong7 tong5 tshong3 tso7 koh4 khah4 tse3 tai5 uan5 tsi1 kong1,kiong tong tshong tso koh khah tse tai uan tsi kong,kiong tong tshong tso koh khah tse tai uan tsi kong,0.0,11,11,0,0,0,zh,1,ok
477,indextts,fearful,000477_indextts_fearful.wav,/srv/RL_project/repo/outputs/wav/000477_indextts_fearful.wav,kiong tong kian siat tsit e tsing siong e kok ka,kiong1 ji7 tsian3 tong5 kian3 tsian3 siat4 sit8 a2 e5 tsing1 san1 jian7 siong5 e5 koo3 si7 jian3 ka1,kiong tong kian siat tsit e tsing siong e kok ka,kiong ji tsian tong kian tsian siat sit a e tsing san jian siong e koo si jian ka,0.9090909090909091,11,9,2,0,8,zh,1,ok
478,indextts,disgusted,000478_indextts_disgusted.wav,/srv/RL_project/repo/outputs/wav_by_model/indextts/000478_indextts_disgusted.wav,hoo lan e tang tua siann tui tsuan se kai huah tshut,hoo7 lan2 e7 tang3 tua7 siann1 tui3 tsuan5 se3 kai3 huah4 tshut4,hoo lan e tang tua siann tui tsuan se kai huah tshut,hoo lan e tang tua siann tui tsuan se kai huah tshut,0.0,12,12,0,0,0,zh,1,ok
479,indextts,surprised,000479_indextts_surprised.wav,/srv/RL_project/repo/outputs/wav_by_model/indextts/000479_indextts_surprised.wav,gua si tai uan lang,gua2 si7 tai5 uan5 lang5,gua si tai uan lang,gua si tai uan lang,0.0,5,5,0,0,0,zh,1,ok
480,indextts,happy,000480_indextts_happy.wav,/srv/RL_project/repo/outputs/wav_by_model/indextts/000480_indextts_happy.wav,i si ti bi kok tshut si,i1 si7 ti7 bi2 kok4 tshut4 si3,i si ti bi kok tshut si,i si ti bi kok tshut si,0.0,7,7,0,0,0,zh,1,ok
481,indextts,angry,000481_indextts_angry.wav,/srv/RL_project/repo/outputs/wav_by_model/indextts/000481_indextts_angry.wav,tse tsiah si tai uan siong tua e kiau ngoo,tse1 tsiah4 si7 tai5 uan5 siong7 tuann7 e5 kiau2 ngoo7,tse tsiah si tai uan siong tua e kiau ngoo,tse tsiah si tai uan siong tuann e kiau ngoo,0.1,10,9,1,0,0,zh,1,ok
482,indextts,fearful,000482_indextts_fearful.wav,/srv/RL_project/repo/outputs/wav_by_model/indextts/000482_indextts_fearful.wav,li kong tioh bo,li2 kong2 tioh8 bo5,li kong tioh bo,li kong tioh bo,0.0,4,4,0,0,0,zh,1,ok
483,indextts,sad,000483_indextts_sad.wav,/srv/RL_project/repo/outputs/wav_by_model/indextts/000483_indextts_sad.wav,tsiap siu bi kok kau iok e bi kok lang,tsiap4 siu7 bi2 kok4 kau3 iok8 e5 bi2 kok4 lang5,tsiap siu bi kok kau iok e bi kok lang,tsiap siu bi kok kau iok e bi kok lang,0.0,10,10,0,0,0,zh,1,ok
484,indextts,fearful,000484_indextts_fearful.wav,/srv/RL_project/repo/outputs/wav_by_model/indextts/000484_indextts_fearful.wav,soo i gua jin ui tsin tsin tsiann tsiann e tai uan tsi kong si ia kiu tau tshiu ong kian bin,soo2 i2 gua2 lin7 ui5 tsin1 tsin1 tsiann3 tsiann3 e5 tai5 uan5 tsit8 kong1 si7 ia2 kiu5 tau5 tshiu2 ong5 kian3 bin5,soo i gua jin ui tsin tsin tsiann tsiann e tai uan tsi kong si ia kiu tau tshiu ong kian bin,soo i gua lin ui tsin tsin tsiann tsiann e tai uan tsit kong si ia kiu tau tshiu ong kian bin,0.09090909090909091,22,20,2,0,0,zh,1,ok
485,indextts,angry,000485_indextts_angry.wav,/srv/RL_project/repo/outputs/wav_by_model/indextts/000485_indextts_angry.wav,gua siong ai e lang,gua2 siong7 ai3 e5 lang5,gua siong ai e lang,gua siong ai e lang,0.0,5,5,0,0,0,zh,1,ok
486,indextts,sad,000486_indextts_sad.wav,/srv/RL_project/repo/outputs/wav_by_model/indextts/000486_indextts_sad.wav,tsin han tit u khah tng e si kan tso hue,tsin1 han2 tit4 u7 khah4 tng3 e5 si5 kan1 tso3 hue2,tsin han tit u khah tng e si kan tso hue,tsin han tit u khah tng e si kan tso hue,0.0,11,11,0,0,0,zh,1,ok
487,indextts,sad,000487_indextts_sad.wav,/srv/RL_project/repo/outputs/wav_by_model/indextts/000487_indextts_sad.wav,soo i tsu se han kau tann,soo2 i2 tsu7 se3 han3 kau3 ta1,soo i tsu se han kau tann,soo i tsu se han kau ta,0.14285714285714285,7,6,1,0,0,zh,1,ok
488,indextts,fearful,000488_indextts_fearful.wav,/srv/RL_project/repo/outputs/wav_by_model/indextts/000488_indextts_fearful.wav,long si a ma teh tsiau koo gua,long2 si7 a1 ma2 leh4 tsiau3 koo3 gua2,long si a ma teh tsiau koo gua,long si a ma leh tsiau koo gua,0.125,8,7,1,0,0,zh,1,ok
489,indextts,disgusted,000489_indextts_disgusted.wav,/srv/RL_project/repo/outputs/wav_by_model/indextts/000489_indextts_disgusted.wav,ka gua lak sai lak jio,ka7 gua2 lak8 sai2 lak8 io1,ka gua lak sai lak jio,ka gua lak sai lak io,0.16666666666666666,6,5,1,0,0,zh,1,ok
490,indextts,surprised,000490_indextts_surprised.wav,/srv/RL_project/repo/outputs/wav/000490_indextts_surprised.wav,kiann gua iau kiann gua kuann,kiann1 i1 gua2 iau2 i2 kiann1 i1 gua2 kuann5 u7,kiann gua iau kiann gua kuann,kiann i gua iau i kiann i gua kuann u,0.6666666666666666,6,6,0,0,4,zh,1,ok
491,indextts,fearful,000491_indextts_fearful.wav,/srv/RL_project/repo/outputs/wav/000491_indextts_fearful.wav,ui gua ang ang luan luan tshua kau tann tsiah tua han,ui3 gua2 ang5 tsian3 ang5 luan2 tsian3 luan2 tshua1 tsi2 kau1 san1 lian3 tann1 i1 tsiah4 si2 tua7 tsi2 jian3 han3,ui gua ang ang luan luan tshua kau tann tsiah tua han,ui gua ang tsian ang luan tsian luan tshua tsi kau san lian tann i tsiah si tua tsi jian han,0.75,12,12,0,0,9,zh,1,ok
492,indextts,disgusted,000492_indextts_disgusted.wav,/srv/RL_project/repo/outputs/wav/000492_indextts_disgusted.wav,soo i a ma si gua sim tiong siong tshin siong ai e lang,soo1 a2 jian3 i3 a1 jian5 ma2 si7 tshi2 gua2 sin1 i1 lian3 tiong1 siong7 tshit4 tshin1 it4 siong7 tsi2 ai3 e5 lang5,soo i a ma si gua sim tiong siong tshin siong ai e lang,soo a jian i a jian ma si tshi gua sin i lian tiong siong tshit tshin it siong tsi ai e lang,0.7142857142857143,14,13,1,0,9,zh,1,ok
493,indextts,happy,000493_indextts_happy.wav,/srv/RL_project/repo/outputs/wav_by_model/indextts/000493_indextts_happy.wav,gua pat thiann a ma kong gua se han si tsiann ai khau,gua2 pat4 thiann1 a1 ma2 kong2 gua2 se3 han3 si5 tsiann5 ai3 khau3,gua pat thiann a ma kong gua se han si tsiann ai khau,gua pat thiann a ma kong gua se han si tsiann ai khau,0.0,13,13,0,0,0,zh,1,ok
494,indextts,sad,000494_indextts_sad.wav,/srv/RL_project/repo/outputs/wav_by_model/indextts/000494_indextts_sad.wav,khau long khau be tiam,khau3 long2 khau3 be7 tiam7,khau long khau be tiam,khau long khau be tiam,0.0,5,5,0,0,0,zh,1,ok
495,indextts,neutral,000495_indextts_neutral.wav,/srv/RL_project/repo/outputs/wav_by_model/indextts/000495_indextts_neutral.wav,in ui tshu lai khuan king bo gua ho,in1 ui7 tshu2 lai7 khuan5 king2 bo5 gua7 ho2,in ui tshu lai khuan king bo gua ho,in ui tshu lai khuan king bo gua ho,0.0,9,9,0,0,0,zh,1,ok
496,indextts,sad,000496_indextts_sad.wav,/srv/RL_project/repo/outputs/wav_by_model/indextts/000496_indextts_sad.wav,tsok tsia tiunn jit tong,tsok4 tsia2 tiunn1 ji7 tong1,tsok tsia tiunn jit tong,tsok tsia tiunn ji tong,0.2,5,4,1,0,0,zh,1,ok
497,indextts,surprised,000497_indextts_surprised.wav,/srv/RL_project/repo/outputs/wav_by_model/indextts/000497_indextts_surprised.wav,hit si tsun a ma koh u leh tso tsu guan hue siu,hit4 si5 tsun7 a1 ma2 koh4 u7 leh4 tso3 tsu1 guan5 hue5 siu1,hit si tsun a ma koh u leh tso tsu guan hue siu,hit si tsun a ma koh u leh tso tsu guan hue siu,0.0,13,13,0,0,0,zh,1,ok
498,indextts,surprised,000498_indextts_surprised.wav,/srv/RL_project/repo/outputs/wav_by_model/indextts/000498_indextts_surprised.wav,ke kiam khioh tsit kua sok ka kuan a phainn tang ku siah phoo a tsua lai be,ke1 kiam2 khioh4 tsit8 kua2 soo3 ka1 kuan2 a2 phainn2 tang5 ku7 sia7 phoo7 a2 tsua2 lai5 be7,ke kiam khioh tsit kua sok ka kuan a phainn tang ku siah phoo a tsua lai be,ke kiam khioh tsit kua soo ka kuan a phainn tang ku sia phoo a tsua lai be,0.1111111111111111,18,16,2,0,0,zh,1,ok
499,indextts,angry,000499_indextts_angry.wav,/srv/RL_project/repo/outputs/wav_by_model/indextts/000499_indextts_angry.wav,thang ke kiam poo thiap tshu lai e khai siau,thang1 ke1 kiam2 poo2 thiap4 tshu3 lai7 e5 khai1 siau1,thang ke kiam poo thiap tshu lai e khai siau,thang ke kiam poo thiap tshu lai e khai siau,0.0,10,10,0,0,0,zh,1,ok
500,indextts,angry,000500_indextts_angry.wav,/srv/RL_project/repo/outputs/wav_by_model/indextts/000500_indextts_angry.wav,u tsit pai a ma tshut khi khioh mih kiann e si,u7 tsit8 pai2 a1 ma2 tshut4 khi3 khioh4 mih8 kiann7 e5 si5,u tsit pai a ma tshut khi khioh mih kiann e si,u tsit pai a ma tshut khi khioh mih kiann e si,0.0,12,12,0,0,0,zh,1,ok
501,indextts,happy,000501_indextts_happy.wav,/srv/RL_project/repo/outputs/wav_by_model/indextts/000501_indextts_happy.wav,gua ti tshu lai it tit khau,gua2 ti7 tshu3 lai7 it4 tit8 khau3,gua ti tshu lai it tit khau,gua ti tshu lai it tit khau,0.0,7,7,0,0,0,zh,1,ok
502,indextts,happy,000502_indextts_happy.wav,/srv/RL_project/repo/outputs/wav/000502_indextts_happy.wav,khau kah siunn tshut lat,khau2 thui2 kah4 phoo1 siunn1 un2 tshut4 phoo2 lat8 e5,khau kah siunn tshut lat,khau thui kah phoo siunn un tshut phoo lat e,1.0,5,5,0,0,5,zh,1,ok
503,indextts,angry,000503_indextts_angry.wav,/srv/RL_project/repo/outputs/wav_by_model/indextts/000503_indextts_angry.wav,suah lai tui tiong,suah4 lai5 tui3 tioh8,suah lai tui tiong,suah lai tui tioh,0.25,4,3,1,0,0,zh,1,ok
504,indextts,sad,000504_indextts_sad.wav,/srv/RL_project/repo/outputs/wav/000504_indextts_sad.wav,a ma tng lai e si khuann gua bin sik huan tshenn,a1 jian5 ma2 tng2 oh8 jian5 jian5 lai5 e5 si5 khuann3 san1 gua2 bin7 tshi3 jian3 sik4 si2 huan2 tshenn1 i1,a ma tng lai e si khuann gua bin sik huan tshenn,a jian ma tng oh jian jian lai e si khuann san gua bin tshi jian sik si huan tshenn i,0.75,12,12,0,0,9,zh,1,ok
505,indextts,sad,000505_indextts_sad.wav,/srv/RL_project/repo/outputs/wav_by_model/indextts/000505_indextts_sad.wav,kuann kin tsiong gua sang khi penn inn,kuann2 kin2 tsiong1 gua2 sng3 khi3 peh8 inn7,kuann kin tsiong gua sang khi penn inn,kuann kin tsiong gua sng khi peh inn,0.25,8,6,2,0,0,zh,1,ok
506,indextts,fearful,000506_indextts_fearful.wav,/srv/RL_project/repo/outputs/wav_by_model/indextts/000506_indextts_fearful.wav,i sing kong na koh ban tit puann tiam tsing,i1 sing1 kong2 na7 koh4 ban7 tit4 puann3 tiam2 tsing1,i sing kong na koh ban tit puann tiam tsing,i sing kong na koh ban tit puann tiam tsing,0.0,10,10,0,0,0,zh,1,ok
507,indextts,neutral,000507_indextts_neutral.wav,/srv/RL_project/repo/outputs/wav_by_model/indextts/000507_indextts_neutral.wav,kok ui phing phuann lau su kok ui suan tshiu tak ke ho,kok4 ui7 phin5 phuann3 lau7 su1 kok4 ui7 suan2 tshiu2 tak8 ke1 ho2,kok ui phing phuann lau su kok ui suan tshiu tak ke ho,kok ui phin phuann lau su kok ui suan tshiu tak ke ho,0.07692307692307693,13,12,1,0,0,zh,1,ok
508,indextts,sad,000508_indextts_sad.wav,/srv/RL_project/repo/outputs/wav_by_model/indextts/000508_indextts_sad.wav,tng a ngeh oo khi,tng1 a2 ngeh4 oo2 khi3,tng a ngeh oo khi,tng a ngeh oo khi,0.0,5,5,0,0,0,zh,1,ok
509,indextts,happy,000509_indextts_happy.wav,/srv/RL_project/repo/outputs/wav_by_model/indextts/000509_indextts_happy.wav,tsit e gin a to bo kiu ah,tsit4 e5 gin2 a2 to7 bo5 kiu3 ah4,tsit e gin a to bo kiu ah,tsit e gin a to bo kiu ah,0.0,8,8,0,0,0,zh,1,ok
510,indextts,angry,000510_indextts_angry.wav,/srv/RL_project/repo/outputs/wav_by_model/indextts/000510_indextts_angry.wav,a ma kong kau tsia bak sai lin lin go,a1 ma2 kong2 kau3 tsia1 bak8 sai2 lin2 lin2 go5,a ma kong kau tsia bak sai lin lin go,a ma kong kau tsia bak sai lin lin go,0.0,10,10,0,0,0,zh,1,ok
511,indextts,sad,000511_indextts_sad.wav,/srv/RL_project/repo/outputs/wav_by_model/indextts/000511_indextts_sad.wav,tshin tshiunn teh tsik kuai i bo ka tsiau koo ho se e khuan,tshin1 tshiunn7 teh4 tsit4 kuai3 i1 bo5 ka3 tsiau3 koo3 ho2 se3 e5 khuan2,tshin tshiunn teh tsik kuai i bo ka tsiau koo ho se e khuan,tshin tshiunn teh tsit kuai i bo ka tsiau koo ho se e khuan,0.07142857142857142,14,13,1,0,0,zh,1,ok
512,indextts,sad,000512_indextts_sad.wav,/srv/RL_project/repo/outputs/wav_by_model/indextts/000512_indextts_sad.wav,gua to kuann kin an ui a ma kong,gua2 tioh8 kuann2 kin2 an1 ui3 a1 ma2 kong2,gua to kuann kin an ui a ma kong,gua tioh kuann kin an ui a ma kong,0.1111111111111111,9,8,1,0,0,zh,1,ok
513,indextts,surprised,000513_indextts_surprised.wav,/srv/RL_project/repo/outputs/wav_by_model/indextts/000513_indextts_surprised.wav,si gua siunn ai khau,si7 gua2 siunn1 ai3 khau3,si gua siunn ai khau,si gua siunn ai khau,0.0,5,5,0,0,0,zh,1,ok
514,indextts,surprised,000514_indextts_surprised.wav,/srv/RL_project/repo/outputs/wav_by_model/indextts/000514_indextts_surprised.wav,gua e sinn mia si a ma ka gua kiu tng lai e,gua2 e5 sinn3 mia7 si7 a1 ma2 ka7 gua2 kiu3 tng2 lai5 e5,gua e sinn mia si a ma ka gua kiu tng lai e,gua e sinn mia si a ma ka gua kiu tng lai e,0.0,13,13,0,0,0,zh,1,ok
515,indextts,disgusted,000515_indextts_disgusted.wav,/srv/RL_project/repo/outputs/wav/000515_indextts_disgusted.wav,a ma li si gua siong ai e lang,a1 tsit8 ma2 li2 si7 tsit4 gua2 siong7 tsit4 ai3 e5 lang5,a ma li si gua siong ai e lang,a tsit ma li si tsit gua siong tsit ai e lang,0.3333333333333333,9,9,0,0,3,zh,1,ok
516,indextts,fearful,000516_indextts_fearful.wav,/srv/RL_project/repo/outputs/wav_by_model/indextts/000516_indextts_fearful.wav,a ma koh pat ka gua kong,a1 ma2 koh4 pat4 ka7 gua2 kong2,a ma koh pat ka gua kong,a ma koh pat ka gua kong,0.0,7,7,0,0,0,zh,1,ok
517,indextts,surprised,000517_indextts_surprised.wav,/srv/RL_project/repo/outputs/wav/000517_indextts_surprised.wav,gua se han e si phue hu bo ho,gua2 se3 jian2 han3 e5 si5 phue5 jian5 hu1 bo5 ho2,gua se han e si phue hu bo ho,gua se jian han e si phue jian hu bo ho,0.2222222222222222,9,9,0,0,2,zh,1,ok
518,indextts,angry,000518_indextts_angry.wav,/srv/RL_project/repo/outputs/wav_by_model/indextts/000518_indextts_angry.wav,kin a jit gua beh kong e te bok si gua siong ai e lang,kin1 a2 jit8 gua2 beh4 kong2 e5 te5 bok8 si7 gua2 siong7 ai3 e5 lang5 lang5,kin a jit gua beh kong e te bok si gua siong ai e lang,kin a jit gua beh kong e te bok si gua siong ai e lang lang,0.06666666666666667,15,15,0,0,1,zh,1,ok
519,indextts,happy,000519_indextts_happy.wav,/srv/RL_project/repo/outputs/wav_by_model/indextts/000519_indextts_happy.wav,tsin gau senn thau huat bue,tsin1 gau5 se1 thau5 huat4 bue2,tsin gau senn thau huat bue,tsin gau se thau huat bue,0.16666666666666666,6,5,1,0,0,zh,1,ok
520,indextts,fearful,000520_indextts_fearful.wav,/srv/RL_project/repo/outputs/wav_by_model/indextts/000520_indextts_fearful.wav,khah tsa tshu lai bang tsiann kau,khah4 tsa2 tshu3 lai7 bang2 tsiann5 kau7,khah tsa tshu lai bang tsiann kau,khah tsa tshu lai bang tsiann kau,0.0,7,7,0,0,0,zh,1,ok
521,indextts,surprised,000521_indextts_surprised.wav,/srv/RL_project/repo/outputs/wav_by_model/indextts/000521_indextts_surprised.wav,tiann tiann khi hoo bang a ting kah kui thau kui bin,tiann7 tiann7 khi3 hoo7 bang2 a2 ting3 kah4 kui1 thau5 kui1 bin7,tiann tiann khi hoo bang a ting kah kui thau kui bin,tiann tiann khi hoo bang a ting kah kui thau kui bin,0.0,12,12,0,0,0,zh,1,ok
522,indextts,fearful,000522_indextts_fearful.wav,/srv/RL_project/repo/outputs/wav_by_model/indextts/000522_indextts_fearful.wav,tsit phok tsit phok ang ki ki,tsit8 pho7 tsit8 pho7 ang5 ki3 ki3,tsit phok tsit phok ang ki ki,tsit pho tsit pho ang ki ki,0.2857142857142857,7,5,2,0,0,zh,1,ok
523,indextts,angry,000523_indextts_angry.wav,/srv/RL_project/repo/outputs/wav_by_model/indextts/000523_indextts_angry.wav,in ui tsin tsiunn to it tit khi ka jiau,in1 ui7 tsin1 tsiunn7 to7 it4 tit8 khi3 ka7 jiau3,in ui tsin tsiunn to it tit khi ka jiau,in ui tsin tsiunn to it tit khi ka jiau,0.0,10,10,0,0,0,zh,1,ok
524,indextts,disgusted,000524_indextts_disgusted.wav,/srv/RL_project/repo/outputs/wav/000524_indextts_disgusted.wav,jiau kah huat hong koh pu lang,jiau5 sann1 kah4 si3 siau1 si5 uat4 tshi3 jian7 hong5 koh4 si3 put4 tshi3 jian7 lang5,jiau kah huat hong koh pu lang,jiau sann kah si siau si uat tshi jian hong koh si put tshi jian lang,1.5714285714285714,7,5,2,0,9,zh,1,ok
525,indextts,sad,000525_indextts_sad.wav,/srv/RL_project/repo/outputs/wav_by_model/indextts/000525_indextts_sad.wav,kui liap thau long si liap a,kui1 liap8 thau5 long2 si7 liap8 a2,kui liap thau long si liap a,kui liap thau long si liap a,0.0,7,7,0,0,0,zh,1,ok
526,indextts,fearful,000526_indextts_fearful.wav,/srv/RL_project/repo/outputs/wav/000526_indextts_fearful.wav,tshiunn tshau thau kang khuan,tshiunn7 seven tshau2 thui1 thau5 pai3 khang1 seven khuan3 to2,tshiunn tshau thau kang khuan,tshiunn seven tshau thui thau pai khang seven khuan to,1.2,5,4,1,0,5,zh,1,ok
527,indextts,neutral,000527_indextts_neutral.wav,/srv/RL_project/repo/outputs/wav_by_model/indextts/000527_indextts_neutral.wav,a ma khuann tioh tsiann m kam,a1 ma2 khuann3 tioh8 tsiann5 m7 kam1,a ma khuann tioh tsiann m kam,a ma khuann tioh tsiann m kam,0.0,7,7,0,0,0,zh,1,ok
528,indextts,fearful,000528_indextts_fearful.wav,/srv/RL_project/repo/outputs/wav_by_model/indextts/000528_indextts_fearful.wav,to tsau khi tiong ioh tiam kap tin tsu hun tng lai hoo gua tsiah koh hoo gua buah,to7 tsau2 khi3 tiong1 ioh8 tiam3 ka1 tin1 tsu1 hun2 tng2 lai5 hoo7 gua2 tsiah8 koh4 hoo7 gua2 buah4,to tsau khi tiong ioh tiam kap tin tsu hun tng lai hoo gua tsiah koh hoo gua buah,to tsau khi tiong ioh tiam ka tin tsu hun tng lai hoo gua tsiah koh hoo gua buah,0.05263157894736842,19,18,1,0,0,zh,1,ok
529,indextts,angry,000529_indextts_angry.wav,/srv/RL_project/repo/outputs/wav_by_model/indextts/000529_indextts_angry.wav,tsu gua u ki ti kau tann,tsu7 gua2 u7 ki3 ti5 kau3 ta1,tsu gua u ki ti kau tann,tsu gua u ki ti kau ta,0.14285714285714285,7,6,1,0,0,zh,1,ok
530,indextts,happy,000530_indextts_happy.wav,/srv/RL_project/repo/outputs/wav_by_model/indextts/000530_indextts_happy.wav,gua ti teh siunn tin tsu hun it ting si kui sam sam,gua2 ti7 leh4 siunn7 tin1 tsi1 hun2 it4 ting7 si7 kui3 sam1 sam1,gua ti teh siunn tin tsu hun it ting si kui sam sam,gua ti leh siunn tin tsi hun it ting si kui sam sam,0.15384615384615385,13,11,2,0,0,zh,1,ok
531,indextts,neutral,000531_indextts_neutral.wav,/srv/RL_project/repo/outputs/wav_by_model/indextts/000531_indextts_neutral.wav,a ma tioh ai khioh gua tse ki 寶特瓶 tsiah u thang be tin tsu hun,a1 ma2 tioh8 ai3 khioh4 gua7 tse7 ki1 toh4 phian5 tsiah4 u7 thang1 beh4 tin7 tsu1 hun2,a ma tioh ai khioh gua tse ki 寶特瓶 tsiah u thang be tin tsu hun,a ma tioh ai khioh gua tse ki toh phian tsiah u thang beh tin tsu hun,0.1875,16,14,2,0,1,zh,1,ok
532,indextts,disgusted,000532_indextts_disgusted.wav,/srv/RL_project/repo/outputs/wav/000532_indextts_disgusted.wav,siunn kau tsia,siong7 seven kau3 thui1 tsiau1 uan3,siunn kau tsia,siong seven kau thui tsiau uan,1.6666666666666667,3,1,2,0,3,zh,1,ok
533,indextts,angry,000533_indextts_angry.wav,/srv/RL_project/repo/outputs/wav_by_model/indextts/000533_indextts_angry.wav,gua kam siu tioh a ma si se kan siong ai gua e lang,gua2 kam2 siu7 tioh8 a1 ma2 si7 se3 kan1 siong7 ai3 gua2 e5 lang5,gua kam siu tioh a ma si se kan siong ai gua e lang,gua kam siu tioh a ma si se kan siong ai gua e lang,0.0,14,14,0,0,0,zh,1,ok
534,indextts,surprised,000534_indextts_surprised.wav,/srv/RL_project/repo/outputs/wav_by_model/indextts/000534_indextts_surprised.wav,gua tsit ma teh thak kok sio,gua2 tsit4 ma2 teh4 thak8 kok4 sio2,gua tsit ma teh thak kok sio,gua tsit ma teh thak kok sio,0.0,7,7,0,0,0,zh,1,ok
535,indextts,angry,000535_indextts_angry.wav,/srv/RL_project/repo/outputs/wav_by_model/indextts/000535_indextts_angry.wav,tak kang ke be the kau be pui e si,tak8 kang1 ke1 be7 theh8 kau2 be7 pui7 e5 si5,tak kang ke be the kau be pui e si,tak kang ke be theh kau be pui e si,0.1,10,9,1,0,0,zh,1,ok
536,indextts,angry,000536_indextts_angry.wav,/srv/RL_project/repo/outputs/wav_by_model/indextts/000536_indextts_angry.wav,a ma to e khi lai tsu tsa tng hoo gua tsiah,a1 ma2 to7 e7 khi2 lai5 tsu2 tsa2 tng3 hoo7 gua2 tsiah8,a ma to e khi lai tsu tsa tng hoo gua tsiah,a ma to e khi lai tsu tsa tng hoo gua tsiah,0.0,12,12,0,0,0,zh,1,ok
537,indextts,happy,000537_indextts_happy.wav,/srv/RL_project/repo/outputs/wav_by_model/indextts/000537_indextts_happy.wav,a ma e kun mue tsian nng,a1 ma2 e5 kun1 mue5 tsian5 nng7,a ma e kun mue tsian nng,a ma e kun mue tsian nng,0.0,7,7,0,0,0,zh,1,ok
538,indextts,fearful,000538_indextts_fearful.wav,/srv/RL_project/repo/outputs/wav_by_model/indextts/000538_indextts_fearful.wav,koh tsha tsit hang tshenn tshai hoo gua phue,koh4 tsha2 tsit8 hang7 tshenn1 tshai3 hoo7 gua2 phue3,koh tsha tsit hang tshenn tshai hoo gua phue,koh tsha tsit hang tshenn tshai hoo gua phue,0.0,9,9,0,0,0,zh,1,ok
539,indextts,angry,000539_indextts_angry.wav,/srv/RL_project/repo/outputs/wav_by_model/indextts/000539_indextts_angry.wav,a ma kong ka ki tsu e tsong pi gua khau be e khah ho,a1 ma2 kong2 ka1 ki7 tsu2 e5 tsong2 pi2 gua7 khau2 be7 khah4 ho2,a ma kong ka ki tsu e tsong pi gua khau be e khah ho,a ma kong ka ki tsu e tsong pi gua khau be khah ho,0.06666666666666667,15,14,0,1,0,zh,1,ok
540,indextts,sad,000540_indextts_sad.wav,/srv/RL_project/repo/outputs/wav_by_model/indextts/000540_indextts_sad.wav,gua m bat khuann kue guan ma mah,gua2 m7 bat4 khuann3 kue3 e5 guan2 ma2 mah4,gua m bat khuann kue guan ma mah,gua m bat khuann kue e guan ma mah,0.125,8,8,0,0,1,zh,1,ok
541,indextts,surprised,000541_indextts_surprised.wav,/srv/RL_project/repo/outputs/wav_by_model/indextts/000541_indextts_surprised.wav,tsiah tioh ma khah an sim,tsiah8 tioh8 ma7 khah4 an1 sim1,tsiah tioh ma khah an sim,tsiah tioh ma khah an sim,0.0,6,6,0,0,0,zh,1,ok
542,indextts,surprised,000542_indextts_surprised.wav,/srv/RL_project/repo/outputs/wav_by_model/indextts/000542_indextts_surprised.wav,tsit ma tian si koh it tit po hit lo 塑化劑,tsit4 ma2 tian7 si7 koh4 it4 tit8 po3 hit4 lo7 suh4 hua3 to7,tsit ma tian si koh it tit po hit lo 塑化劑,tsit ma tian si koh it tit po hit lo suh hua to,0.2727272727272727,11,10,1,0,2,zh,1,ok
543,indextts,happy,000543_indextts_happy.wav,/srv/RL_project/repo/outputs/wav_by_model/indextts/000543_indextts_happy.wav,na tsiah siunn tse tui sin the tsiann bai,na7 tsiah8 siunn1 tse7 tui3 sin1 the2 tsiann5 bai2,na tsiah siunn tse tui sin the tsiann bai,na tsiah siunn tse tui sin the tsiann bai,0.0,9,9,0,0,0,zh,1,ok
544,indextts,sad,000544_indextts_sad.wav,/srv/RL_project/repo/outputs/wav_by_model/indextts/000544_indextts_sad.wav,li gin a lang tu beh tua,li2 kin1 a2 lang5 tu2 beh4 tua7,li gin a lang tu beh tua,li kin a lang tu beh tua,0.14285714285714285,7,6,1,0,0,zh,1,ok
545,indextts,sad,000545_indextts_sad.wav,/srv/RL_project/repo/outputs/wav_by_model/indextts/000545_indextts_sad.wav,sin the ai koo hoo kiann,sin1 the2 ai3 koh4 hoo7 kiann7,sin the ai koo hoo kiann,sin the ai koh hoo kiann,0.16666666666666666,6,5,1,0,0,zh,1,ok
546,indextts,disgusted,000546_indextts_disgusted.wav,/srv/RL_project/repo/outputs/wav_by_model/indextts/000546_indextts_disgusted.wav,au pai tsiah u thang kian lip tsit e khuai lok e ka ting,au7 pai2 tsiah4 u7 thang1 kian3 lip8 tsit8 e5 khuai3 lok8 e5 ka1 ting5,au pai tsiah u thang kian lip tsit e khuai lok e ka ting,au pai tsiah u thang kian lip tsit e khuai lok e ka ting,0.0,14,14,0,0,0,zh,1,ok
547,indextts,neutral,000547_indextts_neutral.wav,/srv/RL_project/repo/outputs/wav_by_model/indextts/000547_indextts_neutral.wav,sui jian hian tshu si gua iau koh se han,sui1 lian5 hian7 tshu2 si5 gua2 iau2 koh4 se3 han3,sui jian hian tshu si gua iau koh se han,sui lian hian tshu si gua iau koh se han,0.1,10,9,1,0,0,zh,1,ok
548,indextts,surprised,000548_indextts_surprised.wav,/srv/RL_project/repo/outputs/wav_by_model/indextts/000548_indextts_surprised.wav,m koh a ma tui gua e kuan sim kah thiann ai,m7 koh4 a1 ma2 tui3 gua2 e5 kuan1 sim1 kah4 thiann3 ai3,m koh a ma tui gua e kuan sim kah thiann ai,m koh a ma tui gua e kuan sim kah thiann ai,0.0,12,12,0,0,0,zh,1,ok
549,indextts,disgusted,000549_indextts_disgusted.wav,/srv/RL_project/repo/outputs/wav_by_model/indextts/000549_indextts_disgusted.wav,gua e ing uan ki tiam sim lai,gua2 ing2 uan2 ki3 tiam3 sim1 lai7,gua e ing uan ki tiam sim lai,gua ing uan ki tiam sim lai,0.125,8,7,0,1,0,zh,1,ok
550,indextts,happy,000550_indextts_happy.wav,/srv/RL_project/repo/outputs/wav_by_model/indextts/000550_indextts_happy.wav,tsit ma gua tioh ai ho ho iu hau a ma,tsit4 ma2 gua2 tioh8 ai3 ho2 ho2 iu2 hau3 a1 ma2,tsit ma gua tioh ai ho ho iu hau a ma,tsit ma gua tioh ai ho ho iu hau a ma,0.0,11,11,0,0,0,zh,1,ok
551,indextts,angry,000551_indextts_angry.wav,/srv/RL_project/repo/outputs/wav_by_model/indextts/000551_indextts_angry.wav,pa pah ui tioh kui ke hue e sing uah,pah4 pah4 hui3 tioh8 kui1 ke1 hue2 e5 sing1 uah8,pa pah ui tioh kui ke hue e sing uah,pah pah hui tioh kui ke hue e sing uah,0.2,10,8,2,0,0,zh,1,ok
552,indextts,sad,000552_indextts_sad.wav,/srv/RL_project/repo/outputs/wav_by_model/indextts/000552_indextts_sad.wav,tan gua tua han,tang1 gua2 tua7 han3,tan gua tua han,tang gua tua han,0.25,4,3,1,0,0,zh,1,ok
553,indextts,neutral,000553_indextts_neutral.wav,/srv/RL_project/repo/outputs/wav/000553_indextts_neutral.wav,gua beh po tap a ma iong iok gua e un tsing,gua2 beh4 si3 po3 lian2 tat8 si3 liat8 liat8 ma2 iong2 lian3 iok4 pa1 lian3 lian3 gua2 e5 un1 lian2 tsin1 u7,gua beh po tap a ma iong iok gua e un tsing,gua beh si po lian tat si liat liat ma iong lian iok pa lian lian gua e un lian tsin u,1.0833333333333333,12,9,3,0,10,zh,1,ok
554,indextts,neutral,000554_indextts_neutral.wav,/srv/RL_project/repo/outputs/wav_by_model/indextts/000554_indextts_neutral.wav,koh tsiong tsit hun un tsing ka thuan loh khi,koh4 tsiong1 tsit4 hun7 un1 tsing5 ka7 thuan5 loh8 khi3,koh tsiong tsit hun un tsing ka thuan loh khi,koh tsiong tsit hun un tsing ka thuan loh khi,0.0,10,10,0,0,0,zh,1,ok
555,indextts,sad,000555_indextts_sad.wav,/srv/RL_project/repo/outputs/wav_by_model/indextts/000555_indextts_sad.wav,tsue au gua beh kong,tsue3 au7 gua2 beh4 kong2,tsue au gua beh kong,tsue au gua beh kong,0.0,5,5,0,0,0,zh,1,ok
556,indextts,neutral,000556_indextts_neutral.wav,/srv/RL_project/repo/outputs/wav_by_model/indextts/000556_indextts_neutral.wav,a ma li si gua ing uan ing uan siong ai e lang,a1 ma2 li2 si7 gua2 ing2 uan2 ing2 uan2 siong7 ai3 e5 lang5,a ma li si gua ing uan ing uan siong ai e lang,a ma li si gua ing uan ing uan siong ai e lang,0.0,13,13,0,0,0,zh,1,ok
557,indextts,angry,000557_indextts_angry.wav,/srv/RL_project/repo/outputs/wav_by_model/indextts/000557_indextts_angry.wav,gua e ian kang to kong kau tsia,gua2 e5 ian2 kau2 tio7 kong2 kau3 tsia1,gua e ian kang to kong kau tsia,gua e ian kau tio kong kau tsia,0.25,8,6,2,0,0,zh,1,ok
558,indextts,fearful,000558_indextts_fearful.wav,/srv/RL_project/repo/outputs/wav_by_model/indextts/000558_indextts_fearful.wav,kam sia kok ui,kam2 sia7 kok4 ui7,kam sia kok ui,kam sia kok ui,0.0,4,4,0,0,0,zh,1,ok
559,indextts,fearful,000559_indextts_fearful.wav,/srv/RL_project/repo/outputs/wav_by_model/indextts/000559_indextts_fearful.wav,thau jit ti gua khau pun pho tsau tsong,thau5 jip8 ti7 gua7 khau2 pun2 pho1 tsau2 tsong5,thau jit ti gua khau pun pho tsau tsong,thau jip ti gua khau pun pho tsau tsong,0.1111111111111111,9,8,1,0,0,zh,1,ok
560,indextts,disgusted,000560_indextts_disgusted.wav,/srv/RL_project/repo/outputs/wav_by_model/indextts/000560_indextts_disgusted.wav,u tang si kui na kang tsiah u thang tng lai tsit pai,u7 tang1 si7 kui2 na7 kang1 tsiah4 u7 thang1 tng2 lai5 tsit8 pai2,u tang si kui na kang tsiah u thang tng lai tsit pai,u tang si kui na kang tsiah u thang tng lai tsit pai,0.0,13,13,0,0,0,zh,1,ok
561,indextts,surprised,000561_indextts_surprised.wav,/srv/RL_project/repo/outputs/wav_by_model/indextts/000561_indextts_surprised.wav,tshio si hong guan hit e tann sai e,tshio3 si2 hong1 guan5 hit4 e5 ta1 sai2 e5,tshio si hong guan hit e tann sai e,tshio si hong guan hit e ta sai e,0.1111111111111111,9,8,1,0,0,zh,1,ok
562,indextts,angry,000562_indextts_angry.wav,/srv/RL_project/repo/outputs/wav_by_model/indextts/000562_indextts_angry.wav,tsing tsoh tsin tsio teh iong hua hak pui liau,tshing3 tsoo1 tsin1 tsio1 leh4 iong7 hua3 hiap8 pui5 liau7,tsing tsoh tsin tsio teh iong hua hak pui liau,tshing tsoo tsin tsio leh iong hua hiap pui liau,0.4,10,6,4,0,0,zh,1,ok
563,indextts,fearful,000563_indextts_fearful.wav,/srv/RL_project/repo/outputs/wav_by_model/indextts/000563_indextts_fearful.wav,long tsok but ai iong tioh e pui,long2 tsok4 but8 ai3 iong7 tioh8 e7 pui5,long tsok but ai iong tioh e pui,long tsok but ai iong tioh e pui,0.0,8,8,0,0,0,zh,1,ok
564,indextts,fearful,000564_indextts_fearful.wav,/srv/RL_project/repo/outputs/wav_by_model/indextts/000564_indextts_fearful.wav,long ma ka ki tse tso sing san e,long2 ma7 ka1 ki7 tse3 tso7 sing1 san2 e5,long ma ka ki tse tso sing san e,long ma ka ki tse tso sing san e,0.0,9,9,0,0,0,zh,1,ok
565,indextts,happy,000565_indextts_happy.wav,/srv/RL_project/repo/outputs/wav_by_model/indextts/000565_indextts_happy.wav,tshiunn kong ke sai pui ti sai pui kah lang ka ki pang tshut lai e tua pui,tshiunn7 kong2 ke1 sai2 pui5 ti1 sai2 pui5 kah4 lang5 ka1 ki7 pang3 tshut4 lai5 e5 tua7 pui5,tshiunn kong ke sai pui ti sai pui kah lang ka ki pang tshut lai e tua pui,tshiunn kong ke sai pui ti sai pui kah lang ka ki pang tshut lai e tua pui,0.0,18,18,0,0,0,zh,1,ok
566,indextts,happy,000566_indextts_happy.wav,/srv/RL_project/repo/outputs/wav_by_model/indextts/000566_indextts_happy.wav,iah si iong tiu tshau pun so khi au tso pui,iah8 si7 iong7 tiu7 tshau2 pun3 so3 khi3 au7 tso3 pui5,iah si iong tiu tshau pun so khi au tso pui,iah si iong tiu tshau pun so khi au tso pui,0.0,11,11,0,0,0,zh,1,ok
567,indextts,sad,000567_indextts_sad.wav,/srv/RL_project/repo/outputs/wav_by_model/indextts/000567_indextts_sad.wav,koh tsit tsiong to si tua ti ke a lai e lang,koh4 tsit8 tsiong2 to7 si7 tua3 ti7 ke1 a2 lai7 e5 lang5,koh tsit tsiong to si tua ti ke a lai e lang,koh tsit tsiong to si tua ti ke a lai e lang,0.0,12,12,0,0,0,zh,1,ok
568,indextts,neutral,000568_indextts_neutral.wav,/srv/RL_project/repo/outputs/wav_by_model/indextts/000568_indextts_neutral.wav,tui hia e pang tshut lai e mih kiann ka ki bo loo iong,tui3 hia1 e5 pang3 tshut4 lai5 e5 mih8 kiann7 ka1 ti7 bo5 loo7 iong7,tui hia e pang tshut lai e mih kiann ka ki bo loo iong,tui hia e pang tshut lai e mih kiann ka ti bo loo iong,0.07142857142857142,14,13,1,0,0,zh,1,ok
569,indextts,sad,000569_indextts_sad.wav,/srv/RL_project/repo/outputs/wav_by_model/indextts/000569_indextts_sad.wav,to e u tsit kua tsoh sit lang lai in beh ai in e tua pui,to7 e7 u7 tsit8 kua2 tsoh4 sit4 lang5 lai5 in2 beh4 ai3 in1 e5 tua7 pui5,to e u tsit kua tsoh sit lang lai in beh ai in e tua pui,to e u tsit kua tsoh sit lang lai in beh ai in e tua pui,0.0,16,16,0,0,0,zh,1,ok
570,indextts,happy,000570_indextts_happy.wav,/srv/RL_project/repo/outputs/wav_by_model/indextts/000570_indextts_happy.wav,sui jian in tse bian hu tsinn,sui1 lian5 in2 tse1 bian2 hu3 tsinn5,sui jian in tse bian hu tsinn,sui lian in tse bian hu tsinn,0.14285714285714285,7,6,1,0,0,zh,1,ok
571,indextts,neutral,000571_indextts_neutral.wav,/srv/RL_project/repo/outputs/wav_by_model/indextts/000571_indextts_neutral.wav,m koh kue ni kue tseh iau si ai sang tsit e a le but,m7 koh4 kue3 ni5 kue3 tse3 iau2 si7 ai3 sang3 tsit8 e7 a2 le2 but8,m koh kue ni kue tseh iau si ai sang tsit e a le but,m koh kue ni kue tse iau si ai sang tsit e a le but,0.06666666666666667,15,14,1,0,0,zh,1,ok
572,indextts,sad,000572_indextts_sad.wav,/srv/RL_project/repo/outputs/wav_by_model/indextts/000572_indextts_sad.wav,tsok tsia kang ting tshiu,tsok4 tsia2 kang1 tin1 tshiu7,tsok tsia kang ting tshiu,tsok tsia kang tin tshiu,0.2,5,4,1,0,0,zh,1,ok
573,indextts,happy,000573_indextts_happy.wav,/srv/RL_project/repo/outputs/wav_by_model/indextts/000573_indextts_happy.wav,na bo gua ka iah leh,na7 bo5 gua7 ka1 iah8 leh4,na bo gua ka iah leh,na bo gua ka iah leh,0.0,6,6,0,0,0,zh,1,ok
574,indextts,disgusted,000574_indextts_disgusted.wav,/srv/RL_project/repo/outputs/wav_by_model/indextts/000574_indextts_disgusted.wav,me ni to hoo pat lang in khi,me5 ni5 to7 hoo7 pat8 lang5 in2 khi3,me ni to hoo pat lang in khi,me ni to hoo pat lang in khi,0.0,8,8,0,0,0,zh,1,ok
575,indextts,happy,000575_indextts_happy.wav,/srv/RL_project/repo/outputs/wav_by_model/indextts/000575_indextts_happy.wav,u tsit e be ke e sing li lang,u7 tsit8 e5 be7 ke5 e5 sin1 li2 lang5,u tsit e be ke e sing li lang,u tsit e be ke e sin li lang,0.1111111111111111,9,8,1,0,0,zh,1,ok
576,indextts,fearful,000576_indextts_fearful.wav,/srv/RL_project/repo/outputs/wav/000576_indextts_fearful.wav,tak kang to e tann tioh i hit tann ke,tah8 pah4 tsian3 kang1 to7 tshi7 e3 tsi1 tann1 i1 tsian3 tioh8 ba2 i1 hit4 si3 ta1 san1 ke5,tak kang to e tann tioh i hit tann ke,tah pah tsian kang to tshi e tsi tann i tsian tioh ba i hit si ta san ke,1.1,10,8,2,0,9,zh,1,ok
577,indextts,neutral,000577_indextts_neutral.wav,/srv/RL_project/repo/outputs/wav_by_model/indextts/000577_indextts_neutral.wav,ti tak si ke e tsng a thau tsit e tsit e khi kio be,ti7 tak8 si3 ke3 e5 tsng1 a2 thau5 tsit8 e5 tsit8 e5 khi3 kio3 be7,ti tak si ke e tsng a thau tsit e tsit e khi kio be,ti tak si ke e tsng a thau tsit e tsit e khi kio be,0.0,15,15,0,0,0,zh,1,ok
578,indextts,angry,000578_indextts_angry.wav,/srv/RL_project/repo/outputs/wav_by_model/indextts/000578_indextts_angry.wav,na kau tiong tau i to e khi tsng gua e tua tshiu kha,na7 kau3 tiong1 tau3 i1 to7 e7 khi3 tsng1 gua2 e5 tua7 tshiu7 kha1,na kau tiong tau i to e khi tsng gua e tua tshiu kha,na kau tiong tau i to e khi tsng gua e tua tshiu kha,0.0,14,14,0,0,0,zh,1,ok
579,indextts,disgusted,000579_indextts_disgusted.wav,/srv/RL_project/repo/outputs/wav_by_model/indextts/000579_indextts_disgusted.wav,tsiah png kann hioh tau,tsiah8 png7 kann2 hioh4 tau3,tsiah png kann hioh tau,tsiah png kann hioh tau,0.0,5,5,0,0,0,zh,1,ok
580,indextts,angry,000580_indextts_angry.wav,/srv/RL_project/repo/outputs/wav/000580_indextts_angry.wav,tsit kua na ti i tann khi be e si hu bo tioh e,tsit4 ba2 jian3 gua2 na2 tsit4 tih4 tsit4 gi2 tann1 i5 jian2 khi2 san2 be2 tshi7 e5 si5 hu3 bo5 tioh8 ba2 tsian3 jian3 e5,tsit kua na ti i tann khi be e si hu bo tioh e,tsit ba jian gua na tsit tih tsit gi tann i jian khi san be tshi e si hu bo tioh ba tsian jian e,1.0,14,11,3,0,11,zh,1,ok
581,indextts,fearful,000581_indextts_fearful.wav,/srv/RL_project/repo/outputs/wav_by_model/indextts/000581_indextts_fearful.wav,long tsai iann ti tiong tau i hioh khun e si,long2 tsai1 iann2 ti7 tiong1 tau3 i1 hioh4 khun3 e5 si5,long tsai iann ti tiong tau i hioh khun e si,long tsai iann ti tiong tau i hioh khun e si,0.0,11,11,0,0,0,zh,1,ok
582,indextts,sad,000582_indextts_sad.wav,/srv/RL_project/repo/outputs/wav_by_model/indextts/000582_indextts_sad.wav,lai tsia ka kau kuan,lai5 tsia1 ka7 kau1 kuan1,lai tsia ka kau kuan,lai tsia ka kau kuan,0.0,5,5,0,0,0,zh,1,ok
583,indextts,sad,000583_indextts_sad.wav,/srv/RL_project/repo/outputs/wav_by_model/indextts/000583_indextts_sad.wav,tsin tsa i tsing,tsin1 tsa2 i2 tsing5,tsin tsa i tsing,tsin tsa i tsing,0.0,4,4,0,0,0,zh,1,ok
584,indextts,angry,000584_indextts_angry.wav,/srv/RL_project/repo/outputs/wav_by_model/indextts/000584_indextts_angry.wav,be ke si u phiat poo e,beh4 ke1 si7 u7 phiat4 poo7 e5,be ke si u phiat poo e,beh ke si u phiat poo e,0.14285714285714285,7,6,1,0,0,zh,1,ok
585,indextts,surprised,000585_indextts_surprised.wav,/srv/RL_project/repo/outputs/wav_by_model/indextts/000585_indextts_surprised.wav,ai sing iong tsing thau a ka tsam tsit sut a lai tshui nih tam khuann u kam phinn khuann u phang bo,ai3 sing1 iong7 tsing2 thau5 a2 ka7 tsam1 tsit8 sut4 a2 lai5 tshui3 nih4 tam1 khuann3 u7 kam1 phinn7 khuann3 u7 pham1 bo5,ai sing iong tsing thau a ka tsam tsit sut a lai tshui nih tam khuann u kam phinn khuann u phang bo,ai sing iong tsing thau a ka tsam tsit sut a lai tshui nih tam khuann u kam phinn khuann u pham bo,0.043478260869565216,23,22,1,0,0,zh,1,ok
586,indextts,fearful,000586_indextts_fearful.wav,/srv/RL_project/repo/outputs/wav_by_model/indextts/000586_indextts_fearful.wav,in ui na si kui tann an ne phinn,in1 ui7 na7 si7 kui1 tah4 an2 ne1 phinn1,in ui na si kui tann an ne phinn,in ui na si kui tah an ne phinn,0.1111111111111111,9,8,1,0,0,zh,1,ok
587,indextts,sad,000587_indextts_sad.wav,/srv/RL_project/repo/outputs/wav_by_model/indextts/000587_indextts_sad.wav,khi bi siunn tang,khi3 bi7 siunn1 tang7,khi bi siunn tang,khi bi siunn tang,0.0,4,4,0,0,0,zh,1,ok
588,indextts,sad,000588_indextts_sad.wav,/srv/RL_project/repo/outputs/wav/000588_indextts_sad.wav,tshau tsho phih pha,tshau2 thui1 tsho3 one people seven,tshau tsho phih pha,tshau thui tsho one people seven,1.0,4,2,2,0,2,zh,1,ok
589,indextts,neutral,000589_indextts_neutral.wav,/srv/RL_project/repo/outputs/wav_by_model/indextts/000589_indextts_neutral.wav,gua bai bi leh,gua7 bai2 bi7 leh4,gua bai bi leh,gua bai bi leh,0.0,4,4,0,0,0,zh,1,ok
590,indextts,sad,000590_indextts_sad.wav,/srv/RL_project/repo/outputs/wav_by_model/indextts/000590_indextts_sad.wav,tsin tu ho u tsit kang tsit e be ke e hioh khun bo lai be,tsin1 tu2 ho2 u7 tsit8 kang1 tsit4 e5 be7 ke5 hioh4 khun3 bo5 lai5 be7,tsin tu ho u tsit kang tsit e be ke e hioh khun bo lai be,tsin tu ho u tsit kang tsit e be ke hioh khun bo lai be,0.0625,16,15,0,1,0,zh,1,ok
591,indextts,neutral,000591_indextts_neutral.wav,/srv/RL_project/repo/outputs/wav_by_model/indextts/000591_indextts_neutral.wav,ma hiah tu tshian,ma7 hiah4 tu2 tshian1,ma hiah tu tshian,ma hiah tu tshian,0.0,4,4,0,0,0,zh,1,ok
592,indextts,disgusted,000592_indextts_disgusted.wav,/srv/RL_project/repo/outputs/wav/000592_indextts_disgusted.wav,u tsit e tua hong guan e tsoh sit lang,u7 ji7 tsit4 pah4 e5 tua3 hong1 jian3 kuan5 e5 tsoh4 si2 jian3 si2 si2 jian3 lang5,u tsit e tua hong guan e tsoh sit lang,u ji tsit pah e tua hong jian kuan e tsoh si jian si si jian lang,0.9,10,8,2,0,7,zh,1,ok
593,indextts,surprised,000593_indextts_surprised.wav,/srv/RL_project/repo/outputs/wav/000593_indextts_surprised.wav,khi siu tua pui tng lai kau puann loo,khi3 san1 siu1 tua7 tshi2 jian3 pui5 tng5 a2 jian3 lai5 tshiu2 ai3 san1 puann1 san1 jian3 loo7 tshi7,khi siu tua pui tng lai kau puann loo,khi san siu tua tshi jian pui tng a jian lai tshiu ai san puann san jian loo tshi,1.2222222222222223,9,8,1,0,10,zh,1,ok
594,indextts,angry,000594_indextts_angry.wav,/srv/RL_project/repo/outputs/wav_by_model/indextts/000594_indextts_angry.wav,lan tai uan iau si long giap sia hue,lan2 tai5 uan5 iau2 si7 long5 giap8 sia7 hue7,lan tai uan iau si long giap sia hue,lan tai uan iau si long giap sia hue,0.0,9,9,0,0,0,zh,1,ok
595,indextts,disgusted,000595_indextts_disgusted.wav,/srv/RL_project/repo/outputs/wav_by_model/indextts/000595_indextts_disgusted.wav,pak too bo song khuai,uat4 too2 bo5 song2 huai3,pak too bo song khuai,uat too bo song huai,0.4,5,3,2,0,0,zh,1,ok
596,indextts,fearful,000596_indextts_fearful.wav,/srv/RL_project/repo/outputs/wav_by_model/indextts/000596_indextts_fearful.wav,to tsit tann tua pui khng tiam tshiu a kha,to7 tsit8 tah4 tua7 pui5 khng3 tiam3 tshiu7 a2 kha1,to tsit tann tua pui khng tiam tshiu a kha,to tsit tah tua pui khng tiam tshiu a kha,0.1,10,9,1,0,0,zh,1,ok
597,indextts,fearful,000597_indextts_fearful.wav,/srv/RL_project/repo/outputs/wav_by_model/indextts/000597_indextts_fearful.wav,siunn kong tua pui bo lang e thau tsiah tioh lah,siunn7 kong2 tua7 pui5 bo5 lang5 e7 thau1 tsiah4 tioh8 lah4,siunn kong tua pui bo lang e thau tsiah tioh lah,siunn kong tua pui bo lang e thau tsiah tioh lah,0.0,11,11,0,0,0,zh,1,ok
598,indextts,surprised,000598_indextts_surprised.wav,/srv/RL_project/repo/outputs/wav_by_model/indextts/000598_indextts_surprised.wav,ka ki kin khi tshau poo a lai tshue soo tsai siau thau,ka1 ki7 kin2 khi3 tshau2 poo1 a2 lai7 tshue7 soo2 tsai7 siau1 thau2,ka ki kin khi tshau poo a lai tshue soo tsai siau thau,ka ki kin khi tshau poo a lai tshue soo tsai siau thau,0.0,13,13,0,0,0,zh,1,ok
599,indextts,fearful,000599_indextts_fearful.wav,/srv/RL_project/repo/outputs/wav_by_model/indextts/000599_indextts_fearful.wav,hiah tu ho,hiah4 tu2 ho2,hiah tu ho,hiah tu ho,0.0,3,3,0,0,0,zh,1,ok
600,indextts,fearful,000600_indextts_fearful.wav,/srv/RL_project/repo/outputs/wav_by_model/indextts/000600_indextts_fearful.wav,tsit e tua tshiu kha,tsit4 e5 tua7 tshiu7 kha1,tsit e tua tshiu kha,tsit e tua tshiu kha,0.0,5,5,0,0,0,zh,1,ok
601,indextts,surprised,000601_indextts_surprised.wav,/srv/RL_project/repo/outputs/wav_by_model/indextts/000601_indextts_surprised.wav,to si hit e be ke e tiann tiann hioh tau e soo tsai,to7 si7 hit4 e5 be7 ke5 e5 tiann7 tiann7 hioh4 tau3 e5 soo2 tsai7,to si hit e be ke e tiann tiann hioh tau e soo tsai,to si hit e be ke e tiann tiann hioh tau e soo tsai,0.0,14,14,0,0,0,zh,1,ok
602,indextts,happy,000602_indextts_happy.wav,/srv/RL_project/repo/outputs/wav_by_model/indextts/000602_indextts_happy.wav,si kan ia tu ho tiong tau si,si5 kan1 ia7 tu2 ho2 tiong7 tau3 si5,si kan ia tu ho tiong tau si,si kan ia tu ho tiong tau si,0.0,8,8,0,0,0,zh,1,ok
603,indextts,sad,000603_indextts_sad.wav,/srv/RL_project/repo/outputs/wav_by_model/indextts/000603_indextts_sad.wav,he tua pui e sik tsui kah ke si sio ua sio ua,he1 tua7 pui5 e5 siok4 tsui2 kah4 ke5 si7 sio1 ua2 sio1 ua2,he tua pui e sik tsui kah ke si sio ua sio ua,he tua pui e siok tsui kah ke si sio ua sio ua,0.07692307692307693,13,12,1,0,0,zh,1,ok
604,indextts,disgusted,000604_indextts_disgusted.wav,/srv/RL_project/repo/outputs/wav_by_model/indextts/000604_indextts_disgusted.wav,long si oo oo koh tua sio khua ang huann ang huann,long2 si7 oo1 oo1 koh4 tua3 sio2 khua2 ang5 huann2 ang5 huann2,long si oo oo koh tua sio khua ang huann ang huann,long si oo oo koh tua sio khua ang huann ang huann,0.0,12,12,0,0,0,zh,1,ok
605,indextts,surprised,000605_indextts_surprised.wav,/srv/RL_project/repo/outputs/wav_by_model/indextts/000605_indextts_surprised.wav,soo ing soo tsiah e mih kiann,soo2 in1 soo2 tsiah8 e5 bin7 kiann7,soo ing soo tsiah e mih kiann,soo in soo tsiah e bin kiann,0.2857142857142857,7,5,2,0,0,zh,1,ok
606,indextts,neutral,000606_indextts_neutral.wav,/srv/RL_project/repo/outputs/wav_by_model/indextts/000606_indextts_neutral.wav,khi bi ma si tshau tsho a tshau tsho,khi3 bi7 ma7 si7 tshau3 tsho1 a2 tshau3 tsho1,khi bi ma si tshau tsho a tshau tsho,khi bi ma si tshau tsho a tshau tsho,0.0,9,9,0,0,0,zh,1,ok
607,indextts,angry,000607_indextts_angry.wav,/srv/RL_project/repo/outputs/wav_by_model/indextts/000607_indextts_angry.wav,na bo tsim tsiok khuann un un a phinn,na7 bo5 tsim1 tsiok4 khuann3 un5 un5 a2 phinn1,na bo tsim tsiok khuann un un a phinn,na bo tsim tsiok khuann un un a phinn,0.0,9,9,0,0,0,zh,1,ok
608,indextts,happy,000608_indextts_happy.wav,/srv/RL_project/repo/outputs/wav_by_model/indextts/000608_indextts_happy.wav,si hun bo siann e tshut lai,si7 hun1 bo5 sia2 e7 tshut4 lai5,si hun bo siann e tshut lai,si hun bo sia e tshut lai,0.14285714285714285,7,6,1,0,0,zh,1,ok
609,indextts,disgusted,000609_indextts_disgusted.wav,/srv/RL_project/repo/outputs/wav/000609_indextts_disgusted.wav,hiah tu ho,hia1 si2 tu2 jian5 ho2,hiah tu ho,hia si tu jian ho,1.0,3,2,1,0,2,zh,1,ok
610,indextts,neutral,000610_indextts_neutral.wav,/srv/RL_project/repo/outputs/wav_by_model/indextts/000610_indextts_neutral.wav,ke e sing li tik piat ka iah,ke1 e5 sing1 li2 tik8 piat8 ka1 iah8,ke e sing li tik piat ka iah,ke e sing li tik piat ka iah,0.0,8,8,0,0,0,zh,1,ok
611,indextts,neutral,000611_indextts_neutral.wav,/srv/RL_project/repo/outputs/wav_by_model/indextts/000611_indextts_neutral.wav,be ke e bo lai be,be7 ke3 e5 bo5 lai5 be7,be ke e bo lai be,be ke e bo lai be,0.0,6,6,0,0,0,zh,1,ok
612,indextts,surprised,000612_indextts_surprised.wav,/srv/RL_project/repo/outputs/wav/000612_indextts_surprised.wav,tak ke suah kio si lang kue be bo tioh,tann1 bat4 tsing3 ke1 suah4 si3 kio3 san1 tsin1 tshi5 ssi lang5 tsin1 tsian7 kue3 be2 bo5 tio3 ba7,tak ke suah kio si lang kue be bo tioh,tann bat tsing ke suah si kio san tsin tshi ssi lang tsin tsian kue be bo tio ba,1.2,10,7,3,0,9,zh,1,ok
613,indextts,angry,000613_indextts_angry.wav,/srv/RL_project/repo/outputs/wav_by_model/indextts/000613_indextts_angry.wav,tse tse lang to lai tua tshiu kha beh ka kau kuan,tse7 tse7 lang5 tioh8 lai5 tua7 tshiu7 kha1 beh4 ka7 kau1 kuan1,tse tse lang to lai tua tshiu kha beh ka kau kuan,tse tse lang tioh lai tua tshiu kha beh ka kau kuan,0.08333333333333333,12,11,1,0,0,zh,1,ok
614,indextts,disgusted,000614_indextts_disgusted.wav,/srv/RL_project/repo/outputs/wav_by_model/indextts/000614_indextts_disgusted.wav,lai beh be ke e si si suann suann,lai5 beh4 be2 ke5 e5 si3 si3 suann3 suann3,lai beh be ke e si si suann suann,lai beh be ke e si si suann suann,0.0,9,9,0,0,0,zh,1,ok
615,indextts,neutral,000615_indextts_neutral.wav,/srv/RL_project/repo/outputs/wav_by_model/indextts/000615_indextts_neutral.wav,tsit e tsit e lai,tsit8 e7 tsit8 e7 lai5,tsit e tsit e lai,tsit e tsit e lai,0.0,5,5,0,0,0,zh,1,ok
616,indextts,sad,000616_indextts_sad.wav,/srv/RL_project/repo/outputs/wav_by_model/indextts/000616_indextts_sad.wav,tua poo hun long si ka ki sing san e,tua7 poo7 hun7 long2 si7 ka1 ki7 sing1 san2 e5,tua poo hun long si ka ki sing san e,tua poo hun long si ka ki sing san e,0.0,10,10,0,0,0,zh,1,ok
617,indextts,disgusted,000617_indextts_disgusted.wav,/srv/RL_project/repo/outputs/wav_by_model/indextts/000617_indextts_disgusted.wav,hia e lang kau ui tsit khuann,hia1 e5 lang5 kau3 ui7 tsit8 khuann3,hia e lang kau ui tsit khuann,hia e lang kau ui tsit khuann,0.0,7,7,0,0,0,zh,1,ok
618,indextts,neutral,000618_indextts_neutral.wav,/srv/RL_project/repo/outputs/wav_by_model/indextts/000618_indextts_neutral.wav,bo khuainnh be ke e,bo5 khuainn3 be7 ke5 e5,bo khuainnh be ke e,bo khuainn be ke e,0.2,5,4,1,0,0,zh,1,ok
619,indextts,sad,000619_indextts_sad.wav,/srv/RL_project/repo/outputs/wav_by_model/indextts/000619_indextts_sad.wav,kan na tsit tann ke khng ti tshiu a kha,kan1 na1 tsit8 tann3 ke5 khng3 ti7 tshiu2 a2 kha1,kan na tsit tann ke khng ti tshiu a kha,kan na tsit tann ke khng ti tshiu a kha,0.0,10,10,0,0,0,zh,1,ok
620,indextts,disgusted,000620_indextts_disgusted.wav,/srv/RL_project/repo/outputs/wav/000620_indextts_disgusted.wav,sui e to kah i ong kang khuan,sui1 jian5 e5 to1 tsi2 kah4 si2 i2 lian3 ong2 kang1 tsi1 ian3 khuann3 R,sui e to kah i ong kang khuan,sui jian e to tsi kah si i lian ong kang tsi ian khuann r,1.0,8,7,1,0,7,zh,1,ok
621,indextts,neutral,000621_indextts_neutral.wav,/srv/RL_project/repo/outputs/wav_by_model/indextts/000621_indextts_neutral.wav,iong tsing thau a ka tsam tsit sut a lai tshui nih tam khuann mai,iong7 tsing2 thau5 a2 ka7 tsam1 tsit8 sut4 a2 lai5 tshui3 nih4 tan5 khuann3 mai7,iong tsing thau a ka tsam tsit sut a lai tshui nih tam khuann mai,iong tsing thau a ka tsam tsit sut a lai tshui nih tan khuann mai,0.06666666666666667,15,14,1,0,0,zh,1,ok
622,indextts,fearful,000622_indextts_fearful.wav,/srv/RL_project/repo/outputs/wav_by_model/indextts/000622_indextts_fearful.wav,tam suah na io thau na li khui,tan5 suan1 a2 io1 thau5 na2 li2 khui1,tam suah na io thau na li khui,tan suan a io thau na li khui,0.375,8,5,3,0,0,zh,1,ok
623,indextts,angry,000623_indextts_angry.wav,/srv/RL_project/repo/outputs/wav_by_model/indextts/000623_indextts_angry.wav,tsit e si tsun,tsit4 e5 si5 tsun7,tsit e si tsun,tsit e si tsun,0.0,4,4,0,0,0,zh,1,ok
624,indextts,neutral,000624_indextts_neutral.wav,/srv/RL_project/repo/outputs/wav_by_model/indextts/000624_indextts_neutral.wav,hit e siu tua pui e tsoh sit lang,hit4 e5 siu1 tua7 pui5 e5 tsoh4 sit4 lang5,hit e siu tua pui e tsoh sit lang,hit e siu tua pui e tsoh sit lang,0.0,9,9,0,0,0,zh,1,ok
625,indextts,sad,000625_indextts_sad.wav,/srv/RL_project/repo/outputs/wav_by_model/indextts/000625_indextts_sad.wav,pang ho na lang khoo na kiann tshut lai,pang3 ho2 na2 lang2 khoo3 na2 kiann5 tshut4 lai5,pang ho na lang khoo na kiann tshut lai,pang ho na lang khoo na kiann tshut lai,0.0,9,9,0,0,0,zh,1,ok
626,indextts,happy,000626_indextts_happy.wav,/srv/RL_project/repo/outputs/wav_by_model/indextts/000626_indextts_happy.wav,khuann tioh hia e lang,khuann3 tioh8 hia1 e5 lang5,khuann tioh hia e lang,khuann tioh hia e lang,0.0,5,5,0,0,0,zh,1,ok
627,indextts,fearful,000627_indextts_fearful.wav,/srv/RL_project/repo/outputs/wav_by_model/indextts/000627_indextts_fearful.wav,han tit khi ke a iah si tshi a be tang be sai,han1 tit4 khi3 ke1 a2 iah4 si7 tshi7 a2 be2 tang3 be2 sai1,han tit khi ke a iah si tshi a be tang be sai,han tit khi ke a iah si tshi a be tang be sai,0.0,13,13,0,0,0,zh,1,ok
628,indextts,surprised,000628_indextts_surprised.wav,/srv/RL_project/repo/outputs/wav_by_model/indextts/000628_indextts_surprised.wav,tsit e tsit e teh tsam i hit tann tua pui,tsit8 e7 tsit8 e7 te5 tsam7 i1 hit4 tah4 tua7 pui5,tsit e tsit e teh tsam i hit tann tua pui,tsit e tsit e te tsam i hit tah tua pui,0.18181818181818182,11,9,2,0,0,zh,1,ok
629,indextts,surprised,000629_indextts_surprised.wav,/srv/RL_project/repo/outputs/wav_by_model/indextts/000629_indextts_surprised.wav,i kam kak honn ki koh ho tshio,i1 kam2 kak4 ho2 ki5 koh4 ho2 tshio3,i kam kak honn ki koh ho tshio,i kam kak ho ki koh ho tshio,0.125,8,7,1,0,0,zh,1,ok
630,indextts,surprised,000630_indextts_surprised.wav,/srv/RL_project/repo/outputs/wav_by_model/indextts/000630_indextts_surprised.wav,bo phah tshenn kiann in,bo5 phah4 tshe1 kiann1 in1,bo phah tshenn kiann in,bo phah tshe kiann in,0.2,5,4,1,0,0,zh,1,ok
631,indextts,happy,000631_indextts_happy.wav,/srv/RL_project/repo/outputs/wav_by_model/indextts/000631_indextts_happy.wav,tiam tiam a bih ti tshau poo a lai khuann,tiam7 tiam7 a2 bi2 tshiat4 thau5 poo1 a2 lai5 khuann3,tiam tiam a bih ti tshau poo a lai khuann,tiam tiam a bi tshiat thau poo a lai khuann,0.3,10,7,3,0,0,zh,1,ok
632,indextts,neutral,000632_indextts_neutral.wav,/srv/RL_project/repo/outputs/wav_by_model/indextts/000632_indextts_neutral.wav,lian siok kui na tsap e long lai tsuinn tua pui,lian5 siok8 kui2 na7 tsap8 e5 long2 lai5 tshinn1 tua7 pui5,lian siok kui na tsap e long lai tsuinn tua pui,lian siok kui na tsap e long lai tshinn tua pui,0.09090909090909091,11,10,1,0,0,zh,1,ok
633,indextts,neutral,000633_indextts_neutral.wav,/srv/RL_project/repo/outputs/wav_by_model/indextts/000633_indextts_neutral.wav,i na khuann na ho tshio,i1 na2 khuann3 na2 ho2 tshio3,i na khuann na ho tshio,i na khuann na ho tshio,0.0,6,6,0,0,0,zh,1,ok
634,indextts,fearful,000634_indextts_fearful.wav,/srv/RL_project/repo/outputs/wav_by_model/indextts/000634_indextts_fearful.wav,koh m kann tshio tshut siann,koh4 m7 kann2 tshio3 tshut4 siann1,koh m kann tshio tshut siann,koh m kann tshio tshut siann,0.0,6,6,0,0,0,zh,1,ok
635,indextts,angry,000635_indextts_angry.wav,/srv/RL_project/repo/outputs/wav_by_model/indextts/000635_indextts_angry.wav,tsit e sit tsu i,tsit4 e5 siok8 tsu3 i3,tsit e sit tsu i,tsit e siok tsu i,0.2,5,4,1,0,0,zh,1,ok
636,indextts,fearful,000636_indextts_fearful.wav,/srv/RL_project/repo/outputs/wav_by_model/indextts/000636_indextts_fearful.wav,tshio siunn tua lat,tshio3 siunn1 tua7 lah4,tshio siunn tua lat,tshio siunn tua lah,0.25,4,3,1,0,0,zh,1,ok
637,indextts,fearful,000637_indextts_fearful.wav,/srv/RL_project/repo/outputs/wav_by_model/indextts/000637_indextts_fearful.wav,suah khi tsak tioh khui,suah4 khi3 tsah4 tioh8 khui3,suah khi tsak tioh khui,suah khi tsah tioh khui,0.2,5,4,1,0,0,zh,1,ok
638,indextts,disgusted,000638_indextts_disgusted.wav,/srv/RL_project/repo/outputs/wav_by_model/indextts/000638_indextts_disgusted.wav,u e to si lang tann lai be e,u7 e5 tio7 si7 lang5 tann1 lai5 bue7 e5,u e to si lang tann lai be e,u e tio si lang tann lai bue e,0.2222222222222222,9,7,2,0,0,zh,1,ok
639,indextts,sad,000639_indextts_sad.wav,/srv/RL_project/repo/outputs/wav/000639_indextts_sad.wav,tsit khau khui tshuan be khi lai,tsit8 pah4 tsian1 kong1 tsing3 u7 liang2 tshian1 siau1 si5 iu5 ui2 san1 tshuan5 o3 be2 tshi1 tsian1 siau1 si5 i1 o2 tsian3 tsian7 lai5,tsit khau khui tshuan be khi lai,tsit pah tsian kong tsing u liang tshian siau si iu ui san tshuan o be tshi tsian siau si i o tsian tsian lai,3.0,7,4,3,0,18,zh,1,ok
640,indextts,neutral,000640_indextts_neutral.wav,/srv/RL_project/repo/outputs/wav_by_model/indextts/000640_indextts_neutral.wav,tsu an ne sit kiu kue ong khi,tsu7 an2 ne1 sit4 kiu3 kue3 ong2 khi3,tsu an ne sit kiu kue ong khi,tsu an ne sit kiu kue ong khi,0.0,8,8,0,0,0,zh,1,ok
641,indextts,fearful,000641_indextts_fearful.wav,/srv/RL_project/repo/outputs/wav_by_model/indextts/000641_indextts_fearful.wav,m tsiah e liu thuan tsit ku tshio si hong guan hit e tann sai e,m7 tsiah4 e7 liu5 thuan5 tsit4 ku3 tshio3 si2 hong1 guan5 hit4 e5 tann2 sai2 e5,m tsiah e liu thuan tsit ku tshio si hong guan hit e tann sai e,m tsiah e liu thuan tsit ku tshio si hong guan hit e tann sai e,0.0,16,16,0,0,0,zh,1,ok
642,indextts,neutral,000642_indextts_neutral.wav,/srv/RL_project/repo/outputs/wav_by_model/indextts/000642_indextts_neutral.wav,tsa tsing long giap si tai,tsa2 tsing5 long5 giap8 si5 tai7,tsa tsing long giap si tai,tsa tsing long giap si tai,0.0,6,6,0,0,0,zh,1,ok
643,indextts,disgusted,000643_indextts_disgusted.wav,/srv/RL_project/repo/outputs/wav_by_model/indextts/000643_indextts_disgusted.wav,sua loh lai khuann sin tik tshi bin a tsai it ho e thinn khi,sua3 loh8 lai5 khuann3 sin1 tioh8 tshi7 bin5 a2 tsai3 it4 ho7 e5 thinn1 khi3,sua loh lai khuann sin tik tshi bin a tsai it ho e thinn khi,sua loh lai khuann sin tioh tshi bin a tsai it ho e thinn khi,0.06666666666666667,15,14,1,0,0,zh,1,ok
644,indextts,surprised,000644_indextts_surprised.wav,/srv/RL_project/repo/outputs/wav_by_model/indextts/000644_indextts_surprised.wav,un too ji tsap sann tsi ji tsap tshit too loh hoo ki lut pah hun tsi ji tsap,un1 too7 ji7 tsap8 sann1 tsi3 ji7 tsap8 tshit4 too7 loh8 hoo7 ki1 lu7 pah4 hun1 tsi1 ji7 tsap8,un too ji tsap sann tsi ji tsap tshit too loh hoo ki lut pah hun tsi ji tsap,un too ji tsap sann tsi ji tsap tshit too loh hoo ki lu pah hun tsi ji tsap,0.05263157894736842,19,18,1,0,0,zh,1,ok
645,indextts,happy,000645_indextts_happy.wav,/srv/RL_project/repo/outputs/wav_by_model/indextts/000645_indextts_happy.wav,lai pin goo pah goo tsap kau ho tshiann lai tsap sann ho kui tai pan li,lai5 pin1 goo7 pah4 goo7 tsap8 kau2 ho7 tshiann2 lai5 tsap8 sann1 ho7 kui7 tai5 pan7 li2,lai pin goo pah goo tsap kau ho tshiann lai tsap sann ho kui tai pan li,lai pin goo pah goo tsap kau ho tshiann lai tsap sann ho kui tai pan li,0.0,17,17,0,0,0,zh,1,ok
646,indextts,disgusted,000646_indextts_disgusted.wav,/srv/RL_project/repo/outputs/wav/000646_indextts_disgusted.wav,long tsong peh pah khong ji khoo tsau li kau tsap peh khoo,long5 jian3 tsong2 a2 peh4 si3 jian3 pah4 si3 tshian1 siau1 si5 ong2 san1 ji7 ji7 tshian1 siau1 si5 oo1 i1 tsau2 tshi5 li2 kau2 a2 tsian3 tsiann3 pa1 tsian3 peh4 si3 tshian1 siau1 si1 oo1 i1,long tsong peh pah khong ji khoo tsau li kau tsap peh khoo,long jian tsong a peh si jian pah si tshian siau si ong san ji ji tshian siau si oo i tsau tshi li kau a tsian tsiann pa tsian peh si tshian siau si oo i,2.1538461538461537,13,9,4,0,24,zh,1,ok
647,indextts,surprised,000647_indextts_surprised.wav,/srv/RL_project/repo/outputs/wav_by_model/indextts/000647_indextts_surprised.wav,kin a jit si sann gueh tsap sann pai lak,kin1 a2 lit8 si7 sann1 gueh8 tsap8 sann1 pai3 lak8,kin a jit si sann gueh tsap sann pai lak,kin a lit si sann gueh tsap sann pai lak,0.1,10,9,1,0,0,zh,1,ok
648,indextts,surprised,000648_indextts_surprised.wav,/srv/RL_project/repo/outputs/wav_by_model/indextts/000648_indextts_surprised.wav,gua e hoo tsiau ho be si sam liok ji ji su it khong it su,gua2 e5 hoo7 tsiau3 ho7 be2 si7 sam1 liok8 ji7 ji7 su3 it4 khong3 it4 su3,gua e hoo tsiau ho be si sam liok ji ji su it khong it su,gua e hoo tsiau ho be si sam liok ji ji su it khong it su,0.0,16,16,0,0,0,zh,1,ok
649,indextts,fearful,000649_indextts_fearful.wav,/srv/RL_project/repo/outputs/wav_by_model/indextts/000649_indextts_fearful.wav,gun tau e tian ue ho be si khong liok sam kiu ji sam ngoo it sam,gun2 tau1 e5 tian7 ue7 ho7 be2 si7 khong3 liok8 sam1 kiu2 ji7 sam1 ngoo2 it4 sam1,gun tau e tian ue ho be si khong liok sam kiu ji sam ngoo it sam,gun tau e tian ue ho be si khong liok sam kiu ji sam ngoo it sam,0.0,17,17,0,0,0,zh,1,ok
650,indextts,surprised,000650_indextts_surprised.wav,/srv/RL_project/repo/outputs/wav/000650_indextts_surprised.wav,i ti it kiu su it ni tshut si,i1 ti7 tshit4 it4 si3 kiu2 soo3 it4 tsit4 ni5 tshut4 tsi2 jian3 si3,i ti it kiu su it ni tshut si,i ti tshit it si kiu soo it tsit ni tshut tsi jian si,0.6666666666666666,9,8,1,0,5,zh,1,ok
651,indextts,fearful,000651_indextts_fearful.wav,/srv/RL_project/repo/outputs/wav_by_model/indextts/000651_indextts_fearful.wav,tshiann pang gua tsuan hun ki it liok kiu ngoo,tshiann2 pang1 gua2 tsuan2 hun1 ki1 it4 tioh8 kiu2 ngoo2,tshiann pang gua tsuan hun ki it liok kiu ngoo,tshiann pang gua tsuan hun ki it tioh kiu ngoo,0.1,10,9,1,0,0,zh,1,ok
652,indextts,neutral,000652_indextts_neutral.wav,/srv/RL_project/repo/outputs/wav_by_model/indextts/000652_indextts_neutral.wav,bun peh a li khuann hia u sann ki hiunn,bun5 peh4 a2 li2 khuann3 hia1 u7 sann1 ki1 hiunn1,bun peh a li khuann hia u sann ki hiunn,bun peh a li khuann hia u sann ki hiunn,0.0,10,10,0,0,0,zh,1,ok
653,indextts,neutral,000653_indextts_neutral.wav,/srv/RL_project/repo/outputs/wav_by_model/indextts/000653_indextts_neutral.wav,bo m tioh koh khah khi si tua tun suann,bo5 m7 tioh8 koh4 khah4 khi2 si7 tua7 tun7 suann1,bo m tioh koh khah khi si tua tun suann,bo m tioh koh khah khi si tua tun suann,0.0,10,10,0,0,0,zh,1,ok
654,indextts,happy,000654_indextts_happy.wav,/srv/RL_project/repo/outputs/wav_by_model/indextts/000654_indextts_happy.wav,ke lang sik tsi tshau suann u kau phann e pi khuann te too khah tsim tsiok,ke1 lang5 tshit4 tsi2 tshau3 suah4 u7 kau3 phainn2 e5 pi2 khuann3 te7 too5 khah4 tsim1 tsiok4,ke lang sik tsi tshau suann u kau phann e pi khuann te too khah tsim tsiok,ke lang tshit tsi tshau suah u kau phainn e pi khuann te too khah tsim tsiok,0.17647058823529413,17,14,3,0,0,zh,1,ok
655,indextts,angry,000655_indextts_angry.wav,/srv/RL_project/repo/outputs/wav/000655_indextts_angry.wav,tse si pak ping nia li uat thau khuann lam khi,tse1 it4 miau7 si1 pak4 sit4 ka2 khi2 si3 jian5 ping5 nia7 tshi1 li2 uat4 ti1 bah4 tsian3 tau3 u7 tsian2 siau3 si5 ua2 sat4 lam5 bu2 tsian3 jian5 khi3 san1,tse si pak ping nia li uat thau khuann lam khi,tse it miau si pak sit ka khi si jian ping nia tshi li uat ti bah tsian tau u tsian siau si ua sat lam bu tsian jian khi san,2.0,11,9,2,0,20,zh,1,ok
656,indextts,surprised,000656_indextts_surprised.wav,/srv/RL_project/repo/outputs/wav_by_model/indextts/000656_indextts_surprised.wav,kong king sit tsai tsan ang ang he si siannh,kong1 king2 sit8 tsai7 tsan2 ang5 ang5 he1 si7 siannh4,kong king sit tsai tsan ang ang he si siannh,kong king sit tsai tsan ang ang he si siannh,0.0,10,10,0,0,0,zh,1,ok
657,indextts,disgusted,000657_indextts_disgusted.wav,/srv/RL_project/repo/outputs/wav/000657_indextts_disgusted.wav,gua khuann mai leh he ping khe lah,gua2 khuann3 san2 tsian3 mai2 tshi7 tsian3 jian5 leh4 si2 he1 ping5 tsian3 khe1 tsian3 jian5 na7 si2,gua khuann mai leh he ping khe lah,gua khuann san tsian mai tshi tsian jian leh si he ping tsian khe tsian jian na si,1.375,8,7,1,0,10,zh,1,ok
658,indextts,surprised,000658_indextts_surprised.wav,/srv/RL_project/repo/outputs/wav/000658_indextts_surprised.wav,gua tsai ah hit thau uat lai uat khi na tsit bue peh tsua e si sik tsi thang ping khe e sik ping kong loo,gua2 tsai7 i1 tsian3 tsin7 a2 si2 hit4 tsit4 thau5 u7 uat4 si3 jian7 lai7 jian2 gua2 that4 si7 jian5 khi3 san1 na2 tsit8 pa2 bue2 peh4 ba2 jian3 tsua2 u7 jian5 lian5 e5 CTSI ba2 jian3 tsi1 ah4 thang1 ping5 tsing3 kheh4 i1 e5 sit8 pa2 tsian3 ping5 kong1 jian3 loo2 tshi7,gua tsai ah hit thau uat lai uat khi na tsit bue peh tsua e si sik tsi thang ping khe e sik ping kong loo,gua tsai i tsian tsin a si hit tsit thau u uat si jian lai jian gua that si jian khi san na tsit pa bue peh ba jian tsua u jian lian e ctsi ba jian tsi ah thang ping tsing kheh i e sit pa tsian ping kong jian loo tshi,1.2692307692307692,26,20,6,0,27,zh,1,ok
659,indextts,fearful,000659_indextts_fearful.wav,/srv/RL_project/repo/outputs/wav_by_model/indextts/000659_indextts_fearful.wav,kok tiong khah kue lai e tio si tsioh sun tsiam,kok4 tiong1 khah4 kue3 lai5 e5 tio7 si7 tsioh8 sun2 tsiam1,kok tiong khah kue lai e tio si tsioh sun tsiam,kok tiong khah kue lai e tio si tsioh sun tsiam,0.0,11,11,0,0,0,zh,1,ok
660,indextts,surprised,000660_indextts_surprised.wav,/srv/RL_project/repo/outputs/wav_by_model/indextts/000660_indextts_surprised.wav,bo siann sing tik sun neh,bo5 siann1 sing5 tioh8 sun2 neh4,bo siann sing tik sun neh,bo siann sing tioh sun neh,0.16666666666666666,6,5,1,0,0,zh,1,ok
661,indextts,sad,000661_indextts_sad.wav,/srv/RL_project/repo/outputs/wav_by_model/indextts/000661_indextts_sad.wav,ui ping khe hit ping khuann kue lai tio tsin sing,ui3 ping5 khe1 hit4 ping5 khuann3 kue3 lai5 tio7 tsin1 sing5,ui ping khe hit ping khuann kue lai tio tsin sing,ui ping khe hit ping khuann kue lai tio tsin sing,0.0,11,11,0,0,0,zh,1,ok
662,indextts,happy,000662_indextts_happy.wav,/srv/RL_project/repo/outputs/wav_by_model/indextts/000662_indextts_happy.wav,tan thinn khi khah liang e si lan e sai lai khi hia tshit tho,tan2 thinn1 khi3 kha1 liang5 e5 si5 lan2 e7 sai2 lai5 khi3 hia1 tshit4 tho5,tan thinn khi khah liang e si lan e sai lai khi hia tshit tho,tan thinn khi kha liang e si lan e sai lai khi hia tshit tho,0.06666666666666667,15,14,1,0,0,zh,1,ok
663,indextts,sad,000663_indextts_sad.wav,/srv/RL_project/repo/outputs/wav_by_model/indextts/000663_indextts_sad.wav,li u kau gua hang siann mih sann ki hiunn he si hiap ho huat tian tshiunn,li2 u7 kau3 gua7 hang5 siann2 mih4 sann1 ki1 hiunn1 he1 si7 hiap8 ho5 huat4 tian2 tshiunn2,li u kau gua hang siann mih sann ki hiunn he si hiap ho huat tian tshiunn,li u kau gua hang siann mih sann ki hiunn he si hiap ho huat tian tshiunn,0.0,17,17,0,0,0,zh,1,ok
664,indextts,angry,000664_indextts_angry.wav,/srv/RL_project/repo/outputs/wav_by_model/indextts/000664_indextts_angry.wav,lang leh kong tshio e lah bian hiah ting tsin,lang5 leh4 kong2 tshio3 e5 lah4 bian2 hiah4 ting2 tsin1,lang leh kong tshio e lah bian hiah ting tsin,lang leh kong tshio e lah bian hiah ting tsin,0.0,10,10,0,0,0,zh,1,ok
665,indextts,angry,000665_indextts_angry.wav,/srv/RL_project/repo/outputs/wav_by_model/indextts/000665_indextts_angry.wav,bun peh a tsiann tshiu ping hit liap,bong2 peh4 a2 tsiah4 tshiu2 ping5 hit4 liap8,bun peh a tsiann tshiu ping hit liap,bong peh a tsiah tshiu ping hit liap,0.25,8,6,2,0,0,zh,1,ok
666,indextts,neutral,000666_indextts_neutral.wav,/srv/RL_project/repo/outputs/wav_by_model/indextts/000666_indextts_neutral.wav,hit liap kio tso ke lang khit koh khah kue lai e hit liap tio si ke lang suann,hi2 liap8 kio3 tso3 ke1 lang5 khi2 koh4 khah4 kue3 lai5 e5 hi2 liap8 tio7 si7 ke1 lang5 suann1,hit liap kio tso ke lang khit koh khah kue lai e hit liap tio si ke lang suann,hi liap kio tso ke lang khi koh khah kue lai e hi liap tio si ke lang suann,0.15789473684210525,19,16,3,0,0,zh,1,ok
667,indextts,disgusted,000667_indextts_disgusted.wav,/srv/RL_project/repo/outputs/wav_by_model/indextts/000667_indextts_disgusted.wav,tio si ti kau hun a hu kin mah kin ni sann gueh gun u khi hia tshit tho,tio7 si7 ti7 kau2 hun1 a2 hu3 kin7 ma7 kin1 ni5 sann1 gueh8 gun2 u7 khi3 hia1 tshit4 tho5,tio si ti kau hun a hu kin mah kin ni sann gueh gun u khi hia tshit tho,tio si ti kau hun a hu kin ma kin ni sann gueh gun u khi hia tshit tho,0.05263157894736842,19,18,1,0,0,zh,1,ok
668,indextts,neutral,000668_indextts_neutral.wav,/srv/RL_project/repo/outputs/wav_by_model/indextts/000668_indextts_neutral.wav,tsit khuan thinn peh ke lang suann pau nia li phak kah pinn poo,tsit4 khuan2 thinn1 peh4 ke1 lang5 suann1 pau1 nia2 li2 phak8 kah4 pi3 poo2,tsit khuan thinn peh ke lang suann pau nia li phak kah pinn poo,tsit khuan thinn peh ke lang suann pau nia li phak kah pi poo,0.07142857142857142,14,13,1,0,0,zh,1,ok
669,indextts,sad,000669_indextts_sad.wav,/srv/RL_project/repo/outputs/wav/000669_indextts_sad.wav,kui liap suann bo kui tsang tshiu a thang jia jit thau,kui1 liap8 bak8 miau7 mua2 hi2 bo5 kui1 tsap8 gu5 tshiu7 tsit8 lian3 a2 thang1 i1 tsiah4 jip8 pa1 lian2 thau2 u7,kui liap suann bo kui tsang tshiu a thang jia jit thau,kui liap bak miau mua hi bo kui tsap gu tshiu tsit lian a thang i tsiah jip pa lian thau u,1.1666666666666667,12,8,4,0,10,zh,1,ok
670,indextts,happy,000670_indextts_happy.wav,/srv/RL_project/repo/outputs/wav_by_model/indextts/000670_indextts_happy.wav,to ping hng hng siong kuan hit liap suann si m si tshit tshenn suann,to3 ping5 hng7 hng7 siong7 kuan5 hit4 liap8 suann1 si7 m7 si7 tshit4 tshenn1 suann1,to ping hng hng siong kuan hit liap suann si m si tshit tshenn suann,to ping hng hng siong kuan hit liap suann si m si tshit tshenn suann,0.0,15,15,0,0,0,zh,1,ok
671,indextts,disgusted,000671_indextts_disgusted.wav,/srv/RL_project/repo/outputs/wav_by_model/indextts/000671_indextts_disgusted.wav,iong siang kha ai tai uan,iong7 siang1 kha1 ai3 tai7 uan5,iong siang kha ai tai uan,iong siang kha ai tai uan,0.0,6,6,0,0,0,zh,1,ok
672,indextts,angry,000672_indextts_angry.wav,/srv/RL_project/repo/outputs/wav_by_model/indextts/000672_indextts_angry.wav,koh ui tai uan bue kiann kau tai uan thau,koh4 ui3 tai5 uan5 bue2 kiann5 kau3 tai5 uan5 thau5,koh ui tai uan bue kiann kau tai uan thau,koh ui tai uan bue kiann kau tai uan thau,0.0,10,10,0,0,0,zh,1,ok
673,indextts,disgusted,000673_indextts_disgusted.wav,/srv/RL_project/repo/outputs/wav_by_model/indextts/000673_indextts_disgusted.wav,tsit poo tsit kha in,tsit8 poo7 tsit8 kha1 in3,tsit poo tsit kha in,tsit poo tsit kha in,0.0,5,5,0,0,0,zh,1,ok
674,indextts,angry,000674_indextts_angry.wav,/srv/RL_project/repo/outputs/wav/000674_indextts_angry.wav,iong siong khiam pi e thai too,iong7 tsi2 miau7 iong7 tshit4 tsian1 siau1 si5 giam5 i1 tsian3 pi1 e5 thai3 tsi2 tsian3 toh4 tsi1,iong siong khiam pi e thai too,iong tsi miau iong tshit tsian siau si giam i tsian pi e thai tsi tsian toh tsi,2.0,7,4,3,0,11,zh,1,ok
675,indextts,surprised,000675_indextts_surprised.wav,/srv/RL_project/repo/outputs/wav_by_model/indextts/000675_indextts_surprised.wav,khi tshin kun tsit te tshiann iong ka ti e thoo te,khi3 tshin1 kun7 tsit4 te3 tshia1 iong2 ka1 ti7 e5 thoo2 te7,khi tshin kun tsit te tshiann iong ka ti e thoo te,khi tshin kun tsit te tshia iong ka ti e thoo te,0.08333333333333333,12,11,1,0,0,zh,1,ok
676,indextts,surprised,000676_indextts_surprised.wav,/srv/RL_project/repo/outputs/wav_by_model/indextts/000676_indextts_surprised.wav,khuann tioh lik sik e suann meh uan lai uat khi e ho liu sik sai e tshan hng,khuann3 tioh8 lik8 sik4 e5 suann1 meh8 guan5 lai5 uat4 khi3 e5 ho5 liu5 sik8 sai7 e5 tshan5 hng5,khuann tioh lik sik e suann meh uan lai uat khi e ho liu sik sai e tshan hng,khuann tioh lik sik e suann meh guan lai uat khi e ho liu sik sai e tshan hng,0.05263157894736842,19,18,1,0,0,zh,1,ok
677,indextts,neutral,000677_indextts_neutral.wav,/srv/RL_project/repo/outputs/wav/000677_indextts_neutral.wav,sun phok e hiong tin be lang e hai huann hiong tshin tshin tshiat e tshio iong,sun5 lian2 phok4 si2 e5 hiong1 jian3 ting5 be5 jian5 lang5 e5 hai2 jian3 huann1 tsi1 hiong1 jian3 tshing1 i1 kian3 tshik4 si3 e5 tshioh4 san1 jian3 iong5,sun phok e hiong tin be lang e hai huann hiong tshin tshin tshiat e tshio iong,sun lian phok si e hiong jian ting be jian lang e hai jian huann tsi hiong jian tshing i kian tshik si e tshioh san jian iong,0.9411764705882353,17,12,5,0,11,zh,1,ok
678,indextts,angry,000678_indextts_angry.wav,/srv/RL_project/repo/outputs/wav_by_model/indextts/000678_indextts_angry.wav,sim kuann thau tiann tioh u buan buan e kam tshiok kah kam tong,sing1 kuann1 thau5 tiann7 tioh8 u7 buan2 buan2 e5 kam2 tshioh4 kah4 kam2 tong7,sim kuann thau tiann tioh u buan buan e kam tshiok kah kam tong,sing kuann thau tiann tioh u buan buan e kam tshioh kah kam tong,0.14285714285714285,14,12,2,0,0,zh,1,ok
679,indextts,neutral,000679_indextts_neutral.wav,/srv/RL_project/repo/outputs/wav/000679_indextts_neutral.wav,terry si tsit e tsin u li siong kah tsu kian e tshing tshun siau lian hiann,terry si7 tshi5 tsit8 ba7 e5 tsin1 i5 u7 tshi1 li2 jian3 siong2 kah4 si3 tsu2 o2 jian3 kian3 e5 tshing1 i1 tsian3 tshun1 i1 iau5 san2 jian5 lang5 jian3 hiann1 i1,terry si tsit e tsin u li siong kah tsu kian e tshing tshun siau lian hiann,terry si tshi tsit ba e tsin i u tshi li jian siong kah si tsu o jian kian e tshing i tsian tshun i iau san jian lang jian hiann i,1.0,17,15,2,0,15,zh,1,ok
680,indextts,happy,000680_indextts_happy.wav,/srv/RL_project/repo/outputs/wav_by_model/indextts/000680_indextts_happy.wav,i kam guan tsiam si hong ha kho ki kong si lang lang him sian e khang khue,i1 kam1 guan7 tsiam7 tshi5 hong3 ha7 kho1 ki1 kong1 si1 lang5 lang5 him1 sian7 e5 khang1 khue3,i kam guan tsiam si hong ha kho ki kong si lang lang him sian e khang khue,i kam guan tsiam tshi hong ha kho ki kong si lang lang him sian e khang khue,0.05555555555555555,18,17,1,0,0,zh,1,ok
681,indextts,happy,000681_indextts_happy.wav,/srv/RL_project/repo/outputs/wav_by_model/indextts/000681_indextts_happy.wav,hoo ka ki tsit e a khong kan,hoo7 ka1 ki7 tsit8 leh4 a2 khong1 kan1,hoo ka ki tsit e a khong kan,hoo ka ki tsit leh a khong kan,0.125,8,7,1,0,0,zh,1,ok
682,indextts,happy,000682_indextts_happy.wav,/srv/RL_project/repo/outputs/wav_by_model/indextts/000682_indextts_happy.wav,tsok tsia iunn tsin ju,tsok4 tsia2 iunn5 tsin3 ju7,tsok tsia iunn tsin ju,tsok tsia iunn tsin ju,0.0,5,5,0,0,0,zh,1,ok
683,indextts,fearful,000683_indextts_fearful.wav,/srv/RL_project/repo/outputs/wav_by_model/indextts/000683_indextts_fearful.wav,khi tiong sin jin pat tai uan,khi3 tiong1 sin1 jin7 pak4 tai5 uan5,khi tiong sin jin pat tai uan,khi tiong sin jin pak tai uan,0.14285714285714285,7,6,1,0,0,zh,1,ok
684,indextts,angry,000684_indextts_angry.wav,/srv/RL_project/repo/outputs/wav_by_model/indextts/000684_indextts_angry.wav,ping tshiann su kho jin sing e tsin gi,ping7 tshiann2 su1 kho2 tsin1 sing1 e5 tsing5 gi7,ping tshiann su kho jin sing e tsin gi,ping tshiann su kho tsin sing e tsing gi,0.2222222222222222,9,7,2,0,0,zh,1,ok
685,indextts,surprised,000685_indextts_surprised.wav,/srv/RL_project/repo/outputs/wav_by_model/indextts/000685_indextts_surprised.wav,i beh tsit poo a tsit poo a,i1 beh4 tsit8 poo7 a2 tsit8 poo7 a2,i beh tsit poo a tsit poo a,i beh tsit poo a tsit poo a,0.0,8,8,0,0,0,zh,1,ok
686,indextts,disgusted,000686_indextts_disgusted.wav,/srv/RL_project/repo/outputs/wav_by_model/indextts/000686_indextts_disgusted.wav,iong ka ti e siang kha kiann tai uan tsit lian,iong7 ka1 ti7 e5 siang1 kha1 kiann5 tai5 uan5 tsit8 lian3,iong ka ti e siang kha kiann tai uan tsit lian,iong ka ti e siang kha kiann tai uan tsit lian,0.0,11,11,0,0,0,zh,1,ok
687,indextts,sad,000687_indextts_sad.wav,/srv/RL_project/repo/outputs/wav_by_model/indextts/000687_indextts_sad.wav,in tsing ka ti e siunn huat,in3 tsin3 ka1 ti7 e5 siunn7 hua3,in tsing ka ti e siunn huat,in tsin ka ti e siunn hua,0.2857142857142857,7,5,2,0,0,zh,1,ok
688,indextts,disgusted,000688_indextts_disgusted.wav,/srv/RL_project/repo/outputs/wav_by_model/indextts/000688_indextts_disgusted.wav,ma tshue tshut sinn mia tsing khak e hong hiong kah ting ui,ma7 tshue7 tshut4 sinn3 mia7 tsing3 khak4 e5 hong1 hiong3 kah4 ting7 ui5,ma tshue tshut sinn mia tsing khak e hong hiong kah ting ui,ma tshue tshut sinn mia tsing khak e hong hiong kah ting ui,0.0,13,13,0,0,0,zh,1,ok
689,indextts,fearful,000689_indextts_fearful.wav,/srv/RL_project/repo/outputs/wav_by_model/indextts/000689_indextts_fearful.wav,i tsit e sim guan tio tsiong kin beh uan sing ah,i1 tsit4 e5 sing5 guan5 tio7 tsiong1 kin7 beh4 uan5 sing5 ah4,i tsit e sim guan tio tsiong kin beh uan sing ah,i tsit e sing guan tio tsiong kin beh uan sing ah,0.08333333333333333,12,11,1,0,0,zh,1,ok
690,indextts,neutral,000690_indextts_neutral.wav,/srv/RL_project/repo/outputs/wav_by_model/indextts/000690_indextts_neutral.wav,ku ni tsap it gueh ji ji i ui tai tiong tshut huat,ku7 ni5 tsap8 it4 gueh8 ji7 ji7 i1 ui3 tai5 tiong1 tshut4 huat4,ku ni tsap it gueh ji ji i ui tai tiong tshut huat,ku ni tsap it gueh ji ji i ui tai tiong tshut huat,0.0,13,13,0,0,0,zh,1,ok
691,indextts,sad,000691_indextts_sad.wav,/srv/RL_project/repo/outputs/wav_by_model/indextts/000691_indextts_sad.wav,i sun si tsing e hong sik sing tsiunn pak,i2 sun7 si3 tsin1 e5 hong1 sik4 sing1 tsiu7 pa2,i sun si tsing e hong sik sing tsiunn pak,i sun si tsin e hong sik sing tsiu pa,0.3,10,7,3,0,0,zh,1,ok
692,indextts,surprised,000692_indextts_surprised.wav,/srv/RL_project/repo/outputs/wav_by_model/indextts/000692_indextts_surprised.wav,kiann kau ke lang liau au tsiah loh lam,kiann5 kau3 ke1 lang5 liau2 au7 tsiah4 loh8 lam5,kiann kau ke lang liau au tsiah loh lam,kiann kau ke lang liau au tsiah loh lam,0.0,9,9,0,0,0,zh,1,ok
693,indextts,angry,000693_indextts_angry.wav,/srv/RL_project/repo/outputs/wav_by_model/indextts/000693_indextts_angry.wav,tai uan u gua sui,tai5 uan5 u7 gua7 sui2,tai uan u gua sui,tai uan u gua sui,0.0,5,5,0,0,0,zh,1,ok
694,indextts,disgusted,000694_indextts_disgusted.wav,/srv/RL_project/repo/outputs/wav_by_model/indextts/000694_indextts_disgusted.wav,king kue hua lian tai tang,king1 kue3 hua1 lian5 tai5 tang1,king kue hua lian tai tang,king kue hua lian tai tang,0.0,6,6,0,0,0,zh,1,ok
695,indextts,angry,000695_indextts_angry.wav,/srv/RL_project/repo/outputs/wav_by_model/indextts/000695_indextts_angry.wav,jim nai tioh kha kut e sng thiann kah tsit loo e koo tuann,jin2 na2 e7 tioh8 kha1 kut4 e5 sng2 thiann3 kah4 tsit8 loo7 e5 koo1 tuann1,jim nai tioh kha kut e sng thiann kah tsit loo e koo tuann,jin na e tioh kha kut e sng thiann kah tsit loo e koo tuann,0.21428571428571427,14,12,2,0,1,zh,1,ok
696,indextts,surprised,000696_indextts_surprised.wav,/srv/RL_project/repo/outputs/wav_by_model/indextts/000696_indextts_surprised.wav,tsit loo it tit kiann kau tai uan siong lam ping e go luan phinn,tsit8 loo7 it4 tit8 kiann5 kau3 tai5 uan5 siong7 lam5 ping5 e5 koo1 luan5 phinn1,tsit loo it tit kiann kau tai uan siong lam ping e go luan phinn,tsit loo it tit kiann kau tai uan siong lam ping e koo luan phinn,0.06666666666666667,15,14,1,0,0,zh,1,ok
697,indextts,happy,000697_indextts_happy.wav,/srv/RL_project/repo/outputs/wav_by_model/indextts/000697_indextts_happy.wav,tsiah koh tsiunn pak,tsiah4 koh4 tsiunn7 pat4,tsiah koh tsiunn pak,tsiah koh tsiunn pat,0.25,4,3,1,0,0,zh,1,ok
698,indextts,surprised,000698_indextts_surprised.wav,/srv/RL_project/repo/outputs/wav_by_model/indextts/000698_indextts_surprised.wav,hian tshu si i i king kiann kau tai lam tshi kiam tsui khu e guat tin kang ah,hian7 tshu2 si5 i1 i2 king1 kiann5 kau3 tai5 lam5 tshi7 kiam5 tsui2 khu1 e5 uat8 tin5 kang2 ah4,hian tshu si i i king kiann kau tai lam tshi kiam tsui khu e guat tin kang ah,hian tshu si i i king kiann kau tai lam tshi kiam tsui khu e uat tin kang ah,0.05263157894736842,19,18,1,0,0,zh,1,ok
699,indextts,angry,000699_indextts_angry.wav,/srv/RL_project/repo/outputs/wav_by_model/indextts/000699_indextts_angry.wav,tng ti tai uan si loo hu kin leh tsiah tau gim si phue ka pi ah,tng2 ti7 tai5 uan5 si1 loo7 hu3 kin7 leh4 tsiah8 tau3 im1 si1 phue3 ka1 pi1 a2,tng ti tai uan si loo hu kin leh tsiah tau gim si phue ka pi ah,tng ti tai uan si loo hu kin leh tsiah tau im si phue ka pi a,0.11764705882352941,17,15,2,0,0,zh,1,ok
700,indextts,disgusted,000700_indextts_disgusted.wav,/srv/RL_project/repo/outputs/wav/000700_indextts_disgusted.wav,siong kai lan tit e si,siong7 tsi2 tsian3 kai3 lan5 tsian3 ti7 se3 e5 si1 tsi1,siong kai lan tit e si,siong tsi tsian kai lan tsian ti se e si tsi,1.0,6,5,1,0,5,zh,1,ok
701,indextts,neutral,000701_indextts_neutral.wav,/srv/RL_project/repo/outputs/wav_by_model/indextts/000701_indextts_neutral.wav,terry u tsit tui khai bing e pe bu,terry u7 tsit8 tui3 khai1 bing5 e5 pe7 bu2,terry u tsit tui khai bing e pe bu,terry u tsit tui khai bing e pe bu,0.0,9,9,0,0,0,zh,1,ok
702,indextts,fearful,000702_indextts_fearful.wav,/srv/RL_project/repo/outputs/wav_by_model/indextts/000702_indextts_fearful.wav,tui i tsit khuan long ban kah u tam poh a bo hu hap sit tse e siunn huat ping bo huan tui,tui3 i1 tsit4 khuan2 long7 ban7 kau3 tam7 poh8 a2 bo5 hu5 hap8 sit8 tse3 e5 siunn7 huat4 ping7 bo5 huan2 tui3,tui i tsit khuan long ban kah u tam poh a bo hu hap sit tse e siunn huat ping bo huan tui,tui i tsit khuan long ban kau tam poh a bo hu hap sit tse e siunn huat ping bo huan tui,0.08695652173913043,23,21,1,1,0,zh,1,ok
703,indextts,disgusted,000703_indextts_disgusted.wav,/srv/RL_project/repo/outputs/wav_by_model/indextts/000703_indextts_disgusted.wav,tian to tsuan lik tsi tshi,tian1 to3 tsuan1 li2 tsi1 tshi5,tian to tsuan lik tsi tshi,tian to tsuan li tsi tshi,0.16666666666666666,6,5,1,0,0,zh,1,ok
704,indextts,fearful,000704_indextts_fearful.wav,/srv/RL_project/repo/outputs/wav_by_model/indextts/000704_indextts_fearful.wav,li kam tsai iann,li2 kam2 tsai1 iann2,li kam tsai iann,li kam tsai iann,0.0,4,4,0,0,0,zh,1,ok
705,indextts,happy,000705_indextts_happy.wav,/srv/RL_project/repo/outputs/wav_by_model/indextts/000705_indextts_happy.wav,ping tshiann ti i khuan to poo lian i king tsiong kin beh uan sing e bue tsam a,ping7 tshiann2 ti7 i3 khuan5 to2 poo7 lian3 i2 king1 tsiong1 kin7 beh4 uan5 sing5 e5 bue2 tsam7 a2,ping tshiann ti i khuan to poo lian i king tsiong kin beh uan sing e bue tsam a,ping tshiann ti i khuan to poo lian i king tsiong kin beh uan sing e bue tsam a,0.0,19,19,0,0,0,zh,1,ok
706,indextts,neutral,000706_indextts_neutral.wav,/srv/RL_project/repo/outputs/wav_by_model/indextts/000706_indextts_neutral.wav,tik piat puah si kan pue i kiann tsit tuann,tik8 piat8 puah4 si5 kan1 pue5 i1 kiann5 tsit8 tuann7,tik piat puah si kan pue i kiann tsit tuann,tik piat puah si kan pue i kiann tsit tuann,0.0,10,10,0,0,0,zh,1,ok
707,indextts,surprised,000707_indextts_surprised.wav,/srv/RL_project/repo/outputs/wav_by_model/indextts/000707_indextts_surprised.wav,hoo i tsing sin siong siong tua e koo bu,hoo7 i1 tsin1 sin1 siong7 siong7 tua7 e5 koo2 bu2,hoo i tsing sin siong siong tua e koo bu,hoo i tsin sin siong siong tua e koo bu,0.1,10,9,1,0,0,zh,1,ok
708,indextts,sad,000708_indextts_sad.wav,/srv/RL_project/repo/outputs/wav_by_model/indextts/000708_indextts_sad.wav,u bang siong sui,u7 bang7 siong7 sui2,u bang siong sui,u bang siong sui,0.0,4,4,0,0,0,zh,1,ok
709,indextts,surprised,000709_indextts_surprised.wav,/srv/RL_project/repo/outputs/wav_by_model/indextts/000709_indextts_surprised.wav,u li siong tioh ai iong kam khi tui kiu,u7 li2 siong2 tioh8 ai3 iong2 kam2 khi3 tui1 kiu5,u li siong tioh ai iong kam khi tui kiu,u li siong tioh ai iong kam khi tui kiu,0.0,10,10,0,0,0,zh,1,ok
710,indextts,happy,000710_indextts_happy.wav,/srv/RL_project/repo/outputs/wav_by_model/indextts/000710_indextts_happy.wav,lan lang sing uah ti tsit e se kan,lan2 lang5 sing1 uah8 ti7 tsit4 e5 se3 kan1,lan lang sing uah ti tsit e se kan,lan lang sing uah ti tsit e se kan,0.0,9,9,0,0,0,zh,1,ok
711,indextts,disgusted,000711_indextts_disgusted.wav,/srv/RL_project/repo/outputs/wav_by_model/indextts/000711_indextts_disgusted.wav,tu liau it tsai tiong hok e jit siong tsiah tshing i gua,tu5 liau2 it4 tsai3 tiong1 ho7 ge7 tsit8 siong5 tsiap8 tshing3 i2 gua7,tu liau it tsai tiong hok e jit siong tsiah tshing i gua,tu liau it tsai tiong ho ge tsit siong tsiap tshing i gua,0.3076923076923077,13,9,4,0,0,zh,1,ok
712,indextts,angry,000712_indextts_angry.wav,/srv/RL_project/repo/outputs/wav_by_model/indextts/000712_indextts_angry.wav,iah u tsan tshu koh khah kuan e li siong,iah8 u7 tsan2 tshu3 koh4 khah4 kuan5 e5 li2 siong2,iah u tsan tshu koh khah kuan e li siong,iah u tsan tshu koh khah kuan e li siong,0.0,10,10,0,0,0,zh,1,ok
713,indextts,angry,000713_indextts_angry.wav,/srv/RL_project/repo/outputs/wav_by_model/indextts/000713_indextts_angry.wav,su iau khi tui kiu khi sit hian,su1 iau3 khi3 tui1 kiu5 khi3 sit8 hian7,su iau khi tui kiu khi sit hian,su iau khi tui kiu khi sit hian,0.0,8,8,0,0,0,zh,1,ok
714,indextts,happy,000714_indextts_happy.wav,/srv/RL_project/repo/outputs/wav/000714_indextts_happy.wav,ti lan ling lik iau tso e kau e si tsun,ti7 tsi2 lan2 lim5 ting2 lip8 ba2 iau1 a2 tsoo2 san1 e5 tshit4 kau1 san1 e5 si5 tsian3 tsun2 tsi1,ti lan ling lik iau tso e kau e si tsun,ti tsi lan lim ting lip ba iau a tsoo san e tshit kau san e si tsian tsun tsi,1.0909090909090908,11,8,3,0,9,zh,1,ok
715,indextts,sad,000715_indextts_sad.wav,/srv/RL_project/repo/outputs/wav_by_model/indextts/000715_indextts_sad.wav,tai uan lang kau kau kau e jin tsing bi,tai5 uan5 lang5 kau7 kau7 kau7 e5 jin5 tsin1 bi7,tai uan lang kau kau kau e jin tsing bi,tai uan lang kau kau kau e jin tsin bi,0.1,10,9,1,0,0,zh,1,ok
716,indextts,surprised,000716_indextts_surprised.wav,/srv/RL_project/repo/outputs/wav_by_model/indextts/000716_indextts_surprised.wav,na si kiann khun lan,na7 si7 kiann1 khun3 lan5,na si kiann khun lan,na si kiann khun lan,0.0,5,5,0,0,0,zh,1,ok
717,indextts,happy,000717_indextts_happy.wav,/srv/RL_project/repo/outputs/wav_by_model/indextts/000717_indextts_happy.wav,tshin tshai tio hong khi tui kiu bang siong e ki hue,tshing3 tshah4 tioh8 hong3 khi3 tui1 kiu5 bang7 siong2 e5 ki1 hue7,tshin tshai tio hong khi tui kiu bang siong e ki hue,tshing tshah tioh hong khi tui kiu bang siong e ki hue,0.25,12,9,3,0,0,zh,1,ok
718,indextts,sad,000718_indextts_sad.wav,/srv/RL_project/repo/outputs/wav_by_model/indextts/000718_indextts_sad.wav,tan kau au pai tsiah lai huan hue,tan2 kau3 au7 pai2 tsiah4 lai5 huan2 hue2,tan kau au pai tsiah lai huan hue,tan kau au pai tsiah lai huan hue,0.0,8,8,0,0,0,zh,1,ok
719,indextts,happy,000719_indextts_happy.wav,/srv/RL_project/repo/outputs/wav_by_model/indextts/000719_indextts_happy.wav,he tio siunn ban ah,he1 tio7 siunn1 ban7 ah4,he tio siunn ban ah,he tio siunn ban ah,0.0,5,5,0,0,0,zh,1,ok
720,indextts,surprised,000720_indextts_surprised.wav,/srv/RL_project/repo/outputs/wav_by_model/indextts/000720_indextts_surprised.wav,khuan to poo lian si tsit kiann sin khoo e tai tsi,khuan1 tioh8 poo7 lian7 si7 tsit8 kiann7 sin1 khoo2 e5 tai7 tsi3,khuan to poo lian si tsit kiann sin khoo e tai tsi,khuan tioh poo lian si tsit kiann sin khoo e tai tsi,0.08333333333333333,12,11,1,0,0,zh,1,ok
721,indextts,disgusted,000721_indextts_disgusted.wav,/srv/RL_project/repo/outputs/wav_by_model/indextts/000721_indextts_disgusted.wav,tu liau ai u tsiu tsuan e ke ue the lat ai ho i gua,tu5 liau2 ai3 u7 tsiu1 tsuan5 e5 ke3 ue7 the2 lat8 ai3 ho2 i2 gua7,tu liau ai u tsiu tsuan e ke ue the lat ai ho i gua,tu liau ai u tsiu tsuan e ke ue the lat ai ho i gua,0.0,15,15,0,0,0,zh,1,ok
722,indextts,sad,000722_indextts_sad.wav,/srv/RL_project/repo/outputs/wav_by_model/indextts/000722_indextts_sad.wav,siong tiong iau e si ai u kian kiong e i tsi lik,siong7 tiong7 iau3 e5 si7 ai3 u7 kian1 kiong5 e5 it4 tsi3 li2,siong tiong iau e si ai u kian kiong e i tsi lik,siong tiong iau e si ai u kian kiong e it tsi li,0.15384615384615385,13,11,2,0,0,zh,1,ok
723,indextts,fearful,000723_indextts_fearful.wav,/srv/RL_project/repo/outputs/wav_by_model/indextts/000723_indextts_fearful.wav,tsiah thang khik hok ian loo tu tioh e kok tsiong siunn bue kau e lan te,tsiah4 thang1 khi3 hok4 ian1 loo7 tu2 tioh8 e5 kok4 tsiong2 siunn7 bue7 kau3 e5 lan5 te5,tsiah thang khik hok ian loo tu tioh e kok tsiong siunn bue kau e lan te,tsiah thang khi hok ian loo tu tioh e kok tsiong siunn bue kau e lan te,0.058823529411764705,17,16,1,0,0,zh,1,ok
724,indextts,disgusted,000724_indextts_disgusted.wav,/srv/RL_project/repo/outputs/wav_by_model/indextts/000724_indextts_disgusted.wav,kiong hi terry khuan to poo lian,kiong1 hi2 Terry khuan5 to2 poo7 lian2,kiong hi terry khuan to poo lian,kiong hi terry khuan to poo lian,0.0,7,7,0,0,0,zh,1,ok
725,indextts,sad,000725_indextts_sad.wav,/srv/RL_project/repo/outputs/wav/000725_indextts_sad.wav,iong siang kha ai tai uan e bang siong leh beh uan sing ah,iong7 tsi2 siang7 jian3 khah4 i2 ai3 tai7 jian3 uan5 e5 bian2 tsi2 tsian3 siong1 le5 si3 jian5 be5 si7 uan5 jian5 sing5 jian3 e5 e5 a2 si2,iong siang kha ai tai uan e bang siong leh beh uan sing ah,iong tsi siang jian khah i ai tai jian uan e bian tsi tsian siong le si jian be si uan jian sing jian e e a si,1.3571428571428572,14,9,5,0,14,zh,1,ok
726,indextts,happy,000726_indextts_happy.wav,/srv/RL_project/repo/outputs/wav_by_model/indextts/000726_indextts_happy.wav,li kam bat kam siu tioh,li2 kam2 pak4 kam2 siu7 tioh8,li kam bat kam siu tioh,li kam pak kam siu tioh,0.16666666666666666,6,5,1,0,0,zh,1,ok
727,indextts,neutral,000727_indextts_neutral.wav,/srv/RL_project/repo/outputs/wav_by_model/indextts/000727_indextts_neutral.wav,kian tshi loh khi,kian1 tshi5 loh8 khi3,kian tshi loh khi,kian tshi loh khi,0.0,4,4,0,0,0,zh,1,ok
728,indextts,sad,000728_indextts_sad.wav,/srv/RL_project/repo/outputs/wav/000728_indextts_sad.wav,siong sin it ting e sing kong,siong1 tsian3 sin3 it4 tsi3 tsian3 ting7 tsi1 sing5 jian5 kong1,siong sin it ting e sing kong,siong tsian sin it tsi tsian ting tsi sing jian kong,0.7142857142857143,7,6,1,0,4,zh,1,ok
729,indextts,angry,000729_indextts_angry.wav,/srv/RL_project/repo/outputs/wav/000729_indextts_angry.wav,lim ping tik sian sinn kah i e pe bu kang khuan,lim5 u7 ping1 tsian3 tik4 ba2 sian1 tsian3 si1 kah4 si3 e5 ph tshi2 tsian7 bu2 kang1 tshi1 tsian3 khuann3 ah4,lim ping tik sian sinn kah i e pe bu kang khuan,lim u ping tsian tik ba sian tsian si kah si e ph tshi tsian bu kang tshi tsian khuann ah,1.0833333333333333,12,8,4,0,9,zh,1,ok
730,indextts,disgusted,000730_indextts_disgusted.wav,/srv/RL_project/repo/outputs/wav_by_model/indextts/000730_indextts_disgusted.wav,long si jin tsin phah piann kha tah sit te,long2 si7 lin7 tsin1 phah4 piann3 kha1 tah8 sit8 te7,long si jin tsin phah piann kha tah sit te,long si lin tsin phah piann kha tah sit te,0.1,10,9,1,0,0,zh,1,ok
731,indextts,disgusted,000731_indextts_disgusted.wav,/srv/RL_project/repo/outputs/wav_by_model/indextts/000731_indextts_disgusted.wav,iong sit tse e hing tong thiann tai uan e lang,iong7 sit8 tse3 e5 hing5 tong7 thiann3 tai5 uan5 e5 lang5,iong sit tse e hing tong thiann tai uan e lang,iong sit tse e hing tong thiann tai uan e lang,0.0,11,11,0,0,0,zh,1,ok
732,indextts,neutral,000732_indextts_neutral.wav,/srv/RL_project/repo/outputs/wav/000732_indextts_neutral.wav,iong tshim tsing e bak tsiu,iong7 tsi2 tshim1 i1 jian3 tsing3 u7 e5 bak8 bak8 jian3 tsiu1 i1,iong tshim tsing e bak tsiu,iong tsi tshim i jian tsing u e bak bak jian tsiu i,1.1666666666666667,6,6,0,0,7,zh,1,ok
733,indextts,angry,000733_indextts_angry.wav,/srv/RL_project/repo/outputs/wav_by_model/indextts/000733_indextts_angry.wav,khuann tai uan tsit liap bi le e to su,khuann3 tai5 uan5 tsit4 liap8 bi2 le7 e5 to2 su7,khuann tai uan tsit liap bi le e to su,khuann tai uan tsit liap bi le e to su,0.0,10,10,0,0,0,zh,1,ok
734,indextts,happy,000734_indextts_happy.wav,/srv/RL_project/repo/outputs/wav_by_model/indextts/000734_indextts_happy.wav,iong nng ki kha ui tai uan thau kiann kau tai uan bue,iong7 nng7 ki1 kha1 ui3 tai5 uan5 thau5 kiann5 kau3 tai5 uan5 bue2,iong nng ki kha ui tai uan thau kiann kau tai uan bue,iong nng ki kha ui tai uan thau kiann kau tai uan bue,0.0,13,13,0,0,0,zh,1,ok
735,indextts,sad,000735_indextts_sad.wav,/srv/RL_project/repo/outputs/wav_by_model/indextts/000735_indextts_sad.wav,tai uan e kiau ngoo,tai5 uan5 e5 kiau1 ngoo7,tai uan e kiau ngoo,tai uan e kiau ngoo,0.0,5,5,0,0,0,zh,1,ok
736,indextts,fearful,000736_indextts_fearful.wav,/srv/RL_project/repo/outputs/wav_by_model/indextts/000736_indextts_fearful.wav,se kai kip e to ian li an kap gui tik sing,se3 kai3 ki5 be7 to7 ian2 li2 ian1 kah4 kui1 tik4 sing3,se kai kip e to ian li an kap gui tik sing,se kai ki be to ian li ian kah kui tik sing,0.4166666666666667,12,7,5,0,0,zh,1,ok
737,indextts,disgusted,000737_indextts_disgusted.wav,/srv/RL_project/repo/outputs/wav_by_model/indextts/000737_indextts_disgusted.wav,kian tshi thau bue e o un suan tshiu soo le bun,kian1 tshi5 thau5 bue2 e5 oo3 un7 suan2 tshiu2 soo2 lik8 bun5,kian tshi thau bue e o un suan tshiu soo le bun,kian tshi thau bue e oo un suan tshiu soo lik bun,0.16666666666666666,12,10,2,0,0,zh,1,ok
738,indextts,angry,000738_indextts_angry.wav,/srv/RL_project/repo/outputs/wav_by_model/indextts/000738_indextts_angry.wav,suann kiu ko tshiu tsan nga ni ting ting,suann1 kiu5 ko1 tshiu2 tsan1 na2 ni5 ting2 ting2,suann kiu ko tshiu tsan nga ni ting ting,suann kiu ko tshiu tsan na ni ting ting,0.1111111111111111,9,8,1,0,0,zh,1,ok
739,indextts,happy,000739_indextts_happy.wav,/srv/RL_project/repo/outputs/wav_by_model/indextts/000739_indextts_happy.wav,in tsiah si lan sio sio e tai uan tshiann iong tshut lai,in1 tsiah4 si7 lan2 sio2 sio2 e5 tai5 uan5 tshiann5 iong2 tshut4 lai5,in tsiah si lan sio sio e tai uan tshiann iong tshut lai,in tsiah si lan sio sio e tai uan tshiann iong tshut lai,0.0,13,13,0,0,0,zh,1,ok
740,indextts,neutral,000740_indextts_neutral.wav,/srv/RL_project/repo/outputs/wav_by_model/indextts/000740_indextts_neutral.wav,ti se kai bu tai ting huat kng huat jiat,ti7 se3 kai3 bu2 tai5 ting2 huat4 kng1 huat4 jiat8,ti se kai bu tai ting huat kng huat jiat,ti se kai bu tai ting huat kng huat jiat,0.0,10,10,0,0,0,zh,1,ok
741,indextts,surprised,000741_indextts_surprised.wav,/srv/RL_project/repo/outputs/wav_by_model/indextts/000741_indextts_surprised.wav,si tat tit lan kam kak kiau ngoo e jin but,si7 tat8 tit4 lan2 kam2 kak4 kiong5 ngoo7 e5 lin5 but8,si tat tit lan kam kak kiau ngoo e jin but,si tat tit lan kam kak kiong ngoo e lin but,0.18181818181818182,11,9,2,0,0,zh,1,ok
742,indextts,sad,000742_indextts_sad.wav,/srv/RL_project/repo/outputs/wav/000742_indextts_sad.wav,na kong tioh tai uan e kiau ngoo,na7 tsi3 kong2 jian3 tioh8 ba2 tai5 jian3 guan5 e5 kiau1 i1 kian3 goo7 tshi7,na kong tioh tai uan e kiau ngoo,na tsi kong jian tioh ba tai jian guan e kiau i kian goo tshi,1.125,8,6,2,0,7,zh,1,ok
743,indextts,sad,000743_indextts_sad.wav,/srv/RL_project/repo/outputs/wav_by_model/indextts/000743_indextts_sad.wav,li te li e siunn tioh e,li2 te7 li2 e5 siunn7 tioh8 e5,li te li e siunn tioh e,li te li e siunn tioh e,0.0,7,7,0,0,0,zh,1,ok
744,indextts,happy,000744_indextts_happy.wav,/srv/RL_project/repo/outputs/wav_by_model/indextts/000744_indextts_happy.wav,it ting si tai uan phong phai e but tsu,it4 ting7 si7 tai5 uan5 phong1 phah4 e5 but8 tsu1,it ting si tai uan phong phai e but tsu,it ting si tai uan phong phah e but tsu,0.1,10,9,1,0,0,zh,1,ok
745,indextts,fearful,000745_indextts_fearful.wav,/srv/RL_project/repo/outputs/wav_by_model/indextts/000745_indextts_fearful.wav,in ui tai uan lang thau nau khiau gau pian khiau,in1 ui7 tai5 uan5 lang5 thau5 nau2 khiau2 gau5 pian3 khiau3,in ui tai uan lang thau nau khiau gau pian khiau,in ui tai uan lang thau nau khiau gau pian khiau,0.0,11,11,0,0,0,zh,1,ok
746,indextts,surprised,000746_indextts_surprised.wav,/srv/RL_project/repo/outputs/wav_by_model/indextts/000746_indextts_surprised.wav,tsok tsia lim siu hua,tsok4 tsia2 lim5 siu3 hua5,tsok tsia lim siu hua,tsok tsia lim siu hua,0.0,5,5,0,0,0,zh,1,ok
747,indextts,disgusted,000747_indextts_disgusted.wav,/srv/RL_project/repo/outputs/wav_by_model/indextts/000747_indextts_disgusted.wav,bo lun kue tsi lan hue iah tsui san,bo5 lun7 kue2 tsi2 ling5 hue1 ia7 tsui2 san2,bo lun kue tsi lan hue iah tsui san,bo lun kue tsi ling hue ia tsui san,0.2222222222222222,9,7,2,0,0,zh,1,ok
748,indextts,surprised,000748_indextts_surprised.wav,/srv/RL_project/repo/outputs/wav_by_model/indextts/000748_indextts_surprised.wav,tsi iau king kue tai uan lang e kai liong,tsi2 iau3 king1 kue3 tai5 uan5 lang5 e5 kai2 liong5,tsi iau king kue tai uan lang e kai liong,tsi iau king kue tai uan lang e kai liong,0.0,10,10,0,0,0,zh,1,ok
749,indextts,surprised,000749_indextts_surprised.wav,/srv/RL_project/repo/outputs/wav_by_model/indextts/000749_indextts_surprised.wav,long e gian huat tshut it too tsan e phin tsing,long2 e7 gian2 huat4 tshut4 it4 too2 tsan2 e5 phin2 tsing2,long e gian huat tshut it too tsan e phin tsing,long e gian huat tshut it too tsan e phin tsing,0.0,11,11,0,0,0,zh,1,ok
750,indextts,surprised,000750_indextts_surprised.wav,/srv/RL_project/repo/outputs/wav_by_model/indextts/000750_indextts_surprised.wav,hoo tsuan se kai o lo lan e kue tsi tua koh tinn,hoo7 tsuan5 se3 kai3 o1 lo2 lan2 e5 kui2 tsi2 tua7 koh4 tinn1,hoo tsuan se kai o lo lan e kue tsi tua koh tinn,hoo tsuan se kai o lo lan e kui tsi tua koh tinn,0.07692307692307693,13,12,1,0,0,zh,1,ok
751,indextts,sad,000751_indextts_sad.wav,/srv/RL_project/repo/outputs/wav_by_model/indextts/000751_indextts_sad.wav,lan hue phang koh sui,lang5 hue1 phang1 koh4 sui2,lan hue phang koh sui,lang hue phang koh sui,0.2,5,4,1,0,0,zh,1,ok
752,indextts,neutral,000752_indextts_neutral.wav,/srv/RL_project/repo/outputs/wav/000752_indextts_neutral.wav,tsui san tshinn koh ho tsiah,tsui2 a2 lian5 san2 tshinn2 i1 koh4 si3 ho2 lian2 tsiah8 bah4,tsui san tshinn koh ho tsiah,tsui a lian san tshinn i koh si ho lian tsiah bah,1.0,6,6,0,0,6,zh,1,ok
753,indextts,angry,000753_indextts_angry.wav,/srv/RL_project/repo/outputs/wav_by_model/indextts/000753_indextts_angry.wav,ma in ui an ne,ma7 in1 ui7 an2 ne1,ma in ui an ne,ma in ui an ne,0.0,5,5,0,0,0,zh,1,ok
754,indextts,angry,000754_indextts_angry.wav,/srv/RL_project/repo/outputs/wav_by_model/indextts/000754_indextts_angry.wav,soo i e tang gua siau than gua hue,soo2 i2 e7 tang3 gua7 siau1 than3 gua7 hue7,soo i e tang gua siau than gua hue,soo i e tang gua siau than gua hue,0.0,9,9,0,0,0,zh,1,ok
755,indextts,happy,000755_indextts_happy.wav,/srv/RL_project/repo/outputs/wav_by_model/indextts/000755_indextts_happy.wav,iah koh u i tsa long giap sia hue e tai uan u su po te bi thng kah tsiunn lo,iah4 koh4 u7 i2 tsa2 long5 giap8 sia7 hue7 tai5 uan5 u7 su3 poo2 te5 bih4 thng5 kah4 tsiunn1 lo2,iah koh u i tsa long giap sia hue e tai uan u su po te bi thng kah tsiunn lo,iah koh u i tsa long giap sia hue tai uan u su poo te bih thng kah tsiunn lo,0.14285714285714285,21,18,2,1,0,zh,1,ok
756,indextts,sad,000756_indextts_sad.wav,/srv/RL_project/repo/outputs/wav_by_model/indextts/000756_indextts_sad.wav,tsit ma kang giap sia hue e tai uan si tian nau ic led kah tsin tse ko kho ki e san phin,tsit4 ma2 kang1 giap8 sia7 hue7 e5 tai5 uan5 si7 tian7 nau2 IC LAD kah4 tsin1 tse7 ko1 kho1 ki1 e5 san2 phin2,tsit ma kang giap sia hue e tai uan si tian nau ic led kah tsin tse ko kho ki e san phin,tsit ma kang giap sia hue e tai uan si tian nau ic lad kah tsin tse ko kho ki e san phin,0.043478260869565216,23,22,1,0,0,zh,1,ok
757,indextts,angry,000757_indextts_angry.wav,/srv/RL_project/repo/outputs/wav_by_model/indextts/000757_indextts_angry.wav,na mng li tai uan e kiau ngoo si siann mih,na7 mng7 li2 tai5 uan5 e5 kiau1 ngoo7 si7 siann2 mih8,na mng li tai uan e kiau ngoo si siann mih,na mng li tai uan e kiau ngoo si siann mih,0.0,11,11,0,0,0,zh,1,ok
758,indextts,angry,000758_indextts_angry.wav,/srv/RL_project/repo/outputs/wav_by_model/indextts/000758_indextts_angry.wav,hing siau tsuan kiu e bi le to,hing5 siau1 tsuan5 kiu5 e5 bi2 le7 to2,hing siau tsuan kiu e bi le to,hing siau tsuan kiu e bi le to,0.0,8,8,0,0,0,zh,1,ok
759,indextts,disgusted,000759_indextts_disgusted.wav,/srv/RL_project/repo/outputs/wav_by_model/indextts/000759_indextts_disgusted.wav,tse si lan tai uan lang e hiau pa ak si ki un iong ti hui,tse1 si7 lan2 tai5 uan5 lang5 e7 hiau2 pa2 ak4 si5 ki1 un7 iong7 ti3 hui7,tse si lan tai uan lang e hiau pa ak si ki un iong ti hui,tse si lan tai uan lang e hiau pa ak si ki un iong ti hui,0.0,16,16,0,0,0,zh,1,ok
760,indextts,disgusted,000760_indextts_disgusted.wav,/srv/RL_project/repo/outputs/wav/000760_indextts_disgusted.wav,jin tsin phah piann tshong tso tshut lai e king tse ki tsik,jin5 tsi2 tsian3 tsing5 it4 phah4 si3 jian3 piann1 san1 tshong1 san1 tsian3 tso3 tshi1 jian3 tshu2 si1 tsian3 lai5 king1 tsian3 tse7 san1 ki5 jian3 tsi3 si2,jin tsin phah piann tshong tso tshut lai e king tse ki tsik,jin tsi tsian tsing it phah si jian piann san tshong san tsian tso tshi jian tshu si tsian lai king tsian tse san ki jian tsi si,1.5384615384615385,13,8,5,0,15,zh,1,ok
761,indextts,angry,000761_indextts_angry.wav,/srv/RL_project/repo/outputs/wav_by_model/indextts/000761_indextts_angry.wav,ma si lan siong kiau ngoo e sing tsiu,ma7 si7 lan2 siong7 kiau1 ngoo7 e5 sim1 tsiu7,ma si lan siong kiau ngoo e sing tsiu,ma si lan siong kiau ngoo e sim tsiu,0.1111111111111111,9,8,1,0,0,zh,1,ok
762,indextts,neutral,000762_indextts_neutral.wav,/srv/RL_project/repo/outputs/wav_by_model/indextts/000762_indextts_neutral.wav,lang kong tai uan liam tsin tsing kah tak ke lai puah kam tsing,lang5 kong2 tai5 uan5 liam7 tsin1 tsing5 ka7 tak8 ke1 lai5 puah8 kam2 tsing5,lang kong tai uan liam tsin tsing kah tak ke lai puah kam tsing,lang kong tai uan liam tsin tsing ka tak ke lai puah kam tsing,0.07142857142857142,14,13,1,0,0,zh,1,ok
763,indextts,angry,000763_indextts_angry.wav,/srv/RL_project/repo/outputs/wav/000763_indextts_angry.wav,tai uan sio lo e jin tsing bi,tai5 tsian3 uan5 siok8 i1 tsian3 loo2 tsi1 e5 jin7 tsian3 tsing5 u7 jian5 B.I.G.,tai uan sio lo e jin tsing bi,tai tsian uan siok i tsian loo tsi e jin tsian tsing u jian b i g,1.5,8,5,3,0,9,zh,1,ok
764,indextts,sad,000764_indextts_sad.wav,/srv/RL_project/repo/outputs/wav_by_model/indextts/000764_indextts_sad.wav,hoo tsin tse bat lai tai uan tshit tho,hoo7 tsin1 tse7 bat4 lai5 tai5 uan5 tshit4 tho5,hoo tsin tse bat lai tai uan tshit tho,hoo tsin tse bat lai tai uan tshit tho,0.0,9,9,0,0,0,zh,1,ok
765,indextts,neutral,000765_indextts_neutral.wav,/srv/RL_project/repo/outputs/wav_by_model/indextts/000765_indextts_neutral.wav,iah si tua kue e gua kok lang long o lo kah e tak tsih,iah8 si7 tua3 kue3 e5 gua7 kok4 lang5 long2 o1 lo2 kah4 e7 tat8 tsi2,iah si tua kue e gua kok lang long o lo kah e tak tsih,iah si tua kue e gua kok lang long o lo kah e tat tsi,0.13333333333333333,15,13,2,0,0,zh,1,ok
766,indextts,angry,000766_indextts_angry.wav,/srv/RL_project/repo/outputs/wav_by_model/indextts/000766_indextts_angry.wav,bat u tsit ui ui jit pun lai e tsin tshut mia e bing tshinn kong,ma7 u7 tsit8 ui7 ui2 jit8 pun2 lai5 e5 tsin1 tshu3 mia5 e5 bing5 tshin1 kong2,bat u tsit ui ui jit pun lai e tsin tshut mia e bing tshinn kong,ma u tsit ui ui jit pun lai e tsin tshu mia e bing tshin kong,0.1875,16,13,3,0,0,zh,1,ok
767,indextts,disgusted,000767_indextts_disgusted.wav,/srv/RL_project/repo/outputs/wav_by_model/indextts/000767_indextts_disgusted.wav,in ui tai uan lang e tshin tshiat,in1 ui7 tai5 uan5 lang5 e5 tshin3 tsheh4,in ui tai uan lang e tshin tshiat,in ui tai uan lang e tshin tsheh,0.125,8,7,1,0,0,zh,1,ok
768,indextts,surprised,000768_indextts_surprised.wav,/srv/RL_project/repo/outputs/wav_by_model/indextts/000768_indextts_surprised.wav,li thau tsit e siunn tioh e it ting si tsit tsam a tshing kah liah be tiau e bi kok tsit giap na kiu tui e suan tshiu lim su ho,li2 thau5 tsit8 e5 siunn7 tioh8 e5 it4 ting7 si7 tsit4 tsam7 a2 tshing3 kah4 liah8 be7 tiau5 e5 bi2 kok4 tsit4 giap8 na5 kiu5 tui3 e5 suan2 tshiu2 lim5 su1 ho5,li thau tsit e siunn tioh e it ting si tsit tsam a tshing kah liah be tiau e bi kok tsit giap na kiu tui e suan tshiu lim su ho,li thau tsit e siunn tioh e it ting si tsit tsam a tshing kah liah be tiau e bi kok tsit giap na kiu tui e suan tshiu lim su ho,0.0,32,32,0,0,0,zh,1,ok
769,indextts,neutral,000769_indextts_neutral.wav,/srv/RL_project/repo/outputs/wav_by_model/indextts/000769_indextts_neutral.wav,hoo gua tshim tshim be luan tai uan,hoo7 gua2 tshin1 tshin1 be7 luan5 tai5 uan5,hoo gua tshim tshim be luan tai uan,hoo gua tshin tshin be luan tai uan,0.25,8,6,2,0,0,zh,1,ok
770,indextts,fearful,000770_indextts_fearful.wav,/srv/RL_project/repo/outputs/wav_by_model/indextts/000770_indextts_fearful.wav,soo i to sng lai tsia tshit tho tsap kui pai,soo2 i2 to7 sng3 lai5 tsia1 tshit4 tho5 tsap8 kui2 pai2,soo i to sng lai tsia tshit tho tsap kui pai,soo i to sng lai tsia tshit tho tsap kui pai,0.0,11,11,0,0,0,zh,1,ok
771,indextts,sad,000771_indextts_sad.wav,/srv/RL_project/repo/outputs/wav_by_model/indextts/000771_indextts_sad.wav,ma be ia sian,ma7 be7 ia3 sian7,ma be ia sian,ma be ia sian,0.0,4,4,0,0,0,zh,1,ok
772,indextts,disgusted,000772_indextts_disgusted.wav,/srv/RL_project/repo/outputs/wav_by_model/indextts/000772_indextts_disgusted.wav,in ui ti tai uan,in1 ui7 ti7 tai5 uan5,in ui ti tai uan,in ui ti tai uan,0.0,5,5,0,0,0,zh,1,ok
773,indextts,happy,000773_indextts_happy.wav,/srv/RL_project/repo/outputs/wav_by_model/indextts/000773_indextts_happy.wav,tak ke long ka gua tong tso si ka ti lang,tak8 ke1 long2 ka7 ka1 tong3 tso3 si7 ka1 ti7 lang5,tak ke long ka gua tong tso si ka ti lang,tak ke long ka ka tong tso si ka ti lang,0.09090909090909091,11,10,1,0,0,zh,1,ok
774,indextts,angry,000774_indextts_angry.wav,/srv/RL_project/repo/outputs/wav_by_model/indextts/000774_indextts_angry.wav,guan lau su ma bat tu tioh tsit e ti tai uan tsiah thau loo e gua kok lang,guan2 lau7 su1 ma7 bat4 tu2 tioh8 tsit8 e5 ti7 tai5 uan5 tsiah4 thau5 loo7 e5 gua7 kok4 lang5,guan lau su ma bat tu tioh tsit e ti tai uan tsiah thau loo e gua kok lang,guan lau su ma bat tu tioh tsit e ti tai uan tsiah thau loo e gua kok lang,0.0,19,19,0,0,0,zh,1,ok
775,indextts,disgusted,000775_indextts_disgusted.wav,/srv/RL_project/repo/outputs/wav_by_model/indextts/000775_indextts_disgusted.wav,in ui beh hoo lang tiau khi tiong kok,in1 ui7 beh4 hoo7 lang5 tiau3 khi3 tiong1 kok4,in ui beh hoo lang tiau khi tiong kok,in ui beh hoo lang tiau khi tiong kok,0.0,9,9,0,0,0,zh,1,ok
776,indextts,disgusted,000776_indextts_disgusted.wav,/srv/RL_project/repo/outputs/wav_by_model/indextts/000776_indextts_disgusted.wav,kam kak tsin ut tsut,kam2 kak4 tsin1 ut4 tsut4,kam kak tsin ut tsut,kam kak tsin ut tsut,0.0,5,5,0,0,0,zh,1,ok
777,indextts,fearful,000777_indextts_fearful.wav,/srv/RL_project/repo/outputs/wav_by_model/indextts/000777_indextts_fearful.wav,i kong tai uan tsit si ke long tshiong buan sio lo e jin tsing bi,i1 kong2 tai5 uan5 tsit8 si3 ke3 long2 tshiong1 buan2 sio1 loo7 e5 lin5 tsing5 bi7,i kong tai uan tsit si ke long tshiong buan sio lo e jin tsing bi,i kong tai uan tsit si ke long tshiong buan sio loo e lin tsing bi,0.125,16,14,2,0,0,zh,1,ok
778,indextts,disgusted,000778_indextts_disgusted.wav,/srv/RL_project/repo/outputs/wav_by_model/indextts/000778_indextts_disgusted.wav,si tsit e e hoo lang siau liam e ho soo tsai,si7 tsit8 e5 e7 hoo7 lang5 siau3 liam7 e5 ho2 soo2 tsai7,si tsit e e hoo lang siau liam e ho soo tsai,si tsit e e hoo lang siau liam e ho soo tsai,0.0,12,12,0,0,0,zh,1,ok
779,indextts,neutral,000779_indextts_neutral.wav,/srv/RL_project/repo/outputs/wav_by_model/indextts/000779_indextts_neutral.wav,lim su ho sui lian hoo lan kam kak tsin kiau ngoo,lim5 su1 ho5 sui1 jian5 hoo7 lan2 kam2 kak4 tsin1 kiau1 ngoo7,lim su ho sui lian hoo lan kam kak tsin kiau ngoo,lim su ho sui jian hoo lan kam kak tsin kiau ngoo,0.08333333333333333,12,11,1,0,0,zh,1,ok
780,indextts,disgusted,000780_indextts_disgusted.wav,/srv/RL_project/repo/outputs/wav/000780_indextts_disgusted.wav,tong lian hoo lang siong kiau ngoo e soo tsai si,tong1 jian3 lian5 hoo7 tsit8 lang5 siong5 tshit4 kiau7 i1 jian7 ngoo2 tsi1 e5 soo2 rian7 tsai5 tshi2 sit,tong lian hoo lang siong kiau ngoo e soo tsai si,tong jian lian hoo tsit lang siong tshit kiau i jian ngoo tsi e soo rian tsai tshi sit,0.8181818181818182,11,10,1,0,8,zh,1,ok
781,indextts,sad,000781_indextts_sad.wav,/srv/RL_project/repo/outputs/wav_by_model/indextts/000781_indextts_sad.wav,tai uan si ti hua jin se kai te it e sit si bin tsu tse too e kok ka,tai5 uan5 si7 ti7 hua1 lin5 se3 kai3 te7 it4 e5 sik8 si7 bin5 tsu2 tse3 too5 e5 kok4 ka1,tai uan si ti hua jin se kai te it e sit si bin tsu tse too e kok ka,tai uan si ti hua lin se kai te it e sik si bin tsu tse too e kok ka,0.1,20,18,2,0,0,zh,1,ok
782,indextts,neutral,000782_indextts_neutral.wav,/srv/RL_project/repo/outputs/wav/000782_indextts_neutral.wav,it kiu pat liok ni i au,e1 tshit4 kiu2 pat4 si3 liok8 a2 ni5 i2 lian2 au7 tshi7,it kiu pat liok ni i au,e tshit kiu pat si liok a ni i lian au tshi,0.8571428571428571,7,6,1,0,5,zh,1,ok
783,indextts,disgusted,000783_indextts_disgusted.wav,/srv/RL_project/repo/outputs/wav_by_model/indextts/000783_indextts_disgusted.wav,tsing ti kai kik e sok too ju lai lu kin,tsing3 ti7 kai2 kio3 e5 sok4 too7 ju2 lai5 ju2 kin2,tsing ti kai kik e sok too ju lai lu kin,tsing ti kai kio e sok too ju lai ju kin,0.18181818181818182,11,9,2,0,0,zh,1,ok
784,indextts,fearful,000784_indextts_fearful.wav,/srv/RL_project/repo/outputs/wav_by_model/indextts/000784_indextts_fearful.wav,pau kuat it kiu pat tshit ni kai tu kai giam huat,pau1 kuat4 it4 kiu2 pat4 tshit4 ni5 kai2 tu5 kai3 giam5 huat4,pau kuat it kiu pat tshit ni kai tu kai giam huat,pau kuat it kiu pat tshit ni kai tu kai giam huat,0.0,12,12,0,0,0,zh,1,ok
785,indextts,disgusted,000785_indextts_disgusted.wav,/srv/RL_project/repo/outputs/wav_by_model/indextts/000785_indextts_disgusted.wav,sit si tsu iu hua tsing tshik,si7 si7 tsu7 iu5 hua3 tsing3 tshik4,sit si tsu iu hua tsing tshik,si si tsu iu hua tsing tshik,0.14285714285714285,7,6,1,0,0,zh,1,ok
786,indextts,angry,000786_indextts_angry.wav,/srv/RL_project/repo/outputs/wav_by_model/indextts/000786_indextts_angry.wav,kau it kiu kiu liok ni tsong thong tit suan,kau3 it4 kiu2 kiu2 liok8 ni5 tsong2 thong2 tit8 suan2,kau it kiu kiu liok ni tsong thong tit suan,kau it kiu kiu liok ni tsong thong tit suan,0.0,10,10,0,0,0,zh,1,ok
787,indextts,fearful,000787_indextts_fearful.wav,/srv/RL_project/repo/outputs/wav_by_model/indextts/000787_indextts_fearful.wav,sng si huah tshut bin tsu tsuan hing e tsit tua poo,sng3 si7 huat4 tshut4 bin5 tsu2 tsuan2 hing5 e5 tsit8 tua7 poo7,sng si huah tshut bin tsu tsuan hing e tsit tua poo,sng si huat tshut bin tsu tsuan hing e tsit tua poo,0.08333333333333333,12,11,1,0,0,zh,1,ok
788,indextts,angry,000788_indextts_angry.wav,/srv/RL_project/repo/outputs/wav/000788_indextts_angry.wav,nng tshing ni tsong thong tai suan e kiat ko,nng7 tsi2 jian3 tshing1 inn5 ni5 tsong2 ai3 jian7 thong1 ai3 tai7 tshi7 jian3 suan2 e5 kiat4 tshi3 jian7 ko2,nng tshing ni tsong thong tai suan e kiat ko,nng tsi jian tshing inn ni tsong ai jian thong ai tai tshi jian suan e kiat tshi jian ko,1.0,10,10,0,0,10,zh,1,ok
789,indextts,sad,000789_indextts_sad.wav,/srv/RL_project/repo/outputs/wav_by_model/indextts/000789_indextts_sad.wav,si tai uan te it painn e tsing tong lun the,si7 tai5 uan5 te7 it4 peh4 e5 tsing3 tong2 lun5 the3,si tai uan te it painn e tsing tong lun the,si tai uan te it peh e tsing tong lun the,0.09090909090909091,11,10,1,0,0,zh,1,ok
790,indextts,neutral,000790_indextts_neutral.wav,/srv/RL_project/repo/outputs/wav_by_model/indextts/000790_indextts_neutral.wav,m koh i ping m si lan tai uan pue iong tshut lai e,m7 koh4 i1 ping7 m7 si7 lan2 tai5 uan5 pue5 iong2 tshut4 lai5 e5,m koh i ping m si lan tai uan pue iong tshut lai e,m koh i ping m si lan tai uan pue iong tshut lai e,0.0,14,14,0,0,0,zh,1,ok
791,indextts,neutral,000791_indextts_neutral.wav,/srv/RL_project/repo/outputs/wav_by_model/indextts/000791_indextts_neutral.wav,lan king lik ho ping tsuan i tsip tsing khuan e kue thing,lan2 king1 lik8 hoo5 ping5 tsuan2 i5 tsit4 tsing3 khuan5 e5 kue3 thing5,lan king lik ho ping tsuan i tsip tsing khuan e kue thing,lan king lik hoo ping tsuan i tsit tsing khuan e kue thing,0.15384615384615385,13,11,2,0,0,zh,1,ok
792,indextts,neutral,000792_indextts_neutral.wav,/srv/RL_project/repo/outputs/wav_by_model/indextts/000792_indextts_neutral.wav,hoo tai uan e bin tsu hua siu tioh se hong bin tsu kok ka e khing ting,hoo7 tai5 uan5 e5 bin5 tsu2 hua3 siu7 tioh8 se1 hong1 bin5 tsu2 kok4 ka1 e5 khing2 ting7,hoo tai uan e bin tsu hua siu tioh se hong bin tsu kok ka e khing ting,hoo tai uan e bin tsu hua siu tioh se hong bin tsu kok ka e khing ting,0.0,18,18,0,0,0,zh,1,ok
793,indextts,sad,000793_indextts_sad.wav,/srv/RL_project/repo/outputs/wav/000793_indextts_sad.wav,lan u tsiah ni tse tat tit tshia iann e tsu san,lan2 u7 tsi2 tsiah4 si3 liat8 ni5 tshi2 tse3 tsi2 tat8 ba5 lian2 tai5 to7 tshit4 tshiah4 i1 bian2 iann2 tshi3 e5 tsu7 i5 lian2 san2,lan u tsiah ni tse tat tit tshia iann e tsu san,lan u tsi tsiah si liat ni tshi tse tsi tat ba lian tai to tshit tshiah i bian iann tshi e tsu i lian san,1.3333333333333333,12,10,2,0,14,zh,1,ok
794,indextts,fearful,000794_indextts_fearful.wav,/srv/RL_project/repo/outputs/wav_by_model/indextts/000794_indextts_fearful.wav,lan u ho tioh ai tsai sioh po,lan2 u7 ho2 tioh8 ai3 tsai1 siok4 poo2,lan u ho tioh ai tsai sioh po,lan u ho tioh ai tsai siok poo,0.25,8,6,2,0,0,zh,1,ok
795,indextts,happy,000795_indextts_happy.wav,/srv/RL_project/repo/outputs/wav_by_model/indextts/000795_indextts_happy.wav,m thang tshin tshai pang hinn sak,m7 thang1 tshin3 tshai2 pang3 hi3 sat4,m thang tshin tshai pang hinn sak,m thang tshin tshai pang hi sat,0.2857142857142857,7,5,2,0,0,zh,1,ok
796,indextts,happy,000796_indextts_happy.wav,/srv/RL_project/repo/outputs/wav_by_model/indextts/000796_indextts_happy.wav,lan tioh ai bo hun tsok kun hue tse phah piann,lan2 tioh8 ai3 bo5 hun1 tsok8 khun5 hue7 tse5 phah4 piann3,lan tioh ai bo hun tsok kun hue tse phah piann,lan tioh ai bo hun tsok khun hue tse phah piann,0.09090909090909091,11,10,1,0,0,zh,1,ok
797,indextts,neutral,000797_indextts_neutral.wav,/srv/RL_project/repo/outputs/wav_by_model/indextts/000797_indextts_neutral.wav,kiong tong tshong tso koh khah tse tai uan tsi kong,kiong7 tong5 tshong3 tso7 koh4 khah4 tse7 tai5 uan5 tsi1 kong1,kiong tong tshong tso koh khah tse tai uan tsi kong,kiong tong tshong tso koh khah tse tai uan tsi kong,0.0,11,11,0,0,0,zh,1,ok
798,indextts,surprised,000798_indextts_surprised.wav,/srv/RL_project/repo/outputs/wav_by_model/indextts/000798_indextts_surprised.wav,kiong tong kian siat tsit e tsing siong e kok ka,kiong7 tong5 kian3 sia7 tsit8 e5 tsing3 siong5 e5 kok4 ka1,kiong tong kian siat tsit e tsing siong e kok ka,kiong tong kian sia tsit e tsing siong e kok ka,0.09090909090909091,11,10,1,0,0,zh,1,ok
799,indextts,neutral,000799_indextts_neutral.wav,/srv/RL_project/repo/outputs/wav_by_model/indextts/000799_indextts_neutral.wav,hoo lan e tang tua siann tui tsuan se kai huah tshut,hoo7 lan2 e7 tang3 tua7 siann1 tui3 tsuan5 se3 kai3 huah4 tshut4,hoo lan e tang tua siann tui tsuan se kai huah tshut,hoo lan e tang tua siann tui tsuan se kai huah tshut,0.0,12,12,0,0,0,zh,1,ok
800,indextts,angry,000800_indextts_angry.wav,/srv/RL_project/repo/outputs/wav_by_model/indextts/000800_indextts_angry.wav,gua si tai uan lang,gua2 si7 tai5 uan5 lang5,gua si tai uan lang,gua si tai uan lang,0.0,5,5,0,0,0,zh,1,ok
801,indextts,fearful,000801_indextts_fearful.wav,/srv/RL_project/repo/outputs/wav_by_model/indextts/000801_indextts_fearful.wav,i si ti bi kok tshut si,i1 si7 ti7 bi2 kok4 tshut4 si3,i si ti bi kok tshut si,i si ti bi kok tshut si,0.0,7,7,0,0,0,zh,1,ok
802,indextts,sad,000802_indextts_sad.wav,/srv/RL_project/repo/outputs/wav_by_model/indextts/000802_indextts_sad.wav,tse tsiah si tai uan siong tua e kiau ngoo,tse1 tsiah4 si7 tai5 uan5 siong7 tua7 e5 kiau1 ngoo7,tse tsiah si tai uan siong tua e kiau ngoo,tse tsiah si tai uan siong tua e kiau ngoo,0.0,10,10,0,0,0,zh,1,ok
803,indextts,fearful,000803_indextts_fearful.wav,/srv/RL_project/repo/outputs/wav_by_model/indextts/000803_indextts_fearful.wav,li kong tioh bo,li2 kong2 tioh8 bo5,li kong tioh bo,li kong tioh bo,0.0,4,4,0,0,0,zh,1,ok
804,indextts,sad,000804_indextts_sad.wav,/srv/RL_project/repo/outputs/wav_by_model/indextts/000804_indextts_sad.wav,tsiap siu bi kok kau iok e bi kok lang,tsiap4 siu7 bi2 kok4 kau3 iok8 e5 bi2 kok4 lang5,tsiap siu bi kok kau iok e bi kok lang,tsiap siu bi kok kau iok e bi kok lang,0.0,10,10,0,0,0,zh,1,ok
805,indextts,angry,000805_indextts_angry.wav,/srv/RL_project/repo/outputs/wav_by_model/indextts/000805_indextts_angry.wav,soo i gua lin ui tsin tsin tsiann tsiann e tai uan tsi kong si ia kiu tau tshiu ong kian bin,请不吝点赞 订阅 转发 打赏支持明镜与点点栏目 字幕由Amara.org社区提供,soo i gua lin ui tsin tsin tsiann tsiann e tai uan tsi kong si ia kiu tau tshiu ong kian bin,请不吝点赞 订阅 转发 打赏支持明镜与点点栏目 字幕由amara org社区提供,1.0,22,0,6,16,0,zh,1,ok
806,indextts,fearful,000806_indextts_fearful.wav,/srv/RL_project/repo/outputs/wav_by_model/indextts/000806_indextts_fearful.wav,gua siong ai e lang,gua2 siong7 ai3 e5 lang5,gua siong ai e lang,gua siong ai e lang,0.0,5,5,0,0,0,zh,1,ok
807,indextts,sad,000807_indextts_sad.wav,/srv/RL_project/repo/outputs/wav_by_model/indextts/000807_indextts_sad.wav,tsin han tit u khah tng e si kan tso hue,tsin1 han1 tit4 u7 khah4 tng5 e5 si5 kan1 tso3 hue2,tsin han tit u khah tng e si kan tso hue,tsin han tit u khah tng e si kan tso hue,0.0,11,11,0,0,0,zh,1,ok
808,indextts,angry,000808_indextts_angry.wav,/srv/RL_project/repo/outputs/wav_by_model/indextts/000808_indextts_angry.wav,soo i tsu se han kau tann,soo2 i2 tsu7 se3 han3 kau3 tann1,soo i tsu se han kau tann,soo i tsu se han kau tann,0.0,7,7,0,0,0,zh,1,ok
809,indextts,neutral,000809_indextts_neutral.wav,/srv/RL_project/repo/outputs/wav_by_model/indextts/000809_indextts_neutral.wav,long si a ma teh tsiau koo gua,long2 si7 a1 ma2 leh4 tsiau3 koo3 gua2,long si a ma teh tsiau koo gua,long si a ma leh tsiau koo gua,0.125,8,7,1,0,0,zh,1,ok
810,indextts,sad,000810_indextts_sad.wav,/srv/RL_project/repo/outputs/wav_by_model/indextts/000810_indextts_sad.wav,ka gua lak sai lak lio,ka7 gua2 lak8 sai2 lak8 lio7,ka gua lak sai lak lio,ka gua lak sai lak lio,0.0,6,6,0,0,0,zh,1,ok
811,indextts,sad,000811_indextts_sad.wav,/srv/RL_project/repo/outputs/wav_by_model/indextts/000811_indextts_sad.wav,kiann gua iau kiann gua kuann,kiann1 gua2 iau1 kiann1 gua2 kuann5,kiann gua iau kiann gua kuann,kiann gua iau kiann gua kuann,0.0,6,6,0,0,0,zh,1,ok
812,indextts,surprised,000812_indextts_surprised.wav,/srv/RL_project/repo/outputs/wav_by_model/indextts/000812_indextts_surprised.wav,ui gua ang ang luan luan tshua kau tann tsiah tua han,ui7 gua2 ang5 ang5 luan2 luan2 tshua7 kau3 ta2 tsiah4 tua7 han3,ui gua ang ang luan luan tshua kau tann tsiah tua han,ui gua ang ang luan luan tshua kau ta tsiah tua han,0.08333333333333333,12,11,1,0,0,zh,1,ok
813,indextts,surprised,000813_indextts_surprised.wav,/srv/RL_project/repo/outputs/wav_by_model/indextts/000813_indextts_surprised.wav,soo i a ma si gua sim tiong siong tshin siong ai e lang,soo2 i2 a1 ma2 si7 gua2 sim1 tiong1 siong7 tshin1 siong7 ai3 e5 lang5,soo i a ma si gua sim tiong siong tshin siong ai e lang,soo i a ma si gua sim tiong siong tshin siong ai e lang,0.0,14,14,0,0,0,zh,1,ok
814,indextts,fearful,000814_indextts_fearful.wav,/srv/RL_project/repo/outputs/wav_by_model/indextts/000814_indextts_fearful.wav,gua bat thiann a ma kong gua se han e si tsiann ai khau,gua2 bat4 thiann1 a1 ma2 kong2 gua2 se3 han3 e5 si5 tsiann5 ai3 khau3,gua bat thiann a ma kong gua se han e si tsiann ai khau,gua bat thiann a ma kong gua se han e si tsiann ai khau,0.0,14,14,0,0,0,zh,1,ok
815,indextts,happy,000815_indextts_happy.wav,/srv/RL_project/repo/outputs/wav_by_model/indextts/000815_indextts_happy.wav,khau long khau be tiam,khau2 long2 khau2 be7 tiam7,khau long khau be tiam,khau long khau be tiam,0.0,5,5,0,0,0,zh,1,ok
816,indextts,neutral,000816_indextts_neutral.wav,/srv/RL_project/repo/outputs/wav_by_model/indextts/000816_indextts_neutral.wav,in ui tshu lai khuan king bo lua ho,in1 ui7 tshu3 lai7 khuan5 king2 bo5 lua7 ho2 three,in ui tshu lai khuan king bo lua ho,in ui tshu lai khuan king bo lua ho three,0.1111111111111111,9,9,0,0,1,zh,1,ok
817,indextts,surprised,000817_indextts_surprised.wav,/srv/RL_project/repo/outputs/wav_by_model/indextts/000817_indextts_surprised.wav,tsok tsia tiunn jit tong,tsok4 tsia2 tiunn1 ji7 tong1,tsok tsia tiunn jit tong,tsok tsia tiunn ji tong,0.2,5,4,1,0,0,zh,1,ok
818,indextts,disgusted,000818_indextts_disgusted.wav,/srv/RL_project/repo/outputs/wav_by_model/indextts/000818_indextts_disgusted.wav,hit si tsun a ma koh u leh tso tsu guan hue siu,hit4 si5 tsun7 a1 ma2 koh4 u7 leh4 tso3 tsu1 guan5 hue5 siu1,hit si tsun a ma koh u leh tso tsu guan hue siu,hit si tsun a ma koh u leh tso tsu guan hue siu,0.0,13,13,0,0,0,zh,1,ok
819,indextts,sad,000819_indextts_sad.wav,/srv/RL_project/repo/outputs/wav_by_model/indextts/000819_indextts_sad.wav,ke kiam khioh tsit kua sok ka kuan a phainn tang ku siah phoo a tsua lai be,ke1 kiam2 khioh4 tsit8 kua2 sok4 ka1 kuan3 a2 phainn2 tang5 ku7 sia2 phoo7 a2 tsua2 lai5 be7,ke kiam khioh tsit kua sok ka kuan a phainn tang ku siah phoo a tsua lai be,ke kiam khioh tsit kua sok ka kuan a phainn tang ku sia phoo a tsua lai be,0.05555555555555555,18,17,1,0,0,zh,1,ok
820,indextts,surprised,000820_indextts_surprised.wav,/srv/RL_project/repo/outputs/wav_by_model/indextts/000820_indextts_surprised.wav,thang ke kiam poo thiap tshu lai e khai siau,thang1 ke1 kiam2 po2 thiap4 tshu3 lai7 e5 khai1 siau1,thang ke kiam poo thiap tshu lai e khai siau,thang ke kiam po thiap tshu lai e khai siau,0.1,10,9,1,0,0,zh,1,ok
821,indextts,disgusted,000821_indextts_disgusted.wav,/srv/RL_project/repo/outputs/wav_by_model/indextts/000821_indextts_disgusted.wav,u tsit pai a ma tshut khi khioh mih kiann e si,u7 tsit8 pai2 a1 ma2 tshut4 khi3 khioh4 mih8 kiann7 e5 si5,u tsit pai a ma tshut khi khioh mih kiann e si,u tsit pai a ma tshut khi khioh mih kiann e si,0.0,12,12,0,0,0,zh,1,ok
822,indextts,sad,000822_indextts_sad.wav,/srv/RL_project/repo/outputs/wav_by_model/indextts/000822_indextts_sad.wav,gua ti tshu lai it tit khau,gua2 ti7 tshu3 lai7 it4 tit8 khau3,gua ti tshu lai it tit khau,gua ti tshu lai it tit khau,0.0,7,7,0,0,0,zh,1,ok
823,indextts,angry,000823_indextts_angry.wav,/srv/RL_project/repo/outputs/wav_by_model/indextts/000823_indextts_angry.wav,khau kah siunn tshut lat,khau3 kah4 siu1 tshut4 lan2,khau kah siunn tshut lat,khau kah siu tshut lan,0.4,5,3,2,0,0,zh,1,ok
824,indextts,surprised,000824_indextts_surprised.wav,/srv/RL_project/repo/outputs/wav_by_model/indextts/000824_indextts_surprised.wav,suah lai tui tiong,suah4 lai5 tui3 tioh8,suah lai tui tiong,suah lai tui tioh,0.25,4,3,1,0,0,zh,1,ok
825,indextts,fearful,000825_indextts_fearful.wav,/srv/RL_project/repo/outputs/wav_by_model/indextts/000825_indextts_fearful.wav,a ma tng lai e si khuann gua bin sik huan tshenn,a1 ma2 tng2 lai5 e5 si5 khuann3 gua2 bin7 sit4 khuan2 tshenn1,a ma tng lai e si khuann gua bin sik huan tshenn,a ma tng lai e si khuann gua bin sit khuan tshenn,0.16666666666666666,12,10,2,0,0,zh,1,ok
826,indextts,disgusted,000826_indextts_disgusted.wav,/srv/RL_project/repo/outputs/wav_by_model/indextts/000826_indextts_disgusted.wav,kuann kin tsiong gua sang khi penn inn,kuann2 kin2 tsiong1 gua2 sang3 khi3 penn7 inn7,kuann kin tsiong gua sang khi penn inn,kuann kin tsiong gua sang khi penn inn,0.0,8,8,0,0,0,zh,1,ok
827,indextts,sad,000827_indextts_sad.wav,/srv/RL_project/repo/outputs/wav_by_model/indextts/000827_indextts_sad.wav,i sing kong na koh ban tit puann tiam tsing,i1 sing1 kong2 na7 koh4 pan7 tit4 puann3 tiam2 tsing1,i sing kong na koh ban tit puann tiam tsing,i sing kong na koh pan tit puann tiam tsing,0.1,10,9,1,0,0,zh,1,ok
828,indextts,angry,000828_indextts_angry.wav,/srv/RL_project/repo/outputs/wav_by_model/indextts/000828_indextts_angry.wav,kok ui phing phuann lau su kok ui suan tshiu tak ke ho,kok4 ui7 phiong1 phua3 lau7 su1 kok4 ui7 suan2 tshiu2 tak8 ke1 ho2,kok ui phing phuann lau su kok ui suan tshiu tak ke ho,kok ui phiong phua lau su kok ui suan tshiu tak ke ho,0.15384615384615385,13,11,2,0,0,zh,1,ok
829,indextts,neutral,000829_indextts_neutral.wav,/srv/RL_project/repo/outputs/wav_by_model/indextts/000829_indextts_neutral.wav,tng a ngeh oo khi,tng1 a2 ngeh4 oo2 khi3,tng a ngeh oo khi,tng a ngeh oo khi,0.0,5,5,0,0,0,zh,1,ok
830,indextts,neutral,000830_indextts_neutral.wav,/srv/RL_project/repo/outputs/wav_by_model/indextts/000830_indextts_neutral.wav,tsit e gin a to bo kiu ah,tsit4 e5 gin2 a2 tio7 bo5 kiu3 ah4,tsit e gin a to bo kiu ah,tsit e gin a tio bo kiu ah,0.125,8,7,1,0,0,zh,1,ok
831,indextts,surprised,000831_indextts_surprised.wav,/srv/RL_project/repo/outputs/wav_by_model/indextts/000831_indextts_surprised.wav,a ma kong kau tsia bak sai lin lin go,a1 ma2 kong2 kau3 tsia1 bak8 sai2 ling2 ling2 goo7,a ma kong kau tsia bak sai lin lin go,a ma kong kau tsia bak sai ling ling goo,0.3,10,7,3,0,0,zh,1,ok
832,indextts,neutral,000832_indextts_neutral.wav,/srv/RL_project/repo/outputs/wav_by_model/indextts/000832_indextts_neutral.wav,tshin tshiunn teh tsik kuai i bo ka tsiau koo ho se e khuan,tshin1 tshiunn7 teh4 tsik4 kuai3 i1 bo5 ka7 tsiah4 koo3 ho2 se3 e5 khuan2,tshin tshiunn teh tsik kuai i bo ka tsiau koo ho se e khuan,tshin tshiunn teh tsik kuai i bo ka tsiah koo ho se e khuan,0.07142857142857142,14,13,1,0,0,zh,1,ok
833,indextts,angry,000833_indextts_angry.wav,/srv/RL_project/repo/outputs/wav/000833_indextts_angry.wav,gua tio kuann kin an ui a ma kong,gua2 tioh8 tshi1 kuann1 a2 tsian3 kin2 an1 tsian3 ui7 a1 tsian3 ma2 kong2,gua tio kuann kin an ui a ma kong,gua tioh tshi kuann a tsian kin an tsian ui a tsian ma kong,0.6666666666666666,9,8,1,0,5,zh,1,ok
834,indextts,fearful,000834_indextts_fearful.wav,/srv/RL_project/repo/outputs/wav_by_model/indextts/000834_indextts_fearful.wav,si gua siunn ai khau,si7 gua2 siunn1 ai3 khau3,si gua siunn ai khau,si gua siunn ai khau,0.0,5,5,0,0,0,zh,1,ok
835,indextts,sad,000835_indextts_sad.wav,/srv/RL_project/repo/outputs/wav_by_model/indextts/000835_indextts_sad.wav,gua e senn mia si a ma ka gua kiu tng lai e,gua2 e5 senn3 mia7 si7 a1 ma2 ka7 gua2 kiu3 tng2 lai5 e5,gua e senn mia si a ma ka gua kiu tng lai e,gua e senn mia si a ma ka gua kiu tng lai e,0.0,13,13,0,0,0,zh,1,ok
836,indextts,happy,000836_indextts_happy.wav,/srv/RL_project/repo/outputs/wav/000836_indextts_happy.wav,a ma li si gua siong ai e lang,a1 jian3 ma2 li2 si7 tshi2 gua2 siong3 tshi2 ai3 e5 lang5,a ma li si gua siong ai e lang,a jian ma li si tshi gua siong tshi ai e lang,0.3333333333333333,9,9,0,0,3,zh,1,ok
837,indextts,sad,000837_indextts_sad.wav,/srv/RL_project/repo/outputs/wav_by_model/indextts/000837_indextts_sad.wav,a ma koh bat ka gua kong,a1 ma2 koh4 bat4 ka7 gua2 kong2,a ma koh bat ka gua kong,a ma koh bat ka gua kong,0.0,7,7,0,0,0,zh,1,ok
838,indextts,happy,000838_indextts_happy.wav,/srv/RL_project/repo/outputs/wav_by_model/indextts/000838_indextts_happy.wav,gua se han e si phue hu bo ho,gua2 se3 han3 e5 si5 phue5 hu1 bo5 ho2,gua se han e si phue hu bo ho,gua se han e si phue hu bo ho,0.0,9,9,0,0,0,zh,1,ok
839,indextts,angry,000839_indextts_angry.wav,/srv/RL_project/repo/outputs/wav_by_model/indextts/000839_indextts_angry.wav,kin a jit gua beh kong e te bok si gua siong ai e lang,kin1 a2 jit8 gua2 beh4 kong2 e5 te5 bok8 si7 gua2 siong3 ai3 e5 lang5 lang5,kin a jit gua beh kong e te bok si gua siong ai e lang,kin a jit gua beh kong e te bok si gua siong ai e lang lang,0.06666666666666667,15,15,0,0,1,zh,1,ok
840,indextts,fearful,000840_indextts_fearful.wav,/srv/RL_project/repo/outputs/wav_by_model/indextts/000840_indextts_fearful.wav,tsin gau senn thau huat bue,tsin1 gau5 senn1 thau5 huat4 pue1,tsin gau senn thau huat bue,tsin gau senn thau huat pue,0.16666666666666666,6,5,1,0,0,zh,1,ok
841,indextts,angry,000841_indextts_angry.wav,/srv/RL_project/repo/outputs/wav_by_model/indextts/000841_indextts_angry.wav,khah tsa tshu lai bang tsiann kau,khah4 tsa2 tshu3 lai7 bang2 tsiann5 kau7,khah tsa tshu lai bang tsiann kau,khah tsa tshu lai bang tsiann kau,0.0,7,7,0,0,0,zh,1,ok
842,indextts,fearful,000842_indextts_fearful.wav,/srv/RL_project/repo/outputs/wav/000842_indextts_fearful.wav,tiann tiann khi hoo bang a ting kah kui thau kui bin,tiann7 tsi2 tsian3 tiann7 tshi7 tsian3 siau1 si5 i1 sam1 siau1 si5 oo1 tshi1 pan7 lian3 a2 ting3 kah4 sui2 kui1 thau1 u7 kui1 pin1 tsi1,tiann tiann khi hoo bang a ting kah kui thau kui bin,tiann tsi tsian tiann tshi tsian siau si i sam siau si oo tshi pan lian a ting kah sui kui thau u kui pin tsi,1.5,12,8,4,0,14,zh,1,ok
843,indextts,neutral,000843_indextts_neutral.wav,/srv/RL_project/repo/outputs/wav_by_model/indextts/000843_indextts_neutral.wav,tsit phok tsit phok ang ki ki,tsit8 phok4 tsit8 phok4 ang5 ki3 ki3,tsit phok tsit phok ang ki ki,tsit phok tsit phok ang ki ki,0.0,7,7,0,0,0,zh,1,ok
844,indextts,angry,000844_indextts_angry.wav,/srv/RL_project/repo/outputs/wav_by_model/indextts/000844_indextts_angry.wav,in ui tsin tsiunn tio it tit khi ka jiau,in1 ui7 tsin1 tsiunn7 tio7 it4 tit8 khi3 ka1 liau5,in ui tsin tsiunn tio it tit khi ka jiau,in ui tsin tsiunn tio it tit khi ka liau,0.1,10,9,1,0,0,zh,1,ok
845,indextts,neutral,000845_indextts_neutral.wav,/srv/RL_project/repo/outputs/wav_by_model/indextts/000845_indextts_neutral.wav,jiau kah huat hong koh pu lang,iau2 kah4 huat4 hong5 koh4 pu7 lang5,jiau kah huat hong koh pu lang,iau kah huat hong koh pu lang,0.14285714285714285,7,6,1,0,0,zh,1,ok
846,indextts,angry,000846_indextts_angry.wav,/srv/RL_project/repo/outputs/wav_by_model/indextts/000846_indextts_angry.wav,kui liap thau long si liap a,kui1 liap8 thau5 long2 si7 liap8 a2,kui liap thau long si liap a,kui liap thau long si liap a,0.0,7,7,0,0,0,zh,1,ok
847,indextts,neutral,000847_indextts_neutral.wav,/srv/RL_project/repo/outputs/wav_by_model/indextts/000847_indextts_neutral.wav,tshiunn tshau thau kang khuan,tshiunn7 tshau3 thau5 kang7 khuan2,tshiunn tshau thau kang khuan,tshiunn tshau thau kang khuan,0.0,5,5,0,0,0,zh,1,ok
848,indextts,fearful,000848_indextts_fearful.wav,/srv/RL_project/repo/outputs/wav_by_model/indextts/000848_indextts_fearful.wav,a ma khuann tioh tsiann m kam,a1 ma2 khuann3 tioh8 tsiann5 m7 kam1,a ma khuann tioh tsiann m kam,a ma khuann tioh tsiann m kam,0.0,7,7,0,0,0,zh,1,ok
849,indextts,fearful,000849_indextts_fearful.wav,/srv/RL_project/repo/outputs/wav_by_model/indextts/000849_indextts_fearful.wav,tio tsau khi tiong ioh tiam kap tsin tsu hun tng lai hoo gua tsiah koh hoo gua buah,tio7 tsau2 khi3 tiong1 ioh8 tiam2 kah4 tsing1 tsu1 hun2 tng2 lai5 hoo7 gua2 tsiah8 koh4 hoo7 gua2 puah8,tio tsau khi tiong ioh tiam kap tsin tsu hun tng lai hoo gua tsiah koh hoo gua buah,tio tsau khi tiong ioh tiam kah tsing tsu hun tng lai hoo gua tsiah koh hoo gua puah,0.15789473684210525,19,16,3,0,0,zh,1,ok
850,indextts,disgusted,000850_indextts_disgusted.wav,/srv/RL_project/repo/outputs/wav_by_model/indextts/000850_indextts_disgusted.wav,tsu gua u ki ti kau tann,tsu7 gua2 u7 ki3 ti5 kau3 ta1,tsu gua u ki ti kau tann,tsu gua u ki ti kau ta,0.14285714285714285,7,6,1,0,0,zh,1,ok
851,indextts,fearful,000851_indextts_fearful.wav,/srv/RL_project/repo/outputs/wav_by_model/indextts/000851_indextts_fearful.wav,gua ti leh siunn tsin tsu hun it ting si kui som som,gua2 ti7 leh4 siunn7 tsin1 tsu1 hun1 it4 ting7 si7 kui3 som1 som1,gua ti leh siunn tsin tsu hun it ting si kui som som,gua ti leh siunn tsin tsu hun it ting si kui som som,0.0,13,13,0,0,0,zh,1,ok
852,indextts,neutral,000852_indextts_neutral.wav,/srv/RL_project/repo/outputs/wav_by_model/indextts/000852_indextts_neutral.wav,a ma tioh ai khioh gua tse ki 寶特瓶 tsiah u thang be tsin tsu hun,a1 ma2 tioh8 ai3 khioh4 gua7 tsai3 ki5 tho2 phinn1 to2 piann3 tsiah4 u7 thang1 be2 tsin1 tsu7 hun2,a ma tioh ai khioh gua tse ki 寶特瓶 tsiah u thang be tsin tsu hun,a ma tioh ai khioh gua tsai ki tho phinn to piann tsiah u thang be tsin tsu hun,0.3125,16,14,2,0,3,zh,1,ok
853,indextts,angry,000853_indextts_angry.wav,/srv/RL_project/repo/outputs/wav/000853_indextts_angry.wav,siunn kau tsia,siu1 se1 m7 kau3 thui2 tsiah4 uan2,siunn kau tsia,siu se m kau thui tsiah uan,2.0,3,1,2,0,4,zh,1,ok
854,indextts,surprised,000854_indextts_surprised.wav,/srv/RL_project/repo/outputs/wav_by_model/indextts/000854_indextts_surprised.wav,gua kam siu tioh a ma si se kan siong ai gua e lang,gua2 kam2 siu7 tioh8 a1 ma2 si7 se3 kan1 siong7 ai3 gua2 e5 lang5,gua kam siu tioh a ma si se kan siong ai gua e lang,gua kam siu tioh a ma si se kan siong ai gua e lang,0.0,14,14,0,0,0,zh,1,ok
855,indextts,sad,000855_indextts_sad.wav,/srv/RL_project/repo/outputs/wav_by_model/indextts/000855_indextts_sad.wav,gua tsit ma teh thak kok sio,gua2 tsit4 ma2 teh4 thak8 koh4 sioh4,gua tsit ma teh thak kok sio,gua tsit ma teh thak koh sioh,0.2857142857142857,7,5,2,0,0,zh,1,ok
856,indextts,happy,000856_indextts_happy.wav,/srv/RL_project/repo/outputs/wav/000856_indextts_happy.wav,tak kang ke be thi kau be pui e si,tak8 pa5 jian3 kang1 ke1 be2 tsit8 thih4 u7 kau7 a2 be7 tsi1 pui5 a2 tsi1 e5 si5,tak kang ke be thi kau be pui e si,tak pa jian kang ke be tsit thih u kau a be tsi pui a tsi e si,0.9,10,9,1,0,8,zh,1,ok
857,indextts,disgusted,000857_indextts_disgusted.wav,/srv/RL_project/repo/outputs/wav_by_model/indextts/000857_indextts_disgusted.wav,a ma tio e khi lai tsu tsa tng hoo gua tsiah,a1 ma2 tio7 e7 khi2 lai5 tsu2 tsa2 tng3 hoo7 gua2 tsiah8,a ma tio e khi lai tsu tsa tng hoo gua tsiah,a ma tio e khi lai tsu tsa tng hoo gua tsiah,0.0,12,12,0,0,0,zh,1,ok
858,indextts,neutral,000858_indextts_neutral.wav,/srv/RL_project/repo/outputs/wav_by_model/indextts/000858_indextts_neutral.wav,a ma e kun mue tsian nng,a1 ma2 e5 kun2 muai5 tsian1 nng7,a ma e kun mue tsian nng,a ma e kun muai tsian nng,0.14285714285714285,7,6,1,0,0,zh,1,ok
859,indextts,sad,000859_indextts_sad.wav,/srv/RL_project/repo/outputs/wav_by_model/indextts/000859_indextts_sad.wav,koh tsha tsit hang tshenn tshai hoo gua phue,koh4 tsha2 tsit8 hang7 tshenn1 tshai3 hoo7 gua2 phue3,koh tsha tsit hang tshenn tshai hoo gua phue,koh tsha tsit hang tshenn tshai hoo gua phue,0.0,9,9,0,0,0,zh,1,ok
860,indextts,happy,000860_indextts_happy.wav,/srv/RL_project/repo/outputs/wav_by_model/indextts/000860_indextts_happy.wav,a ma kong ka ti tsu e tsong pi gua khau be e khah ho,a1 ma2 kong2 ka1 ti7 tsu2 e5 tsong2 pi2 gua7 khau2 be7 e5 khah4 ho2,a ma kong ka ti tsu e tsong pi gua khau be e khah ho,a ma kong ka ti tsu e tsong pi gua khau be e khah ho,0.0,15,15,0,0,0,zh,1,ok
861,indextts,happy,000861_indextts_happy.wav,/srv/RL_project/repo/outputs/wav_by_model/indextts/000861_indextts_happy.wav,gua m bat khuann kue guan ma mah,gua2 m7 bat4 khuann3 kue3 gua2 ma2 mah4,gua m bat khuann kue guan ma mah,gua m bat khuann kue gua ma mah,0.125,8,7,1,0,0,zh,1,ok
862,indextts,fearful,000862_indextts_fearful.wav,/srv/RL_project/repo/outputs/wav/000862_indextts_fearful.wav,tsiah tioh ma khah an sim,tsiah4 pa2 lian3 tioh8 BaMi A7 tshian1 kong1 tshing3 H3 tsian3 sim1 i1,tsiah tioh ma khah an sim,tsiah pa lian tioh bami a tshian kong tshing h tsian sim i,1.6666666666666667,6,3,3,0,7,zh,1,ok
863,indextts,surprised,000863_indextts_surprised.wav,/srv/RL_project/repo/outputs/wav_by_model/indextts/000863_indextts_surprised.wav,tsit ma tian si koh it tit po hit lo 塑化劑,tsit4 ma2 e5 tian7 si7 koh4 it4 tit8 po7 hit4 looh4 suh4 hua3 tia1,tsit ma tian si koh it tit po hit lo 塑化劑,tsit ma e tian si koh it tit po hit looh suh hua tia,0.45454545454545453,11,9,2,0,3,zh,1,ok
864,indextts,happy,000864_indextts_happy.wav,/srv/RL_project/repo/outputs/wav_by_model/indextts/000864_indextts_happy.wav,na tsiah siunn tse tui sin the tsiann bai,na7 tsiah8 siunn1 tse7 tui3 sin1 the2 tsiann5 bai2,na tsiah siunn tse tui sin the tsiann bai,na tsiah siunn tse tui sin the tsiann bai,0.0,9,9,0,0,0,zh,1,ok
865,indextts,angry,000865_indextts_angry.wav,/srv/RL_project/repo/outputs/wav_by_model/indextts/000865_indextts_angry.wav,li gin a lang tu beh tua,li2 gin2 a2 lang5 tu2 beh4 tua1,li gin a lang tu beh tua,li gin a lang tu beh tua,0.0,7,7,0,0,0,zh,1,ok
866,indextts,fearful,000866_indextts_fearful.wav,/srv/RL_project/repo/outputs/wav/000866_indextts_fearful.wav,sin the ai koo hoo kiann,sin1 jian2 the5 oh8 ai3 koo2 san1 siau1 si5 oo1 tshih4 kia7 tshih4,sin the ai koo hoo kiann,sin jian the oh ai koo san siau si oo tshih kia tshih,1.5,6,4,2,0,7,zh,1,ok
867,indextts,disgusted,000867_indextts_disgusted.wav,/srv/RL_project/repo/outputs/wav_by_model/indextts/000867_indextts_disgusted.wav,au pai tsiah u thang kian lip tsit e khuai lok e ka ting,au7 pai2 tsiah4 u7 thang1 kian3 lip8 tsit8 e5 khuai3 lok8 e5 ka1 ting5,au pai tsiah u thang kian lip tsit e khuai lok e ka ting,au pai tsiah u thang kian lip tsit e khuai lok e ka ting,0.0,14,14,0,0,0,zh,1,ok
868,indextts,surprised,000868_indextts_surprised.wav,/srv/RL_project/repo/outputs/wav_by_model/indextts/000868_indextts_surprised.wav,sui lian hian tshu si gua iau koh se han,sui1 lian5 hian7 tshu2 si5 gua2 iau2 koh4 se3 han3,sui lian hian tshu si gua iau koh se han,sui lian hian tshu si gua iau koh se han,0.0,10,10,0,0,0,zh,1,ok
869,indextts,angry,000869_indextts_angry.wav,/srv/RL_project/repo/outputs/wav_by_model/indextts/000869_indextts_angry.wav,m koh a ma tui gua e kuan sim kah thiann ai,m7 koh4 a1 ma2 tui3 gua2 e5 kuan1 sim1 kah4 thiann3 ai3,m koh a ma tui gua e kuan sim kah thiann ai,m koh a ma tui gua e kuan sim kah thiann ai,0.0,12,12,0,0,0,zh,1,ok
870,indextts,neutral,000870_indextts_neutral.wav,/srv/RL_project/repo/outputs/wav_by_model/indextts/000870_indextts_neutral.wav,gua e ing uan ki tiam sim lai,gua2 e7 ing2 uan2 ki3 tiam3 sim1 lai7,gua e ing uan ki tiam sim lai,gua e ing uan ki tiam sim lai,0.0,8,8,0,0,0,zh,1,ok
871,indextts,surprised,000871_indextts_surprised.wav,/srv/RL_project/repo/outputs/wav_by_model/indextts/000871_indextts_surprised.wav,tsit ma gua tioh ai ho ho iu hau a ma,tsit4 ma2 gua2 tioh8 ai3 ho2 ho2 iu2 hau3 a1 ma2,tsit ma gua tioh ai ho ho iu hau a ma,tsit ma gua tioh ai ho ho iu hau a ma,0.0,11,11,0,0,0,zh,1,ok
872,indextts,disgusted,000872_indextts_disgusted.wav,/srv/RL_project/repo/outputs/wav_by_model/indextts/000872_indextts_disgusted.wav,pa pah ui tioh kui ke hue e sing uah,pa2 pah4 ui7 tioh8 kui1 ke1 hue2 e5 sing1 uah8,pa pah ui tioh kui ke hue e sing uah,pa pah ui tioh kui ke hue e sing uah,0.0,10,10,0,0,0,zh,1,ok
873,indextts,happy,000873_indextts_happy.wav,/srv/RL_project/repo/outputs/wav_by_model/indextts/000873_indextts_happy.wav,tan gua tua han,tann1 gua2 tua7 han3,tan gua tua han,tann gua tua han,0.25,4,3,1,0,0,zh,1,ok
874,indextts,fearful,000874_indextts_fearful.wav,/srv/RL_project/repo/outputs/wav_by_model/indextts/000874_indextts_fearful.wav,gua beh po tap a ma iong iok gua e un tsing,gua2 beh4 po3 tat8 a1 ma2 iong2 iok8 gua2 e5 un1 tsing5,gua beh po tap a ma iong iok gua e un tsing,gua beh po tat a ma iong iok gua e un tsing,0.08333333333333333,12,11,1,0,0,zh,1,ok
875,indextts,angry,000875_indextts_angry.wav,/srv/RL_project/repo/outputs/wav_by_model/indextts/000875_indextts_angry.wav,koh tsiong tsit hun un tsing ka thuan loh khi,koh4 tiong1 tsit4 hun7 un2 tsing5 ka7 thuan5 loh8 khi3,koh tsiong tsit hun un tsing ka thuan loh khi,koh tiong tsit hun un tsing ka thuan loh khi,0.1,10,9,1,0,0,zh,1,ok
876,indextts,fearful,000876_indextts_fearful.wav,/srv/RL_project/repo/outputs/wav_by_model/indextts/000876_indextts_fearful.wav,tsue au gua beh kong,tsue3 au7 gua2 beh4 kong2,tsue au gua beh kong,tsue au gua beh kong,0.0,5,5,0,0,0,zh,1,ok
877,indextts,surprised,000877_indextts_surprised.wav,/srv/RL_project/repo/outputs/wav_by_model/indextts/000877_indextts_surprised.wav,a ma li si gua ing uan ing uan siong ai e lang,a1 ma2 li2 si7 gua2 ing2 uan2 ing2 uan2 siong7 ai3 e5 lang5,a ma li si gua ing uan ing uan siong ai e lang,a ma li si gua ing uan ing uan siong ai e lang,0.0,13,13,0,0,0,zh,1,ok
878,indextts,neutral,000878_indextts_neutral.wav,/srv/RL_project/repo/outputs/wav_by_model/indextts/000878_indextts_neutral.wav,gua e ian kang tio kong kau tsia,gua2 e5 ian2 kang2 tio7 kong2 kau3 tsia1,gua e ian kang tio kong kau tsia,gua e ian kang tio kong kau tsia,0.0,8,8,0,0,0,zh,1,ok
879,indextts,happy,000879_indextts_happy.wav,/srv/RL_project/repo/outputs/wav/000879_indextts_happy.wav,kam sia kok ui,kam2 to2 sia7 seven kok4 phoo2 ui5 seven,kam sia kok ui,kam to sia seven kok phoo ui seven,1.0,4,4,0,0,4,zh,1,ok
880,indextts,sad,000880_indextts_sad.wav,/srv/RL_project/repo/outputs/wav_by_model/indextts/000880_indextts_sad.wav,thau jit ti gua khau pun pho tsau tsong,thau3 li2 ti7 gua7 khau2 pun2 pho1 tsau2 tsong5,thau jit ti gua khau pun pho tsau tsong,thau li ti gua khau pun pho tsau tsong,0.1111111111111111,9,8,1,0,0,zh,1,ok
881,indextts,sad,000881_indextts_sad.wav,/srv/RL_project/repo/outputs/wav/000881_indextts_sad.wav,u tang si kui na kang tsiah u thang tng lai tsit pai,u7 tsi2 tsian3 tang7 jian3 si5 kui2 jian2 a2 tshi3 kang1 tsiah4 si3 u7 tsi1 jian3 thang1 i1 tng2 o2 jian5 lai5 tsit4 pah4 pai2,u tang si kui na kang tsiah u thang tng lai tsit pai,u tsi tsian tang jian si kui jian a tshi kang tsiah si u tsi jian thang i tng o jian lai tsit pah pai,1.0,13,12,1,0,12,zh,1,ok
882,indextts,disgusted,000882_indextts_disgusted.wav,/srv/RL_project/repo/outputs/wav_by_model/indextts/000882_indextts_disgusted.wav,tshio si hong guan hit e tann sai e,tshio3 si2 hong1 guan5 hit4 e5 tann1 sai2 e5,tshio si hong guan hit e tann sai e,tshio si hong guan hit e tann sai e,0.0,9,9,0,0,0,zh,1,ok
883,indextts,fearful,000883_indextts_fearful.wav,/srv/RL_project/repo/outputs/wav_by_model/indextts/000883_indextts_fearful.wav,tsing tsoh tsin tsio teh ing hua hak pui liau,tsin3 tsok4 tsin1 tsio2 leh4 ing7 hua3 hak8 pui5 liau7,tsing tsoh tsin tsio teh ing hua hak pui liau,tsin tsok tsin tsio leh ing hua hak pui liau,0.3,10,7,3,0,0,zh,1,ok
884,indextts,angry,000884_indextts_angry.wav,/srv/RL_project/repo/outputs/wav_by_model/indextts/000884_indextts_angry.wav,long tsok but ai ing tioh e pui,long5 tsok4 but8 ai3 ing7 tioh8 e5 pui5,long tsok but ai ing tioh e pui,long tsok but ai ing tioh e pui,0.0,8,8,0,0,0,zh,1,ok
885,indextts,surprised,000885_indextts_surprised.wav,/srv/RL_project/repo/outputs/wav_by_model/indextts/000885_indextts_surprised.wav,long ma ka ti tse tso sing san e,long2 ma7 ka1 ti7 tse3 tsoo1 sing1 san2 e5,long ma ka ti tse tso sing san e,long ma ka ti tse tsoo sing san e,0.1111111111111111,9,8,1,0,0,zh,1,ok
886,indextts,neutral,000886_indextts_neutral.wav,/srv/RL_project/repo/outputs/wav_by_model/indextts/000886_indextts_neutral.wav,tshiunn kong ke sai pui ti sai pui kah lang ka ti pang tshut lai e tua pui,tshiunn7 kong2 ke1 sai2 pui5 ti1 sai2 pui5 kah4 lang5 ka1 ti7 pang3 tshut4 lai5 e5 tua7 pui5,tshiunn kong ke sai pui ti sai pui kah lang ka ti pang tshut lai e tua pui,tshiunn kong ke sai pui ti sai pui kah lang ka ti pang tshut lai e tua pui,0.0,18,18,0,0,0,zh,1,ok
887,indextts,sad,000887_indextts_sad.wav,/srv/RL_project/repo/outputs/wav_by_model/indextts/000887_indextts_sad.wav,iah si iong tiu tshau pun so khi au tso pui,iah8 si7 iong7 tiu7 tshau2 pun3 so3 khi2 au2 tso3 pui5,iah si iong tiu tshau pun so khi au tso pui,iah si iong tiu tshau pun so khi au tso pui,0.0,11,11,0,0,0,zh,1,ok
888,indextts,disgusted,000888_indextts_disgusted.wav,/srv/RL_project/repo/outputs/wav_by_model/indextts/000888_indextts_disgusted.wav,koh tsit tsiong tio si tua ti ke a lai e lang,koh4 tsit8 tsiong2 tioh8 si7 tua3 ti7 ke1 a2 lai5 e5 lang5,koh tsit tsiong tio si tua ti ke a lai e lang,koh tsit tsiong tioh si tua ti ke a lai e lang,0.08333333333333333,12,11,1,0,0,zh,1,ok
889,indextts,disgusted,000889_indextts_disgusted.wav,/srv/RL_project/repo/outputs/wav_by_model/indextts/000889_indextts_disgusted.wav,ui hia e pang tshut lai e mih kiann ka ti bo loo ing,ui3 hia1 e5 pang3 tshut4 lai5 e5 mih8 kiann7 ka1 ti7 bo5 loo7 ing7,ui hia e pang tshut lai e mih kiann ka ti bo loo ing,ui hia e pang tshut lai e mih kiann ka ti bo loo ing,0.0,14,14,0,0,0,zh,1,ok
890,indextts,disgusted,000890_indextts_disgusted.wav,/srv/RL_project/repo/outputs/wav/000890_indextts_disgusted.wav,to e u tsit kua tsoh sit lang lai in beh ai in e tua pui,to7 tsit4 e3 tsi2 u7 tsit8 tsit8 pa2 jian7 kua3 tso3 si2 jian7 si3 si3 jian7 lang5 lai5 ing2 beh4 si2 ai3 jian3 in1 e5 tua7 tshi7 jian3 pui5,to e u tsit kua tsoh sit lang lai in beh ai in e tua pui,to tsit e tsi u tsit tsit pa jian kua tso si jian si si jian lang lai ing beh si ai jian in e tua tshi jian pui,1.0,16,13,3,0,13,zh,1,ok
891,indextts,angry,000891_indextts_angry.wav,/srv/RL_project/repo/outputs/wav_by_model/indextts/000891_indextts_angry.wav,sui lian in tse bian hu tsinn,sui1 jian5 in2 tse1 pian3 hu3 tsing5,sui lian in tse bian hu tsinn,sui jian in tse pian hu tsing,0.42857142857142855,7,4,3,0,0,zh,1,ok
892,indextts,happy,000892_indextts_happy.wav,/srv/RL_project/repo/outputs/wav_by_model/indextts/000892_indextts_happy.wav,m koh kue ni kue tseh iau si ai sang tsit e a le but,m7 koh4 kue3 ni5 kue3 tseh4 iau2 si7 ai3 sang3 tsit8 e5 a2 le2 but8,m koh kue ni kue tseh iau si ai sang tsit e a le but,m koh kue ni kue tseh iau si ai sang tsit e a le but,0.0,15,15,0,0,0,zh,1,ok
893,indextts,sad,000893_indextts_sad.wav,/srv/RL_project/repo/outputs/wav_by_model/indextts/000893_indextts_sad.wav,tsok tsia kang ting tshiu,tsok4 tsia2 kang1 ting1 tshiu7,tsok tsia kang ting tshiu,tsok tsia kang ting tshiu,0.0,5,5,0,0,0,zh,1,ok
894,indextts,disgusted,000894_indextts_disgusted.wav,/srv/RL_project/repo/outputs/wav_by_model/indextts/000894_indextts_disgusted.wav,na bo gua ka iah leh,na7 bo5 gua2 ka7 iah8 leh4,na bo gua ka iah leh,na bo gua ka iah leh,0.0,6,6,0,0,0,zh,1,ok
895,indextts,sad,000895_indextts_sad.wav,/srv/RL_project/repo/outputs/wav_by_model/indextts/000895_indextts_sad.wav,me ni to hoo pat lang in khi,be2 ni5 to7 hoo7 pat8 lang5 in2 khi3,me ni to hoo pat lang in khi,be ni to hoo pat lang in khi,0.125,8,7,1,0,0,zh,1,ok
896,indextts,disgusted,000896_indextts_disgusted.wav,/srv/RL_project/repo/outputs/wav_by_model/indextts/000896_indextts_disgusted.wav,u tsit e be ke e sing li lang,u7 tsit8 e5 be7 ke5 e5 sing1 li2 lang5,u tsit e be ke e sing li lang,u tsit e be ke e sing li lang,0.0,9,9,0,0,0,zh,1,ok
897,indextts,neutral,000897_indextts_neutral.wav,/srv/RL_project/repo/outputs/wav_by_model/indextts/000897_indextts_neutral.wav,tak kang to e tann tioh i hit tann ke,tak8 kang1 to7 e7 tann2 tioh8 i1 hit4 tak8 ke5,tak kang to e tann tioh i hit tann ke,tak kang to e tann tioh i hit tak ke,0.1,10,9,1,0,0,zh,1,ok
898,indextts,happy,000898_indextts_happy.wav,/srv/RL_project/repo/outputs/wav_by_model/indextts/000898_indextts_happy.wav,ti tak si ke e tsng a thau tsit e tsit e khi kio be,ti7 tak8 si3 ke3 e5 tsng1 a2 thau5 tsit8 e5 tsit8 e5 khi3 kio3 be7,ti tak si ke e tsng a thau tsit e tsit e khi kio be,ti tak si ke e tsng a thau tsit e tsit e khi kio be,0.0,15,15,0,0,0,zh,1,ok
899,indextts,happy,000899_indextts_happy.wav,/srv/RL_project/repo/outputs/wav/000899_indextts_happy.wav,na kau tiong tau i tio e khi tsng gua e tua tshiu kha,na7 tsi2 kau2 san1 tiong1 lian3 tau7 san1 i1 tioh8 tsi2 e7 tshit4 tshing1 siau1 si5 i1 san1 tsng1 i1 tsian3 gua7 tsi1 e5 tua7 tsi1 tsian7 tshiu1 tsi1 tsian3 kha1 i1,na kau tiong tau i tio e khi tsng gua e tua tshiu kha,na tsi kau san tiong lian tau san i tioh tsi e tshit tshing siau si i san tsng i tsian gua tsi e tua tsi tsian tshiu tsi tsian kha i,1.4285714285714286,14,12,2,0,18,zh,1,ok
900,indextts,surprised,000900_indextts_surprised.wav,/srv/RL_project/repo/outputs/wav_by_model/indextts/000900_indextts_surprised.wav,tsiah png kann hioh tau,tsiah8 png7 kah4 hioh4 tau3,tsiah png kann hioh tau,tsiah png kah hioh tau,0.2,5,4,1,0,0,zh,1,ok
901,indextts,disgusted,000901_indextts_disgusted.wav,/srv/RL_project/repo/outputs/wav_by_model/indextts/000901_indextts_disgusted.wav,tsit kua na ti i tann khi be e si hu bo tioh e,tsit8 kua2 na7 ti7 i1 tang1 khi3 be7 e5 si5 hu3 bo5 tioh8 e5,tsit kua na ti i tann khi be e si hu bo tioh e,tsit kua na ti i tang khi be e si hu bo tioh e,0.07142857142857142,14,13,1,0,0,zh,1,ok
902,indextts,disgusted,000902_indextts_disgusted.wav,/srv/RL_project/repo/outputs/wav_by_model/indextts/000902_indextts_disgusted.wav,long tsai iann ti tiong tau i hioh khun e si,long2 tsai1 iann2 ti7 tiong1 tau3 i1 hioh4 khun3 e5 si5,long tsai iann ti tiong tau i hioh khun e si,long tsai iann ti tiong tau i hioh khun e si,0.0,11,11,0,0,0,zh,1,ok
903,indextts,sad,000903_indextts_sad.wav,/srv/RL_project/repo/outputs/wav_by_model/indextts/000903_indextts_sad.wav,lai tsia ka kau kuan,lai5 tsia1 ka7 kau1 kuan1,lai tsia ka kau kuan,lai tsia ka kau kuan,0.0,5,5,0,0,0,zh,1,ok
904,indextts,angry,000904_indextts_angry.wav,/srv/RL_project/repo/outputs/wav_by_model/indextts/000904_indextts_angry.wav,tsin tsa i tsing,tsit8 tsa2 i2 tsing5,tsin tsa i tsing,tsit tsa i tsing,0.25,4,3,1,0,0,zh,1,ok
905,indextts,sad,000905_indextts_sad.wav,/srv/RL_project/repo/outputs/wav_by_model/indextts/000905_indextts_sad.wav,be ke si u phiat poo e,beh4 ke3 si7 u7 phiat4 poo7 e5,be ke si u phiat poo e,beh ke si u phiat poo e,0.14285714285714285,7,6,1,0,0,zh,1,ok
906,indextts,neutral,000906_indextts_neutral.wav,/srv/RL_project/repo/outputs/wav_by_model/indextts/000906_indextts_neutral.wav,ai sing iong tsing thau a ka tsam tsit sut a lai tshui nih tam khuann u kam phinn khuann u phang bo,ai3 sing1 iong7 tsiam1 thau5 a2 ka7 tsam1 tsit8 sut4 a2 lai5 tshui3 nih4 tam1 khuann3 u7 kam1 phinn7 khuann3 u7 phang5 bo5,ai sing iong tsing thau a ka tsam tsit sut a lai tshui nih tam khuann u kam phinn khuann u phang bo,ai sing iong tsiam thau a ka tsam tsit sut a lai tshui nih tam khuann u kam phinn khuann u phang bo,0.043478260869565216,23,22,1,0,0,zh,1,ok
907,indextts,sad,000907_indextts_sad.wav,/srv/RL_project/repo/outputs/wav_by_model/indextts/000907_indextts_sad.wav,in ui na si kui tann an ne phinn,in1 ui7 na7 si7 kui1 tah4 an2 ne1 phinn1,in ui na si kui tann an ne phinn,in ui na si kui tah an ne phinn,0.1111111111111111,9,8,1,0,0,zh,1,ok
908,indextts,disgusted,000908_indextts_disgusted.wav,/srv/RL_project/repo/outputs/wav_by_model/indextts/000908_indextts_disgusted.wav,khi bi siunn tang,khi3 bi7 siunn1 tang7,khi bi siunn tang,khi bi siunn tang,0.0,4,4,0,0,0,zh,1,ok
909,indextts,fearful,000909_indextts_fearful.wav,/srv/RL_project/repo/outputs/wav_by_model/indextts/000909_indextts_fearful.wav,tshau tsho phih pha,tshau3 tshau1 phih4 pha1,tshau tsho phih pha,tshau tshau phih pha,0.25,4,3,1,0,0,zh,1,ok
910,indextts,angry,000910_indextts_angry.wav,/srv/RL_project/repo/outputs/wav_by_model/indextts/000910_indextts_angry.wav,gua bai bi leh,gua7 bai2 bi2 leh4,gua bai bi leh,gua bai bi leh,0.0,4,4,0,0,0,zh,1,ok
911,indextts,disgusted,000911_indextts_disgusted.wav,/srv/RL_project/repo/outputs/wav_by_model/indextts/000911_indextts_disgusted.wav,tsin tu ho u tsit kang tsit e be ke e hioh khun bo lai be,tsin1 tu2 ho2 u7 tsit8 kang1 tsit4 e5 peh8 ke5 e5 hioh4 khun3 bo5 lai5 be7,tsin tu ho u tsit kang tsit e be ke e hioh khun bo lai be,tsin tu ho u tsit kang tsit e peh ke e hioh khun bo lai be,0.0625,16,15,1,0,0,zh,1,ok
912,indextts,surprised,000912_indextts_surprised.wav,/srv/RL_project/repo/outputs/wav_by_model/indextts/000912_indextts_surprised.wav,ma hiah tu tshian,ma7 hiah4 tu2 tshenn1,ma hiah tu tshian,ma hiah tu tshenn,0.25,4,3,1,0,0,zh,1,ok
913,indextts,angry,000913_indextts_angry.wav,/srv/RL_project/repo/outputs/wav/000913_indextts_angry.wav,u tsit e tua hong guan e tsoh sit lang,u7 tsit8 tsit8 pah4 e5 tua3 hong1 jian3 guan5 e5 tsoh4 si3 jian3 sit8 si3 jian7 lang5,u tsit e tua hong guan e tsoh sit lang,u tsit tsit pah e tua hong jian guan e tsoh si jian sit si jian lang,0.7,10,10,0,0,7,zh,1,ok
914,indextts,neutral,000914_indextts_neutral.wav,/srv/RL_project/repo/outputs/wav_by_model/indextts/000914_indextts_neutral.wav,khi siu tua pui tng lai kau puann loo,khi3 siu1 tua7 pui5 tng2 lai5 kau3 puann3 loo7,khi siu tua pui tng lai kau puann loo,khi siu tua pui tng lai kau puann loo,0.0,9,9,0,0,0,zh,1,ok
915,indextts,fearful,000915_indextts_fearful.wav,/srv/RL_project/repo/outputs/wav_by_model/indextts/000915_indextts_fearful.wav,lan tai uan iau si long giap sia hue,lan2 tai5 uan5 ah8 si7 long5 giap8 sia7 hue7,lan tai uan iau si long giap sia hue,lan tai uan ah si long giap sia hue,0.1111111111111111,9,8,1,0,0,zh,1,ok
916,indextts,angry,000916_indextts_angry.wav,/srv/RL_project/repo/outputs/wav_by_model/indextts/000916_indextts_angry.wav,pak too bo song khuai,pak4 too2 bo5 song2 khuai3,pak too bo song khuai,pak too bo song khuai,0.0,5,5,0,0,0,zh,1,ok
917,indextts,angry,000917_indextts_angry.wav,/srv/RL_project/repo/outputs/wav_by_model/indextts/000917_indextts_angry.wav,to tsit tann tua pui khng tiam tshiu a kha,to7 tsit8 tann3 tua7 pui5 khng3 tiam3 tshiu7 a2 kha1,to tsit tann tua pui khng tiam tshiu a kha,to tsit tann tua pui khng tiam tshiu a kha,0.0,10,10,0,0,0,zh,1,ok
918,indextts,surprised,000918_indextts_surprised.wav,/srv/RL_project/repo/outputs/wav_by_model/indextts/000918_indextts_surprised.wav,siunn kong tua pui bo lang e thau tsiah tioh lah,siunn7 kong2 tua7 pui5 bo5 lang5 e7 thau1 tsiah4 tioh8 lah4,siunn kong tua pui bo lang e thau tsiah tioh lah,siunn kong tua pui bo lang e thau tsiah tioh lah,0.0,11,11,0,0,0,zh,1,ok
919,indextts,happy,000919_indextts_happy.wav,/srv/RL_project/repo/outputs/wav_by_model/indextts/000919_indextts_happy.wav,ka ti kin khi tshau poo a lai tshue soo tsai siau thau,ka1 ti7 kin2 khi3 tshau2 poo1 a2 lai7 tshue7 soo2 tsai7 siau1 thau2,ka ti kin khi tshau poo a lai tshue soo tsai siau thau,ka ti kin khi tshau poo a lai tshue soo tsai siau thau,0.0,13,13,0,0,0,zh,1,ok
920,indextts,neutral,000920_indextts_neutral.wav,/srv/RL_project/repo/outputs/wav_by_model/indextts/000920_indextts_neutral.wav,hiah tu ho,hia1 tu2 ho2,hiah tu ho,hia tu ho,0.3333333333333333,3,2,1,0,0,zh,1,ok
921,indextts,fearful,000921_indextts_fearful.wav,/srv/RL_project/repo/outputs/wav_by_model/indextts/000921_indextts_fearful.wav,tsit e tua tshiu kha,tsit4 e7 tua7 tshiu7 kha1,tsit e tua tshiu kha,tsit e tua tshiu kha,0.0,5,5,0,0,0,zh,1,ok
922,indextts,happy,000922_indextts_happy.wav,/srv/RL_project/repo/outputs/wav/000922_indextts_happy.wav,tio si hit e be ke e tiann tiann hioh tau e soo tsai,tio7 tsi2 si1 tsi2 siau1 si5 it4 tsu2 e5 be2 tshi1 jian3 ke1 jian3 e5 tiann2 tsi1 jian3 tshi1 siau1 si5 ioh4 si7 jian3 tau5 san1 e5 soo2 al3 jian3 tsai5 tsi1,tio si hit e be ke e tiann tiann hioh tau e soo tsai,tio tsi si tsi siau si it tsu e be tshi jian ke jian e tiann tsi jian tshi siau si ioh si jian tau san e soo al jian tsai tsi,1.5,14,11,3,0,18,zh,1,ok
923,indextts,neutral,000923_indextts_neutral.wav,/srv/RL_project/repo/outputs/wav_by_model/indextts/000923_indextts_neutral.wav,si kan ia tu ho tiong tau si,si5 kan1 ia7 tu2 ho2 tiong1 tau3 si5,si kan ia tu ho tiong tau si,si kan ia tu ho tiong tau si,0.0,8,8,0,0,0,zh,1,ok
924,indextts,surprised,000924_indextts_surprised.wav,/srv/RL_project/repo/outputs/wav_by_model/indextts/000924_indextts_surprised.wav,he tua pui e sik tsui kah ke si sio ua sio ua,he1 tua7 pui5 e5 sit4 tsui2 ka1 ke5 si7 sio1 ua2 sio1 ua2,he tua pui e sik tsui kah ke si sio ua sio ua,he tua pui e sit tsui ka ke si sio ua sio ua,0.15384615384615385,13,11,2,0,0,zh,1,ok
925,indextts,happy,000925_indextts_happy.wav,/srv/RL_project/repo/outputs/wav_by_model/indextts/000925_indextts_happy.wav,long si oo oo koh tua sio khua ang huann ang huann,long2 si7 oo1 oo1 koh4 tua3 sio2 khua2 ang5 huann2 ang5 huann2,long si oo oo koh tua sio khua ang huann ang huann,long si oo oo koh tua sio khua ang huann ang huann,0.0,12,12,0,0,0,zh,1,ok
926,indextts,angry,000926_indextts_angry.wav,/srv/RL_project/repo/outputs/wav_by_model/indextts/000926_indextts_angry.wav,soo iong soo tsiah e mih kiann,soo2 iong7 sio2 tsiah8 e5 mih8 kiann7,soo iong soo tsiah e mih kiann,soo iong sio tsiah e mih kiann,0.14285714285714285,7,6,1,0,0,zh,1,ok
927,indextts,surprised,000927_indextts_surprised.wav,/srv/RL_project/repo/outputs/wav_by_model/indextts/000927_indextts_surprised.wav,khi bi ma si tshau tsho a tshau tsho,khi3 pi2 ma7 si7 tshau3 tsho1 a2 tshau3 tsho1,khi bi ma si tshau tsho a tshau tsho,khi pi ma si tshau tsho a tshau tsho,0.1111111111111111,9,8,1,0,0,zh,1,ok
928,indextts,happy,000928_indextts_happy.wav,/srv/RL_project/repo/outputs/wav_by_model/indextts/000928_indextts_happy.wav,na bo tsim tsiok khuann un un a phinn,na7 bo5 tsin1 tsiok4 khuann3 bun5 bun5 a2 phinn1,na bo tsim tsiok khuann un un a phinn,na bo tsin tsiok khuann bun bun a phinn,0.3333333333333333,9,6,3,0,0,zh,1,ok
929,indextts,angry,000929_indextts_angry.wav,/srv/RL_project/repo/outputs/wav_by_model/indextts/000929_indextts_angry.wav,si hun bo sann e tshut lai,si7 hun1 bo5 sai2 tshut4 lai5,si hun bo sann e tshut lai,si hun bo sai tshut lai,0.2857142857142857,7,5,1,1,0,zh,1,ok
930,indextts,sad,000930_indextts_sad.wav,/srv/RL_project/repo/outputs/wav/000930_indextts_sad.wav,hiah tu ho,hia1 si7 tu2 jian5 ho2,hiah tu ho,hia si tu jian ho,1.0,3,2,1,0,2,zh,1,ok
931,indextts,disgusted,000931_indextts_disgusted.wav,/srv/RL_project/repo/outputs/wav_by_model/indextts/000931_indextts_disgusted.wav,ke e sing li tik piat ka iah,ke1 e5 sing1 li2 tik8 piat8 ka7 iah8,ke e sing li tik piat ka iah,ke e sing li tik piat ka iah,0.0,8,8,0,0,0,zh,1,ok
932,indextts,surprised,000932_indextts_surprised.wav,/srv/RL_project/repo/outputs/wav_by_model/indextts/000932_indextts_surprised.wav,be ke e bo lai be,be7 ke1 e5 bo5 lai5 be7,be ke e bo lai be,be ke e bo lai be,0.0,6,6,0,0,0,zh,1,ok
933,indextts,neutral,000933_indextts_neutral.wav,/srv/RL_project/repo/outputs/wav_by_model/indextts/000933_indextts_neutral.wav,tak ke suah kio si lang kue be bo tioh,tak8 ke1 suah4 kio3 si7 lang7 kue3 be2 bo5 tioh8,tak ke suah kio si lang kue be bo tioh,tak ke suah kio si lang kue be bo tioh,0.0,10,10,0,0,0,zh,1,ok
934,indextts,fearful,000934_indextts_fearful.wav,/srv/RL_project/repo/outputs/wav/000934_indextts_fearful.wav,tse tse lang tio lai tua tshiu kha beh ka kau kuan,tse7 tsi2 tsian3 tse7 tshi7 lang5 tio7 tshi7 lai5 tua7 tshi7 tsian3 tshiu1 tsi2 tsian3 kha1 i1 be2 si1 kau1 i1 tsian3 kuan1,tse tse lang tio lai tua tshiu kha beh ka kau kuan,tse tsi tsian tse tshi lang tio tshi lai tua tshi tsian tshiu tsi tsian kha i be si kau i tsian kuan,1.0833333333333333,12,10,2,0,11,zh,1,ok
935,indextts,neutral,000935_indextts_neutral.wav,/srv/RL_project/repo/outputs/wav_by_model/indextts/000935_indextts_neutral.wav,lai beh be ke e si si suann suann,lai5 be2 be2 ke3 e5 si3 si3 suann3 suann3,lai beh be ke e si si suann suann,lai be be ke e si si suann suann,0.1111111111111111,9,8,1,0,0,zh,1,ok
936,indextts,disgusted,000936_indextts_disgusted.wav,/srv/RL_project/repo/outputs/wav_by_model/indextts/000936_indextts_disgusted.wav,tsit e tsit e lai,tsit8 e7 tsit8 e7 lai5,tsit e tsit e lai,tsit e tsit e lai,0.0,5,5,0,0,0,zh,1,ok
937,indextts,surprised,000937_indextts_surprised.wav,/srv/RL_project/repo/outputs/wav_by_model/indextts/000937_indextts_surprised.wav,tai poo hun long si ka ti sing san e,tai7 poo7 hun7 long2 si7 ka1 ti7 sing1 san2 e5,tai poo hun long si ka ti sing san e,tai poo hun long si ka ti sing san e,0.0,10,10,0,0,0,zh,1,ok
938,indextts,happy,000938_indextts_happy.wav,/srv/RL_project/repo/outputs/wav/000938_indextts_happy.wav,hia e lang kau ui tsit khuann,hia1 tsian5 e5 lang5 kau2 san2 tsian5 ui5 tshi7 tsit8 pah4 tsian5 siau1 si5 uann7 san1,hia e lang kau ui tsit khuann,hia tsian e lang kau san tsian ui tshi tsit pah tsian siau si uann san,1.4285714285714286,7,6,1,0,9,zh,1,ok
939,indextts,angry,000939_indextts_angry.wav,/srv/RL_project/repo/outputs/wav_by_model/indextts/000939_indextts_angry.wav,bo khuainnh be ke e,bo5 khuai3 be7 ke1 e5,bo khuainnh be ke e,bo khuai be ke e,0.2,5,4,1,0,0,zh,1,ok
940,indextts,happy,000940_indextts_happy.wav,/srv/RL_project/repo/outputs/wav_by_model/indextts/000940_indextts_happy.wav,kan tann tsit tann ke khng ti tshiu a kha,kan1 tann1 jit8 tah8 ke5 khng3 ti7 tshiu7 a2 kha1,kan tann tsit tann ke khng ti tshiu a kha,kan tann jit tah ke khng ti tshiu a kha,0.2,10,8,2,0,0,zh,1,ok
941,indextts,surprised,000941_indextts_surprised.wav,/srv/RL_project/repo/outputs/wav_by_model/indextts/000941_indextts_surprised.wav,sui e tio kah i ong kang khuan,sui5 e5 tio7 kah4 gi2 iong2 kang7 khuan2,sui e tio kah i ong kang khuan,sui e tio kah gi iong kang khuan,0.25,8,6,2,0,0,zh,1,ok
942,indextts,angry,000942_indextts_angry.wav,/srv/RL_project/repo/outputs/wav_by_model/indextts/000942_indextts_angry.wav,iong tsing thau a ka tsam tsit sut a lai tshui nih tam khuann mai,iong7 tsing2 thau5 a2 ka7 tsam2 tsit8 sut4 a2 lai5 tshui3 nih4 tng7 khuann3 mai7,iong tsing thau a ka tsam tsit sut a lai tshui nih tam khuann mai,iong tsing thau a ka tsam tsit sut a lai tshui nih tng khuann mai,0.06666666666666667,15,14,1,0,0,zh,1,ok
943,indextts,angry,000943_indextts_angry.wav,/srv/RL_project/repo/outputs/wav_by_model/indextts/000943_indextts_angry.wav,tam suah na io thau na li khui,tam7 sua3 na2 ioh4 thau5 na2 li7 khui1,tam suah na io thau na li khui,tam sua na ioh thau na li khui,0.25,8,6,2,0,0,zh,1,ok
944,indextts,angry,000944_indextts_angry.wav,/srv/RL_project/repo/outputs/wav/000944_indextts_angry.wav,tsit e si tsun,tsit4 si3 e5 si5 ian3 tsun2 tsi1,tsit e si tsun,tsit si e si ian tsun tsi,0.75,4,4,0,0,3,zh,1,ok
945,indextts,sad,000945_indextts_sad.wav,/srv/RL_project/repo/outputs/wav_by_model/indextts/000945_indextts_sad.wav,hit e siu tua pui e tsoh sit lang,hit4 e5 siu1 tua7 pui5 e5 tsoh4 sit4 lang5,hit e siu tua pui e tsoh sit lang,hit e siu tua pui e tsoh sit lang,0.0,9,9,0,0,0,zh,1,ok
946,indextts,surprised,000946_indextts_surprised.wav,/srv/RL_project/repo/outputs/wav_by_model/indextts/000946_indextts_surprised.wav,pang ho na lang khoo na kiann tshut lai,pang3 ho2 na2 lang2 khoo3 na2 kiann5 tshut4 lai5,pang ho na lang khoo na kiann tshut lai,pang ho na lang khoo na kiann tshut lai,0.0,9,9,0,0,0,zh,1,ok
947,indextts,angry,000947_indextts_angry.wav,/srv/RL_project/repo/outputs/wav/000947_indextts_angry.wav,khuann tioh hia e lang,khuann3 san1 tsian3 tioh8 pa2 hia1 tsian3 e5 lang5,khuann tioh hia e lang,khuann san tsian tioh pa hia tsian e lang,0.8,5,5,0,0,4,zh,1,ok
948,indextts,fearful,000948_indextts_fearful.wav,/srv/RL_project/repo/outputs/wav_by_model/indextts/000948_indextts_fearful.wav,han tit khi ke a iah si tshi a be tang be sai,han3 tit4 khi3 ke1 a2 iah8 si7 tshi7 a2 be2 tan2 be2 sai1,han tit khi ke a iah si tshi a be tang be sai,han tit khi ke a iah si tshi a be tan be sai,0.07692307692307693,13,12,1,0,0,zh,1,ok
949,indextts,sad,000949_indextts_sad.wav,/srv/RL_project/repo/outputs/wav_by_model/indextts/000949_indextts_sad.wav,tsit e tsit e teh tsam i hit tann tua pui,tsit8 e5 tsit8 e5 te2 tsam1 i1 hit4 tah4 tua7 pui5,tsit e tsit e teh tsam i hit tann tua pui,tsit e tsit e te tsam i hit tah tua pui,0.18181818181818182,11,9,2,0,0,zh,1,ok
950,indextts,disgusted,000950_indextts_disgusted.wav,/srv/RL_project/repo/outputs/wav_by_model/indextts/000950_indextts_disgusted.wav,i kam kak honn ki koh ho tshio,i1 kam2 kak4 ho2 ki5 koh4 ho2 tshio3,i kam kak honn ki koh ho tshio,i kam kak ho ki koh ho tshio,0.125,8,7,1,0,0,zh,1,ok
951,indextts,angry,000951_indextts_angry.wav,/srv/RL_project/repo/outputs/wav_by_model/indextts/000951_indextts_angry.wav,bo phah tshenn kiann in,bo5 phah4 tshiat4 kia3 im1,bo phah tshenn kiann in,bo phah tshiat kia im,0.6,5,2,3,0,0,zh,1,ok
952,indextts,happy,000952_indextts_happy.wav,/srv/RL_project/repo/outputs/wav_by_model/indextts/000952_indextts_happy.wav,tiam tiam a bih ti tshau poo a lai khuann,tiam7 tiam7 a2 bih4 ti7 tshau2 poo1 a2 lai5 khuann3,tiam tiam a bih ti tshau poo a lai khuann,tiam tiam a bih ti tshau poo a lai khuann,0.0,10,10,0,0,0,zh,1,ok
953,indextts,disgusted,000953_indextts_disgusted.wav,/srv/RL_project/repo/outputs/wav_by_model/indextts/000953_indextts_disgusted.wav,lian sua kui a tsap e long lai tsuinn tua pui,lian5 sua3 kui2 a7 tsap8 e5 long2 lai5 tsui1 tua7 pui5,lian sua kui a tsap e long lai tsuinn tua pui,lian sua kui a tsap e long lai tsui tua pui,0.09090909090909091,11,10,1,0,0,zh,1,ok
954,indextts,disgusted,000954_indextts_disgusted.wav,/srv/RL_project/repo/outputs/wav_by_model/indextts/000954_indextts_disgusted.wav,i na khuann na ho tshio,i1 na2 khuann3 na2 ho2 tshio3,i na khuann na ho tshio,i na khuann na ho tshio,0.0,6,6,0,0,0,zh,1,ok
955,indextts,disgusted,000955_indextts_disgusted.wav,/srv/RL_project/repo/outputs/wav_by_model/indextts/000955_indextts_disgusted.wav,koh m kann tshio tshut siann,koh4 m7 kann2 tshio3 tshut4 siann1,koh m kann tshio tshut siann,koh m kann tshio tshut siann,0.0,6,6,0,0,0,zh,1,ok
956,indextts,sad,000956_indextts_sad.wav,/srv/RL_project/repo/outputs/wav_by_model/indextts/000956_indextts_sad.wav,tsit e sit tsu i,tsit8 e7 sit4 tsu3 i3,tsit e sit tsu i,tsit e sit tsu i,0.0,5,5,0,0,0,zh,1,ok
957,indextts,angry,000957_indextts_angry.wav,/srv/RL_project/repo/outputs/wav_by_model/indextts/000957_indextts_angry.wav,tshio siunn tua lat,tshiau2 siunn1 tua7 lat8,tshio siunn tua lat,tshiau siunn tua lat,0.25,4,3,1,0,0,zh,1,ok
958,indextts,surprised,000958_indextts_surprised.wav,/srv/RL_project/repo/outputs/wav_by_model/indextts/000958_indextts_surprised.wav,suah khi tsak tioh khui,sua3 khi3 tsah4 tioh8 khui3,suah khi tsak tioh khui,sua khi tsah tioh khui,0.4,5,3,2,0,0,zh,1,ok
959,indextts,fearful,000959_indextts_fearful.wav,/srv/RL_project/repo/outputs/wav_by_model/indextts/000959_indextts_fearful.wav,u e tio si lang tann lai be e,u7 e5 tio7 si7 lang5 tann1 lai5 be7,u e tio si lang tann lai be e,u e tio si lang tann lai be,0.1111111111111111,9,8,0,1,0,zh,1,ok
960,indextts,happy,000960_indextts_happy.wav,/srv/RL_project/repo/outputs/wav_by_model/indextts/000960_indextts_happy.wav,tsit khau khui tshuan be khi lai,tsit8 khau2 khui3 tshuan2 be7 khi2 lai5,tsit khau khui tshuan be khi lai,tsit khau khui tshuan be khi lai,0.0,7,7,0,0,0,zh,1,ok
961,indextts,sad,000961_indextts_sad.wav,/srv/RL_project/repo/outputs/wav_by_model/indextts/000961_indextts_sad.wav,tsu an ne sit kiu kue ong khi,tsu7 an2 ne1 si3 kiu2 kue3 iong5 khi3,tsu an ne sit kiu kue ong khi,tsu an ne si kiu kue iong khi,0.25,8,6,2,0,0,zh,1,ok
962,indextts,happy,000962_indextts_happy.wav,/srv/RL_project/repo/outputs/wav_by_model/indextts/000962_indextts_happy.wav,m tsiah e liu thuan tsit ku tshio si hong guan hit e tann sai e,m7 tsiah4 e7 liu5 thuan5 tsit4 ku3 tshio3 si2 hong1 guan5 hit4 e5 tann1 sai2 e5,m tsiah e liu thuan tsit ku tshio si hong guan hit e tann sai e,m tsiah e liu thuan tsit ku tshio si hong guan hit e tann sai e,0.0,16,16,0,0,0,zh,1,ok
963,indextts,fearful,000963_indextts_fearful.wav,/srv/RL_project/repo/outputs/wav_by_model/indextts/000963_indextts_fearful.wav,tsa tsing long giap si tai,tsa2 tsing5 long5 giap8 si5 tai7,tsa tsing long giap si tai,tsa tsing long giap si tai,0.0,6,6,0,0,0,zh,1,ok
964,indextts,fearful,000964_indextts_fearful.wav,/srv/RL_project/repo/outputs/wav_by_model/indextts/000964_indextts_fearful.wav,sua loh lai khuann sin tik tshi bin a tsai it ho e thinn khi,sua3 loh8 lai5 khuann3 sin1 tik4 tshi7 bin5 a2 tsai3 it4 ho7 leh4 thinn1 khi3,sua loh lai khuann sin tik tshi bin a tsai it ho e thinn khi,sua loh lai khuann sin tik tshi bin a tsai it ho leh thinn khi,0.06666666666666667,15,14,1,0,0,zh,1,ok
965,indextts,neutral,000965_indextts_neutral.wav,/srv/RL_project/repo/outputs/wav_by_model/indextts/000965_indextts_neutral.wav,un too ji tsap sann tsi ji tsap tshit too loh hoo ki lut ji tsap pha,un1 too7 li7 tsap8 sann1 tsi3 li7 tsap8 tshit4 too7 loh8 hoo7 ki1 lut8 li7 tsap8%,un too ji tsap sann tsi ji tsap tshit too loh hoo ki lut ji tsap pha,un too li tsap sann tsi li tsap tshit too loh hoo ki lut li tsap,0.23529411764705882,17,13,3,1,0,zh,1,ok
966,indextts,disgusted,000966_indextts_disgusted.wav,/srv/RL_project/repo/outputs/wav/000966_indextts_disgusted.wav,lai pin goo pah goo tsap kau ho tshiann lai tsap sann ho kui tai pan li,lai5 tsian3 phinn1 khau1 tshi7 tsian3 pah4 si3 koo1 tshi7 ian3 tse5 phinn1 bah4 jian3 kau2 liang5 siau3 si5 oo1 tshi1 tshiann2 a2 lai5 tse5 phinn1 a2 siau1 si5 oo1 tsi1 kui2 tsi1 tsian3 tai5 pan7 tsi2 kian3 li2,lai pin goo pah goo tsap kau ho tshiann lai tsap sann ho kui tai pan li,lai tsian phinn khau tshi tsian pah si koo tshi ian tse phinn bah jian kau liang siau si oo tshi tshiann a lai tse phinn a siau si oo tsi kui tsi tsian tai pan tsi kian li,1.7647058823529411,17,9,8,0,22,zh,1,ok
967,indextts,neutral,000967_indextts_neutral.wav,/srv/RL_project/repo/outputs/wav_by_model/indextts/000967_indextts_neutral.wav,long tsong peh pah khong ji khoo tsau li kau tsap peh khoo,long2 tsong2 peh4 pah4 khong3 ji7 khoo1 tsau7 li2 kau2 tsap8 peh4 khoo1,long tsong peh pah khong ji khoo tsau li kau tsap peh khoo,long tsong peh pah khong ji khoo tsau li kau tsap peh khoo,0.0,13,13,0,0,0,zh,1,ok
968,indextts,disgusted,000968_indextts_disgusted.wav,/srv/RL_project/repo/outputs/wav_by_model/indextts/000968_indextts_disgusted.wav,kin a lit si sann gueh tsap sann pai lak,kin1 a2 lit8 si7 sann1 gueh8 tsap8 sann1 pai3 lat8,kin a lit si sann gueh tsap sann pai lak,kin a lit si sann gueh tsap sann pai lat,0.1,10,9,1,0,0,zh,1,ok
969,indextts,sad,000969_indextts_sad.wav,/srv/RL_project/repo/outputs/wav_by_model/indextts/000969_indextts_sad.wav,gua e hoo tsiau ho be si sam liok ji ji su it khong it su,gua2 e5 hoo7 tsiau3 ho7 be2 e5 si7 sam1 liok8 ji7 ji7 su3 it4 khong3 it4 su3,gua e hoo tsiau ho be si sam liok ji ji su it khong it su,gua e hoo tsiau ho be e si sam liok ji ji su it khong it su,0.0625,16,16,0,0,1,zh,1,ok
970,indextts,happy,000970_indextts_happy.wav,/srv/RL_project/repo/outputs/wav_by_model/indextts/000970_indextts_happy.wav,guan tau e tian ue ho be si khong liok sam kiu ji sam ngoo it sam,gun2 tau1 e5 tian7 ue7 ho7 be2 si7 khong3 liok8 sam1 kiu2 li7 sam1 goo7 it4 sam1,guan tau e tian ue ho be si khong liok sam kiu ji sam ngoo it sam,gun tau e tian ue ho be si khong liok sam kiu li sam goo it sam,0.17647058823529413,17,14,3,0,0,zh,1,ok
971,indextts,disgusted,000971_indextts_disgusted.wav,/srv/RL_project/repo/outputs/wav_by_model/indextts/000971_indextts_disgusted.wav,i ti it kiu su it ni tshut si,i1 ti7 it4 kiu2 su3 it4 ni5 tshut4 si3,i ti it kiu su it ni tshut si,i ti it kiu su it ni tshut si,0.0,9,9,0,0,0,zh,1,ok
972,indextts,surprised,000972_indextts_surprised.wav,/srv/RL_project/repo/outputs/wav_by_model/indextts/000972_indextts_surprised.wav,tshiann pang gua tsuan hun ki it liok kiu ngoo,tshiann2 pang1 gua2 tsuan2 hun1 ki1 it4 liok8 kiu2 ngoo2,tshiann pang gua tsuan hun ki it liok kiu ngoo,tshiann pang gua tsuan hun ki it liok kiu ngoo,0.0,10,10,0,0,0,zh,1,ok
973,indextts,happy,000973_indextts_happy.wav,/srv/RL_project/repo/outputs/wav_by_model/indextts/000973_indextts_happy.wav,bun peh a li khuann hia u sann ki hiunn,bun5 peh4 a2 li2 khuann3 hia1 u7 sann1 ki1 hiunn1,bun peh a li khuann hia u sann ki hiunn,bun peh a li khuann hia u sann ki hiunn,0.0,10,10,0,0,0,zh,1,ok
974,indextts,disgusted,000974_indextts_disgusted.wav,/srv/RL_project/repo/outputs/wav_by_model/indextts/000974_indextts_disgusted.wav,bo m tioh koh khah kue si tua tun suann,bo5 m7 tioh8 koh4 khah4 kue3 si7 tua7 tun7 suann1,bo m tioh koh khah kue si tua tun suann,bo m tioh koh khah kue si tua tun suann,0.0,10,10,0,0,0,zh,1,ok
975,indextts,angry,000975_indextts_angry.wav,/srv/RL_project/repo/outputs/wav_by_model/indextts/000975_indextts_angry.wav,ke lang sik tsi tshau suann u kau phann e pi khuann te too khah tsim tsiok,ke1 lang5 sit8 tsi2 tshau1 suann1 u7 kau3 phainn7 e5 pi2 khuann3 te7 too5 khah4 tsim1 tsiok4,ke lang sik tsi tshau suann u kau phann e pi khuann te too khah tsim tsiok,ke lang sit tsi tshau suann u kau phainn e pi khuann te too khah tsim tsiok,0.11764705882352941,17,15,2,0,0,zh,1,ok
976,indextts,happy,000976_indextts_happy.wav,/srv/RL_project/repo/outputs/wav_by_model/indextts/000976_indextts_happy.wav,tse si pak ping nia li uat thau khuann lam khi,tse1 si7 pak4 ping5 nia5 li2 uat8 thau5 khuann3 lam5 khi3,tse si pak ping nia li uat thau khuann lam khi,tse si pak ping nia li uat thau khuann lam khi,0.0,11,11,0,0,0,zh,1,ok
977,indextts,angry,000977_indextts_angry.wav,/srv/RL_project/repo/outputs/wav_by_model/indextts/000977_indextts_angry.wav,kong king sit tsai tsan ang ang he si siann,kong1 king2 sit8 tsai7 tsan2 ang5 ang5 he1 si7 siann2,kong king sit tsai tsan ang ang he si siann,kong king sit tsai tsan ang ang he si siann,0.0,10,10,0,0,0,zh,1,ok
978,indextts,angry,000978_indextts_angry.wav,/srv/RL_project/repo/outputs/wav_by_model/indextts/000978_indextts_angry.wav,gua khuann mai leh he ping khe lah,gua2 khuann3 mai7 leh4 he1 pinn1 khe1 lah4,gua khuann mai leh he ping khe lah,gua khuann mai leh he pinn khe lah,0.125,8,7,1,0,0,zh,1,ok
979,indextts,angry,000979_indextts_angry.wav,/srv/RL_project/repo/outputs/wav_by_model/indextts/000979_indextts_angry.wav,gua tsai ah hit thau uat lai uat khi na tsit bue peh tsua e si sik tsi thang ping khe e sik ping kong loo,gua2 tsai1 ah4 hit4 thau5 ue7 uat4 khi3 na2 tsit8 bue2 peh4 tsuah8 e5 si7 sit8 tsi3 thang3 ping5 kheh4 e5 sit4 ping5 kong1 loo7,gua tsai ah hit thau uat lai uat khi na tsit bue peh tsua e si sik tsi thang ping khe e sik ping kong loo,gua tsai ah hit thau ue uat khi na tsit bue peh tsuah e si sit tsi thang ping kheh e sit ping kong loo,0.23076923076923078,26,20,5,1,0,zh,1,ok
980,indextts,angry,000980_indextts_angry.wav,/srv/RL_project/repo/outputs/wav_by_model/indextts/000980_indextts_angry.wav,kok tiong khah kue lai to si tsioh sun tsiam,kok4 tiong1 khah4 kue3 lai5 to7 si7 tsioh8 sun2 tsiam1,kok tiong khah kue lai to si tsioh sun tsiam,kok tiong khah kue lai to si tsioh sun tsiam,0.0,10,10,0,0,0,zh,1,ok
981,indextts,sad,000981_indextts_sad.wav,/srv/RL_project/repo/outputs/wav/000981_indextts_sad.wav,bo sann sing tik sun neh,bo5 sann1 oh8 sing5 tih4 si3 jian5 sun1 jian5 tsian5 e5 si2,bo sann sing tik sun neh,bo sann oh sing tih si jian sun jian tsian e si,1.3333333333333333,6,4,2,0,6,zh,1,ok
982,indextts,neutral,000982_indextts_neutral.wav,/srv/RL_project/repo/outputs/wav_by_model/indextts/000982_indextts_neutral.wav,tui ping khe hit ping khuann kue lai to tsin sing,tui3 ping5 khe1 hit4 ping5 khuann3 kue3 lai5 to7 tsin1 sing5,tui ping khe hit ping khuann kue lai to tsin sing,tui ping khe hit ping khuann kue lai to tsin sing,0.0,11,11,0,0,0,zh,1,ok
983,indextts,happy,000983_indextts_happy.wav,/srv/RL_project/repo/outputs/wav_by_model/indextts/000983_indextts_happy.wav,tan thinn khi khah liang e si lan e sai lai khi hia tshit tho,tan2 thinn1 khi3 khah4 liang5 e5 si5 lan2 e7 sai2 lai5 khi3 hia1 tshit4 tho5,tan thinn khi khah liang e si lan e sai lai khi hia tshit tho,tan thinn khi khah liang e si lan e sai lai khi hia tshit tho,0.0,15,15,0,0,0,zh,1,ok
984,indextts,neutral,000984_indextts_neutral.wav,/srv/RL_project/repo/outputs/wav_by_model/indextts/000984_indextts_neutral.wav,li u kau gua hang siann mih sann ki hiunn he si hiap ho huat tian tshiunn,li2 u7 kau3 gua7 hang5 siann2 mih4 sann1 ki1 hiunn1 he1 si7 hiap8 ho5 huat4 tian7 tshiunn2,li u kau gua hang siann mih sann ki hiunn he si hiap ho huat tian tshiunn,li u kau gua hang siann mih sann ki hiunn he si hiap ho huat tian tshiunn,0.0,17,17,0,0,0,zh,1,ok
985,indextts,surprised,000985_indextts_surprised.wav,/srv/RL_project/repo/outputs/wav_by_model/indextts/000985_indextts_surprised.wav,lang leh kong tshio e lah bian hiah ting tsin,lang5 leh4 kong2 tshio3 e5 lah4 bian2 hiah4 ting2 tsin1,lang leh kong tshio e lah bian hiah ting tsin,lang leh kong tshio e lah bian hiah ting tsin,0.0,10,10,0,0,0,zh,1,ok
986,indextts,fearful,000986_indextts_fearful.wav,/srv/RL_project/repo/outputs/wav_by_model/indextts/000986_indextts_fearful.wav,bun peh a tsiann tshiu ping hit liap,bun5 peh4 a2 tsiann3 tshiu2 ping5 hit4 liap8,bun peh a tsiann tshiu ping hit liap,bun peh a tsiann tshiu ping hit liap,0.0,8,8,0,0,0,zh,1,ok
987,indextts,surprised,000987_indextts_surprised.wav,/srv/RL_project/repo/outputs/wav_by_model/indextts/000987_indextts_surprised.wav,hit liap kio tso ke lang khit koh khah kue hit liap to si ke lang suann,hit4 liap8 kio3 tso3 ke1 lang5 khit8 koh4 khah4 kue3 hit4 liap8 to7 si7 ke1 lang5 suann1,hit liap kio tso ke lang khit koh khah kue hit liap to si ke lang suann,hit liap kio tso ke lang khit koh khah kue hit liap to si ke lang suann,0.0,17,17,0,0,0,zh,1,ok
988,indextts,neutral,000988_indextts_neutral.wav,/srv/RL_project/repo/outputs/wav_by_model/indextts/000988_indextts_neutral.wav,to si ti kau hun a hu kin mah kin ni sann gueh guan u khi hia tshit tho,to7 si7 ti7 kau2 hun1 a2 hu2 kin7 ma7 kin1 ni5 sann1 gueh8 guan2 u7 khi3 hia1 tshit4 tho5,to si ti kau hun a hu kin mah kin ni sann gueh guan u khi hia tshit tho,to si ti kau hun a hu kin ma kin ni sann gueh guan u khi hia tshit tho,0.05263157894736842,19,18,1,0,0,zh,1,ok
989,indextts,surprised,000989_indextts_surprised.wav,/srv/RL_project/repo/outputs/wav_by_model/indextts/000989_indextts_surprised.wav,tsit khuan thinn peh ke lang suann pau nia li phak kah pinn poo,tsit8 khuan2 thinn1 peh4 ke1 lang5 suann1 pau1 nia2 li2 phak8 kah4 pi3 poo2,tsit khuan thinn peh ke lang suann pau nia li phak kah pinn poo,tsit khuan thinn peh ke lang suann pau nia li phak kah pi poo,0.07142857142857142,14,13,1,0,0,zh,1,ok
990,indextts,angry,000990_indextts_angry.wav,/srv/RL_project/repo/outputs/wav_by_model/indextts/000990_indextts_angry.wav,kui liap suann bo kui tsang tshiu a thang jia jit thau,kui1 liau5 suann1 bo5 kui2 tsang5 tshiu7 a2 thang1 jia2 jit8 thau5,kui liap suann bo kui tsang tshiu a thang jia jit thau,kui liau suann bo kui tsang tshiu a thang jia jit thau,0.08333333333333333,12,11,1,0,0,zh,1,ok
991,indextts,fearful,000991_indextts_fearful.wav,/srv/RL_project/repo/outputs/wav_by_model/indextts/000991_indextts_fearful.wav,to ping hng hng siong kuan hit liap suann si m si tshit tshenn suann,to3 pinn1 hng7 hng7 siong7 kuan5 hit4 tshiah4 liap8 suann1 si7 m7 si7 tshit4 tshenn1 e5 suann1,to ping hng hng siong kuan hit liap suann si m si tshit tshenn suann,to pinn hng hng siong kuan hit tshiah liap suann si m si tshit tshenn e suann,0.2,15,14,1,0,2,zh,1,ok
992,indextts,neutral,000992_indextts_neutral.wav,/srv/RL_project/repo/outputs/wav_by_model/indextts/000992_indextts_neutral.wav,iong siang kha ai tai uan,iong7 siang1 kha1 ai3 tai5 uan5,iong siang kha ai tai uan,iong siang kha ai tai uan,0.0,6,6,0,0,0,zh,1,ok
993,indextts,neutral,000993_indextts_neutral.wav,/srv/RL_project/repo/outputs/wav_by_model/indextts/000993_indextts_neutral.wav,koh tui tai uan bue kiann kau tai uan thau,koh4 tui3 tai5 uan5 bue2 kiann5 kau3 tai5 uan5 thau5,koh tui tai uan bue kiann kau tai uan thau,koh tui tai uan bue kiann kau tai uan thau,0.0,10,10,0,0,0,zh,1,ok
994,indextts,angry,000994_indextts_angry.wav,/srv/RL_project/repo/outputs/wav_by_model/indextts/000994_indextts_angry.wav,tsit poo tsit kha in,tsit8 poo7 tsit8 kha1 in3,tsit poo tsit kha in,tsit poo tsit kha in,0.0,5,5,0,0,0,zh,1,ok
995,indextts,happy,000995_indextts_happy.wav,/srv/RL_project/repo/outputs/wav_by_model/indextts/000995_indextts_happy.wav,iong siong khiam pi e thai too,iong7 siong7 khiam1 pi1 e5 thai7 too7,iong siong khiam pi e thai too,iong siong khiam pi e thai too,0.0,7,7,0,0,0,zh,1,ok
996,indextts,neutral,000996_indextts_neutral.wav,/srv/RL_project/repo/outputs/wav_by_model/indextts/000996_indextts_neutral.wav,khi tshin kin tsit te tshiann iong ka ki e thoo te,khi3 tshin1 kin7 tsit4 te3 tshiann5 iong2 ka1 ki7 e5 thoo2 te7,khi tshin kin tsit te tshiann iong ka ki e thoo te,khi tshin kin tsit te tshiann iong ka ki e thoo te,0.0,12,12,0,0,0,zh,1,ok
997,indextts,surprised,000997_indextts_surprised.wav,/srv/RL_project/repo/outputs/wav_by_model/indextts/000997_indextts_surprised.wav,khuann tioh lik sik e suann meh uan lai uat khi e ho liu sik sai e tshan hng,khuann3 tioh8 lik8 sik4 e5 suann1 meh8 guan5 lai5 uat4 khi3 e5 hoo1 liu5 sik8 sai7 e5 tshan5 hng5,khuann tioh lik sik e suann meh uan lai uat khi e ho liu sik sai e tshan hng,khuann tioh lik sik e suann meh guan lai uat khi e hoo liu sik sai e tshan hng,0.10526315789473684,19,17,2,0,0,zh,1,ok
998,indextts,surprised,000998_indextts_surprised.wav,/srv/RL_project/repo/outputs/wav_by_model/indextts/000998_indextts_surprised.wav,sun phok e hiong tin be lang e hai huann hiong tshin tshin tshiat e tshio iong,sun5 phok4 e5 hiong5 tin3 be5 lang5 e5 hai2 huann7 hiong1 tshim1 tshim1 tshiat4 e5 tshio3 iong5,sun phok e hiong tin be lang e hai huann hiong tshin tshin tshiat e tshio iong,sun phok e hiong tin be lang e hai huann hiong tshim tshim tshiat e tshio iong,0.11764705882352941,17,15,2,0,0,zh,1,ok
999,indextts,happy,000999_indextts_happy.wav,/srv/RL_project/repo/outputs/wav/000999_indextts_happy.wav,sim kuann thau tiann tioh u mua mua e kam tshiok kah kam tong,sim1 i1 tsian3 kuann7 i1 tsian3 thau5 u7 tiann7 tshi2 tsian3 tioh8 ba5 u7 tshi7 mua2 tsit4 mua5 e5 kam2 a2 tsian3 tshiok4 si3 kah4 si3 kam2 a2 tsian3 tong5 tsi1,sim kuann thau tiann tioh u mua mua e kam tshiok kah kam tong,sim i tsian kuann i tsian thau u tiann tshi tsian tioh ba u tshi mua tsit mua e kam a tsian tshiok si kah si kam a tsian tong tsi,1.2142857142857142,14,14,0,0,17,zh,1,ok
1000,indextts,neutral,001000_indextts_neutral.wav,/srv/RL_project/repo/outputs/wav_by_model/indextts/001000_indextts_neutral.wav,terry si tsit e tsin u li siong kah tsu kian e tshing tshun siau lian hiann,Terry si7 tsit8 e5 tsin1 u7 li2 siong2 kah4 tsu2 kian3 e5 tshin1 tshun1 siau3 lian5 hiann1,terry si tsit e tsin u li siong kah tsu kian e tshing tshun siau lian hiann,terry si tsit e tsin u li siong kah tsu kian e tshin tshun siau lian hiann,0.058823529411764705,17,16,1,0,0,zh,1,ok
1001,indextts,disgusted,001001_indextts_disgusted.wav,/srv/RL_project/repo/outputs/wav_by_model/indextts/001001_indextts_disgusted.wav,i kam guan tsiam si hong ha kho ki kong si lang lang him sian e khang khue,it4 kang1 guan7 tsiam7 si5 hong3 ha7 kho1 ki1 kong1 si1 lang5 lang5 hing5 sian2 e5 khang1 khue3,i kam guan tsiam si hong ha kho ki kong si lang lang him sian e khang khue,it kang guan tsiam si hong ha kho ki kong si lang lang hing sian e khang khue,0.16666666666666666,18,15,3,0,0,zh,1,ok
1002,indextts,sad,001002_indextts_sad.wav,/srv/RL_project/repo/outputs/wav_by_model/indextts/001002_indextts_sad.wav,hoo ka ki tsit e a khong kan,hoo7 ka1 ki7 tsit8 leh4 a2 khong1 kan1,hoo ka ki tsit e a khong kan,hoo ka ki tsit leh a khong kan,0.125,8,7,1,0,0,zh,1,ok
1003,indextts,disgusted,001003_indextts_disgusted.wav,/srv/RL_project/repo/outputs/wav_by_model/indextts/001003_indextts_disgusted.wav,tsok tsia iunn tsin ju,tsok4 tsia2 iunn5 tsin2 ju7,tsok tsia iunn tsin ju,tsok tsia iunn tsin ju,0.0,5,5,0,0,0,zh,1,ok
1004,indextts,fearful,001004_indextts_fearful.wav,/srv/RL_project/repo/outputs/wav/001004_indextts_fearful.wav,khi ting sin jin bat tai uan,khi2 san1 ting1 tsian3 sin1 ling7 tshi1 tsian3 pak4 tsi3 tai7 ian3 uan5,khi ting sin jin bat tai uan,khi san ting tsian sin ling tshi tsian pak tsi tai ian uan,1.1428571428571428,7,5,2,0,6,zh,1,ok
1005,indextts,fearful,001005_indextts_fearful.wav,/srv/RL_project/repo/outputs/wav_by_model/indextts/001005_indextts_fearful.wav,ping tshiann su kho jin sing e tsin gi,pian7 tshiann2 su1 kho2 lin5 sin1 e5 tsing5 gi7,ping tshiann su kho jin sing e tsin gi,pian tshiann su kho lin sin e tsing gi,0.4444444444444444,9,5,4,0,0,zh,1,ok
1006,indextts,happy,001006_indextts_happy.wav,/srv/RL_project/repo/outputs/wav_by_model/indextts/001006_indextts_happy.wav,i beh tsit poo a tsit poo a,i1 beh4 tsit8 poo7 a2 tsit8 poo7 a2,i beh tsit poo a tsit poo a,i beh tsit poo a tsit poo a,0.0,8,8,0,0,0,zh,1,ok
1007,indextts,disgusted,001007_indextts_disgusted.wav,/srv/RL_project/repo/outputs/wav_by_model/indextts/001007_indextts_disgusted.wav,iong ka ki e siang kha kiann tai uan tsit lian,iong7 ka1 ki7 e5 siang1 kha1 kiann5 tai5 uan5 tsit8 lian3,iong ka ki e siang kha kiann tai uan tsit lian,iong ka ki e siang kha kiann tai uan tsit lian,0.0,11,11,0,0,0,zh,1,ok
1008,indextts,happy,001008_indextts_happy.wav,/srv/RL_project/repo/outputs/wav_by_model/indextts/001008_indextts_happy.wav,in tsing ka ki e siunn huat,in3 tsin3 ka1 ki7 e5 siunn7 huat4,in tsing ka ki e siunn huat,in tsin ka ki e siunn huat,0.14285714285714285,7,6,1,0,0,zh,1,ok
1009,indextts,disgusted,001009_indextts_disgusted.wav,/srv/RL_project/repo/outputs/wav_by_model/indextts/001009_indextts_disgusted.wav,ma tshue tshut senn mia tsing khak e hong hiong kah ting ui,ma7 tshue7 tshut4 senn3 mia7 tsing3 khak4 e5 hong1 hiong3 kah4 ting7 ui7,ma tshue tshut senn mia tsing khak e hong hiong kah ting ui,ma tshue tshut senn mia tsing khak e hong hiong kah ting ui,0.0,13,13,0,0,0,zh,1,ok
1010,indextts,sad,001010_indextts_sad.wav,/srv/RL_project/repo/outputs/wav_by_model/indextts/001010_indextts_sad.wav,i tsit e sim guan to tsiong kin beh uan sing ah,i1 tsit4 e5 sing1 uan5 to7 tsiong1 kin7 beh4 uan5 sing5 ah4,i tsit e sim guan to tsiong kin beh uan sing ah,i tsit e sing uan to tsiong kin beh uan sing ah,0.16666666666666666,12,10,2,0,0,zh,1,ok
1011,indextts,disgusted,001011_indextts_disgusted.wav,/srv/RL_project/repo/outputs/wav_by_model/indextts/001011_indextts_disgusted.wav,ku ni tsap it gueh ji ji i tui tai tiong tshut huat,ku7 ni5 tsap8 it4 gueh8 ji7 ji7 i1 tui3 tai5 tiong1 tshut4 huat4,ku ni tsap it gueh ji ji i tui tai tiong tshut huat,ku ni tsap it gueh ji ji i tui tai tiong tshut huat,0.0,13,13,0,0,0,zh,1,ok
1012,indextts,neutral,001012_indextts_neutral.wav,/srv/RL_project/repo/outputs/wav_by_model/indextts/001012_indextts_neutral.wav,i sun si tsiam e hong sik sing tsiunn pak,i1 sun7 si5 tsia1 meh4 hong1 sik4 sing3 tsiunn7 pat4,i sun si tsiam e hong sik sing tsiunn pak,i sun si tsia meh hong sik sing tsiunn pat,0.3,10,7,3,0,0,zh,1,ok
1013,indextts,neutral,001013_indextts_neutral.wav,/srv/RL_project/repo/outputs/wav_by_model/indextts/001013_indextts_neutral.wav,kiann kau ke lang liau au tsiah loh lam,kiann5 kau3 ke1 lang5 liau2 au7 tsiah4 loh8 lam5,kiann kau ke lang liau au tsiah loh lam,kiann kau ke lang liau au tsiah loh lam,0.0,9,9,0,0,0,zh,1,ok
1014,indextts,disgusted,001014_indextts_disgusted.wav,/srv/RL_project/repo/outputs/wav_by_model/indextts/001014_indextts_disgusted.wav,tai uan u gua sui,tai5 uan5 u7 kua3 sui2,tai uan u gua sui,tai uan u kua sui,0.2,5,4,1,0,0,zh,1,ok
1015,indextts,angry,001015_indextts_angry.wav,/srv/RL_project/repo/outputs/wav_by_model/indextts/001015_indextts_angry.wav,king kue hua lian tai tang,king1 kue3 hua1 lian1 tai5 tang1,king kue hua lian tai tang,king kue hua lian tai tang,0.0,6,6,0,0,0,zh,1,ok
1016,indextts,angry,001016_indextts_angry.wav,/srv/RL_project/repo/outputs/wav_by_model/indextts/001016_indextts_angry.wav,jim nai tioh kha kut e sng thiann kah tsit loo e koo tuann,jim5 lai5 tio7 khah4 kut4 e5 sng2 thiann3 kah4 tsit8 loo7 e5 koo1 tuann1,jim nai tioh kha kut e sng thiann kah tsit loo e koo tuann,jim lai tio khah kut e sng thiann kah tsit loo e koo tuann,0.21428571428571427,14,11,3,0,0,zh,1,ok
1017,indextts,sad,001017_indextts_sad.wav,/srv/RL_project/repo/outputs/wav_by_model/indextts/001017_indextts_sad.wav,tsit loo it tit kiann kau tai uan siong lam ping e go luan phinn,tsit8 loo7 it4 tit8 kiann5 kau3 tai5 uan5 siong7 lam5 ping5 e5 goo5 luan5 phinn1,tsit loo it tit kiann kau tai uan siong lam ping e go luan phinn,tsit loo it tit kiann kau tai uan siong lam ping e goo luan phinn,0.06666666666666667,15,14,1,0,0,zh,1,ok
1018,indextts,angry,001018_indextts_angry.wav,/srv/RL_project/repo/outputs/wav_by_model/indextts/001018_indextts_angry.wav,tsiah koh tsiunn pak,kia7 koh4 tsiunn7 pa2,tsiah koh tsiunn pak,kia koh tsiunn pa,0.5,4,2,2,0,0,zh,1,ok
1019,indextts,fearful,001019_indextts_fearful.wav,/srv/RL_project/repo/outputs/wav_by_model/indextts/001019_indextts_fearful.wav,hian tshu si i i king kiann kau tai lam tshi kiam tsui khu e guat tin kang ah,hian7 tshu2 si5 i1 i2 king1 kiann5 kau3 tai5 lam5 tshi7 kiam5 tsui2 khu1 e5 uat8 tin1 kang2 ah4,hian tshu si i i king kiann kau tai lam tshi kiam tsui khu e guat tin kang ah,hian tshu si i i king kiann kau tai lam tshi kiam tsui khu e uat tin kang ah,0.05263157894736842,19,18,1,0,0,zh,1,ok
1020,indextts,sad,001020_indextts_sad.wav,/srv/RL_project/repo/outputs/wav_by_model/indextts/001020_indextts_sad.wav,tng ti tai uan si loo hu kin leh tsiah tau gim si phue ka pi ah,tng1 ti7 tai5 uan5 si2 loo7 hu3 kin7 leh4 tsiah8 tau3 im1 si5 phue3 ka1 pi1 a2,tng ti tai uan si loo hu kin leh tsiah tau gim si phue ka pi ah,tng ti tai uan si loo hu kin leh tsiah tau im si phue ka pi a,0.11764705882352941,17,15,2,0,0,zh,1,ok
1021,indextts,neutral,001021_indextts_neutral.wav,/srv/RL_project/repo/outputs/wav/001021_indextts_neutral.wav,siong kai lan tit e si,siong7 tsi2 tsian3 kai3 lan2 jian3 tit4 GASICG,siong kai lan tit e si,siong tsi tsian kai lan jian tit gasicg,0.8333333333333334,6,4,1,1,3,zh,1,ok
1022,indextts,disgusted,001022_indextts_disgusted.wav,/srv/RL_project/repo/outputs/wav_by_model/indextts/001022_indextts_disgusted.wav,terry u tsit tui khai bing e pe bu,terry u7 tsit8 tui3 khai1 bing5 e5 pe7 bu2,terry u tsit tui khai bing e pe bu,terry u tsit tui khai bing e pe bu,0.0,9,9,0,0,0,zh,1,ok
1023,indextts,surprised,001023_indextts_surprised.wav,/srv/RL_project/repo/outputs/wav_by_model/indextts/001023_indextts_surprised.wav,tui i tsit khuan long ban kah u tam poh a bo hu hap sit tse e siunn huat ping bo huan tui,tui3 i1 tsit4 khuan2 long7 ban7 kah4 u7 tam7 poh8 a2 bo5 hu5 hap8 sit8 tse3 e5 siunn7 huat4 ping7 bo5 huan2 tui3,tui i tsit khuan long ban kah u tam poh a bo hu hap sit tse e siunn huat ping bo huan tui,tui i tsit khuan long ban kah u tam poh a bo hu hap sit tse e siunn huat ping bo huan tui,0.0,23,23,0,0,0,zh,1,ok
1024,indextts,sad,001024_indextts_sad.wav,/srv/RL_project/repo/outputs/wav_by_model/indextts/001024_indextts_sad.wav,tian to tsuan lik tsi tshi,tian1 to3 tsuan1 jit8 tsi1 tshi5,tian to tsuan lik tsi tshi,tian to tsuan jit tsi tshi,0.16666666666666666,6,5,1,0,0,zh,1,ok
1025,indextts,surprised,001025_indextts_surprised.wav,/srv/RL_project/repo/outputs/wav_by_model/indextts/001025_indextts_surprised.wav,li kam tsai iann,li2 kam2 tsai1 iann2,li kam tsai iann,li kam tsai iann,0.0,4,4,0,0,0,zh,1,ok
1026,indextts,fearful,001026_indextts_fearful.wav,/srv/RL_project/repo/outputs/wav_by_model/indextts/001026_indextts_fearful.wav,ping tshiann ti i khuan to poo lian i king tsiong kin beh uan sing e bue tsam a,ping7 tshiann2 ti7 i1 khuan5 to2 poo7 lian7 i2 king1 tsiong1 kin7 beh4 uan5 sing5 e5 bue2 tsam7 a2,ping tshiann ti i khuan to poo lian i king tsiong kin beh uan sing e bue tsam a,ping tshiann ti i khuan to poo lian i king tsiong kin beh uan sing e bue tsam a,0.0,19,19,0,0,0,zh,1,ok
1027,indextts,angry,001027_indextts_angry.wav,/srv/RL_project/repo/outputs/wav_by_model/indextts/001027_indextts_angry.wav,tik piat puah si kan pue i kiann tsit tuann,tio7 peh8 puann3 si5 kan1 pue5 i1 kiann1 tsit4 tuann1,tik piat puah si kan pue i kiann tsit tuann,tio peh puann si kan pue i kiann tsit tuann,0.3,10,7,3,0,0,zh,1,ok
1028,indextts,disgusted,001028_indextts_disgusted.wav,/srv/RL_project/repo/outputs/wav/001028_indextts_disgusted.wav,hoo i tsing sin siong siong tua e koo bu,hoo7 tsi2 i1 tsian3 sin5 jian3 siong7 tshit4 miau7 iong7 tsi2 tua7 tsi1 e5 koo1 a2 jian7 bu2,hoo i tsing sin siong siong tua e koo bu,hoo tsi i tsian sin jian siong tshit miau iong tsi tua tsi e koo a jian bu,1.0,10,8,2,0,8,zh,1,ok
1029,indextts,sad,001029_indextts_sad.wav,/srv/RL_project/repo/outputs/wav/001029_indextts_sad.wav,u bang siong sui,u7 tsit8 bang7 tshi2 biau7 iong7 tshi2 sui2,u bang siong sui,u tsit bang tshi biau iong tshi sui,1.25,4,3,1,0,4,zh,1,ok
1030,indextts,sad,001030_indextts_sad.wav,/srv/RL_project/repo/outputs/wav_by_model/indextts/001030_indextts_sad.wav,u li siong tioh ai iong kam khi tui kiu,u7 li2 siong2 tioh8 ai3 iong2 kam2 khi3 tui1 kiu5,u li siong tioh ai iong kam khi tui kiu,u li siong tioh ai iong kam khi tui kiu,0.0,10,10,0,0,0,zh,1,ok
1031,indextts,fearful,001031_indextts_fearful.wav,/srv/RL_project/repo/outputs/wav_by_model/indextts/001031_indextts_fearful.wav,lan lang sing uah ti tsit e se kan,lan2 lang5 sing1 uah8 ti7 tsit4 e5 se3 kan1,lan lang sing uah ti tsit e se kan,lan lang sing uah ti tsit e se kan,0.0,9,9,0,0,0,zh,1,ok
1032,indextts,angry,001032_indextts_angry.wav,/srv/RL_project/repo/outputs/wav_by_model/indextts/001032_indextts_angry.wav,ti liau it tsai tiong hok e jit siong tsiah tshing i gua,ti5 liau2 it4 tsai3 tiong1 hok8 e5 jit8 siong5 tsiah8 tshing3 i2 gua7,ti liau it tsai tiong hok e jit siong tsiah tshing i gua,ti liau it tsai tiong hok e jit siong tsiah tshing i gua,0.0,13,13,0,0,0,zh,1,ok
1033,indextts,happy,001033_indextts_happy.wav,/srv/RL_project/repo/outputs/wav_by_model/indextts/001033_indextts_happy.wav,iah u tsan tshu koh khah kuan e li siong,iau2 u7 tsan1 tshut4 koh4 khah4 kuan5 e5 li2 siong3,iah u tsan tshu koh khah kuan e li siong,iau u tsan tshut koh khah kuan e li siong,0.2,10,8,2,0,0,zh,1,ok
1034,indextts,happy,001034_indextts_happy.wav,/srv/RL_project/repo/outputs/wav/001034_indextts_happy.wav,su iau khi tui kiu khi sit hian,su1 lian3 i1 sann1 tsian1 siau3 si5 i1 san1 tui1 jian3 kiu5 khi3 san2 i3 ba5 jian3 hian1 tsi1,su iau khi tui kiu khi sit hian,su lian i sann tsian siau si i san tui jian kiu khi san i ba jian hian tsi,1.75,8,5,3,0,11,zh,1,ok
1035,indextts,angry,001035_indextts_angry.wav,/srv/RL_project/repo/outputs/wav_by_model/indextts/001035_indextts_angry.wav,ti lan ling lik iau tso e kau e si tsun,ti7 lan2 ling5 lik8 iau2 tso3 e7 kau3 e5 si5 tsun7,ti lan ling lik iau tso e kau e si tsun,ti lan ling lik iau tso e kau e si tsun,0.0,11,11,0,0,0,zh,1,ok
1036,indextts,sad,001036_indextts_sad.wav,/srv/RL_project/repo/outputs/wav/001036_indextts_sad.wav,tai uan lang kau kau kau e jin tsing bi,tai7 ian3 uan5 tsing3 lang5 kau1 tshi7 ian3 kau1 tshi7 ian3 kau1 tsi1 e5 jin7 tsin2 u7 ian3 bi7 ai1 tsi1,tai uan lang kau kau kau e jin tsing bi,tai ian uan tsing lang kau tshi ian kau tshi ian kau tsi e jin tsin u ian bi ai tsi,1.2,10,9,1,0,11,zh,1,ok
1037,indextts,neutral,001037_indextts_neutral.wav,/srv/RL_project/repo/outputs/wav_by_model/indextts/001037_indextts_neutral.wav,na si kiann khun lan,na7 si7 kiann1 khun3 lan5,na si kiann khun lan,na si kiann khun lan,0.0,5,5,0,0,0,zh,1,ok
1038,indextts,sad,001038_indextts_sad.wav,/srv/RL_project/repo/outputs/wav_by_model/indextts/001038_indextts_sad.wav,tshin tshai to hong khi tui kiu bang siong e ki hue,tshin3 tshai2 to7 hong3 khi3 tui1 kiu5 bang7 siong2 e5 ki1 hue7,tshin tshai to hong khi tui kiu bang siong e ki hue,tshin tshai to hong khi tui kiu bang siong e ki hue,0.0,12,12,0,0,0,zh,1,ok
1039,indextts,sad,001039_indextts_sad.wav,/srv/RL_project/repo/outputs/wav_by_model/indextts/001039_indextts_sad.wav,tan kau au pai tsiah lai huan hue,tan2 kau3 au7 pai2 tsiah4 lai5 huan2 hue2,tan kau au pai tsiah lai huan hue,tan kau au pai tsiah lai huan hue,0.0,8,8,0,0,0,zh,1,ok
1040,indextts,happy,001040_indextts_happy.wav,/srv/RL_project/repo/outputs/wav_by_model/indextts/001040_indextts_happy.wav,he to siunn ban ah,he1 to7 siunn1 ban7 ah4,he to siunn ban ah,he to siunn ban ah,0.0,5,5,0,0,0,zh,1,ok
1041,indextts,sad,001041_indextts_sad.wav,/srv/RL_project/repo/outputs/wav_by_model/indextts/001041_indextts_sad.wav,khuan to poo lian si tsit kiann sin khoo e tai tsi,khuan2 to3 poo7 lian2 si7 tshit4 kiann7 sin1 khoo2 e5 tai7 tsi3,khuan to poo lian si tsit kiann sin khoo e tai tsi,khuan to poo lian si tshit kiann sin khoo e tai tsi,0.08333333333333333,12,11,1,0,0,zh,1,ok
1042,indextts,fearful,001042_indextts_fearful.wav,/srv/RL_project/repo/outputs/wav_by_model/indextts/001042_indextts_fearful.wav,tu liau ai u tsiu tsuan e ke ue the lat ai ho i gua,tu5 liau2 ai3 u7 tsiu1 tsuan5 e5 ke3 ue7 the2 lat8 ai3 hoo7 i2 gua7,tu liau ai u tsiu tsuan e ke ue the lat ai ho i gua,tu liau ai u tsiu tsuan e ke ue the lat ai hoo i gua,0.06666666666666667,15,14,1,0,0,zh,1,ok
1043,indextts,happy,001043_indextts_happy.wav,/srv/RL_project/repo/outputs/wav_by_model/indextts/001043_indextts_happy.wav,siong tiong iau e si ai u kian kiong e i tsi lik,siong7 tiong7 iau3 e5 si7 ai3 u7 kian1 kiong5 e5 i3 tsi3 lik8,siong tiong iau e si ai u kian kiong e i tsi lik,siong tiong iau e si ai u kian kiong e i tsi lik,0.0,13,13,0,0,0,zh,1,ok
1044,indextts,happy,001044_indextts_happy.wav,/srv/RL_project/repo/outputs/wav/001044_indextts_happy.wav,tsiah thang khik hok ian loo tu tioh e kok tsiong siunn bue kau e lan te,tsiah4 si3 thang1 it4 tsian1 siau1 si5 ioh8 it4 si2 lian3 hoo7 ba2 ian5 jian3 loo7 tsi1 tu2 lian2 tioh8 ba2 tsian3 jian3 e5 kok4 si2 lian3 tsin3 te7 tau7 san1 e5 lan5 tsian3 te5,tsiah thang khik hok ian loo tu tioh e kok tsiong siunn bue kau e lan te,tsiah si thang it tsian siau si ioh it si lian hoo ba ian jian loo tsi tu lian tioh ba tsian jian e kok si lian tsin te tau san e lan tsian te,1.411764705882353,17,11,6,0,18,zh,1,ok
1045,indextts,surprised,001045_indextts_surprised.wav,/srv/RL_project/repo/outputs/wav_by_model/indextts/001045_indextts_surprised.wav,kiong hi terry khuan to poo lian,kiong1 hi2 Terry khuan5 to2 poo7 lian2,kiong hi terry khuan to poo lian,kiong hi terry khuan to poo lian,0.0,7,7,0,0,0,zh,1,ok
1046,indextts,disgusted,001046_indextts_disgusted.wav,/srv/RL_project/repo/outputs/wav_by_model/indextts/001046_indextts_disgusted.wav,iong siang kha ai tai uan e bang siong teh beh uan sing ah,iong7 siang1 kha1 ai3 tai5 uan5 e5 bang7 siong2 teh4 beh4 uan5 sing5 ah4,iong siang kha ai tai uan e bang siong teh beh uan sing ah,iong siang kha ai tai uan e bang siong teh beh uan sing ah,0.0,14,14,0,0,0,zh,1,ok
1047,indextts,sad,001047_indextts_sad.wav,/srv/RL_project/repo/outputs/wav/001047_indextts_sad.wav,li kam bat kam siu tioh,li2 kam2 oh8 bak8 tsi2 kam2 oh8 jian3 siu7 tshi7 tsian3 jian3 tioh8 ba7,li kam bat kam siu tioh,li kam oh bak tsi kam oh jian siu tshi tsian jian tioh ba,1.5,6,5,1,0,8,zh,1,ok
1048,indextts,surprised,001048_indextts_surprised.wav,/srv/RL_project/repo/outputs/wav_by_model/indextts/001048_indextts_surprised.wav,kian tshi loh khi,kian1 tshi5 loh8 khi3,kian tshi loh khi,kian tshi loh khi,0.0,4,4,0,0,0,zh,1,ok
1049,indextts,neutral,001049_indextts_neutral.wav,/srv/RL_project/repo/outputs/wav_by_model/indextts/001049_indextts_neutral.wav,siong sin it ting e sing kong,siong1 sin3 it4 ting7 e7 sing1 kong1,siong sin it ting e sing kong,siong sin it ting e sing kong,0.0,7,7,0,0,0,zh,1,ok
1050,indextts,fearful,001050_indextts_fearful.wav,/srv/RL_project/repo/outputs/wav_by_model/indextts/001050_indextts_fearful.wav,lim ping tik sian sinn kah i e pe bu kang khuan,lim5 pin1 tik4 sian1 sinn1 kah4 i1 e5 pe7 bu2 kang7 khuan2,lim ping tik sian sinn kah i e pe bu kang khuan,lim pin tik sian sinn kah i e pe bu kang khuan,0.08333333333333333,12,11,1,0,0,zh,1,ok
1051,indextts,happy,001051_indextts_happy.wav,/srv/RL_project/repo/outputs/wav_by_model/indextts/001051_indextts_happy.wav,long si jin tsin phah piann kha tah sit te,long2 si7 jin7 tsin1 phah4 piann3 kha1 tah8 sit8 te7,long si jin tsin phah piann kha tah sit te,long si jin tsin phah piann kha tah sit te,0.0,10,10,0,0,0,zh,1,ok
1052,indextts,surprised,001052_indextts_surprised.wav,/srv/RL_project/repo/outputs/wav_by_model/indextts/001052_indextts_surprised.wav,iong sit tse e hing tong thiann tai uan e lang,iong7 sit8 tse3 e5 hing5 tong7 thiann3 tai5 uan5 e5 lang5,iong sit tse e hing tong thiann tai uan e lang,iong sit tse e hing tong thiann tai uan e lang,0.0,11,11,0,0,0,zh,1,ok
1053,indextts,sad,001053_indextts_sad.wav,/srv/RL_project/repo/outputs/wav_by_model/indextts/001053_indextts_sad.wav,iong tshim tsing e bak tsiu,iong7 tshim1 tsing5 e5 bak8 tsiu1,iong tshim tsing e bak tsiu,iong tshim tsing e bak tsiu,0.0,6,6,0,0,0,zh,1,ok
1054,indextts,happy,001054_indextts_happy.wav,/srv/RL_project/repo/outputs/wav_by_model/indextts/001054_indextts_happy.wav,khuann tai uan tsit liap bi le e to su,khuann3 tai5 uan5 tsit4 liap8 bi5 le7 e5 to2 su7,khuann tai uan tsit liap bi le e to su,khuann tai uan tsit liap bi le e to su,0.0,10,10,0,0,0,zh,1,ok
1055,indextts,happy,001055_indextts_happy.wav,/srv/RL_project/repo/outputs/wav_by_model/indextts/001055_indextts_happy.wav,iong nng ki kha tui tai uan thau kiann kau tai uan bue,iong7 nng7 ki1 kha1 tui3 tai5 uan5 thau5 kiann5 kau3 tai5 uan5 bue2,iong nng ki kha tui tai uan thau kiann kau tai uan bue,iong nng ki kha tui tai uan thau kiann kau tai uan bue,0.0,13,13,0,0,0,zh,1,ok
1056,indextts,angry,001056_indextts_angry.wav,/srv/RL_project/repo/outputs/wav_by_model/indextts/001056_indextts_angry.wav,tai uan e kiau ngoo,tak8 guan5 e5 kiong2 ooh4,tai uan e kiau ngoo,tak guan e kiong ooh,0.8,5,1,4,0,0,zh,1,ok
1057,indextts,neutral,001057_indextts_neutral.wav,/srv/RL_project/repo/outputs/wav_by_model/indextts/001057_indextts_neutral.wav,se kai kip e to ian li an kap gui tik sing,se3 kai3 kip4 e5 to7 e5 li2 an1 kah4 ui2 tik4 sing3,se kai kip e to ian li an kap gui tik sing,se kai kip e to e li an kah ui tik sing,0.25,12,9,3,0,0,zh,1,ok
1058,indextts,angry,001058_indextts_angry.wav,/srv/RL_project/repo/outputs/wav_by_model/indextts/001058_indextts_angry.wav,kian tshi thau bue e o un suan tshiu soo le bun,kian1 tshi5 thau3 bue2 e5 oo1 bun5 suan2 tshiu2 soo2 le7 bun5,kian tshi thau bue e o un suan tshiu soo le bun,kian tshi thau bue e oo bun suan tshiu soo le bun,0.16666666666666666,12,10,2,0,0,zh,1,ok
1059,indextts,happy,001059_indextts_happy.wav,/srv/RL_project/repo/outputs/wav_by_model/indextts/001059_indextts_happy.wav,suann kiu ko tshiu tsan nga ni ting ting,suann1 kiu5 ko1 tshiu2 tsam1 a2 ni5 ting2 ting2,suann kiu ko tshiu tsan nga ni ting ting,suann kiu ko tshiu tsam a ni ting ting,0.2222222222222222,9,7,2,0,0,zh,1,ok
1060,indextts,angry,001060_indextts_angry.wav,/srv/RL_project/repo/outputs/wav_by_model/indextts/001060_indextts_angry.wav,in tsiah si lan sio sio e tai uan tshiann iong tshut lai e,in1 tsiah4 si7 lan2 sio2 sio2 e5 tai5 uan5 tshiann5 iong2 tshut4 lai5 e5,in tsiah si lan sio sio e tai uan tshiann iong tshut lai e,in tsiah si lan sio sio e tai uan tshiann iong tshut lai e,0.0,14,14,0,0,0,zh,1,ok
1061,indextts,sad,001061_indextts_sad.wav,/srv/RL_project/repo/outputs/wav_by_model/indextts/001061_indextts_sad.wav,ti se kai bu tai ting huat kng huat jiat,ti7 se3 kai3 bu2 tai5 ting2 huat4 kng1 huat4 liat8,ti se kai bu tai ting huat kng huat jiat,ti se kai bu tai ting huat kng huat liat,0.1,10,9,1,0,0,zh,1,ok
1062,indextts,neutral,001062_indextts_neutral.wav,/srv/RL_project/repo/outputs/wav_by_model/indextts/001062_indextts_neutral.wav,si tat tit lan kam kak kiau ngoo e jin but,si7 tat8 tit4 lan2 kam2 kak4 kiau5 ngoo7 e5 jin7 but8,si tat tit lan kam kak kiau ngoo e jin but,si tat tit lan kam kak kiau ngoo e jin but,0.0,11,11,0,0,0,zh,1,ok
1063,indextts,surprised,001063_indextts_surprised.wav,/srv/RL_project/repo/outputs/wav_by_model/indextts/001063_indextts_surprised.wav,na kong tioh tai uan e kiau ngoo,na7 kong2 tioh8 tai5 uan5 e5 kiau1 ngoo7,na kong tioh tai uan e kiau ngoo,na kong tioh tai uan e kiau ngoo,0.0,8,8,0,0,0,zh,1,ok
1064,indextts,neutral,001064_indextts_neutral.wav,/srv/RL_project/repo/outputs/wav_by_model/indextts/001064_indextts_neutral.wav,li te gi e siunn tioh e,li2 te7 gi7 e5 siunn7 tioh8 e5,li te gi e siunn tioh e,li te gi e siunn tioh e,0.0,7,7,0,0,0,zh,1,ok
1065,indextts,disgusted,001065_indextts_disgusted.wav,/srv/RL_project/repo/outputs/wav_by_model/indextts/001065_indextts_disgusted.wav,it ting si tai uan phong phai e but tsu,it4 ting7 si7 tai5 uan5 phong1 phai2 e5 but8 tsu1,it ting si tai uan phong phai e but tsu,it ting si tai uan phong phai e but tsu,0.0,10,10,0,0,0,zh,1,ok
1066,indextts,neutral,001066_indextts_neutral.wav,/srv/RL_project/repo/outputs/wav_by_model/indextts/001066_indextts_neutral.wav,in ui tai uan lang thau nau khiau gau pian khiau,in1 ui7 tai5 uan5 lang5 thau5 nau2 khiau2 gau5 pian3 khiau3,in ui tai uan lang thau nau khiau gau pian khiau,in ui tai uan lang thau nau khiau gau pian khiau,0.0,11,11,0,0,0,zh,1,ok
1067,indextts,disgusted,001067_indextts_disgusted.wav,/srv/RL_project/repo/outputs/wav_by_model/indextts/001067_indextts_disgusted.wav,tsok tsia lim siu hua,tsok4 tsia2 lim5 siu3 hua5,tsok tsia lim siu hua,tsok tsia lim siu hua,0.0,5,5,0,0,0,zh,1,ok
1068,indextts,angry,001068_indextts_angry.wav,/srv/RL_project/repo/outputs/wav_by_model/indextts/001068_indextts_angry.wav,bo lun kue tsi lan hue iah tsui san,bo5 lun7 kui2 tsi2 lang5 hue1 ia7 tsui2 san2,bo lun kue tsi lan hue iah tsui san,bo lun kui tsi lang hue ia tsui san,0.3333333333333333,9,6,3,0,0,zh,1,ok
1069,indextts,sad,001069_indextts_sad.wav,/srv/RL_project/repo/outputs/wav_by_model/indextts/001069_indextts_sad.wav,tsi iau king kue tai uan lang e kai liang,tsi2 iau3 king1 kue3 tai5 uan5 lang5 e5 kai2 liam5,tsi iau king kue tai uan lang e kai liang,tsi iau king kue tai uan lang e kai liam,0.1,10,9,1,0,0,zh,1,ok
1070,indextts,happy,001070_indextts_happy.wav,/srv/RL_project/repo/outputs/wav_by_model/indextts/001070_indextts_happy.wav,long e gian huat tshut it too tsan e phin tsing,long2 e7 gian2 huat4 tshut4 it4 too2 tsan2 e5 phin2 tsing2,long e gian huat tshut it too tsan e phin tsing,long e gian huat tshut it too tsan e phin tsing,0.0,11,11,0,0,0,zh,1,ok
1071,indextts,neutral,001071_indextts_neutral.wav,/srv/RL_project/repo/outputs/wav_by_model/indextts/001071_indextts_neutral.wav,hoo tsuan se kai o lo lan e kue tsi tua koh tinn,hoo7 tsuan5 se3 kai3 o1 lo2 lan2 e5 kue2 tsi2 tua7 koh4 tinn1,hoo tsuan se kai o lo lan e kue tsi tua koh tinn,hoo tsuan se kai o lo lan e kue tsi tua koh tinn,0.0,13,13,0,0,0,zh,1,ok
1072,indextts,surprised,001072_indextts_surprised.wav,/srv/RL_project/repo/outputs/wav_by_model/indextts/001072_indextts_surprised.wav,lan hue phang koh sui,lan2 hue2 phang1 koh4 sui2,lan hue phang koh sui,lan hue phang koh sui,0.0,5,5,0,0,0,zh,1,ok
1073,indextts,surprised,001073_indextts_surprised.wav,/srv/RL_project/repo/outputs/wav_by_model/indextts/001073_indextts_surprised.wav,tsui san tshinn koh ho tsiah,tsui2 san2 tshinn1 koh4 ho2 tsiah8,tsui san tshinn koh ho tsiah,tsui san tshinn koh ho tsiah,0.0,6,6,0,0,0,zh,1,ok
1074,indextts,disgusted,001074_indextts_disgusted.wav,/srv/RL_project/repo/outputs/wav_by_model/indextts/001074_indextts_disgusted.wav,ma in ui an ne,ma7 in1 ui7 an2 ne1,ma in ui an ne,ma in ui an ne,0.0,5,5,0,0,0,zh,1,ok
1075,indextts,happy,001075_indextts_happy.wav,/srv/RL_project/repo/outputs/wav_by_model/indextts/001075_indextts_happy.wav,soo i e tang gua siau than gua hue,soo2 i2 e7 tang3 gua7 siau1 than3 gua7 hue7,soo i e tang gua siau than gua hue,soo i e tang gua siau than gua hue,0.0,9,9,0,0,0,zh,1,ok
1076,indextts,surprised,001076_indextts_surprised.wav,/srv/RL_project/repo/outputs/wav/001076_indextts_surprised.wav,iah koh u i tsa long giap sia hue e tai uan u su po te bi thng kah tsiunn lo,ia2 si3 jian2 koh4 si7 u7 tshi7 i1 jian7 tsai1 a2 long5 jian2 giah8 ba2 ma2 ia7 tshi7 jian7 hue7 tsi1 e5 tai5 jian2 guan5 u7 tshi7 su7 po2 te5 bih4 thng3 u7 kah4 si3 tshiu1 i1 jian3 lo2,iah koh u i tsa long giap sia hue e tai uan u su po te bi thng kah tsiunn lo,ia si jian koh si u tshi i jian tsai a long jian giah ba ma ia tshi jian hue tsi e tai jian guan u tshi su po te bih thng u kah si tshiu i jian lo,1.1904761904761905,21,14,7,0,18,zh,1,ok
1077,indextts,neutral,001077_indextts_neutral.wav,/srv/RL_project/repo/outputs/wav/001077_indextts_neutral.wav,tsit ma kang giap sia hue e tai uan si tian nau ic led kah tsin tse ko kho ki e san phin,tsit4 tshit4 jian7 ma2 kang5 lian3 giap8 ba2 miau7 ia2 tshi2 lian7 hue1 tsi2 e5 tai7 lian5 guan5 si7 tsit8 tian7 tshi1 lian2 nau2 a2 ICAED ka1 si3 tsin1 e5 tse7 tshi5 ki1 ko1 lian3 kho3 i2 tsian3 ki1 e5 san2 lian2 phin2 a2,tsit ma kang giap sia hue e tai uan si tian nau ic led kah tsin tse ko kho ki e san phin,tsit tshit jian ma kang lian giap ba miau ia tshi lian hue tsi e tai lian guan si tsit tian tshi lian nau a icaed ka si tsin e tse tshi ki ko lian kho i tsian ki e san lian phin a,1.1304347826086956,23,18,5,0,21,zh,1,ok
1078,indextts,fearful,001078_indextts_fearful.wav,/srv/RL_project/repo/outputs/wav_by_model/indextts/001078_indextts_fearful.wav,na mng li tai uan e kiau ngoo si siann mih,na7 mng7 li2 tai5 uan5 e5 kiau1 ngoo7 si7 siann2 mih8,na mng li tai uan e kiau ngoo si siann mih,na mng li tai uan e kiau ngoo si siann mih,0.0,11,11,0,0,0,zh,1,ok
1079,indextts,sad,001079_indextts_sad.wav,/srv/RL_project/repo/outputs/wav_by_model/indextts/001079_indextts_sad.wav,hing siau tsuan kiu e bi le to,hing5 siau1 tsuan5 kiu5 e5 bi2 le7 to2,hing siau tsuan kiu e bi le to,hing siau tsuan kiu e bi le to,0.0,8,8,0,0,0,zh,1,ok
1080,indextts,angry,001080_indextts_angry.wav,/srv/RL_project/repo/outputs/wav_by_model/indextts/001080_indextts_angry.wav,tse si lan tai uan lang e hiau pa ak si ki un iong ti hui,tse1 si7 lan2 tai5 uan5 lang5 e7 hiau2 pa2 pah4 si5 ki1 un7 iong7 ti3 hui7,tse si lan tai uan lang e hiau pa ak si ki un iong ti hui,tse si lan tai uan lang e hiau pa pah si ki un iong ti hui,0.0625,16,15,1,0,0,zh,1,ok
1081,indextts,angry,001081_indextts_angry.wav,/srv/RL_project/repo/outputs/wav_by_model/indextts/001081_indextts_angry.wav,jin tsin phah piann tshong tso tshut lai e king tse ki tsik,jin7 tsin1 phah4 piann3 tshong3 tso7 tshut4 lai5 e5 king1 tse3 ki1 tsik4,jin tsin phah piann tshong tso tshut lai e king tse ki tsik,jin tsin phah piann tshong tso tshut lai e king tse ki tsik,0.0,13,13,0,0,0,zh,1,ok
1082,indextts,sad,001082_indextts_sad.wav,/srv/RL_project/repo/outputs/wav_by_model/indextts/001082_indextts_sad.wav,ma si lan siong kiau ngoo e sing tsiu,ma7 si7 lan2 siong7 kiau1 ngoo7 e5 sin1 tsiu7,ma si lan siong kiau ngoo e sing tsiu,ma si lan siong kiau ngoo e sin tsiu,0.1111111111111111,9,8,1,0,0,zh,1,ok
1083,indextts,disgusted,001083_indextts_disgusted.wav,/srv/RL_project/repo/outputs/wav/001083_indextts_disgusted.wav,lang kong tai uan liam tsin tsing kah tak ke lai puah kam tsing,lang5 kong2 tai5 kau3 put4 liam2 tsi2 tsing5 i1 tsian3 tsing5 u7 kah4 si3 te7 ma7 lian7 ke1 lai5 puann3 ma7 tsian3 kam1 a2 lian2 tsing5 u7,lang kong tai uan liam tsin tsing kah tak ke lai puah kam tsing,lang kong tai kau put liam tsi tsing i tsian tsing u kah si te ma lian ke lai puann ma tsian kam a lian tsing u,1.2142857142857142,14,10,4,0,13,zh,1,ok
1084,indextts,neutral,001084_indextts_neutral.wav,/srv/RL_project/repo/outputs/wav_by_model/indextts/001084_indextts_neutral.wav,tai uan sio lo e jin tsing bi,tai5 uan5 sio1 lo7 e5 lin5 tsing5 bi7,tai uan sio lo e jin tsing bi,tai uan sio lo e lin tsing bi,0.125,8,7,1,0,0,zh,1,ok
1085,indextts,neutral,001085_indextts_neutral.wav,/srv/RL_project/repo/outputs/wav_by_model/indextts/001085_indextts_neutral.wav,hoo tsin tse bat lai tai uan tshit tho,hoo7 tsin1 tse7 bat4 lai5 tai5 uan5 tshit4 tho5,hoo tsin tse bat lai tai uan tshit tho,hoo tsin tse bat lai tai uan tshit tho,0.0,9,9,0,0,0,zh,1,ok
1086,indextts,disgusted,001086_indextts_disgusted.wav,/srv/RL_project/repo/outputs/wav_by_model/indextts/001086_indextts_disgusted.wav,iah si tua kue e gua kok lang long o lo kah e tak tsih,iah8 si7 tua3 kue3 e5 gua7 kok4 lang5 long2 o1 lo2 kah4 e7 tat8 tsi3,iah si tua kue e gua kok lang long o lo kah e tak tsih,iah si tua kue e gua kok lang long o lo kah e tat tsi,0.13333333333333333,15,13,2,0,0,zh,1,ok
1087,indextts,happy,001087_indextts_happy.wav,/srv/RL_project/repo/outputs/wav/001087_indextts_happy.wav,bat u tsit ui tui jit pun lai e tsin tshut mia e bing tshenn kong,bak8 tsi5 u7 tsi1 tsit8 ba7 ui5 tsi1 tui3 lip8 pa2 tsian3 pun2 lai5 tsian3 liat8 tsing1 gi7 tshut4 tsi2 tsian3 mia5 e5 bing5 tian2 tshenn1 i1 kong2,bat u tsit ui tui jit pun lai e tsin tshut mia e bing tshenn kong,bak tsi u tsi tsit ba ui tsi tui lip pa tsian pun lai tsian liat tsing gi tshut tsi tsian mia e bing tian tshenn i kong,1.0,16,12,4,0,12,zh,1,ok
1088,indextts,angry,001088_indextts_angry.wav,/srv/RL_project/repo/outputs/wav/001088_indextts_angry.wav,in ui tai uan lang e tshin tshiat,in1 jian2 ui5 tsi2 tai5 ian1 uan5 ian3 lang5 e5 tshin1 jian2 tshiat4 tsi2,in ui tai uan lang e tshin tshiat,in jian ui tsi tai ian uan ian lang e tshin jian tshiat tsi,0.75,8,8,0,0,6,zh,1,ok
1089,indextts,sad,001089_indextts_sad.wav,/srv/RL_project/repo/outputs/wav_by_model/indextts/001089_indextts_sad.wav,li thau tsit e siunn tioh e it ting si tsit tsam a tshing kah liah be tiau e bi kok tsit giap na kiu tui e suan tshiu lim su ho,li2 thau5 tsit8 e5 siunn7 tioh8 e5 it4 ting7 si7 tsit4 tsam7 a2 tshing2 kah4 liah8 be7 tiau5 e5 bi2 kok4 tsit4 kia3 na5 iu1 tui1 e5 suan2 tshiu2 lim5 su7 ho5,li thau tsit e siunn tioh e it ting si tsit tsam a tshing kah liah be tiau e bi kok tsit giap na kiu tui e suan tshiu lim su ho,li thau tsit e siunn tioh e it ting si tsit tsam a tshing kah liah be tiau e bi kok tsit kia na iu tui e suan tshiu lim su ho,0.0625,32,30,2,0,0,zh,1,ok
1090,indextts,sad,001090_indextts_sad.wav,/srv/RL_project/repo/outputs/wav_by_model/indextts/001090_indextts_sad.wav,hoo gua tshim tshim be luan tai uan,hoo7 gua2 tshim1 tshim1 be5 luan5 tai5 uan5,hoo gua tshim tshim be luan tai uan,hoo gua tshim tshim be luan tai uan,0.0,8,8,0,0,0,zh,1,ok
1091,indextts,fearful,001091_indextts_fearful.wav,/srv/RL_project/repo/outputs/wav_by_model/indextts/001091_indextts_fearful.wav,soo i to sng lai tsia tshit tho tsap kui pai,soo2 i2 to7 sng3 gai7 tsia1 tshit4 tho5 tsap8 kui2 pai2,soo i to sng lai tsia tshit tho tsap kui pai,soo i to sng gai tsia tshit tho tsap kui pai,0.09090909090909091,11,10,1,0,0,zh,1,ok
1092,indextts,disgusted,001092_indextts_disgusted.wav,/srv/RL_project/repo/outputs/wav/001092_indextts_disgusted.wav,ma be ia sian,ma7 tsi2 beh4 tshi1 ia2 jian7 sian1 tsi1,ma be ia sian,ma tsi beh tshi ia jian sian tsi,1.25,4,3,1,0,4,zh,1,ok
1093,indextts,happy,001093_indextts_happy.wav,/srv/RL_project/repo/outputs/wav_by_model/indextts/001093_indextts_happy.wav,in ui ti tai uan,in1 ui7 ti7 tai5 uan5,in ui ti tai uan,in ui ti tai uan,0.0,5,5,0,0,0,zh,1,ok
1094,indextts,disgusted,001094_indextts_disgusted.wav,/srv/RL_project/repo/outputs/wav_by_model/indextts/001094_indextts_disgusted.wav,tak ke long ka gua tong tso si ka ki lang,tak8 ke1 long2 ka7 gua2 tong3 tso3 si7 ka1 ki7 lang5,tak ke long ka gua tong tso si ka ki lang,tak ke long ka gua tong tso si ka ki lang,0.0,11,11,0,0,0,zh,1,ok
1095,indextts,surprised,001095_indextts_surprised.wav,/srv/RL_project/repo/outputs/wav/001095_indextts_surprised.wav,guan lau su ma bat tu tioh tsit e ti tai uan tsiah thau loo e gua kok lang,guan2 lau7 tshi7 tsian3 su1 ma7 tshi5 bat4 ti7 si3 tu2 tsian3 tioh8 ba2 tsit8 ba2 e5 ti1 tshi2 tai5 tsian3 uan5 tsiann1 ba2 tsian3 thau5 u7 tsian3 loo7 tshi7 e5 uah8 tshi1 tsian3 khok4 si3 tsian3 lang5,guan lau su ma bat tu tioh tsit e ti tai uan tsiah thau loo e gua kok lang,guan lau tshi tsian su ma tshi bat ti si tu tsian tioh ba tsit ba e ti tshi tai tsian uan tsiann ba tsian thau u tsian loo tshi e uah tshi tsian khok si tsian lang,1.1578947368421053,19,16,3,0,19,zh,1,ok
1096,indextts,angry,001096_indextts_angry.wav,/srv/RL_project/repo/outputs/wav_by_model/indextts/001096_indextts_angry.wav,in ui beh hoo lang tiau khi tiong kok,in1 ui7 beh4 hoo7 lang5 tiau3 khi3 tiong1 kok4,in ui beh hoo lang tiau khi tiong kok,in ui beh hoo lang tiau khi tiong kok,0.0,9,9,0,0,0,zh,1,ok
1097,indextts,disgusted,001097_indextts_disgusted.wav,/srv/RL_project/repo/outputs/wav_by_model/indextts/001097_indextts_disgusted.wav,kam kak tsin ut tsut,kam2 kak4 tsin1 ut4 tsut4,kam kak tsin ut tsut,kam kak tsin ut tsut,0.0,5,5,0,0,0,zh,1,ok
1098,indextts,fearful,001098_indextts_fearful.wav,/srv/RL_project/repo/outputs/wav_by_model/indextts/001098_indextts_fearful.wav,i kong tai uan tsit si ke long tshiong buan sio lo e jin tsing bi,i1 kong2 tai5 uan5 tsit8 si3 ke3 long2 tshiong1 buan2 sio1 lo7 e5 lin5 tsin1 bi7,i kong tai uan tsit si ke long tshiong buan sio lo e jin tsing bi,i kong tai uan tsit si ke long tshiong buan sio lo e lin tsin bi,0.125,16,14,2,0,0,zh,1,ok
1099,indextts,sad,001099_indextts_sad.wav,/srv/RL_project/repo/outputs/wav/001099_indextts_sad.wav,si tsit e e hoo lang siau liam e ho soo tsai,si7 tsi2 tsit8 bah4 e5 e1 tshit4 siau1 si7 oo1 tsi1 lang5 siau1 san1 jiat8 liam5 tsi1 e5 ho2 jian5 soo2 er2 jian7 tsai1 tshi7,si tsit e e hoo lang siau liam e ho soo tsai,si tsi tsit bah e e tshit siau si oo tsi lang siau san jiat liam tsi e ho jian soo er jian tsai tshi,1.1666666666666667,12,11,1,0,13,zh,1,ok
1100,indextts,sad,001100_indextts_sad.wav,/srv/RL_project/repo/outputs/wav_by_model/indextts/001100_indextts_sad.wav,lim su ho sui jian hoo lan kam kak tsin kiau ngoo,lim5 su1 ho5 sui1 lian5 hoo7 lan2 kam2 kak4 tsin1 kiau1 ngoo7,lim su ho sui jian hoo lan kam kak tsin kiau ngoo,lim su ho sui lian hoo lan kam kak tsin kiau ngoo,0.08333333333333333,12,11,1,0,0,zh,1,ok
1101,indextts,sad,001101_indextts_sad.wav,/srv/RL_project/repo/outputs/wav_by_model/indextts/001101_indextts_sad.wav,tong jian hoo lang siong kiau ngoo e soo tsai si,tong1 jian5 hoo7 lang5 siong7 kiau1 ngoo7 e5 soo2 tsai7 si7,tong jian hoo lang siong kiau ngoo e soo tsai si,tong jian hoo lang siong kiau ngoo e soo tsai si,0.0,11,11,0,0,0,zh,1,ok
1102,indextts,angry,001102_indextts_angry.wav,/srv/RL_project/repo/outputs/wav_by_model/indextts/001102_indextts_angry.wav,tai uan si ti hua jin se kai te it e sit si bin tsu tse too e kok ka,tai5 uan5 si7 ti7 huat4 jin5 se3 kai3 te7 it4 e5 sit8 si1 bin5 tsu2 tse3 too7 e5 kok4 ka1,tai uan si ti hua jin se kai te it e sit si bin tsu tse too e kok ka,tai uan si ti huat jin se kai te it e sit si bin tsu tse too e kok ka,0.05,20,19,1,0,0,zh,1,ok
1103,indextts,disgusted,001103_indextts_disgusted.wav,/srv/RL_project/repo/outputs/wav_by_model/indextts/001103_indextts_disgusted.wav,it kiu pat liok ni i au,it4 kiu2 pat4 liok8 ni5 i2 au7,it kiu pat liok ni i au,it kiu pat liok ni i au,0.0,7,7,0,0,0,zh,1,ok
1104,indextts,sad,001104_indextts_sad.wav,/srv/RL_project/repo/outputs/wav_by_model/indextts/001104_indextts_sad.wav,tsing ti kai kik e sok too ju lai ju kin,tsing3 ti7 kai2 kik4 e5 siok8 too7 lu2 lai5 lu2 kin2,tsing ti kai kik e sok too ju lai ju kin,tsing ti kai kik e siok too lu lai lu kin,0.2727272727272727,11,8,3,0,0,zh,1,ok
1105,indextts,happy,001105_indextts_happy.wav,/srv/RL_project/repo/outputs/wav_by_model/indextts/001105_indextts_happy.wav,pau kuat it kiu pat tshit ni kai tu kai giam huat,pau1 kuat4 it4 kiu2 pat4 tshit4 ni5 kai2 tu5 kai3 giam5 huat4,pau kuat it kiu pat tshit ni kai tu kai giam huat,pau kuat it kiu pat tshit ni kai tu kai giam huat,0.0,12,12,0,0,0,zh,1,ok
1106,indextts,sad,001106_indextts_sad.wav,/srv/RL_project/repo/outputs/wav/001106_indextts_sad.wav,sit si tsu iu hua tsing tshik,sit8 pak4 jian2 si1 tsu3 tsi2 jian3 iu5 tsian3 hua3 tsing1 san1 jian3 tshik4 si2,sit si tsu iu hua tsing tshik,sit pak jian si tsu tsi jian iu tsian hua tsing san jian tshik si,1.1428571428571428,7,7,0,0,8,zh,1,ok
1107,indextts,fearful,001107_indextts_fearful.wav,/srv/RL_project/repo/outputs/wav_by_model/indextts/001107_indextts_fearful.wav,kau it kiu kiu liok ni tsong thong tit suan,kau3 it4 kiu2 kiu2 liu7 ni5 tsong2 thong2 tit8 suan2,kau it kiu kiu liok ni tsong thong tit suan,kau it kiu kiu liu ni tsong thong tit suan,0.1,10,9,1,0,0,zh,1,ok
1108,indextts,fearful,001108_indextts_fearful.wav,/srv/RL_project/repo/outputs/wav/001108_indextts_fearful.wav,sng si huah tshut bin tsu tsuan hing e tsit tua poo,sng1 sian1 jian3 si1 tshit4 siau1 si5 ua2 pa2 tshut4 tsit4 bin5 tsian3 tsu2 a2 tsuan2 al3 jian3 hing5 e5 tsit8 pa2 tua7 tshit4 phoo1 tsi1,sng si huah tshut bin tsu tsuan hing e tsit tua poo,sng sian jian si tshit siau si ua pa tshut tsit bin tsian tsu a tsuan al jian hing e tsit pa tua tshit phoo tsi,1.3333333333333333,12,10,2,0,14,zh,1,ok
1109,indextts,happy,001109_indextts_happy.wav,/srv/RL_project/repo/outputs/wav_by_model/indextts/001109_indextts_happy.wav,nng tshing ni tsong thong tai suan e kiat ko,nng7 tshing1 ni5 tsong2 thong2 tai7 suan2 e5 kiat4 ko2,nng tshing ni tsong thong tai suan e kiat ko,nng tshing ni tsong thong tai suan e kiat ko,0.0,10,10,0,0,0,zh,1,ok
1110,indextts,sad,001110_indextts_sad.wav,/srv/RL_project/repo/outputs/wav_by_model/indextts/001110_indextts_sad.wav,si tai uan te it pai e tsing tong lun the,si7 tai5 uan5 te7 it4 pai2 e5 tsin3 tong2 lun5 the3,si tai uan te it pai e tsing tong lun the,si tai uan te it pai e tsin tong lun the,0.09090909090909091,11,10,1,0,0,zh,1,ok
1111,indextts,happy,001111_indextts_happy.wav,/srv/RL_project/repo/outputs/wav_by_model/indextts/001111_indextts_happy.wav,m koh i ping m si lan tai uan pue iong tshut lai e,m7 koh4 i1 ping7 m7 si7 lan2 tai5 uan5 pue7 iong2 tshut4 lai5 e5,m koh i ping m si lan tai uan pue iong tshut lai e,m koh i ping m si lan tai uan pue iong tshut lai e,0.0,14,14,0,0,0,zh,1,ok
1112,indextts,neutral,001112_indextts_neutral.wav,/srv/RL_project/repo/outputs/wav_by_model/indextts/001112_indextts_neutral.wav,lan king lik ho ping tsuan i tsip tsing khuan e kue ting,lan2 king1 lik8 ho5 ping5 tsuan2 gi7 tsit4 tsing3 khuan5 e5 kue3 ting5,lan king lik ho ping tsuan i tsip tsing khuan e kue ting,lan king lik ho ping tsuan gi tsit tsing khuan e kue ting,0.15384615384615385,13,11,2,0,0,zh,1,ok
1113,indextts,surprised,001113_indextts_surprised.wav,/srv/RL_project/repo/outputs/wav_by_model/indextts/001113_indextts_surprised.wav,hoo tai uan e bin tsu hua siu tioh se hong bin tsu kok ka e khing ting,hoo7 tai5 uan5 e5 bin5 tsu2 hua3 siu7 tioh8 se1 hong1 bin5 tsu2 kok4 ka1 e5 khing2 ting7,hoo tai uan e bin tsu hua siu tioh se hong bin tsu kok ka e khing ting,hoo tai uan e bin tsu hua siu tioh se hong bin tsu kok ka e khing ting,0.0,18,18,0,0,0,zh,1,ok
1114,indextts,angry,001114_indextts_angry.wav,/srv/RL_project/repo/outputs/wav_by_model/indextts/001114_indextts_angry.wav,lan u tsiah ni tse tat tit tshia iann e tsu san,lan2 u7 tsiah4 ni7 tse7 tat8 tit4 tshia1 iah8 e5 tsu1 san2,lan u tsiah ni tse tat tit tshia iann e tsu san,lan u tsiah ni tse tat tit tshia iah e tsu san,0.08333333333333333,12,11,1,0,0,zh,1,ok
1115,indextts,happy,001115_indextts_happy.wav,/srv/RL_project/repo/outputs/wav_by_model/indextts/001115_indextts_happy.wav,lan u ho tioh ai tsai sioh po,lan2 u7 ho2 tioh8 ai3 tsai3 sioh4 po2,lan u ho tioh ai tsai sioh po,lan u ho tioh ai tsai sioh po,0.0,8,8,0,0,0,zh,1,ok
1116,indextts,angry,001116_indextts_angry.wav,/srv/RL_project/repo/outputs/wav_by_model/indextts/001116_indextts_angry.wav,m thang tshin tshai pang hinn sak,m7 thang1 tshin3 tshai2 pang3 hi3 sat4,m thang tshin tshai pang hinn sak,m thang tshin tshai pang hi sat,0.2857142857142857,7,5,2,0,0,zh,1,ok
1117,indextts,happy,001117_indextts_happy.wav,/srv/RL_project/repo/outputs/wav_by_model/indextts/001117_indextts_happy.wav,lan tioh ai bo hun tsok kun hue tse phah piann,lan2 tioh8 ai3 bo5 hun1 tsok8 kun5 hue7 tse5 phah4 piann3,lan tioh ai bo hun tsok kun hue tse phah piann,lan tioh ai bo hun tsok kun hue tse phah piann,0.0,11,11,0,0,0,zh,1,ok
1118,indextts,neutral,001118_indextts_neutral.wav,/srv/RL_project/repo/outputs/wav_by_model/indextts/001118_indextts_neutral.wav,kiong tong tshong tso koh khah tse tai uan tsi kong,kiong7 tong5 tshong3 tso7 koh4 khah4 tse7 tai5 uan5 tsi1 kong1,kiong tong tshong tso koh khah tse tai uan tsi kong,kiong tong tshong tso koh khah tse tai uan tsi kong,0.0,11,11,0,0,0,zh,1,ok
1119,indextts,angry,001119_indextts_angry.wav,/srv/RL_project/repo/outputs/wav_by_model/indextts/001119_indextts_angry.wav,kiong tong kian siat tsit e tsing siong e kok ka,kiong1 tong5 kian3 siat4 tsit8 e5 tsing3 siong5 e5 kok4 ka1,kiong tong kian siat tsit e tsing siong e kok ka,kiong tong kian siat tsit e tsing siong e kok ka,0.0,11,11,0,0,0,zh,1,ok
1120,indextts,disgusted,001120_indextts_disgusted.wav,/srv/RL_project/repo/outputs/wav_by_model/indextts/001120_indextts_disgusted.wav,hoo lan e tang tua siann tui tsuan se kai huah tshut,hoo7 lan2 e7 tang3 tua7 siann1 tui3 tsuan5 se3 kai3 huah4 tshut4,hoo lan e tang tua siann tui tsuan se kai huah tshut,hoo lan e tang tua siann tui tsuan se kai huah tshut,0.0,12,12,0,0,0,zh,1,ok
1121,indextts,surprised,001121_indextts_surprised.wav,/srv/RL_project/repo/outputs/wav_by_model/indextts/001121_indextts_surprised.wav,gua si tai uan lang,gua2 si7 tai5 uan5 lang5,gua si tai uan lang,gua si tai uan lang,0.0,5,5,0,0,0,zh,1,ok
1122,indextts,angry,001122_indextts_angry.wav,/srv/RL_project/repo/outputs/wav_by_model/indextts/001122_indextts_angry.wav,i si ti bi kok tshut si,i1 si7 ti7 bi2 kok4 tshut4 si3,i si ti bi kok tshut si,i si ti bi kok tshut si,0.0,7,7,0,0,0,zh,1,ok
1123,indextts,neutral,001123_indextts_neutral.wav,/srv/RL_project/repo/outputs/wav_by_model/indextts/001123_indextts_neutral.wav,tse tsiah si tai uan siong tua e kiau ngoo,tse1 tsiah4 si7 tai5 uan5 siong7 tua7 e5 kiau1 ngoo7,tse tsiah si tai uan siong tua e kiau ngoo,tse tsiah si tai uan siong tua e kiau ngoo,0.0,10,10,0,0,0,zh,1,ok
1124,indextts,happy,001124_indextts_happy.wav,/srv/RL_project/repo/outputs/wav_by_model/indextts/001124_indextts_happy.wav,li kong tioh bo,li2 kong2 tioh8 bo5,li kong tioh bo,li kong tioh bo,0.0,4,4,0,0,0,zh,1,ok
1125,indextts,happy,001125_indextts_happy.wav,/srv/RL_project/repo/outputs/wav_by_model/indextts/001125_indextts_happy.wav,tsiap siu bi kok kau iok e bi kok lang,tsiah4 siu7 bi2 kok4 kau3 iok8 e5 bi2 kok4 lang5,tsiap siu bi kok kau iok e bi kok lang,tsiah siu bi kok kau iok e bi kok lang,0.1,10,9,1,0,0,zh,1,ok
1126,indextts,fearful,001126_indextts_fearful.wav,/srv/RL_project/repo/outputs/wav_by_model/indextts/001126_indextts_fearful.wav,soo i gua jin ui tsin tsin tsiann tsiann e tai uan tsi kong si ia kiu tau tshiu ong kian bin,soo2 i2 gua2 jin7 ui5 tsin1 tsin1 tsiann3 tsiann3 e5 tai5 uan5 tsi1 kong1 si7 ia7 kiu5 tau5 tshiu2 ong5 kian3 bing5,soo i gua jin ui tsin tsin tsiann tsiann e tai uan tsi kong si ia kiu tau tshiu ong kian bin,soo i gua jin ui tsin tsin tsiann tsiann e tai uan tsi kong si ia kiu tau tshiu ong kian bing,0.045454545454545456,22,21,1,0,0,zh,1,ok
1127,indextts,angry,001127_indextts_angry.wav,/srv/RL_project/repo/outputs/wav_by_model/indextts/001127_indextts_angry.wav,gua siong ai e lang,gua2 siong3 ai3 e5 lang5,gua siong ai e lang,gua siong ai e lang,0.0,5,5,0,0,0,zh,1,ok
1128,indextts,happy,001128_indextts_happy.wav,/srv/RL_project/repo/outputs/wav_by_model/indextts/001128_indextts_happy.wav,tsin han tit u khah tng e si kan tso hue,tsin1 han2 tit4 hoo7 khah4 tng3 e5 si5 kan1 tso3 hue2,tsin han tit u khah tng e si kan tso hue,tsin han tit hoo khah tng e si kan tso hue,0.09090909090909091,11,10,1,0,0,zh,1,ok
1129,indextts,disgusted,001129_indextts_disgusted.wav,/srv/RL_project/repo/outputs/wav/001129_indextts_disgusted.wav,soo i tsu se han kau tann,soo2 ak4 jian3 i3 tsu2 tsi2 seh8 jian2 han3 kau3 san1 jian2 tann1 i1,soo i tsu se han kau tann,soo ak jian i tsu tsi seh jian han kau san jian tann i,1.1428571428571428,7,6,1,0,7,zh,1,ok
1130,indextts,sad,001130_indextts_sad.wav,/srv/RL_project/repo/outputs/wav_by_model/indextts/001130_indextts_sad.wav,long si a ma teh tsiau koo gua,long2 si7 a1 ma2 teh4 tsiau3 koo3 gua2,long si a ma teh tsiau koo gua,long si a ma teh tsiau koo gua,0.0,8,8,0,0,0,zh,1,ok
1131,indextts,angry,001131_indextts_angry.wav,/srv/RL_project/repo/outputs/wav/001131_indextts_angry.wav,ka gua lak sai lak gio,ka3 tshi3 gua2 lak8 ba7 tsian1 sai2 jian5 lak8 ba7 jiat8 nioo2 tshi7,ka gua lak sai lak gio,ka tshi gua lak ba tsian sai jian lak ba jiat nioo tshi,1.3333333333333333,6,5,1,0,7,zh,1,ok
1132,indextts,fearful,001132_indextts_fearful.wav,/srv/RL_project/repo/outputs/wav_by_model/indextts/001132_indextts_fearful.wav,kiann gua iau kiann gua kuann,kiann1 gua2 iau1 kiann1 gua2 kuann5,kiann gua iau kiann gua kuann,kiann gua iau kiann gua kuann,0.0,6,6,0,0,0,zh,1,ok
1133,indextts,fearful,001133_indextts_fearful.wav,/srv/RL_project/repo/outputs/wav_by_model/indextts/001133_indextts_fearful.wav,ui gua ang ang iu iu tshua kau tann tsiah tua han,ui3 gua2 ang5 ang5 iu3 iu3 tshua7 kau3 ta1 tsiah4 tua7 han3,ui gua ang ang iu iu tshua kau tann tsiah tua han,ui gua ang ang iu iu tshua kau ta tsiah tua han,0.08333333333333333,12,11,1,0,0,zh,1,ok
1134,indextts,neutral,001134_indextts_neutral.wav,/srv/RL_project/repo/outputs/wav_by_model/indextts/001134_indextts_neutral.wav,soo i a ma si gua sim tiong siong tshin siong ai e lang,soo2 i2 a1 ma2 si7 gua2 sim1 tiong1 siong7 tshin1 siong7 ai3 e5 lang5,soo i a ma si gua sim tiong siong tshin siong ai e lang,soo i a ma si gua sim tiong siong tshin siong ai e lang,0.0,14,14,0,0,0,zh,1,ok
1135,indextts,surprised,001135_indextts_surprised.wav,/srv/RL_project/repo/outputs/wav_by_model/indextts/001135_indextts_surprised.wav,gua bat thiann a ma kong gua se han e si tsiann ai khau,gua2 bat4 thiann1 a1 ma2 kong2 gua2 se3 han3 e5 si5 tsiann5 ai3 khau3,gua bat thiann a ma kong gua se han e si tsiann ai khau,gua bat thiann a ma kong gua se han e si tsiann ai khau,0.0,14,14,0,0,0,zh,1,ok
1136,indextts,sad,001136_indextts_sad.wav,/srv/RL_project/repo/outputs/wav_by_model/indextts/001136_indextts_sad.wav,khau long khau be tiam,khau2 long2 khau2 be7 tiam7,khau long khau be tiam,khau long khau be tiam,0.0,5,5,0,0,0,zh,1,ok
1137,indextts,fearful,001137_indextts_fearful.wav,/srv/RL_project/repo/outputs/wav_by_model/indextts/001137_indextts_fearful.wav,in ui tshu lai khuan king bo gua ho,in1 ui7 tshu3 lai7 khuan5 king2 bo5 gua7 ho2,in ui tshu lai khuan king bo gua ho,in ui tshu lai khuan king bo gua ho,0.0,9,9,0,0,0,zh,1,ok
1138,indextts,angry,001138_indextts_angry.wav,/srv/RL_project/repo/outputs/wav_by_model/indextts/001138_indextts_angry.wav,tsok tsia tiunn jit tang,tsok4 tsia2 tiunn1 jit8 tang1,tsok tsia tiunn jit tang,tsok tsia tiunn jit tang,0.0,5,5,0,0,0,zh,1,ok
1139,indextts,happy,001139_indextts_happy.wav,/srv/RL_project/repo/outputs/wav_by_model/indextts/001139_indextts_happy.wav,hit si tsun a ma koh u leh tso tsu guan hue siu,hit4 si5 tsun7 a1 ma2 koh4 u7 leh4 tso3 tsu1 guan5 hue5 siu1,hit si tsun a ma koh u leh tso tsu guan hue siu,hit si tsun a ma koh u leh tso tsu guan hue siu,0.0,13,13,0,0,0,zh,1,ok
1140,indextts,sad,001140_indextts_sad.wav,/srv/RL_project/repo/outputs/wav/001140_indextts_sad.wav,ke kiam khioh tsit kua sok ka kuan a phainn tang ku siah phoo a tsua lai be,ke1 jian3 kiann1 liang2 tshian1 siau1 si5 ioh4 si7 tsit8 pa5 tsian3 kua1 sok4 khut4 si3 jian3 ka1 kuan3 jian3 a2 phainn2 o3 jian3 thang1 jian3 ku1 tsi1 jian3 sia7 si2 phoo1 tsi1 jian3 a2 jian3 tsua2 lai5 be2 tshi1,ke kiam khioh tsit kua sok ka kuan a phainn tang ku siah phoo a tsua lai be,ke jian kiann liang tshian siau si ioh si tsit pa tsian kua sok khut si jian ka kuan jian a phainn o jian thang jian ku tsi jian sia si phoo tsi jian a jian tsua lai be tshi,1.4444444444444444,18,14,4,0,22,zh,1,ok
1141,indextts,surprised,001141_indextts_surprised.wav,/srv/RL_project/repo/outputs/wav_by_model/indextts/001141_indextts_surprised.wav,thang ke kiam poo thiap tshu lai e khai siau,thang1 ke1 kiam2 po2 thiap4 tshut4 lai5 e5 khai1 siau1,thang ke kiam poo thiap tshu lai e khai siau,thang ke kiam po thiap tshut lai e khai siau,0.2,10,8,2,0,0,zh,1,ok
1142,indextts,fearful,001142_indextts_fearful.wav,/srv/RL_project/repo/outputs/wav_by_model/indextts/001142_indextts_fearful.wav,u tsit pai a ma tshut khi khioh mih kiann e si,u7 tsit8 pai2 a1 ma2 tshut4 khi3 khioh4 mih8 kiann7 e5 si5,u tsit pai a ma tshut khi khioh mih kiann e si,u tsit pai a ma tshut khi khioh mih kiann e si,0.0,12,12,0,0,0,zh,1,ok
1143,indextts,fearful,001143_indextts_fearful.wav,/srv/RL_project/repo/outputs/wav_by_model/indextts/001143_indextts_fearful.wav,gua ti tshu lai it tit khau,gua2 ti7 tshu3 lai7 it4 tit8 khau3,gua ti tshu lai it tit khau,gua ti tshu lai it tit khau,0.0,7,7,0,0,0,zh,1,ok
1144,indextts,disgusted,001144_indextts_disgusted.wav,/srv/RL_project/repo/outputs/wav_by_model/indextts/001144_indextts_disgusted.wav,khau kah siunn tshut lat,khau3 kah4 siunn1 tshut4 ah4,khau kah siunn tshut lat,khau kah siunn tshut ah,0.2,5,4,1,0,0,zh,1,ok
1145,indextts,surprised,001145_indextts_surprised.wav,/srv/RL_project/repo/outputs/wav_by_model/indextts/001145_indextts_surprised.wav,suah lai tui tiong,suah4 lai5 tui7 tiong7,suah lai tui tiong,suah lai tui tiong,0.0,4,4,0,0,0,zh,1,ok
1146,indextts,disgusted,001146_indextts_disgusted.wav,/srv/RL_project/repo/outputs/wav_by_model/indextts/001146_indextts_disgusted.wav,a ma tng lai e si khuann gua bin sik huan tshenn,a1 ma2 tng2 lai5 e5 si5 khuann3 gua2 bin7 sik4 khuan2 tshe1,a ma tng lai e si khuann gua bin sik huan tshenn,a ma tng lai e si khuann gua bin sik khuan tshe,0.16666666666666666,12,10,2,0,0,zh,1,ok
1147,indextts,disgusted,001147_indextts_disgusted.wav,/srv/RL_project/repo/outputs/wav_by_model/indextts/001147_indextts_disgusted.wav,kuann kin tsiong gua sang khi penn inn,kuann2 kin2 tsiong1 gua2 sang3 khi3 penn7 inn7,kuann kin tsiong gua sang khi penn inn,kuann kin tsiong gua sang khi penn inn,0.0,8,8,0,0,0,zh,1,ok
1148,indextts,angry,001148_indextts_angry.wav,/srv/RL_project/repo/outputs/wav_by_model/indextts/001148_indextts_angry.wav,i sing kong na koh ban tit puann tiam tsing,i1 sing1 kong2 na7 kau3 ban7 ti1 puann3 tiam2 tsing1,i sing kong na koh ban tit puann tiam tsing,i sing kong na kau ban ti puann tiam tsing,0.2,10,8,2,0,0,zh,1,ok
1149,indextts,angry,001149_indextts_angry.wav,/srv/RL_project/repo/outputs/wav/001149_indextts_angry.wav,kok ui phing phuann lau su kok ui suan tshiu tak ke ho,kok4 si3 jian5 ui7 tsi2 phio3 gu2 tsing1 phuann1 san1 lau5 tsi2 tsian3 su1 kok4 si3 jian5 ui5 tshi1 suan1 tsian3 tshiu1 a2 tak8 hak8 tsian3 ke1 ho2,kok ui phing phuann lau su kok ui suan tshiu tak ke ho,kok si jian ui tsi phio gu tsing phuann san lau tsi tsian su kok si jian ui tshi suan tsian tshiu a tak hak tsian ke ho,1.2307692307692308,13,12,1,0,15,zh,1,ok
1150,indextts,neutral,001150_indextts_neutral.wav,/srv/RL_project/repo/outputs/wav/001150_indextts_neutral.wav,tng a ngeh oo khi,tng1 u7 jian3 a2 ngeh4 si3 oo1 i1 tsian3 hai2 san1,tng a ngeh oo khi,tng u jian a ngeh si oo i tsian hai san,1.4,5,4,1,0,6,zh,1,ok
1151,indextts,sad,001151_indextts_sad.wav,/srv/RL_project/repo/outputs/wav_by_model/indextts/001151_indextts_sad.wav,tsit e gin a to bo kiu ah,tsit4 e5 gin2 a2 tio7 bo5 kiu3 ah4,tsit e gin a to bo kiu ah,tsit e gin a tio bo kiu ah,0.125,8,7,1,0,0,zh,1,ok
1152,indextts,fearful,001152_indextts_fearful.wav,/srv/RL_project/repo/outputs/wav_by_model/indextts/001152_indextts_fearful.wav,a ma kong kau tsia bak sai lin lin go,a1 ma2 kong2 kau3 tsia1 ah4 bak8 sai2 lin2 lin2 go5,a ma kong kau tsia bak sai lin lin go,a ma kong kau tsia ah bak sai lin lin go,0.1,10,10,0,0,1,zh,1,ok
1153,indextts,happy,001153_indextts_happy.wav,/srv/RL_project/repo/outputs/wav/001153_indextts_happy.wav,tshin tshiunn teh tsik kuai i bo ka tsiau koo ho se e khuan,tshin1 i2 tsian3 tshiu2 tsi2 leh4 si3 jit8 tsian3 kuai3 i1 bo5 ka1 tsi1 tsiau2 san1 tsian3 koo2 san1 ho2 jian3 se3 e5 khuann3 a2,tshin tshiunn teh tsik kuai i bo ka tsiau koo ho se e khuan,tshin i tsian tshiu tsi leh si jit tsian kuai i bo ka tsi tsiau san tsian koo san ho jian se e khuann a,1.0714285714285714,14,10,4,0,11,zh,1,ok
1154,indextts,angry,001154_indextts_angry.wav,/srv/RL_project/repo/outputs/wav_by_model/indextts/001154_indextts_angry.wav,gua to kuann kin an ui a ma kong,gua2 to7 kuann2 kin2 an1 ui3 a1 ma2 kong2,gua to kuann kin an ui a ma kong,gua to kuann kin an ui a ma kong,0.0,9,9,0,0,0,zh,1,ok
1155,indextts,fearful,001155_indextts_fearful.wav,/srv/RL_project/repo/outputs/wav_by_model/indextts/001155_indextts_fearful.wav,si gua siunn ai khau,si7 gua2 siong7 ai3 khau3,si gua siunn ai khau,si gua siong ai khau,0.2,5,4,1,0,0,zh,1,ok
1156,indextts,disgusted,001156_indextts_disgusted.wav,/srv/RL_project/repo/outputs/wav_by_model/indextts/001156_indextts_disgusted.wav,gua e senn mia si a ma ka gua kiu tng lai e,gua2 e5 senn3 mia7 si7 a1 ma2 ka7 gua2 kiu3 tng2 lai5 e5,gua e senn mia si a ma ka gua kiu tng lai e,gua e senn mia si a ma ka gua kiu tng lai e,0.0,13,13,0,0,0,zh,1,ok
1157,indextts,neutral,001157_indextts_neutral.wav,/srv/RL_project/repo/outputs/wav/001157_indextts_neutral.wav,a ma li si gua siong ai e lang,a1 jiat8 ma2 li2 si7 tshiu7 a2 siong2 tshi2 ai3 e5 lang5,a ma li si gua siong ai e lang,a jiat ma li si tshiu a siong tshi ai e lang,0.4444444444444444,9,8,1,0,3,zh,1,ok
1158,indextts,fearful,001158_indextts_fearful.wav,/srv/RL_project/repo/outputs/wav_by_model/indextts/001158_indextts_fearful.wav,a ma koh bat ka gua kong,a1 ma2 koh4 bat4 ka7 gua2 kong2,a ma koh bat ka gua kong,a ma koh bat ka gua kong,0.0,7,7,0,0,0,zh,1,ok
1159,indextts,disgusted,001159_indextts_disgusted.wav,/srv/RL_project/repo/outputs/wav_by_model/indextts/001159_indextts_disgusted.wav,gua se han e si phue hu bo ho,gua2 se3 han3 e5 si5 phue5 hu1 bo5 ho2,gua se han e si phue hu bo ho,gua se han e si phue hu bo ho,0.0,9,9,0,0,0,zh,1,ok
1160,indextts,angry,001160_indextts_angry.wav,/srv/RL_project/repo/outputs/wav/001160_indextts_angry.wav,kin a jit gua beh kong e te bok si gua siong ai e lang,kin1 tsian3 a2 jian3 jit8 bah4 gua2 beh4 si3 kong2 e5 te5 tsian3 bok8 ba2 sit gua2 siong7 tsi2 ai3 e5 lang5,kin a jit gua beh kong e te bok si gua siong ai e lang,kin tsian a jian jit bah gua beh si kong e te tsian bok ba sit gua siong tsi ai e lang,0.5333333333333333,15,14,1,0,7,zh,1,ok
1161,indextts,angry,001161_indextts_angry.wav,/srv/RL_project/repo/outputs/wav_by_model/indextts/001161_indextts_angry.wav,tsin gau senn thau huat bue,tsin1 gau5 se1 thau5 huat4 bue2,tsin gau senn thau huat bue,tsin gau se thau huat bue,0.16666666666666666,6,5,1,0,0,zh,1,ok
1162,indextts,fearful,001162_indextts_fearful.wav,/srv/RL_project/repo/outputs/wav_by_model/indextts/001162_indextts_fearful.wav,khah tsa tshu lai bang tsiann kau,khah4 tsa2 tshu3 lai7 bang2 tsiann5 kau3,khah tsa tshu lai bang tsiann kau,khah tsa tshu lai bang tsiann kau,0.0,7,7,0,0,0,zh,1,ok
1163,indextts,fearful,001163_indextts_fearful.wav,/srv/RL_project/repo/outputs/wav_by_model/indextts/001163_indextts_fearful.wav,tiann tiann khi hoo bang a ting kah kui thau kui bin,tiann7 tiann7 khi3 hoo7 bang2 a2 ting3 kah4 kui1 thau5 kui1 bin7,tiann tiann khi hoo bang a ting kah kui thau kui bin,tiann tiann khi hoo bang a ting kah kui thau kui bin,0.0,12,12,0,0,0,zh,1,ok
1164,indextts,fearful,001164_indextts_fearful.wav,/srv/RL_project/repo/outputs/wav_by_model/indextts/001164_indextts_fearful.wav,tsit phok tsit phok ang ki ki,tsit8 phoo7 tsit8 phoo7 ang5 ki3 ki3,tsit phok tsit phok ang ki ki,tsit phoo tsit phoo ang ki ki,0.2857142857142857,7,5,2,0,0,zh,1,ok
1165,indextts,fearful,001165_indextts_fearful.wav,/srv/RL_project/repo/outputs/wav/001165_indextts_fearful.wav,in ui tsin tsiunn to it tit khi ka giau,in1 jian3 ui5 tshi3 tsin1 tsiunn1 tshi3 to7 tshi1 i2 tshi3 jian3 ti7 ba5 tshian1 siau1 si5 i1 san1 ka7 tshi7 iau7 san1,in ui tsin tsiunn to it tit khi ka giau,in jian ui tshi tsin tsiunn tshi to tshi i tshi jian ti ba tshian siau si i san ka tshi iau san,1.7,10,6,4,0,13,zh,1,ok
1166,indextts,surprised,001166_indextts_surprised.wav,/srv/RL_project/repo/outputs/wav/001166_indextts_surprised.wav,giau kah huat hong koh pu lang,giau5 san1 kah4 si3 siauh4 si5 uat4 tshi3 jian3 hong5 koh4 si7 pu5 tshi7 jian3 lang5,giau kah huat hong koh pu lang,giau san kah si siauh si uat tshi jian hong koh si pu tshi jian lang,1.4285714285714286,7,6,1,0,9,zh,1,ok
1167,indextts,happy,001167_indextts_happy.wav,/srv/RL_project/repo/outputs/wav_by_model/indextts/001167_indextts_happy.wav,kui liap thau long si liap a,kui1 liap8 thau5 long2 si7 liap8 a2,kui liap thau long si liap a,kui liap thau long si liap a,0.0,7,7,0,0,0,zh,1,ok
1168,indextts,surprised,001168_indextts_surprised.wav,/srv/RL_project/repo/outputs/wav/001168_indextts_surprised.wav,tshiunn tshau thau kang khuan,tshiunn7 seven tshau2 thui1 thau5 five kang1 seven khuan5 to2,tshiunn tshau thau kang khuan,tshiunn seven tshau thui thau five kang seven khuan to,1.0,5,5,0,0,5,zh,1,ok
1169,indextts,angry,001169_indextts_angry.wav,/srv/RL_project/repo/outputs/wav_by_model/indextts/001169_indextts_angry.wav,a ma khuann tioh tsiann m kam,a1 ma2 khuann3 tioh8 tsiann5 m7 kam1,a ma khuann tioh tsiann m kam,a ma khuann tioh tsiann m kam,0.0,7,7,0,0,0,zh,1,ok
1170,indextts,disgusted,001170_indextts_disgusted.wav,/srv/RL_project/repo/outputs/wav_by_model/indextts/001170_indextts_disgusted.wav,to tsau khi tiong ioh tiam kap tsin tsu hun tng lai hoo gua tsiah koh hoo gua buah,to7 tsau2 khi3 tiong1 ioh8 tiam2 kah4 tsin1 tsu1 hun2 tng2 lai5 hoo7 gua2 tsiah8 koh4 hoo7 gua2 buah4,to tsau khi tiong ioh tiam kap tsin tsu hun tng lai hoo gua tsiah koh hoo gua buah,to tsau khi tiong ioh tiam kah tsin tsu hun tng lai hoo gua tsiah koh hoo gua buah,0.05263157894736842,19,18,1,0,0,zh,1,ok
1171,indextts,happy,001171_indextts_happy.wav,/srv/RL_project/repo/outputs/wav_by_model/indextts/001171_indextts_happy.wav,tsu gua u ki ti kau tann,tsu7 gua2 u7 ki3 ti5 kau3 tann1,tsu gua u ki ti kau tann,tsu gua u ki ti kau tann,0.0,7,7,0,0,0,zh,1,ok
1172,indextts,happy,001172_indextts_happy.wav,/srv/RL_project/repo/outputs/wav_by_model/indextts/001172_indextts_happy.wav,gua ti leh siunn tin tsu hun it ting si kui som som,gua2 ti7 leh4 siunn7 tin1 tsu7 hun2 it4 ting7 si7 kui3 song1 song1,gua ti leh siunn tin tsu hun it ting si kui som som,gua ti leh siunn tin tsu hun it ting si kui song song,0.15384615384615385,13,11,2,0,0,zh,1,ok
1173,indextts,happy,001173_indextts_happy.wav,/srv/RL_project/repo/outputs/wav_by_model/indextts/001173_indextts_happy.wav,a ma tioh ai khioh gua tse ki 寶特瓶 tsiah u thang be tsin tsu hun,a1 ma2 tioh8 ai3 khioh4 gua7 tse7 ki5 gai5 tho3 phin2 tsia2 u7 thang1 be2 tsin1 tsu1 hun2,a ma tioh ai khioh gua tse ki 寶特瓶 tsiah u thang be tsin tsu hun,a ma tioh ai khioh gua tse ki gai tho phin tsia u thang be tsin tsu hun,0.25,16,14,2,0,2,zh,1,ok
1174,indextts,surprised,001174_indextts_surprised.wav,/srv/RL_project/repo/outputs/wav_by_model/indextts/001174_indextts_surprised.wav,siunn kau tsia,siunn7 kau3 tsia1,siunn kau tsia,siunn kau tsia,0.0,3,3,0,0,0,zh,1,ok
1175,indextts,happy,001175_indextts_happy.wav,/srv/RL_project/repo/outputs/wav_by_model/indextts/001175_indextts_happy.wav,gua kam siu tioh a ma si se kan siong ai gua e lang,gua2 kam2 siu7 tioh8 a1 ma2 si7 se3 kan1 siong7 ai3 gua2 e5 lang5,gua kam siu tioh a ma si se kan siong ai gua e lang,gua kam siu tioh a ma si se kan siong ai gua e lang,0.0,14,14,0,0,0,zh,1,ok
1176,indextts,neutral,001176_indextts_neutral.wav,/srv/RL_project/repo/outputs/wav_by_model/indextts/001176_indextts_neutral.wav,gua tsit ma teh thak kok sio,gua2 tsit4 ma2 teh4 thak8 koh4 sioh4,gua tsit ma teh thak kok sio,gua tsit ma teh thak koh sioh,0.2857142857142857,7,5,2,0,0,zh,1,ok
1177,indextts,disgusted,001177_indextts_disgusted.wav,/srv/RL_project/repo/outputs/wav_by_model/indextts/001177_indextts_disgusted.wav,tak kang ke bue thi kau bue pui e si,tak8 kang1 ke1 bue7 thi5 kau2 bue7 pui7 e5 si5,tak kang ke bue thi kau bue pui e si,tak kang ke bue thi kau bue pui e si,0.0,10,10,0,0,0,zh,1,ok
1178,indextts,angry,001178_indextts_angry.wav,/srv/RL_project/repo/outputs/wav_by_model/indextts/001178_indextts_angry.wav,a ma to e khi lai tsu tsa tng hoo gua tsiah,a1 ma2 to7 e7 khi3 lai5 tsu2 tsa2 tng3 hoo7 gua2 tsiah8,a ma to e khi lai tsu tsa tng hoo gua tsiah,a ma to e khi lai tsu tsa tng hoo gua tsiah,0.0,12,12,0,0,0,zh,1,ok
1179,indextts,neutral,001179_indextts_neutral.wav,/srv/RL_project/repo/outputs/wav_by_model/indextts/001179_indextts_neutral.wav,a ma e kun muai tsian nng,a1 ma2 e7 kun1 muai5 tsian1 nng7,a ma e kun muai tsian nng,a ma e kun muai tsian nng,0.0,7,7,0,0,0,zh,1,ok
1180,indextts,surprised,001180_indextts_surprised.wav,/srv/RL_project/repo/outputs/wav_by_model/indextts/001180_indextts_surprised.wav,koh tsha tsit hang tshenn tshai hoo gua phue,koh4 tsha2 tsit8 hang7 tshenn1 tshai3 hoo7 gua2 phue3,koh tsha tsit hang tshenn tshai hoo gua phue,koh tsha tsit hang tshenn tshai hoo gua phue,0.0,9,9,0,0,0,zh,1,ok
1181,indextts,disgusted,001181_indextts_disgusted.wav,/srv/RL_project/repo/outputs/wav/001181_indextts_disgusted.wav,a ma kong ka ki tsu e tsong pi gua khau be e khah ho,a1 jian5 ma2 kong2 ka1 jian7 ki1 tshi7 tsu2 a2 jian5 jian5 e5 tsong1 o2 pi2 gua7 tshi2 jian3 khau1 o2 be2 tshi1 jian5 jian5 e5 khah4 si3 ho2,a ma kong ka ki tsu e tsong pi gua khau be e khah ho,a jian ma kong ka jian ki tshi tsu a jian jian e tsong o pi gua tshi jian khau o be tshi jian jian e khah si ho,0.9333333333333333,15,15,0,0,14,zh,1,ok
1182,indextts,neutral,001182_indextts_neutral.wav,/srv/RL_project/repo/outputs/wav_by_model/indextts/001182_indextts_neutral.wav,gua m bat khuann kue guan ma ma,gua2 m7 bat4 khuann3 kue3 uan5 ma1 ma1,gua m bat khuann kue guan ma ma,gua m bat khuann kue uan ma ma,0.125,8,7,1,0,0,zh,1,ok
1183,indextts,happy,001183_indextts_happy.wav,/srv/RL_project/repo/outputs/wav_by_model/indextts/001183_indextts_happy.wav,tsiah tioh ma khah an sim,tsiah8 tioh8 ma7 khah4 an1 sim1,tsiah tioh ma khah an sim,tsiah tioh ma khah an sim,0.0,6,6,0,0,0,zh,1,ok
1184,indextts,disgusted,001184_indextts_disgusted.wav,/srv/RL_project/repo/outputs/wav_by_model/indextts/001184_indextts_disgusted.wav,tsit ma tian si koh it tit po hit lo 塑化劑,tsit4 ma2 tian7 si7 koh4 it4 tit8 po3 hit4 lo7 suh4 hua3 moh8,tsit ma tian si koh it tit po hit lo 塑化劑,tsit ma tian si koh it tit po hit lo suh hua moh,0.2727272727272727,11,10,1,0,2,zh,1,ok
1185,indextts,happy,001185_indextts_happy.wav,/srv/RL_project/repo/outputs/wav_by_model/indextts/001185_indextts_happy.wav,na tsiah siunn tse tui sin the tsiann bai,na7 tsiah8 siunn1 tse7 tui3 sin1 the2 tsiah8 bai2,na tsiah siunn tse tui sin the tsiann bai,na tsiah siunn tse tui sin the tsiah bai,0.1111111111111111,9,8,1,0,0,zh,1,ok
1186,indextts,surprised,001186_indextts_surprised.wav,/srv/RL_project/repo/outputs/wav_by_model/indextts/001186_indextts_surprised.wav,li gin a lang tu beh tua,li2 gin2 a2 lang5 tu2 be2 tua7,li gin a lang tu beh tua,li gin a lang tu be tua,0.14285714285714285,7,6,1,0,0,zh,1,ok
1187,indextts,fearful,001187_indextts_fearful.wav,/srv/RL_project/repo/outputs/wav_by_model/indextts/001187_indextts_fearful.wav,sin the ai koo hoo kiann,sin1 the2 ai3 koo3 hoo7 kiann7,sin the ai koo hoo kiann,sin the ai koo hoo kiann,0.0,6,6,0,0,0,zh,1,ok
1188,indextts,neutral,001188_indextts_neutral.wav,/srv/RL_project/repo/outputs/wav/001188_indextts_neutral.wav,au pai tsiah u thang kian lip tsit e khuai lok e ka ting,au1 tsi1 jian3 pai2 tsiah4 si2 u7 tsi1 jian3 thang1 i1 kian3 jian2 lik8 ba2 tsit8 ba7 e5 khuainn2 san1 jian3 lok8 ba7 e5 ka1 tsian3 ting5,au pai tsiah u thang kian lip tsit e khuai lok e ka ting,au tsi jian pai tsiah si u tsi jian thang i kian jian lik ba tsit ba e khuainn san jian lok ba e ka tsian ting,1.0714285714285714,14,12,2,0,13,zh,1,ok
1189,indextts,sad,001189_indextts_sad.wav,/srv/RL_project/repo/outputs/wav_by_model/indextts/001189_indextts_sad.wav,sui jian hian tshu si gua iau koh se han,sui1 lian5 hian7 tshu2 si5 gua2 iau2 koh4 se3 han3,sui jian hian tshu si gua iau koh se han,sui lian hian tshu si gua iau koh se han,0.1,10,9,1,0,0,zh,1,ok
1190,indextts,happy,001190_indextts_happy.wav,/srv/RL_project/repo/outputs/wav/001190_indextts_happy.wav,m koh a ma tui gua e kuan sim kah thiann ai,m7 si7 jian3 koh4 si2 a1 jian5 bah4 tui3 gua2 e5 kuan1 jian7 sim1 it4 kah4 si3 thiann1 sam1 jian5 ai3,m koh a ma tui gua e kuan sim kah thiann ai,m si jian koh si a jian bah tui gua e kuan jian sim it kah si thiann sam jian ai,0.8333333333333334,12,11,1,0,9,zh,1,ok
1191,indextts,fearful,001191_indextts_fearful.wav,/srv/RL_project/repo/outputs/wav_by_model/indextts/001191_indextts_fearful.wav,gua e ing uan ki tiam sim lai,gua2 e7 ing2 uan2 ki3 tiam3 sim1 lai7,gua e ing uan ki tiam sim lai,gua e ing uan ki tiam sim lai,0.0,8,8,0,0,0,zh,1,ok
1192,indextts,neutral,001192_indextts_neutral.wav,/srv/RL_project/repo/outputs/wav_by_model/indextts/001192_indextts_neutral.wav,tsit ma gua tioh ai ho ho iu hau a ma,tsit4 ma2 gua2 tioh8 ai3 ho2 ho2 iu2 hau3 a1 ma2,tsit ma gua tioh ai ho ho iu hau a ma,tsit ma gua tioh ai ho ho iu hau a ma,0.0,11,11,0,0,0,zh,1,ok
1193,indextts,angry,001193_indextts_angry.wav,/srv/RL_project/repo/outputs/wav_by_model/indextts/001193_indextts_angry.wav,pa pa ui tioh kui ke hue e sing uah,pa2 pah4 ui7 tioh8 kui1 ke1 hue2 e5 sing1 uah8,pa pa ui tioh kui ke hue e sing uah,pa pah ui tioh kui ke hue e sing uah,0.1,10,9,1,0,0,zh,1,ok
1194,indextts,angry,001194_indextts_angry.wav,/srv/RL_project/repo/outputs/wav_by_model/indextts/001194_indextts_angry.wav,tan gua tua han,tng2 gua2 tua7 han3,tan gua tua han,tng gua tua han,0.25,4,3,1,0,0,zh,1,ok
1195,indextts,sad,001195_indextts_sad.wav,/srv/RL_project/repo/outputs/wav/001195_indextts_sad.wav,gua beh po tap a ma iong iok gua e un tsing,gua2 beh4 si2 po3 jian5 tap4 si2 ia7 jian5 ma7 iong7 jian5 iok4 pa1 tsian3 jian5 gua2 e5 un7 tsin1 tsing5 u7,gua beh po tap a ma iong iok gua e un tsing,gua beh si po jian tap si ia jian ma iong jian iok pa tsian jian gua e un tsin tsing u,0.9166666666666666,12,11,1,0,10,zh,1,ok
1196,indextts,happy,001196_indextts_happy.wav,/srv/RL_project/repo/outputs/wav_by_model/indextts/001196_indextts_happy.wav,koh tsiong tsit hun un tsing ka thuan loh khi,koh4 tsiong1 tsit4 hun7 un1 tsing5 ka7 thuan5 loh8 khi3,koh tsiong tsit hun un tsing ka thuan loh khi,koh tsiong tsit hun un tsing ka thuan loh khi,0.0,10,10,0,0,0,zh,1,ok
1197,indextts,neutral,001197_indextts_neutral.wav,/srv/RL_project/repo/outputs/wav_by_model/indextts/001197_indextts_neutral.wav,tsue au gua beh kong,tsue3 au7 gua2 beh4 kong2,tsue au gua beh kong,tsue au gua beh kong,0.0,5,5,0,0,0,zh,1,ok
1198,indextts,neutral,001198_indextts_neutral.wav,/srv/RL_project/repo/outputs/wav/001198_indextts_neutral.wav,a ma li si gua ing uan ing uan siong ai e lang,a1 jiat8 ma2 li2 si7 tsit8 ua2 kam2 lan2 uan2 iam2 an1 juan2 siong7 tsi2 tsiah8 e5 lang5,a ma li si gua ing uan ing uan siong ai e lang,a jiat ma li si tsit ua kam lan uan iam an juan siong tsi tsiah e lang,0.7692307692307693,13,8,5,0,5,zh,1,ok
1199,indextts,fearful,001199_indextts_fearful.wav,/srv/RL_project/repo/outputs/wav_by_model/indextts/001199_indextts_fearful.wav,gua e ian kang to kong kau tsia,gua2 e5 ian2 kang2 to7 kong2 kau3 tsia1,gua e ian kang to kong kau tsia,gua e ian kang to kong kau tsia,0.0,8,8,0,0,0,zh,1,ok
1200,indextts,surprised,001200_indextts_surprised.wav,/srv/RL_project/repo/outputs/wav_by_model/indextts/001200_indextts_surprised.wav,kam sia kok ui,kam2 sia7 kok4 ui7,kam sia kok ui,kam sia kok ui,0.0,4,4,0,0,0,zh,1,ok
1201,indextts,fearful,001201_indextts_fearful.wav,/srv/RL_project/repo/outputs/wav_by_model/indextts/001201_indextts_fearful.wav,thau jit ti gua khau pun pho tsau tsong,thau3 tsit8 ti7 gua7 khau2 pun1 pho1 tsau2 tsong5,thau jit ti gua khau pun pho tsau tsong,thau tsit ti gua khau pun pho tsau tsong,0.1111111111111111,9,8,1,0,0,zh,1,ok
1202,indextts,happy,001202_indextts_happy.wav,/srv/RL_project/repo/outputs/wav/001202_indextts_happy.wav,u tang si kui na kang tsiah u thang tng lai tsit pai,u7 tsi2 jian5 lang5 lian7 si5 kui2 jian5 na7 tsi2 kang1 tsiah4 si3 u7 tsi2 ian2 thang1 i1 tng2 a2 jian5 lai5 tsit4 pah4 pai2,u tang si kui na kang tsiah u thang tng lai tsit pai,u tsi jian lang lian si kui jian na tsi kang tsiah si u tsi ian thang i tng a jian lai tsit pah pai,1.0,13,12,1,0,12,zh,1,ok
1203,indextts,neutral,001203_indextts_neutral.wav,/srv/RL_project/repo/outputs/wav_by_model/indextts/001203_indextts_neutral.wav,tshio si hong guan hit e tann sai e,tshio3 si2 hong1 guan5 hit4 e5 tann1 sai2 e5,tshio si hong guan hit e tann sai e,tshio si hong guan hit e tann sai e,0.0,9,9,0,0,0,zh,1,ok
1204,indextts,happy,001204_indextts_happy.wav,/srv/RL_project/repo/outputs/wav_by_model/indextts/001204_indextts_happy.wav,tsing tsoh tsin tsio teh iong hua hak pui liau,tsin3 tsok4 tsin1 tsio2 teh4 iong7 hua3 hiap8 pui5 liau7,tsing tsoh tsin tsio teh iong hua hak pui liau,tsin tsok tsin tsio teh iong hua hiap pui liau,0.3,10,7,3,0,0,zh,1,ok
1205,indextts,sad,001205_indextts_sad.wav,/srv/RL_project/repo/outputs/wav_by_model/indextts/001205_indextts_sad.wav,long tsok but ai iong tioh e pui,long5 tsok8 but8 ai3 iong7 tioh8 e5 pui5,long tsok but ai iong tioh e pui,long tsok but ai iong tioh e pui,0.0,8,8,0,0,0,zh,1,ok
1206,indextts,neutral,001206_indextts_neutral.wav,/srv/RL_project/repo/outputs/wav_by_model/indextts/001206_indextts_neutral.wav,long ma ka ki tse tso sing san e,long2 ma7 ka1 ki7 tse3 tso7 sing1 san2 e5,long ma ka ki tse tso sing san e,long ma ka ki tse tso sing san e,0.0,9,9,0,0,0,zh,1,ok
1207,indextts,happy,001207_indextts_happy.wav,/srv/RL_project/repo/outputs/wav_by_model/indextts/001207_indextts_happy.wav,tshiunn kong ke sai pui ti sai pui kah lang ka ki pang tshut lai e tua pui,tshiunn7 kong2 ke1 sai2 pui5 ti1 sai2 pui5 kah4 lang5 ka1 ki7 pang3 tshut4 lai5 e5 tua7 pui5,tshiunn kong ke sai pui ti sai pui kah lang ka ki pang tshut lai e tua pui,tshiunn kong ke sai pui ti sai pui kah lang ka ki pang tshut lai e tua pui,0.0,18,18,0,0,0,zh,1,ok
1208,indextts,neutral,001208_indextts_neutral.wav,/srv/RL_project/repo/outputs/wav_by_model/indextts/001208_indextts_neutral.wav,ah si iong tiu tshau pun so khi au tso pui,ah4 si7 iong7 tiu7 tshau2 pun3 so3 khi3 au1 tso3 pui5,ah si iong tiu tshau pun so khi au tso pui,ah si iong tiu tshau pun so khi au tso pui,0.0,11,11,0,0,0,zh,1,ok
1209,indextts,sad,001209_indextts_sad.wav,/srv/RL_project/repo/outputs/wav/001209_indextts_sad.wav,koh tsit tsiong to si tua ti ke a lai e lang,koh4 si3 tsit8 bak8 tsiong1 a2 to1 tsi2 S i2 tsi3 tua3 ti7 tshi1 ke2 lah4 jian5 lai5 tsi1 e5 lang5,koh tsit tsiong to si tua ti ke a lai e lang,koh si tsit bak tsiong a to tsi s i tsi tua ti tshi ke lah jian lai tsi e lang,0.9166666666666666,12,10,2,0,9,zh,1,ok
1210,indextts,neutral,001210_indextts_neutral.wav,/srv/RL_project/repo/outputs/wav_by_model/indextts/001210_indextts_neutral.wav,tui hia e pang tshut lai e mih kiann ka ki bo loo iong,tui3 hia1 e5 pang3 tshut4 lai5 e5 mih8 kiann7 ka1 ki7 bo5 loo7 iong7,tui hia e pang tshut lai e mih kiann ka ki bo loo iong,tui hia e pang tshut lai e mih kiann ka ki bo loo iong,0.0,14,14,0,0,0,zh,1,ok
1211,indextts,fearful,001211_indextts_fearful.wav,/srv/RL_project/repo/outputs/wav_by_model/indextts/001211_indextts_fearful.wav,to e u tsit kua tsoh sit lang lai in beh ai in e tua pui,to7 e7 u7 tsit8 kua2 tsoh4 sit4 lang5 lai5 in1 beh4 ai3 in1 e5 tua7 pui5,to e u tsit kua tsoh sit lang lai in beh ai in e tua pui,to e u tsit kua tsoh sit lang lai in beh ai in e tua pui,0.0,16,16,0,0,0,zh,1,ok
1212,indextts,surprised,001212_indextts_surprised.wav,/srv/RL_project/repo/outputs/wav_by_model/indextts/001212_indextts_surprised.wav,sui lian in tse bian hu tsinn,sui1 lian5 in2 tse1 bian2 hu3 tsinn5,sui lian in tse bian hu tsinn,sui lian in tse bian hu tsinn,0.0,7,7,0,0,0,zh,1,ok
1213,indextts,disgusted,001213_indextts_disgusted.wav,/srv/RL_project/repo/outputs/wav_by_model/indextts/001213_indextts_disgusted.wav,m koh kue ni kue tseh iau si ai sang tsit e a le but,m7 koh4 kue3 ni5 kue3 tse3 iah8 si7 ai3 sang3 tsit8 e7 a2 le2 but8,m koh kue ni kue tseh iau si ai sang tsit e a le but,m koh kue ni kue tse iah si ai sang tsit e a le but,0.13333333333333333,15,13,2,0,0,zh,1,ok
1214,indextts,happy,001214_indextts_happy.wav,/srv/RL_project/repo/outputs/wav_by_model/indextts/001214_indextts_happy.wav,tsok tsia kang ting tshiu,tsok4 tsia2 kang1 tin1 tshiu7,tsok tsia kang ting tshiu,tsok tsia kang tin tshiu,0.2,5,4,1,0,0,zh,1,ok
1215,indextts,fearful,001215_indextts_fearful.wav,/srv/RL_project/repo/outputs/wav_by_model/indextts/001215_indextts_fearful.wav,na bo gua ka iah leh,na7 bo5 gua7 kah4 iah8 leh4,na bo gua ka iah leh,na bo gua kah iah leh,0.16666666666666666,6,5,1,0,0,zh,1,ok
1216,indextts,angry,001216_indextts_angry.wav,/srv/RL_project/repo/outputs/wav_by_model/indextts/001216_indextts_angry.wav,me ni to hoo pat lang in khi,me5 ni5 tio7 hoo7 pat8 lang5 in2 khi3,me ni to hoo pat lang in khi,me ni tio hoo pat lang in khi,0.125,8,7,1,0,0,zh,1,ok
1217,indextts,angry,001217_indextts_angry.wav,/srv/RL_project/repo/outputs/wav_by_model/indextts/001217_indextts_angry.wav,u tsit e be ke e sing li lang,u7 tsit4 e5 be7 kiat4 e5 sing1 li2 lang5,u tsit e be ke e sing li lang,u tsit e be kiat e sing li lang,0.1111111111111111,9,8,1,0,0,zh,1,ok
1218,indextts,sad,001218_indextts_sad.wav,/srv/RL_project/repo/outputs/wav_by_model/indextts/001218_indextts_sad.wav,tak kang to e tann tioh i hit tann ke,tak8 kang1 to7 e7 tah4 tioh8 i1 hit4 tak8 ke5,tak kang to e tann tioh i hit tann ke,tak kang to e tah tioh i hit tak ke,0.2,10,8,2,0,0,zh,1,ok
1219,indextts,neutral,001219_indextts_neutral.wav,/srv/RL_project/repo/outputs/wav_by_model/indextts/001219_indextts_neutral.wav,ti tak si ke e tsng a thau tsit e tsit e khi kio be,ti7 tak8 si3 ke3 e5 tsng1 a2 thau5 tsit8 e7 tsit8 e7 khi3 kio3 be7,ti tak si ke e tsng a thau tsit e tsit e khi kio be,ti tak si ke e tsng a thau tsit e tsit e khi kio be,0.0,15,15,0,0,0,zh,1,ok
1220,indextts,fearful,001220_indextts_fearful.wav,/srv/RL_project/repo/outputs/wav_by_model/indextts/001220_indextts_fearful.wav,na kau tiong tau i to e khi tsng gua e tua tshiu kha,na7 kau3 tiong1 tau3 i1 to7 e7 khi3 tsng1 gua7 e5 tua7 tshiu7 kha1,na kau tiong tau i to e khi tsng gua e tua tshiu kha,na kau tiong tau i to e khi tsng gua e tua tshiu kha,0.0,14,14,0,0,0,zh,1,ok
1221,indextts,surprised,001221_indextts_surprised.wav,/srv/RL_project/repo/outputs/wav_by_model/indextts/001221_indextts_surprised.wav,tsiah png kann hioh tau,tsiah8 png7 kah4 hioh4 tau3,tsiah png kann hioh tau,tsiah png kah hioh tau,0.2,5,4,1,0,0,zh,1,ok
1222,indextts,happy,001222_indextts_happy.wav,/srv/RL_project/repo/outputs/wav_by_model/indextts/001222_indextts_happy.wav,tsit kua na ti i tann khi be e si hu bo tioh e,tsit8 kua2 na7 ti7 i1 tah4 khi2 be7 e5 si5 hu3 bo5 tioh8 e5,tsit kua na ti i tann khi be e si hu bo tioh e,tsit kua na ti i tah khi be e si hu bo tioh e,0.07142857142857142,14,13,1,0,0,zh,1,ok
1223,indextts,fearful,001223_indextts_fearful.wav,/srv/RL_project/repo/outputs/wav_by_model/indextts/001223_indextts_fearful.wav,long tsai iann ti tiong tau i hioh khun e si,long2 tsai1 iann2 ti7 tiong1 tau3 i1 hioh4 khun3 e5 si5,long tsai iann ti tiong tau i hioh khun e si,long tsai iann ti tiong tau i hioh khun e si,0.0,11,11,0,0,0,zh,1,ok
1224,indextts,sad,001224_indextts_sad.wav,/srv/RL_project/repo/outputs/wav/001224_indextts_sad.wav,lai tsia ka kau kuan,lai5 tsiah8 i1 ka7 tshi2 kau5 i1 tsian3 kuan1,lai tsia ka kau kuan,lai tsiah i ka tshi kau i tsian kuan,1.0,5,4,1,0,4,zh,1,ok
1225,indextts,surprised,001225_indextts_surprised.wav,/srv/RL_project/repo/outputs/wav_by_model/indextts/001225_indextts_surprised.wav,tsin tsa i tsing,tsin1 tsa2 it4 tsing5,tsin tsa i tsing,tsin tsa it tsing,0.25,4,3,1,0,0,zh,1,ok
1226,indextts,neutral,001226_indextts_neutral.wav,/srv/RL_project/repo/outputs/wav/001226_indextts_neutral.wav,be ke si u phiat poo e,be2 ke5 si7 tshi2 u7 tshi7 phiat4 si2 jian3 poo1 tshi1 jian3 e5,be ke si u phiat poo e,be ke si tshi u tshi phiat si jian poo tshi jian e,0.8571428571428571,7,7,0,0,6,zh,1,ok
1227,indextts,sad,001227_indextts_sad.wav,/srv/RL_project/repo/outputs/wav/001227_indextts_sad.wav,ai sing iong tsing thau a ka tsam tsit sut a lai tshui nih tam khuann u kam phinn khuann u phang bo,ai3 sing1 iong7 tsi1 tsing2 oh8 tsian3 thau5 u1 lian3 a2 khah4 tsi2 tsam2 i1 tsit8 pah4 tsian3 su2 tshi3 lian3 a2 lai5 tshui1 sann1 tsiann3 nih4 si2 tam1 it4 tshian5 siau1 si5 uann2 san1 u7 tsi2 kam1 i1 phinn7 tsit8 tsian7 siau2 si5 uann2 san1 u7 tsi2 phah4 i2 tsian3 jian3 bo5,ai sing iong tsing thau a ka tsam tsit sut a lai tshui nih tam khuann u kam phinn khuann u phang bo,ai sing iong tsi tsing oh tsian thau u lian a khah tsi tsam i tsit pah tsian su tshi lian a lai tshui sann tsiann nih si tam it tshian siau si uann san u tsi kam i phinn tsit tsian siau si uann san u tsi phah i tsian jian bo,1.5217391304347827,23,18,5,0,30,zh,1,ok
1228,indextts,surprised,001228_indextts_surprised.wav,/srv/RL_project/repo/outputs/wav_by_model/indextts/001228_indextts_surprised.wav,in ui na si kui tann an ne phinn,in1 ui7 na7 si7 kui1 tann3 an2 ne1 phinn1,in ui na si kui tann an ne phinn,in ui na si kui tann an ne phinn,0.0,9,9,0,0,0,zh,1,ok
1229,indextts,fearful,001229_indextts_fearful.wav,/srv/RL_project/repo/outputs/wav_by_model/indextts/001229_indextts_fearful.wav,khi bi siunn tang,khi3 bi2 siu2 tang7,khi bi siunn tang,khi bi siu tang,0.25,4,3,1,0,0,zh,1,ok
1230,indextts,sad,001230_indextts_sad.wav,/srv/RL_project/repo/outputs/wav_by_model/indextts/001230_indextts_sad.wav,tshau tsho phih pha,tshau2 tsho1 phih8 pha7,tshau tsho phih pha,tshau tsho phih pha,0.0,4,4,0,0,0,zh,1,ok
1231,indextts,surprised,001231_indextts_surprised.wav,/srv/RL_project/repo/outputs/wav_by_model/indextts/001231_indextts_surprised.wav,gua bai bi leh,gua2 bai2 bih4 leh4,gua bai bi leh,gua bai bih leh,0.25,4,3,1,0,0,zh,1,ok
1232,indextts,neutral,001232_indextts_neutral.wav,/srv/RL_project/repo/outputs/wav_by_model/indextts/001232_indextts_neutral.wav,tsin tu ho u tsit kang tsit e be ke e hioh khun bo lai be,tsin1 tu2 ho2 u7 tsit8 kang1 tsit4 e5 be7 ke3 e5 hioh4 khun3 bo5 lai5 be7,tsin tu ho u tsit kang tsit e be ke e hioh khun bo lai be,tsin tu ho u tsit kang tsit e be ke e hioh khun bo lai be,0.0,16,16,0,0,0,zh,1,ok
1233,indextts,disgusted,001233_indextts_disgusted.wav,/srv/RL_project/repo/outputs/wav_by_model/indextts/001233_indextts_disgusted.wav,ma hiah tu tshian,ma7 hiah4 tu2 tshian1,ma hiah tu tshian,ma hiah tu tshian,0.0,4,4,0,0,0,zh,1,ok
1234,indextts,surprised,001234_indextts_surprised.wav,/srv/RL_project/repo/outputs/wav_by_model/indextts/001234_indextts_surprised.wav,u tsit e tua hong guan e tsoh sit lang,u7 tsit8 e5 tua3 hong1 guan5 e5 tsoh4 sit4 lang5,u tsit e tua hong guan e tsoh sit lang,u tsit e tua hong guan e tsoh sit lang,0.0,10,10,0,0,0,zh,1,ok
1235,indextts,surprised,001235_indextts_surprised.wav,/srv/RL_project/repo/outputs/wav_by_model/indextts/001235_indextts_surprised.wav,khi siu tua pui tng lai kau puann loo,khi3 siu1 tua7 pui5 tng2 lai5 kau3 puann3 loo7,khi siu tua pui tng lai kau puann loo,khi siu tua pui tng lai kau puann loo,0.0,9,9,0,0,0,zh,1,ok
1236,indextts,happy,001236_indextts_happy.wav,/srv/RL_project/repo/outputs/wav/001236_indextts_happy.wav,lan tai uan iau si long giap sia hue,lan2 tai7 lian2 uan5 iau7 a2 lian2 si7 tsiah8 tshi2 long5 lian2 giap8 ban2 miau5 iah8 tshi2 kian3 hue7 tsi1,lan tai uan iau si long giap sia hue,lan tai lian uan iau a lian si tsiah tshi long lian giap ban miau iah tshi kian hue tsi,1.3333333333333333,9,8,1,0,11,zh,1,ok
1237,indextts,angry,001237_indextts_angry.wav,/srv/RL_project/repo/outputs/wav/001237_indextts_angry.wav,pak too bo song khuai,pak4 si2 jian5 tu2 au7 bo5 song2 jian2 khuai1 san1,pak too bo song khuai,pak si jian tu au bo song jian khuai san,1.2,5,4,1,0,5,zh,1,ok
1238,indextts,angry,001238_indextts_angry.wav,/srv/RL_project/repo/outputs/wav_by_model/indextts/001238_indextts_angry.wav,to tsit tann tua pui khng tiam tshiu a kha,tio7 tsit8 tah4 tua7 pui5 khng3 tiam3 tshiu7 a2 kha1,to tsit tann tua pui khng tiam tshiu a kha,tio tsit tah tua pui khng tiam tshiu a kha,0.2,10,8,2,0,0,zh,1,ok
1239,indextts,fearful,001239_indextts_fearful.wav,/srv/RL_project/repo/outputs/wav_by_model/indextts/001239_indextts_fearful.wav,siunn kong tua pui bo lang e thau tsiah tioh lah,siunn7 kong2 tua7 pui5 bo5 lang5 e7 thau2 tsiah4 tioh8 lah4,siunn kong tua pui bo lang e thau tsiah tioh lah,siunn kong tua pui bo lang e thau tsiah tioh lah,0.0,11,11,0,0,0,zh,1,ok
1240,indextts,neutral,001240_indextts_neutral.wav,/srv/RL_project/repo/outputs/wav_by_model/indextts/001240_indextts_neutral.wav,ka ki kin khi tshau poo a lai tshue soo tsai siau thau,ka1 ki7 kin2 khi3 tshau2 poo1 a2 lai7 tshue7 soo2 tsai7 siau1 thau2,ka ki kin khi tshau poo a lai tshue soo tsai siau thau,ka ki kin khi tshau poo a lai tshue soo tsai siau thau,0.0,13,13,0,0,0,zh,1,ok
1241,indextts,sad,001241_indextts_sad.wav,/srv/RL_project/repo/outputs/wav_by_model/indextts/001241_indextts_sad.wav,hiah tu ho,hia1 tu2 ho2,hiah tu ho,hia tu ho,0.3333333333333333,3,2,1,0,0,zh,1,ok
1242,indextts,happy,001242_indextts_happy.wav,/srv/RL_project/repo/outputs/wav_by_model/indextts/001242_indextts_happy.wav,tsit e tua tshiu kha,tsit4 e5 tua7 tshiu7 kha1,tsit e tua tshiu kha,tsit e tua tshiu kha,0.0,5,5,0,0,0,zh,1,ok
1243,indextts,angry,001243_indextts_angry.wav,/srv/RL_project/repo/outputs/wav_by_model/indextts/001243_indextts_angry.wav,to si hit e be ke e tiann tiann hioh tau e soo tsai,to7 si7 hit4 e5 be7 ke5 e5 tiann7 tiann7 hioh4 tau3 e5 soo2 tsai7,to si hit e be ke e tiann tiann hioh tau e soo tsai,to si hit e be ke e tiann tiann hioh tau e soo tsai,0.0,14,14,0,0,0,zh,1,ok
1244,indextts,angry,001244_indextts_angry.wav,/srv/RL_project/repo/outputs/wav_by_model/indextts/001244_indextts_angry.wav,si kan ia tu ho tiong tau si,si5 kan1 giah8 tu2 ho2 tiong1 tau3 si5,si kan ia tu ho tiong tau si,si kan giah tu ho tiong tau si,0.125,8,7,1,0,0,zh,1,ok
1245,indextts,disgusted,001245_indextts_disgusted.wav,/srv/RL_project/repo/outputs/wav_by_model/indextts/001245_indextts_disgusted.wav,he tua pui e sik tsui kah ke si sio ua sio ua,he1 tua7 pui5 e5 sik4 tsui2 kah4 ke5 si7 sio1 ua2 sio1 ua2,he tua pui e sik tsui kah ke si sio ua sio ua,he tua pui e sik tsui kah ke si sio ua sio ua,0.0,13,13,0,0,0,zh,1,ok
1246,indextts,disgusted,001246_indextts_disgusted.wav,/srv/RL_project/repo/outputs/wav/001246_indextts_disgusted.wav,long si oo oo koh tai sio khua ang huann ang huann,long2 si7 tshi2 oo7 i5 tsian5 oo1 i1 ko1 si5 tai7 sio2 a2 jian5 hua3 a2 ang5 jian5 hua3 a2,long si oo oo koh tai sio khua ang huann ang huann,long si tshi oo i tsian oo i ko si tai sio a jian hua a ang jian hua a,1.0833333333333333,12,7,5,0,8,zh,1,ok
1247,indextts,angry,001247_indextts_angry.wav,/srv/RL_project/repo/outputs/wav_by_model/indextts/001247_indextts_angry.wav,soo iong soo tsiah e mih kiann,soo2 iong2 soo2 tsiah8 e5 mih8 kiann7,soo iong soo tsiah e mih kiann,soo iong soo tsiah e mih kiann,0.0,7,7,0,0,0,zh,1,ok
1248,indextts,neutral,001248_indextts_neutral.wav,/srv/RL_project/repo/outputs/wav_by_model/indextts/001248_indextts_neutral.wav,khi bi ma si tshau tsho a tshau tsho,khi3 bi7 ma7 si7 tshau3 tsho1 a2 tshau3 tsho1,khi bi ma si tshau tsho a tshau tsho,khi bi ma si tshau tsho a tshau tsho,0.0,9,9,0,0,0,zh,1,ok
1249,indextts,angry,001249_indextts_angry.wav,/srv/RL_project/repo/outputs/wav_by_model/indextts/001249_indextts_angry.wav,na bo tsim tsiok khuann un un a phinn,na7 bo5 tsim1 tsiok4 khuann3 un5 un5 a2 phinn1,na bo tsim tsiok khuann un un a phinn,na bo tsim tsiok khuann un un a phinn,0.0,9,9,0,0,0,zh,1,ok
1250,indextts,neutral,001250_indextts_neutral.wav,/srv/RL_project/repo/outputs/wav_by_model/indextts/001250_indextts_neutral.wav,si hun bo siann e tshut lai,si7 hu1 bo5 siann2 e7 tshut4 lai5,si hun bo siann e tshut lai,si hu bo siann e tshut lai,0.14285714285714285,7,6,1,0,0,zh,1,ok
1251,indextts,angry,001251_indextts_angry.wav,/srv/RL_project/repo/outputs/wav_by_model/indextts/001251_indextts_angry.wav,hiah tu ho,hiah4 tu2 ho2,hiah tu ho,hiah tu ho,0.0,3,3,0,0,0,zh,1,ok
1252,indextts,happy,001252_indextts_happy.wav,/srv/RL_project/repo/outputs/wav/001252_indextts_happy.wav,ke e sing li tik piat ka iah,ke1 e5 sin1 jian3 li2 tik4 a2 tsian3 peh4 pa1 kha1 lian5 iap4 a2,ke e sing li tik piat ka iah,ke e sin jian li tik a tsian peh pa kha lian iap a,1.25,8,4,4,0,6,zh,1,ok
1253,indextts,angry,001253_indextts_angry.wav,/srv/RL_project/repo/outputs/wav/001253_indextts_angry.wav,be ke e bo lai be,be2 tshinn1 tsian3 ke7 tsian3 tsian3 e5 bo5 lai5 be2 tshinn1,be ke e bo lai be,be tshinn tsian ke tsian tsian e bo lai be tshinn,0.8333333333333334,6,6,0,0,5,zh,1,ok
1254,indextts,happy,001254_indextts_happy.wav,/srv/RL_project/repo/outputs/wav_by_model/indextts/001254_indextts_happy.wav,tak ke suah kio si lang kue be bo tioh,tak8 ke1 suah4 kio3 si7 tsang3 kue3 be2 bo5 tioh8,tak ke suah kio si lang kue be bo tioh,tak ke suah kio si tsang kue be bo tioh,0.1,10,9,1,0,0,zh,1,ok
1255,indextts,angry,001255_indextts_angry.wav,/srv/RL_project/repo/outputs/wav_by_model/indextts/001255_indextts_angry.wav,tse tse lang to lai tua tshiu kha beh ka kau kuan,tse7 tse7 e5 lang5 to7 lai5 tua7 tshiu7 kha1 beh4 ka7 kau1 kuan1,tse tse lang to lai tua tshiu kha beh ka kau kuan,tse tse e lang to lai tua tshiu kha beh ka kau kuan,0.08333333333333333,12,12,0,0,1,zh,1,ok
1256,indextts,angry,001256_indextts_angry.wav,/srv/RL_project/repo/outputs/wav_by_model/indextts/001256_indextts_angry.wav,lai beh be ke e si si suann suann,lai5 beh4 be2 ke3 e5 si3 si3 suann1 suann1,lai beh be ke e si si suann suann,lai beh be ke e si si suann suann,0.0,9,9,0,0,0,zh,1,ok
1257,indextts,fearful,001257_indextts_fearful.wav,/srv/RL_project/repo/outputs/wav_by_model/indextts/001257_indextts_fearful.wav,tsit e tsit e lai,tsit8 e7 tsit8 e7 lai5,tsit e tsit e lai,tsit e tsit e lai,0.0,5,5,0,0,0,zh,1,ok
1258,indextts,neutral,001258_indextts_neutral.wav,/srv/RL_project/repo/outputs/wav/001258_indextts_neutral.wav,tua poo hun long si ka ki sing san e,tua7 tsi2 lian3 poo1 tshi2 lian3 hun1 tsi1 long2 si7 tshi7 ka1 lian3 ki1 tshi1 sin1 lian2 san2 lian2 e5,tua poo hun long si ka ki sing san e,tua tsi lian poo tshi lian hun tsi long si tshi ka lian ki tshi sin lian san lian e,1.1,10,9,1,0,10,zh,1,ok
1259,indextts,angry,001259_indextts_angry.wav,/srv/RL_project/repo/outputs/wav_by_model/indextts/001259_indextts_angry.wav,hia e lang kau ui tsit khuann,hia1 e5 lang5 kau3 ui7 tsit8 khuann3,hia e lang kau ui tsit khuann,hia e lang kau ui tsit khuann,0.0,7,7,0,0,0,zh,1,ok
1260,indextts,surprised,001260_indextts_surprised.wav,/srv/RL_project/repo/outputs/wav_by_model/indextts/001260_indextts_surprised.wav,bo khuainnh be ke e,bo5 khuainn2 be7 ke3,bo khuainnh be ke e,bo khuainn be ke,0.4,5,3,1,1,0,zh,1,ok
1261,indextts,disgusted,001261_indextts_disgusted.wav,/srv/RL_project/repo/outputs/wav_by_model/indextts/001261_indextts_disgusted.wav,kan na tsit tann ke khng ti tshiu a kha,kan1 na1 tsit8 tann3 ke5 khng3 ti7 tshiu7 a2 kha1,kan na tsit tann ke khng ti tshiu a kha,kan na tsit tann ke khng ti tshiu a kha,0.0,10,10,0,0,0,zh,1,ok
1262,indextts,happy,001262_indextts_happy.wav,/srv/RL_project/repo/outputs/wav_by_model/indextts/001262_indextts_happy.wav,sui e to kah i ong kang khuan,sui5 e5 to7 kah4 i2 ong2 kang7 khuan2,sui e to kah i ong kang khuan,sui e to kah i ong kang khuan,0.0,8,8,0,0,0,zh,1,ok
1263,indextts,disgusted,001263_indextts_disgusted.wav,/srv/RL_project/repo/outputs/wav_by_model/indextts/001263_indextts_disgusted.wav,iong tsing thau a tsam tsit sut a lai tshui nih tam khuann mai,iong7 tsin2 thau5 a2 tsam1 tsit8 sut4 a2 lai5 tshui3 nih4 tam1 khuann3 mai7,iong tsing thau a tsam tsit sut a lai tshui nih tam khuann mai,iong tsin thau a tsam tsit sut a lai tshui nih tam khuann mai,0.07142857142857142,14,13,1,0,0,zh,1,ok
1264,indextts,disgusted,001264_indextts_disgusted.wav,/srv/RL_project/repo/outputs/wav_by_model/indextts/001264_indextts_disgusted.wav,tam suah na io thau na li khui,tam1 suah4 na2 io1 thau5 na2 li7 khui1,tam suah na io thau na li khui,tam suah na io thau na li khui,0.0,8,8,0,0,0,zh,1,ok
1265,indextts,neutral,001265_indextts_neutral.wav,/srv/RL_project/repo/outputs/wav_by_model/indextts/001265_indextts_neutral.wav,tsit e si tsun,tsit4 e5 si5 tsun7,tsit e si tsun,tsit e si tsun,0.0,4,4,0,0,0,zh,1,ok
1266,indextts,sad,001266_indextts_sad.wav,/srv/RL_project/repo/outputs/wav_by_model/indextts/001266_indextts_sad.wav,hit e siu tua pui e tsoh sit lang,hit4 e5 siu1 tua7 pui5 e5 tsoh4 sit4 lang5,hit e siu tua pui e tsoh sit lang,hit e siu tua pui e tsoh sit lang,0.0,9,9,0,0,0,zh,1,ok
1267,indextts,surprised,001267_indextts_surprised.wav,/srv/RL_project/repo/outputs/wav_by_model/indextts/001267_indextts_surprised.wav,pang ho na lang khoo na kiann tshut lai,pang3 ho2 na2 lang2 khoo3 na2 kiann5 tshut4 lai5,pang ho na lang khoo na kiann tshut lai,pang ho na lang khoo na kiann tshut lai,0.0,9,9,0,0,0,zh,1,ok
1268,indextts,disgusted,001268_indextts_disgusted.wav,/srv/RL_project/repo/outputs/wav_by_model/indextts/001268_indextts_disgusted.wav,khuann tioh hia e lang,khuann3 tioh8 hia1 e5 lang5,khuann tioh hia e lang,khuann tioh hia e lang,0.0,5,5,0,0,0,zh,1,ok
1269,indextts,angry,001269_indextts_angry.wav,/srv/RL_project/repo/outputs/wav_by_model/indextts/001269_indextts_angry.wav,han tit khi ke a ah si tshi a be tang be sai,han2 tit4 khi2 ke1 a2 ah8 si7 tshi7 a2 be2 tang1 be2 sai1,han tit khi ke a ah si tshi a be tang be sai,han tit khi ke a ah si tshi a be tang be sai,0.0,13,13,0,0,0,zh,1,ok
1270,indextts,neutral,001270_indextts_neutral.wav,/srv/RL_project/repo/outputs/wav_by_model/indextts/001270_indextts_neutral.wav,tsit e tsit e teh tsam i hit tann tua pui,tsit8 e7 tsit8 e7 teh4 tsam1 i1 hit4 tann3 tua7 pui5,tsit e tsit e teh tsam i hit tann tua pui,tsit e tsit e teh tsam i hit tann tua pui,0.0,11,11,0,0,0,zh,1,ok
1271,indextts,angry,001271_indextts_angry.wav,/srv/RL_project/repo/outputs/wav_by_model/indextts/001271_indextts_angry.wav,i kam kak honn ki koh ho tshio,i1 kam2 kak4 ho2 ki5 koh4 ho2 tshio3,i kam kak honn ki koh ho tshio,i kam kak ho ki koh ho tshio,0.125,8,7,1,0,0,zh,1,ok
1272,indextts,neutral,001272_indextts_neutral.wav,/srv/RL_project/repo/outputs/wav_by_model/indextts/001272_indextts_neutral.wav,bo phah tshenn kiann in,bo5 phah4 tshenn1 kiann1 in1,bo phah tshenn kiann in,bo phah tshenn kiann in,0.0,5,5,0,0,0,zh,1,ok
1273,indextts,sad,001273_indextts_sad.wav,/srv/RL_project/repo/outputs/wav_by_model/indextts/001273_indextts_sad.wav,tiam tiam a bih ti tshau poo a lai khuann,tiam7 tiam7 a2 bih4 ti7 tshau2 poo1 a2 lai7 khuann3,tiam tiam a bih ti tshau poo a lai khuann,tiam tiam a bih ti tshau poo a lai khuann,0.0,10,10,0,0,0,zh,1,ok
1274,indextts,fearful,001274_indextts_fearful.wav,/srv/RL_project/repo/outputs/wav_by_model/indextts/001274_indextts_fearful.wav,lian siok kui na tsap e long lai tsuinn tua pui,lian5 siok8 kui2 na7 tsap8 e5 long2 lai5 tshui3 tua7 pui5,lian siok kui na tsap e long lai tsuinn tua pui,lian siok kui na tsap e long lai tshui tua pui,0.09090909090909091,11,10,1,0,0,zh,1,ok
1275,indextts,fearful,001275_indextts_fearful.wav,/srv/RL_project/repo/outputs/wav_by_model/indextts/001275_indextts_fearful.wav,i na khuann na ho tshio,i1 na2 khuann3 na2 ho2 tshio3,i na khuann na ho tshio,i na khuann na ho tshio,0.0,6,6,0,0,0,zh,1,ok
1276,indextts,angry,001276_indextts_angry.wav,/srv/RL_project/repo/outputs/wav_by_model/indextts/001276_indextts_angry.wav,koh m kann tshio tshut siann,koh4 m7 kau3 tshio3 tshut4 siann1,koh m kann tshio tshut siann,koh m kau tshio tshut siann,0.16666666666666666,6,5,1,0,0,zh,1,ok
1277,indextts,disgusted,001277_indextts_disgusted.wav,/srv/RL_project/repo/outputs/wav_by_model/indextts/001277_indextts_disgusted.wav,tsit e sit tsu i,tsit8 e5 si7 tsu3 i3,tsit e sit tsu i,tsit e si tsu i,0.2,5,4,1,0,0,zh,1,ok
1278,indextts,disgusted,001278_indextts_disgusted.wav,/srv/RL_project/repo/outputs/wav_by_model/indextts/001278_indextts_disgusted.wav,tshio siunn tua lat,tshio3 siunn1 tua7 lat8,tshio siunn tua lat,tshio siunn tua lat,0.0,4,4,0,0,0,zh,1,ok
1279,indextts,fearful,001279_indextts_fearful.wav,/srv/RL_project/repo/outputs/wav_by_model/indextts/001279_indextts_fearful.wav,suah khi tsak tioh khui,suah4 khi3 tsap8 tioh8 khui3,suah khi tsak tioh khui,suah khi tsap tioh khui,0.2,5,4,1,0,0,zh,1,ok
1280,indextts,sad,001280_indextts_sad.wav,/srv/RL_project/repo/outputs/wav_by_model/indextts/001280_indextts_sad.wav,u e to si lang tann lai be e,u7 e5 tio7 si7 lang5 ta1 lai5 be7 e5,u e to si lang tann lai be e,u e tio si lang ta lai be e,0.2222222222222222,9,7,2,0,0,zh,1,ok
1281,indextts,angry,001281_indextts_angry.wav,/srv/RL_project/repo/outputs/wav_by_model/indextts/001281_indextts_angry.wav,tsit khau khui tshuan be khi lai,tsit8 thau5 khui3 tshuan2 be7 khi2 lai5,tsit khau khui tshuan be khi lai,tsit thau khui tshuan be khi lai,0.14285714285714285,7,6,1,0,0,zh,1,ok
1282,indextts,surprised,001282_indextts_surprised.wav,/srv/RL_project/repo/outputs/wav_by_model/indextts/001282_indextts_surprised.wav,tsu an ne sit kiu kue ong khi,tsu7 an2 ne1 sit4 kiu2 kue3 ong2 khi3,tsu an ne sit kiu kue ong khi,tsu an ne sit kiu kue ong khi,0.0,8,8,0,0,0,zh,1,ok
1283,indextts,angry,001283_indextts_angry.wav,/srv/RL_project/repo/outputs/wav_by_model/indextts/001283_indextts_angry.wav,m tsiah e liu thuan tsit ku tshio si hong guan hit e tann sai e,m7 tsiah4 e7 liu5 thuan5 tsit4 ku3 tshio7 si3 hong1 guan5 hit4 e5 tah4 sai2 e5,m tsiah e liu thuan tsit ku tshio si hong guan hit e tann sai e,m tsiah e liu thuan tsit ku tshio si hong guan hit e tah sai e,0.0625,16,15,1,0,0,zh,1,ok
1284,indextts,surprised,001284_indextts_surprised.wav,/srv/RL_project/repo/outputs/wav/001284_indextts_surprised.wav,tsa tsing long giap si tai,tsa1 a2 tsian3 tsing5 u1 long5 lian3 giap8 ba2 si5 lian3 tai5 tsi1,tsa tsing long giap si tai,tsa a tsian tsing u long lian giap ba si lian tai tsi,1.1666666666666667,6,6,0,0,7,zh,1,ok
1285,indextts,sad,001285_indextts_sad.wav,/srv/RL_project/repo/outputs/wav_by_model/indextts/001285_indextts_sad.wav,soo ji,soo3 ji7,soo ji,soo ji,0.0,2,2,0,0,0,zh,1,ok
1286,indextts,fearful,001286_indextts_fearful.wav,/srv/RL_project/repo/outputs/wav_by_model/indextts/001286_indextts_fearful.wav,sua loh lai khuann hua lian kuan bin a tsai peh ho e thinn khi,sua3 loh8 lai5 khuann3 huat4 lian5 kuan7 bin5 a2 tsai3 peh4 ho7 e5 thinn1 khi3,sua loh lai khuann hua lian kuan bin a tsai peh ho e thinn khi,sua loh lai khuann huat lian kuan bin a tsai peh ho e thinn khi,0.06666666666666667,15,14,1,0,0,zh,1,ok
1287,indextts,fearful,001287_indextts_fearful.wav,/srv/RL_project/repo/outputs/wav_by_model/indextts/001287_indextts_fearful.wav,un too ji tsap lak tsi sann tsap it too loh hoo ki lut sann tsap,un1 too7 ji7 tsap8 lak8 tsi3 sann1 tsap8 it4 too7 loh8 hoo7 ki1 lut8 sann1 tsap8 pha1,un too ji tsap lak tsi sann tsap it too loh hoo ki lut sann tsap,un too ji tsap lak tsi sann tsap it too loh hoo ki lut sann tsap pha,0.0625,16,16,0,0,1,zh,1,ok
1288,indextts,surprised,001288_indextts_surprised.wav,/srv/RL_project/repo/outputs/wav/001288_indextts_surprised.wav,lai pin peh pah tshit tsap lak ho tshiann lai tsap ji ho kui tai pan li,lai5 tsian3 pin1 peh4 si3 jian3 BAC jian3 tshit4 si3 jian3 tseh4 pa1 jian3 leh4 pa2 siau3 si5 oo1 tshi7 tshia1 o3 tsian3 lai5 tseh4 pi2 pa2 tsian3 ji7 tshiau5 si5 oo1 tshi1 kui1 tsi1 jian2 tai5 pan2 tsi1 jian2 li2,lai pin peh pah tshit tsap lak ho tshiann lai tsap ji ho kui tai pan li,lai tsian pin peh si jian bac jian tshit si jian tseh pa jian leh pa siau si oo tshi tshia o tsian lai tseh pi pa tsian ji tshiau si oo tshi kui tsi jian tai pan tsi jian li,1.8235294117647058,17,10,7,0,24,zh,1,ok
1289,indextts,angry,001289_indextts_angry.wav,/srv/RL_project/repo/outputs/wav_by_model/indextts/001289_indextts_angry.wav,long tsong lak pah tshit tsap tshit khoo tsau li ji tsap sann khoo,long2 tsong2 lak8 pah4 tshit4 tsap8 tshit4 khoo1 tsau7 li2 ji7 tsap8 sann1 khoo1,long tsong lak pah tshit tsap tshit khoo tsau li ji tsap sann khoo,long tsong lak pah tshit tsap tshit khoo tsau li ji tsap sann khoo,0.0,14,14,0,0,0,zh,1,ok
1290,indextts,neutral,001290_indextts_neutral.wav,/srv/RL_project/repo/outputs/wav_by_model/indextts/001290_indextts_neutral.wav,kin a jit si goo gueh ji goo pai sann,kin1 a2 lit8 si7 goo7 gueh8 ji7 goo7 pai3 sann1,kin a jit si goo gueh ji goo pai sann,kin a lit si goo gueh ji goo pai sann,0.1,10,9,1,0,0,zh,1,ok
1291,indextts,fearful,001291_indextts_fearful.wav,/srv/RL_project/repo/outputs/wav_by_model/indextts/001291_indextts_fearful.wav,gua e hoo tsiau ho be si pat ji khong sam khong sam tshit kiu pat,gua2 e5 hoo7 tsiau3 ho7 be2 si7 pat4 ji7 khong3 sam1 khong3 sam1 tshit4 kiu2 pat4,gua e hoo tsiau ho be si pat ji khong sam khong sam tshit kiu pat,gua e hoo tsiau ho be si pat ji khong sam khong sam tshit kiu pat,0.0,16,16,0,0,0,zh,1,ok
1292,indextts,fearful,001292_indextts_fearful.wav,/srv/RL_project/repo/outputs/wav_by_model/indextts/001292_indextts_fearful.wav,gun tau e tian ue ho be si khong ngoo su liok su kiu kiu liok ngoo,gun2 tau1 e5 tian7 ue7 ho7 be2 si7 khong3 ngoo2 su3 liok8 su3 kiu2 kiu2 liok8 ngoo2,gun tau e tian ue ho be si khong ngoo su liok su kiu kiu liok ngoo,gun tau e tian ue ho be si khong ngoo su liok su kiu kiu liok ngoo,0.0,17,17,0,0,0,zh,1,ok
1293,indextts,fearful,001293_indextts_fearful.wav,/srv/RL_project/repo/outputs/wav_by_model/indextts/001293_indextts_fearful.wav,i ti ji khong khong khong ni tshut si,i1 ti7 gu7 khong3 khong3 ni5 tshut4 si3,i ti ji khong khong khong ni tshut si,i ti gu khong khong ni tshut si,0.2222222222222222,9,7,1,1,0,zh,1,ok
1294,indextts,happy,001294_indextts_happy.wav,/srv/RL_project/repo/outputs/wav_by_model/indextts/001294_indextts_happy.wav,tshiann pang gua tsuan hun ki liok ji liok it,tshiann2 pang1 gua2 tsuan2 hun1 ki1 liok8 li7 liok8 it4,tshiann pang gua tsuan hun ki liok ji liok it,tshiann pang gua tsuan hun ki liok li liok it,0.1,10,9,1,0,0,zh,1,ok
1295,indextts,neutral,001295_indextts_neutral.wav,/srv/RL_project/repo/outputs/wav_by_model/indextts/001295_indextts_neutral.wav,sing uah tui ue,sing1 uah8 tui3 ue7,sing uah tui ue,sing uah tui ue,0.0,4,4,0,0,0,zh,1,ok
1296,indextts,fearful,001296_indextts_fearful.wav,/srv/RL_project/repo/outputs/wav_by_model/indextts/001296_indextts_fearful.wav,put si tua piann sau tshu lai tsin tshing khi,put4 si5 tua7 piah4 sau3 tshu3 lai7 tsin1 tshing1 khi3,put si tua piann sau tshu lai tsin tshing khi,put si tua piah sau tshu lai tsin tshing khi,0.1,10,9,1,0,0,zh,1,ok
1297,indextts,fearful,001297_indextts_fearful.wav,/srv/RL_project/repo/outputs/wav_by_model/indextts/001297_indextts_fearful.wav,hann li kong siann,ha1 li2 kong2 siann2,hann li kong siann,ha li kong siann,0.25,4,3,1,0,0,zh,1,ok
1298,indextts,sad,001298_indextts_sad.wav,/srv/RL_project/repo/outputs/wav/001298_indextts_sad.wav,he khong khi tshing tsing ki li a sio uann tsit e to ho ah lah,heh8 khong3 i1 jian2 khi3 sam1 jian3 tshing1 i1 jian3 tsin7 tsi1 jian7 ki1 liau2 sio1 o2 uann7 tsi2 tsian3 jian2 tsit8 pah4 jian3 e7 tshih8 to7 tsi2 ho2 jian3 jian3 le5 si2,he khong khi tshing tsing ki li a sio uann tsit e to ho ah lah,heh khong i jian khi sam jian tshing i jian tsin tsi jian ki liau sio o uann tsi tsian jian tsit pah jian e tshih to tsi ho jian jian le si,1.5,16,9,7,0,17,zh,1,ok
1299,indextts,happy,001299_indextts_happy.wav,/srv/RL_project/repo/outputs/wav_by_model/indextts/001299_indextts_happy.wav,honnh he bo kang lah lang kong tshing tshu tsiah e hu neh,hooh4 he1 bo5 kang5 lah4 lang5 kong2 tshin1 tshu3 tsiah4 e7 hu7 neh4,honnh he bo kang lah lang kong tshing tshu tsiah e hu neh,hooh he bo kang lah lang kong tshin tshu tsiah e hu neh,0.15384615384615385,13,11,2,0,0,zh,1,ok
1300,indextts,surprised,001300_indextts_surprised.wav,/srv/RL_project/repo/outputs/wav_by_model/indextts/001300_indextts_surprised.wav,gua khuann lan kheh thiann si ke ing ia,gua2 khuann3 lan2 kheh4 thiann1 si3 ke3 in1 iah8,gua khuann lan kheh thiann si ke ing ia,gua khuann lan kheh thiann si ke in iah,0.2222222222222222,9,7,2,0,0,zh,1,ok
1301,indextts,surprised,001301_indextts_surprised.wav,/srv/RL_project/repo/outputs/wav_by_model/indextts/001301_indextts_surprised.wav,gua e poo tshit tian si tu thau tsing thoo hun gua kau li tsai bo,gua2 e7 poo1 tshit4 tian7 si7 tu5 thau5 tsing5 thoo5 hun2 gua7 kau3 li2 tsai1 bo5,gua e poo tshit tian si tu thau tsing thoo hun gua kau li tsai bo,gua e poo tshit tian si tu thau tsing thoo hun gua kau li tsai bo,0.0,16,16,0,0,0,zh,1,ok
1302,indextts,angry,001302_indextts_angry.wav,/srv/RL_project/repo/outputs/wav_by_model/indextts/001302_indextts_angry.wav,li si ka tsia long tong tso thiann thau tsit ni tshing thun tsiah piann tsit kai sioh,li2 si7 ka7 tsia1 long2 tan3 tso3 thiann1 thau5 tsit8 ni5 tshing2 thun5 tsiah4 piann1 tsit8 ke3 sioh4,li si ka tsia long tong tso thiann thau tsit ni tshing thun tsiah piann tsit kai sioh,li si ka tsia long tan tso thiann thau tsit ni tshing thun tsiah piann tsit ke sioh,0.1111111111111111,18,16,2,0,0,zh,1,ok
1303,indextts,fearful,001303_indextts_fearful.wav,/srv/RL_project/repo/outputs/wav_by_model/indextts/001303_indextts_fearful.wav,eh li na e tsai gua kam kak an ne tsin ho ah,eh4 li2 na2 e7 tsai1 gua2 kam2 kak4 an2 ne1 tsin1 ho2 ah4,eh li na e tsai gua kam kak an ne tsin ho ah,eh li na e tsai gua kam kak an ne tsin ho ah,0.0,13,13,0,0,0,zh,1,ok
1304,indextts,neutral,001304_indextts_neutral.wav,/srv/RL_project/repo/outputs/wav_by_model/indextts/001304_indextts_neutral.wav,ping siong si mai khi kiau jiau tioh ki tha pang kheh,ping5 siong5 si5 mai3 khi3 kiau2 liau2 tioh8 ki5 tha1 pang1 kheh4,ping siong si mai khi kiau jiau tioh ki tha pang kheh,ping siong si mai khi kiau liau tioh ki tha pang kheh,0.08333333333333333,12,11,1,0,0,zh,1,ok
1305,indextts,surprised,001305_indextts_surprised.wav,/srv/RL_project/repo/outputs/wav_by_model/indextts/001305_indextts_surprised.wav,li m tsai he ti tu ah hoo sin hoo sian thang a ah,li2 m7 tsai1 he1 ti1 tu2 a2 hoo7 sin5 ho2 sian7 thang1 a2 ah4,li m tsai he ti tu ah hoo sin hoo sian thang a ah,li m tsai he ti tu a hoo sin ho sian thang a ah,0.14285714285714285,14,12,2,0,0,zh,1,ok
1306,indextts,sad,001306_indextts_sad.wav,/srv/RL_project/repo/outputs/wav_by_model/indextts/001306_indextts_sad.wav,long gua tshi lai tau liah bang thang e,long2 gua2 tshi7 lai5 tau3 liah8 bang7 thang5 e5,long gua tshi lai tau liah bang thang e,long gua tshi lai tau liah bang thang e,0.0,9,9,0,0,0,zh,1,ok
1307,indextts,happy,001307_indextts_happy.wav,/srv/RL_project/repo/outputs/wav_by_model/indextts/001307_indextts_happy.wav,tso ka bu e tui ue,tso3 ka1 bu7 e5 tui3 ue7,tso ka bu e tui ue,tso ka bu e tui ue,0.0,6,6,0,0,0,zh,1,ok
1308,indextts,angry,001308_indextts_angry.wav,/srv/RL_project/repo/outputs/wav_by_model/indextts/001308_indextts_angry.wav,kau hia ma e the lan puann tsit kua iu sap a,kau2 hia1 ma7 e7 the3 lan2 puann1 tsit8 kua2 iu3 sat4 a2,kau hia ma e the lan puann tsit kua iu sap a,kau hia ma e the lan puann tsit kua iu sat a,0.08333333333333333,12,11,1,0,0,zh,1,ok
1309,indextts,surprised,001309_indextts_surprised.wav,/srv/RL_project/repo/outputs/wav_by_model/indextts/001309_indextts_surprised.wav,eh gua kam kak li tsue kin tiann tiann lau phinn phah ka tshiunn,eh4 gua2 kam2 kak4 li2 tsue3 kin7 tiann7 tiann7 lau5 phinn7 phah4 kah4 tshiunn3,eh gua kam kak li tsue kin tiann tiann lau phinn phah ka tshiunn,eh gua kam kak li tsue kin tiann tiann lau phinn phah kah tshiunn,0.07142857142857142,14,13,1,0,0,zh,1,ok
1310,indextts,sad,001310_indextts_sad.wav,/srv/RL_project/repo/outputs/wav_by_model/indextts/001310_indextts_sad.wav,kam si tshu lai siunn lap sap a tsa ah,kam2 si7 tshu3 lai7 siunn1 lap4 sat4 a1 tsa1,kam si tshu lai siunn lap sap a tsa ah,kam si tshu lai siunn lap sat a tsa,0.2,10,8,1,1,0,zh,1,ok
1311,indextts,happy,001311_indextts_happy.wav,/srv/RL_project/repo/outputs/wav/001311_indextts_happy.wav,gua kin a jit si ke sun sun huat kian lan thian pong piah kak long u ti tu si neh,gua2 kin2 jian3 ah4 jian3 jit8 ba2 si3 jian7 ke3 sun5 jian3 sun5 huat4 si3 jian3 kian3 lan2 thian1 i1 lian3 pong5 piah4 si2 lian3 kiat4 si2 long2 u7 tshi7 ti1 lian2 tu5 jian3 si1 neh4 si3,gua kin a jit si ke sun sun huat kian lan thian pong piah kak long u ti tu si neh,gua kin jian ah jian jit ba si jian ke sun jian sun huat si jian kian lan thian i lian pong piah si lian kiat si long u tshi ti lian tu jian si neh si,0.8571428571428571,21,19,2,0,16,zh,1,ok
1312,indextts,neutral,001312_indextts_neutral.wav,/srv/RL_project/repo/outputs/wav_by_model/indextts/001312_indextts_neutral.wav,ji tshiann lan tsu kiat hun liau kan na long bo se kue kha tian koh u mng ni,ji5 tshiann2 lan2 tsu7 kiat4 hun1 liau2 kan1 na1 long2 bo5 se2 kue3 kha1 tian2 koh4 u7 mng5 ni5,ji tshiann lan tsu kiat hun liau kan na long bo se kue kha tian koh u mng ni,ji tshiann lan tsu kiat hun liau kan na long bo se kue kha tian koh u mng ni,0.0,19,19,0,0,0,zh,1,ok
1313,indextts,happy,001313_indextts_happy.wav,/srv/RL_project/repo/outputs/wav/001313_indextts_happy.wav,lan u ing kam beh lai piann sau tsit e,lan2 u7 tsi2 jian2 in1 kam2 lah4 beh4 si2 lai5 piann1 san1 tsian3 sau3 san1 tsian3 tsit8 pa2 tsian3 e7 tshi1,lan u ing kam beh lai piann sau tsit e,lan u tsi jian in kam lah beh si lai piann san tsian sau san tsian tsit pa tsian e tshi,1.2,10,9,1,0,11,zh,1,ok
1314,indextts,angry,001314_indextts_angry.wav,/srv/RL_project/repo/outputs/wav_by_model/indextts/001314_indextts_angry.wav,hannh ke bo thiann—e,hah4 ke2 bo5 thiann1 e5,hannh ke bo thiann—e,hah ke bo thiann e,0.75,4,2,2,0,1,zh,1,ok
1315,indextts,surprised,001315_indextts_surprised.wav,/srv/RL_project/repo/outputs/wav_by_model/indextts/001315_indextts_surprised.wav,an ne gua lai be tsit tai sau thoo kha e ki khi lang,an2 ne1 gua2 lai5 be2 tsit8 tai5 sau3 thoo5 kha1 e5 ki1 khi3 lang5,an ne gua lai be tsit tai sau thoo kha e ki khi lang,an ne gua lai be tsit tai sau thoo kha e ki khi lang,0.0,14,14,0,0,0,zh,1,ok
1316,indextts,surprised,001316_indextts_surprised.wav,/srv/RL_project/repo/outputs/wav_by_model/indextts/001316_indextts_surprised.wav,bun tsiong it,bun5 tsiong1 it4,bun tsiong it,bun tsiong it,0.0,3,3,0,0,0,zh,1,ok
1317,indextts,happy,001317_indextts_happy.wav,/srv/RL_project/repo/outputs/wav_by_model/indextts/001317_indextts_happy.wav,tshoo hui kap iu hui,tshoo1 hui7 kah4 iu3 hui5,tshoo hui kap iu hui,tshoo hui kah iu hui,0.2,5,4,1,0,0,zh,1,ok
1318,indextts,sad,001318_indextts_sad.wav,/srv/RL_project/repo/outputs/wav_by_model/indextts/001318_indextts_sad.wav,lan to ka kio tso iu hui,lan2 toh8 ka7 kio3 tso3 iu3 hui5,lan to ka kio tso iu hui,lan toh ka kio tso iu hui,0.14285714285714285,7,6,1,0,0,zh,1,ok
1319,indextts,sad,001319_indextts_sad.wav,/srv/RL_project/repo/outputs/wav_by_model/indextts/001319_indextts_sad.wav,it puann hua gi na si tshing hoo tso 陶瓷,it4 puann1 hua5 gi2 na7 si7 tshing1 hoo1 tso5 tau5 tsi2 te7,it puann hua gi na si tshing hoo tso 陶瓷,it puann hua gi na si tshing hoo tso tau tsi te,0.3,10,9,1,0,2,zh,1,ok
1320,indextts,fearful,001320_indextts_fearful.wav,/srv/RL_project/repo/outputs/wav_by_model/indextts/001320_indextts_fearful.wav,lan to tit tsiap ka kio tso hui a toh ho,lan2 to7 tit8 tsiap4 ka7 kio3 tso3 hui5 a2 to7 ho2,lan to tit tsiap ka kio tso hui a toh ho,lan to tit tsiap ka kio tso hui a to ho,0.09090909090909091,11,10,1,0,0,zh,1,ok
1321,indextts,neutral,001321_indextts_neutral.wav,/srv/RL_project/repo/outputs/wav_by_model/indextts/001321_indextts_neutral.wav,m ko,m7 koh4,m ko,m koh,0.5,2,1,1,0,0,zh,1,ok
1322,indextts,surprised,001322_indextts_surprised.wav,/srv/RL_project/repo/outputs/wav/001322_indextts_surprised.wav,tshoo hui kap iu hui beh an tsuann lai khu piat,tshoo1 i1 tsian3 hui5 kah4 bat4 sit8 iu3 tsian3 hui5 beh4 si2 an1 tsian3 tsuann2 oh8 lai5 khu1 i1 tsian3 pit4 bah4,tshoo hui kap iu hui beh an tsuann lai khu piat,tshoo i tsian hui kah bat sit iu tsian hui beh si an tsian tsuann oh lai khu i tsian pit bah,1.1818181818181819,11,9,2,0,11,zh,1,ok
1323,indextts,disgusted,001323_indextts_disgusted.wav,/srv/RL_project/repo/outputs/wav_by_model/indextts/001323_indextts_disgusted.wav,lan tsi iau kan tan pa ak hong hue tsui thoo si ji,lan2 tsi2 iau3 kan2 tan1 pa2 ah4 hong1 hue2 tsui2 thoo5 si3 ji7,lan tsi iau kan tan pa ak hong hue tsui thoo si ji,lan tsi iau kan tan pa ah hong hue tsui thoo si ji,0.07692307692307693,13,12,1,0,0,zh,1,ok
1324,indextts,angry,001324_indextts_angry.wav,/srv/RL_project/repo/outputs/wav_by_model/indextts/001324_indextts_angry.wav,to e sai khin khin sang sang u kua kai liam oo,to7 e7 sai2 khin1 tshin1 sang1 sang1 u7 kua2 kai3 liam7 ooh4,to e sai khin khin sang sang u kua kai liam oo,to e sai khin tshin sang sang u kua kai liam ooh,0.16666666666666666,12,10,2,0,0,zh,1,ok
1325,indextts,angry,001325_indextts_angry.wav,/srv/RL_project/repo/outputs/wav_by_model/indextts/001325_indextts_angry.wav,sing lai khuann thoo e tsha piat,sing1 lai5 khuann3 thoo3 e5 tshat4 piat8,sing lai khuann thoo e tsha piat,sing lai khuann thoo e tshat piat,0.14285714285714285,7,6,1,0,0,zh,1,ok
1326,indextts,angry,001326_indextts_angry.wav,/srv/RL_project/repo/outputs/wav_by_model/indextts/001326_indextts_angry.wav,na beh sio tshut iu hui,na2 beh4 sio1 tshut4 iu3 hui5,na beh sio tshut iu hui,na beh sio tshut iu hui,0.0,6,6,0,0,0,zh,1,ok
1327,indextts,disgusted,001327_indextts_disgusted.wav,/srv/RL_project/repo/outputs/wav_by_model/indextts/001327_indextts_disgusted.wav,it ting toh ai iong ko nia thoo,it4 ting7 toh8 ai3 iong7 ko1 nia2 thoo5,it ting toh ai iong ko nia thoo,it ting toh ai iong ko nia thoo,0.0,8,8,0,0,0,zh,1,ok
1328,indextts,angry,001328_indextts_angry.wav,/srv/RL_project/repo/outputs/wav_by_model/indextts/001328_indextts_angry.wav,tsok tsia lim tshong bing,tsok4 tsia2 lim5 tshong1 bing5,tsok tsia lim tshong bing,tsok tsia lim tshong bing,0.0,5,5,0,0,0,zh,1,ok
1329,indextts,surprised,001329_indextts_surprised.wav,/srv/RL_project/repo/outputs/wav/001329_indextts_surprised.wav,in ui ko nia thoo lai te tsha put to bo thih a ting ting e tsap tsit,in1 tsian3 ui5 tshi7 ko1 tsian2 iann5 tsian3 tho3 u7 lai7 tshi7 tsian3 that4 i1 tsian3 put4 tshi3 tsian3 loo7 bo5 thih4 si3 tsian5 a2 ting2 tsian3 ting2 e5 tshat8 ba2 tsian3 tsih8 si2,in ui ko nia thoo lai te tsha put to bo thih a ting ting e tsap tsit,in tsian ui tshi ko tsian iann tsian tho u lai tshi tsian that i tsian put tshi tsian loo bo thih si tsian a ting tsian ting e tshat ba tsian tsih si,1.2777777777777777,18,11,7,0,16,zh,1,ok
1330,indextts,disgusted,001330_indextts_disgusted.wav,/srv/RL_project/repo/outputs/wav_by_model/indextts/001330_indextts_disgusted.wav,soo i na si uan tsuan bo kap iu,soo2 i2 na7 si7 uan5 tsuan5 bo5 kah4 iu7,soo i na si uan tsuan bo kap iu,soo i na si uan tsuan bo kah iu,0.1111111111111111,9,8,1,0,0,zh,1,ok
1331,indextts,surprised,001331_indextts_surprised.wav,/srv/RL_project/repo/outputs/wav_by_model/indextts/001331_indextts_surprised.wav,sio tshut lai e iu hui e tsin ua kin peh sik,sio1 tshut4 lai5 e5 iu3 hui5 e7 tsin1 gua2 kin7 peh8 sik4,sio tshut lai e iu hui e tsin ua kin peh sik,sio tshut lai e iu hui e tsin gua kin peh sik,0.08333333333333333,12,11,1,0,0,zh,1,ok
1332,indextts,fearful,001332_indextts_fearful.wav,/srv/RL_project/repo/outputs/wav_by_model/indextts/001332_indextts_fearful.wav,ti koo tsa e se iunn se kai,ti7 koo2 tsa2 e5 senn1 niu5 se3 kai3,ti koo tsa e se iunn se kai,ti koo tsa e senn niu se kai,0.25,8,6,2,0,0,zh,1,ok
1333,indextts,fearful,001333_indextts_fearful.wav,/srv/RL_project/repo/outputs/wav_by_model/indextts/001333_indextts_fearful.wav,in bo huat too sio tshut tsit tsiong iu hui,in1 bo5 huat4 too7 sio1 tshut4 tsit4 tsiong2 iu3 hui5,in bo huat too sio tshut tsit tsiong iu hui,in bo huat too sio tshut tsit tsiong iu hui,0.0,10,10,0,0,0,zh,1,ok
1334,indextts,sad,001334_indextts_sad.wav,/srv/RL_project/repo/outputs/wav_by_model/indextts/001334_indextts_sad.wav,long e ka i kio tso peh kim,long2 e7 ka7 i1 kio3 tso3 peh8 kim1,long e ka i kio tso peh kim,long e ka i kio tso peh kim,0.0,8,8,0,0,0,zh,1,ok
1335,indextts,disgusted,001335_indextts_disgusted.wav,/srv/RL_project/repo/outputs/wav/001335_indextts_disgusted.wav,na si it puann tshoo hui e thoo tsit,na7 tsit8 jian2 si7 tshit4 it4 si3 jian3 puann1 it4 tshoo1 it4 tsian3 hu3 e5 thoo1 u7 jian3 tsit8 si3,na si it puann tshoo hui e thoo tsit,na tsit jian si tshit it si jian puann it tshoo it tsian hu e thoo u jian tsit si,1.3333333333333333,9,8,1,0,11,zh,1,ok
1336,indextts,fearful,001336_indextts_fearful.wav,/srv/RL_project/repo/outputs/wav_by_model/indextts/001336_indextts_fearful.wav,na bo kap iu,na7 poo1 ka1 iu7,na bo kap iu,na poo ka iu,0.5,4,2,2,0,0,zh,1,ok
1337,indextts,disgusted,001337_indextts_disgusted.wav,/srv/RL_project/repo/outputs/wav_by_model/indextts/001337_indextts_disgusted.wav,sio tshut lai to be si peh sik e,sio1 tshut4 lai5 to1 be7 si1 peh8 sik4 e5,sio tshut lai to be si peh sik e,sio tshut lai to be si peh sik e,0.0,9,9,0,0,0,zh,1,ok
1338,indextts,disgusted,001338_indextts_disgusted.wav,/srv/RL_project/repo/outputs/wav_by_model/indextts/001338_indextts_disgusted.wav,koh lai si tsui e kai liam,koh4 lai5 si7 tsui2 e5 kai3 liam7,koh lai si tsui e kai liam,koh lai si tsui e kai liam,0.0,7,7,0,0,0,zh,1,ok
1339,indextts,disgusted,001339_indextts_disgusted.wav,/srv/RL_project/repo/outputs/wav_by_model/indextts/001339_indextts_disgusted.wav,lan sing uah tang tiong u tsiok tse hui a e tse phin,lan2 sing1 uah8 tang1 tiong1 u7 tsiok4 tse7 hui5 a2 e5 tse3 phin2,lan sing uah tang tiong u tsiok tse hui a e tse phin,lan sing uah tang tiong u tsiok tse hui a e tse phin,0.0,13,13,0,0,0,zh,1,ok
1340,indextts,surprised,001340_indextts_surprised.wav,/srv/RL_project/repo/outputs/wav_by_model/indextts/001340_indextts_surprised.wav,tiau kiann si ai sio ho kiam bo kap iu e hui a,tiau5 kiann7 si7 ai3 sio1 ho2 kiam2 bo5 kah4 iu3 e5 hui5 a2,tiau kiann si ai sio ho kiam bo kap iu e hui a,tiau kiann si ai sio ho kiam bo kah iu e hui a,0.07692307692307693,13,12,1,0,0,zh,1,ok
1341,indextts,neutral,001341_indextts_neutral.wav,/srv/RL_project/repo/outputs/wav_by_model/indextts/001341_indextts_neutral.wav,lan na si ka iu hui te tsui,lan2 na7 si7 ka7 iu3 hui3 teh4 tsui2,lan na si ka iu hui te tsui,lan na si ka iu hui teh tsui,0.125,8,7,1,0,0,zh,1,ok
1342,indextts,fearful,001342_indextts_fearful.wav,/srv/RL_project/repo/outputs/wav_by_model/indextts/001342_indextts_fearful.wav,i si be siap tsui tshut lai e,i1 si7 be7 siap8 tsui2 tshut4 lai5,i si be siap tsui tshut lai e,i si be siap tsui tshut lai,0.125,8,7,0,1,0,zh,1,ok
1343,indextts,sad,001343_indextts_sad.wav,/srv/RL_project/repo/outputs/wav_by_model/indextts/001343_indextts_sad.wav,siong tui na si tshoo hui theh lai te tsui,siong1 tui3 na7 si7 tshoo1 hui5 theh8 lai5 te2 tsui2,siong tui na si tshoo hui theh lai te tsui,siong tui na si tshoo hui theh lai te tsui,0.0,10,10,0,0,0,zh,1,ok
1344,indextts,sad,001344_indextts_sad.wav,/srv/RL_project/repo/outputs/wav_by_model/indextts/001344_indextts_sad.wav,i to e ban ban a ban ban a siap tsui tshut lai,i1 to7 e7 ban7 ban7 a2 ban7 ban7 a2 siap8 tsui2 tshut4 lai5,i to e ban ban a ban ban a siap tsui tshut lai,i to e ban ban a ban ban a siap tsui tshut lai,0.0,13,13,0,0,0,zh,1,ok
1345,indextts,angry,001345_indextts_angry.wav,/srv/RL_project/repo/outputs/wav_by_model/indextts/001345_indextts_angry.wav,ji tshiann iu hui e khip tsui lut tsuat tui ai ke kue sann pha i ha tsiah e sai,ji5 tshiann2 iu2 hui7 e5 khip4 tsui2 lut8 tsuat8 tui3 ai3 ke7 kue3 sann1 pha1 i2 ha7 tsiah4 e7 sai2,ji tshiann iu hui e khip tsui lut tsuat tui ai ke kue sann pha i ha tsiah e sai,ji tshiann iu hui e khip tsui lut tsuat tui ai ke kue sann pha i ha tsiah e sai,0.0,20,20,0,0,0,zh,1,ok
1346,indextts,angry,001346_indextts_angry.wav,/srv/RL_project/repo/outputs/wav_by_model/indextts/001346_indextts_angry.wav,iau e ki tit nng tang tsing,iau2 e7 ki3 tit4 nng7 tang1 tsing5,iau e ki tit nng tang tsing,iau e ki tit nng tang tsing,0.0,7,7,0,0,0,zh,1,ok
1347,indextts,happy,001347_indextts_happy.wav,/srv/RL_project/repo/outputs/wav_by_model/indextts/001347_indextts_happy.wav,thiann tit tioh phau ka pi se kai kuan kun e tai uan suan tshiu kong,thiann1 tit4 tioh8 phau3 ka1 pi1 se3 kai3 kuan1 kun1 e5 tai5 uan5 suan2 tshiu2 kong2,thiann tit tioh phau ka pi se kai kuan kun e tai uan suan tshiu kong,thiann tit tioh phau ka pi se kai kuan kun e tai uan suan tshiu kong,0.0,16,16,0,0,0,zh,1,ok
1348,indextts,angry,001348_indextts_angry.wav,/srv/RL_project/repo/outputs/wav_by_model/indextts/001348_indextts_angry.wav,i tioh tsiong e ki tiong tsit e tiong iau in soo,i1 tio7 tsiong2 e7 ki5 tiong1 tsit8 e5 tiong7 iau3 in2 soo3,i tioh tsiong e ki tiong tsit e tiong iau in soo,i tio tsiong e ki tiong tsit e tiong iau in soo,0.08333333333333333,12,11,1,0,0,zh,1,ok
1349,indextts,neutral,001349_indextts_neutral.wav,/srv/RL_project/repo/outputs/wav_by_model/indextts/001349_indextts_neutral.wav,to si ti ing ko be e ka pi pue a,to7 si7 ti7 in1 ko1 be2 e5 ka1 pi1 pue1 a2,to si ti ing ko be e ka pi pue a,to si ti in ko be e ka pi pue a,0.09090909090909091,11,10,1,0,0,zh,1,ok
1350,indextts,disgusted,001350_indextts_disgusted.wav,/srv/RL_project/repo/outputs/wav_by_model/indextts/001350_indextts_disgusted.wav,m ko he tau te si siann mih khuan tsai tsit leh,m7 koh4 he1 tau3 te2 si7 siann2 mih4 khuan2 tsai5 tsi3 leh4,m ko he tau te si siann mih khuan tsai tsit leh,m koh he tau te si siann mih khuan tsai tsi leh,0.16666666666666666,12,10,2,0,0,zh,1,ok
1351,indextts,surprised,001351_indextts_surprised.wav,/srv/RL_project/repo/outputs/wav/001351_indextts_surprised.wav,i thiau kang king suan khip tsui lut tsok ke e iu hui pue a,i1 tiau5 i1 tsian3 kang1 king2 tsian3 suan2 khip4 si2 jian5 tsui2 R jian5 loo7 pa1 tsok8 si3 ke1 tsi1 e5 iu3 jian5 hui5 pue5 jian3 a2,i thiau kang king suan khip tsui lut tsok ke e iu hui pue a,i tiau i tsian kang king tsian suan khip si jian tsui r jian loo pa tsok si ke tsi e iu jian hui pue jian a,0.9333333333333333,15,13,2,0,12,zh,1,ok
1352,indextts,sad,001352_indextts_sad.wav,/srv/RL_project/repo/outputs/wav_by_model/indextts/001352_indextts_sad.wav,hoo phau tshut lai e ka pi,hoo7 phau3 tshut4 lai5 e5 ka1 pi1,hoo phau tshut lai e ka pi,hoo phau tshut lai e ka pi,0.0,7,7,0,0,0,zh,1,ok
1353,indextts,angry,001353_indextts_angry.wav,/srv/RL_project/repo/outputs/wav/001353_indextts_angry.wav,lai te e hue phang kap kue tsi phang khi,lai5 tsi2 tsian3 te7 e5 hue1 jian3 phang5 i1 kah4 si7 kue3 tsian3 tsit4 a2 phang5 i1 jian3 khi2 san1,lai te e hue phang kap kue tsi phang khi,lai tsi tsian te e hue jian phang i kah si kue tsian tsit a phang i jian khi san,1.2,10,8,2,0,10,zh,1,ok
1354,indextts,neutral,001354_indextts_neutral.wav,/srv/RL_project/repo/outputs/wav_by_model/indextts/001354_indextts_neutral.wav,uan tsuan be hoo pue a ing hiong lai khip siu khi,uan5 tsuan5 be7 hoo7 pue1 a2 ing2 hiong2 lai5 khip4 siu1 khi3,uan tsuan be hoo pue a ing hiong lai khip siu khi,uan tsuan be hoo pue a ing hiong lai khip siu khi,0.0,12,12,0,0,0,zh,1,ok
1355,indextts,happy,001355_indextts_happy.wav,/srv/RL_project/repo/outputs/wav/001355_indextts_happy.wav,phing sim e tang phinn tioh tsap tsiok e phang khi,ping1 u7 lian3 sim1 oh8 e7 tshi3 tsian3 tang3 phinn1 tshi7 tsian3 tioh8 ba2 tsai7 ba2 ing2 tsiok4 si2 e5 phang2 i1 ian3 khi2 san1,phing sim e tang phinn tioh tsap tsiok e phang khi,ping u lian sim oh e tshi tsian tang phinn tshi tsian tioh ba tsai ba ing tsiok si e phang i ian khi san,1.4545454545454546,11,9,2,0,14,zh,1,ok
1356,indextts,happy,001356_indextts_happy.wav,/srv/RL_project/repo/outputs/wav_by_model/indextts/001356_indextts_happy.wav,hoo i e ka pi tsok phin,hoo7 i1 e5 ka1 pi1 tsok4 phin2,hoo i e ka pi tsok phin,hoo i e ka pi tsok phin,0.0,7,7,0,0,0,zh,1,ok
1357,indextts,disgusted,001357_indextts_disgusted.wav,/srv/RL_project/repo/outputs/wav_by_model/indextts/001357_indextts_disgusted.wav,e sai uan tsuan tian hian tshut guan lai e khi bi,e7 sai2 uan5 tsuan5 tian2 hak8 gian5 tshut4 kuan5 lai5 e5 khi3 bi7,e sai uan tsuan tian hian tshut guan lai e khi bi,e sai uan tsuan tian hak gian tshut kuan lai e khi bi,0.25,12,10,2,0,1,zh,1,ok
1358,indextts,sad,001358_indextts_sad.wav,/srv/RL_project/repo/outputs/wav_by_model/indextts/001358_indextts_sad.wav,m tsiah u ki hue lai tioh tsiong,m7 tsiah4 u7 ki1 hue7 lai5 tioh8 tsiong2,m tsiah u ki hue lai tioh tsiong,m tsiah u ki hue lai tioh tsiong,0.0,8,8,0,0,0,zh,1,ok
1359,indextts,surprised,001359_indextts_surprised.wav,/srv/RL_project/repo/outputs/wav/001359_indextts_surprised.wav,sua loh si hue e in soo,suah4 tsian3 tsian7 lok8 pa1 e5 si7 tshi1 hue2 in1 tsin2 soo2 san1,sua loh si hue e in soo,suah tsian tsian lok pa e si tshi hue in tsin soo san,1.4285714285714286,7,3,4,0,6,zh,1,ok
1360,indextts,fearful,001360_indextts_fearful.wav,/srv/RL_project/repo/outputs/wav_by_model/indextts/001360_indextts_fearful.wav,hue soo tai piau e si un too kap thang kng sing,hue2 soo2 tai7 piau2 e5 si7 un1 too7 kap4 thang3 kng1 sing3,hue soo tai piau e si un too kap thang kng sing,hue soo tai piau e si un too kap thang kng sing,0.0,12,12,0,0,0,zh,1,ok
1361,indextts,sad,001361_indextts_sad.wav,/srv/RL_project/repo/outputs/wav_by_model/indextts/001361_indextts_sad.wav,tsiok tse lang sa bo tsang,tsiok4 tse7 lang5 sa1 bo5 tsang2,tsiok tse lang sa bo tsang,tsiok tse lang sa bo tsang,0.0,6,6,0,0,0,zh,1,ok
1362,indextts,fearful,001362_indextts_fearful.wav,/srv/RL_project/repo/outputs/wav_by_model/indextts/001362_indextts_fearful.wav,tai sing si un too ai sio kah tsha put to tsit tshing nng pah sann tsap kau tsit tshing nng pah peh tsap too tso iu e kuan un i siong,tai7 sin1 si7 un1 too7 ai3 sio1 kah4 tsha1 put4 to1 tsit8 tshing1 nng7 pah4 sann1 tsap8 kau2 tsit8 tshing1 nng7 pah4 peh4 tsap8 too5 tsoo1 iu5 e5 kuan5 un1 i2 siong7,tai sing si un too ai sio kah tsha put to tsit tshing nng pah sann tsap kau tsit tshing nng pah peh tsap too tso iu e kuan un i siong,tai sin si un too ai sio kah tsha put to tsit tshing nng pah sann tsap kau tsit tshing nng pah peh tsap too tsoo iu e kuan un i siong,0.0625,32,30,2,0,0,zh,1,ok
1363,indextts,angry,001363_indextts_angry.wav,/srv/RL_project/repo/outputs/wav_by_model/indextts/001363_indextts_angry.wav,i tsiah e lai tsiann tso iu hui e tiau kiann tsi it,i1 tsiah4 e7 lai5 tsiann5 tso3 iu3 hui3 e5 tiau5 kiann7 tsi1 it4,i tsiah e lai tsiann tso iu hui e tiau kiann tsi it,i tsiah e lai tsiann tso iu hui e tiau kiann tsi it,0.0,13,13,0,0,0,zh,1,ok
1364,indextts,happy,001364_indextts_happy.wav,/srv/RL_project/repo/outputs/wav_by_model/indextts/001364_indextts_happy.wav,na si it puann tshoo hui e thoo tsit,na7 si7 it4 puann1 tshoo1 hui5 e5 thoo5 tsit4,na si it puann tshoo hui e thoo tsit,na si it puann tshoo hui e thoo tsit,0.0,9,9,0,0,0,zh,1,ok
1365,indextts,surprised,001365_indextts_surprised.wav,/srv/RL_project/repo/outputs/wav_by_model/indextts/001365_indextts_surprised.wav,nge beh sio kah tsit tsiong kuan un,nge7 beh4 sio1 kah4 tsit4 tsiong2 kuan1 un1,nge beh sio kah tsit tsiong kuan un,nge beh sio kah tsit tsiong kuan un,0.0,8,8,0,0,0,zh,1,ok
1366,indextts,angry,001366_indextts_angry.wav,/srv/RL_project/repo/outputs/wav_by_model/indextts/001366_indextts_angry.wav,na m si sio kah phua phua khi,na7 m7 si7 sio2 kah4 phuah4 phuah4 khi3,na m si sio kah phua phua khi,na m si sio kah phuah phuah khi,0.25,8,6,2,0,0,zh,1,ok
1367,indextts,happy,001367_indextts_happy.wav,/srv/RL_project/repo/outputs/wav_by_model/indextts/001367_indextts_happy.wav,bo to si tsok phin e lai khu kha khi,bo5 to7 si7 tsok4 phin2 e7 lai5 khu1 kha1 khi3,bo to si tsok phin e lai khu kha khi,bo to si tsok phin e lai khu kha khi,0.0,10,10,0,0,0,zh,1,ok
1368,indextts,fearful,001368_indextts_fearful.wav,/srv/RL_project/repo/outputs/wav_by_model/indextts/001368_indextts_fearful.wav,koh lai si hue soo tai piau e thang kng sing,kut4 lai5 si7 hue1 soo2 tai7 piau2 e5 thang3 kng1 sing3,koh lai si hue soo tai piau e thang kng sing,kut lai si hue soo tai piau e thang kng sing,0.09090909090909091,11,10,1,0,0,zh,1,ok
1369,indextts,happy,001369_indextts_happy.wav,/srv/RL_project/repo/outputs/wav_by_model/indextts/001369_indextts_happy.wav,tshoo hui ka theh lai tsio kng si tsuat tui be thang kng,tshoo1 hui5 ka7 theh8 lai5 tsioh4 kng1 si7 tsuat8 tui3 be7 thang3 kng1,tshoo hui ka theh lai tsio kng si tsuat tui be thang kng,tshoo hui ka theh lai tsioh kng si tsuat tui be thang kng,0.07692307692307693,13,12,1,0,0,zh,1,ok
1370,indextts,neutral,001370_indextts_neutral.wav,/srv/RL_project/repo/outputs/wav_by_model/indextts/001370_indextts_neutral.wav,na si uan tsuan bo kap iu e iu hui ka theh lai tsio kng,na7 si7 uan5 tsuan5 bo5 kah4 iu7 e5 iu3 hui5 ka7 theh8 lai5 tsioh4 kng1,na si uan tsuan bo kap iu e iu hui ka theh lai tsio kng,na si uan tsuan bo kah iu e iu hui ka theh lai tsioh kng,0.13333333333333333,15,13,2,0,0,zh,1,ok
1371,indextts,disgusted,001371_indextts_disgusted.wav,/srv/RL_project/repo/outputs/wav_by_model/indextts/001371_indextts_disgusted.wav,i to e sio khua thang kng,i1 to7 e7 sio2 khua2 thang3 kng1,i to e sio khua thang kng,i to e sio khua thang kng,0.0,7,7,0,0,0,zh,1,ok
1372,indextts,disgusted,001372_indextts_disgusted.wav,/srv/RL_project/repo/outputs/wav_by_model/indextts/001372_indextts_disgusted.wav,koh khah mai kong beh an tsuann lai khu piat ooh,koh4 khah4 mai3 kong2 beh4 an2 tsuann2 lai5 khu1 piat8 ooh4,koh khah mai kong beh an tsuann lai khu piat ooh,koh khah mai kong beh an tsuann lai khu piat ooh,0.0,11,11,0,0,0,zh,1,ok
1373,indextts,disgusted,001373_indextts_disgusted.wav,/srv/RL_project/repo/outputs/wav_by_model/indextts/001373_indextts_disgusted.wav,tsue au si hong e tsok iong,tsue3 au7 si7 hong1 e5 tsok4 iong7,tsue au si hong e tsok iong,tsue au si hong e tsok iong,0.0,7,7,0,0,0,zh,1,ok
1374,indextts,surprised,001374_indextts_surprised.wav,/srv/RL_project/repo/outputs/wav_by_model/indextts/001374_indextts_surprised.wav,tse si in ui hong u huat too thuan sang siann im,tse1 si7 in1 ui7 hong1 u7 huat4 too7 thuan5 sang3 siann1 im1,tse si in ui hong u huat too thuan sang siann im,tse si in ui hong u huat too thuan sang siann im,0.0,12,12,0,0,0,zh,1,ok
1375,indextts,surprised,001375_indextts_surprised.wav,/srv/RL_project/repo/outputs/wav/001375_indextts_surprised.wav,na si iu hui iong tshiu ka tiak khuann mai a,na7 tsi2 tsian3 si1 tsi2 iu2 tsian3 hui5 iong7 tshi2 tshiu2 a2 ke1 tia3 pah4 tsiann3 siau1 si5 uann7 san3 jian3 mai5 tsi1 tsian3 a2,na si iu hui iong tshiu ka tiak khuann mai a,na tsi tsian si tsi iu tsian hui iong tshi tshiu a ke tia pah tsiann siau si uann san jian mai tsi tsian a,1.5454545454545454,11,8,3,0,14,zh,1,ok
1376,indextts,neutral,001376_indextts_neutral.wav,/srv/RL_project/repo/outputs/wav_by_model/indextts/001376_indextts_neutral.wav,i e siann im e pi tiak tshoo hui e siann im koh khah tshe tsit kua,i1 e5 siann1 im1 e7 pi2 tiap8 tshoo1 hui5 e5 siann1 im1 koh4 khah4 tsheh4 tsit8 kua2,i e siann im e pi tiak tshoo hui e siann im koh khah tshe tsit kua,i e siann im e pi tiap tshoo hui e siann im koh khah tsheh tsit kua,0.11764705882352941,17,15,2,0,0,zh,1,ok
1377,indextts,neutral,001377_indextts_neutral.wav,/srv/RL_project/repo/outputs/wav/001377_indextts_neutral.wav,siong tui tshoo hui e siann im e khah tun,siong1 jian3 tui3 tshoo1 i2 kian3 hui7 e5 siann1 i5 gan2 ing1 i2 tshi5 thian1 gong7 tshin3 hik8 tshiu2 tun2 tsi1,siong tui tshoo hui e siann im e khah tun,siong jian tui tshoo i kian hui e siann i gan ing i tshi thian gong tshin hik tshiu tun tsi,1.4,10,7,3,0,11,zh,1,ok
1378,indextts,surprised,001378_indextts_surprised.wav,/srv/RL_project/repo/outputs/wav/001378_indextts_surprised.wav,m tsai an ni sinn tshoo hui kap iu hui e kan tan khu piat,m7 tshi7 tsai7 i1 an1 jian5 ni5 jian3 sinn1 i1 tshoo1 i1 jian3 hui5 kah4 tshi2 iu2 jian3 hui5 e5 kan1 jian3 tham1 khu1 i1 jian3 phiat4 ba7,m tsai an ni sinn tshoo hui kap iu hui e kan tan khu piat,m tshi tsai i an jian ni jian sinn i tshoo i jian hui kah tshi iu jian hui e kan jian tham khu i jian phiat ba,1.0666666666666667,15,12,3,0,13,zh,1,ok
1379,indextts,sad,001379_indextts_sad.wav,/srv/RL_project/repo/outputs/wav_by_model/indextts/001379_indextts_sad.wav,si m si tsin sim sik,si7 m7 si7 tsin1 sim1 sik4,si m si tsin sim sik,si m si tsin sim sik,0.0,6,6,0,0,0,zh,1,ok
1380,indextts,happy,001380_indextts_happy.wav,/srv/RL_project/repo/outputs/wav/001380_indextts_happy.wav,ban it na si tu tioh u lang kok pih thiau kang beh sit giam,ban2 tsi2 jian2 it4 si3 na7 tshi2 jian2 si5 tshi1 tu2 jian3 tioh8 ba2 u7 tshi3 lang5 kok4 si3 jian2 phinn3 si3 thiau2 i2 jian3 kang1 beh4 si3 si1 a1 i5 ba1 jian3 kiam2 tsi1,ban it na si tu tioh u lang kok pih thiau kang beh sit giam,ban tsi jian it si na tshi jian si tshi tu jian tioh ba u tshi lang kok si jian phinn si thiau i jian kang beh si si a i ba jian kiam tsi,1.5333333333333334,15,12,3,0,20,zh,1,ok
1381,indextts,happy,001381_indextts_happy.wav,/srv/RL_project/repo/outputs/wav_by_model/indextts/001381_indextts_happy.wav,iong ko nia thoo kap tshoo hui a thoo lam lam tso hue khi sio,iong7 ko1 nia2 thoo5 kah4 tshoo1 hui5 a2 thoo5 lan7 lan7 tso3 hue2 khi3 sio1,iong ko nia thoo kap tshoo hui a thoo lam lam tso hue khi sio,iong ko nia thoo kah tshoo hui a thoo lan lan tso hue khi sio,0.2,15,12,3,0,0,zh,1,ok
1382,indextts,sad,001382_indextts_sad.wav,/srv/RL_project/repo/outputs/wav/001382_indextts_sad.wav,koh sio tshut ua beh tsit tshing nng pah too tso iu kuan un e tsok phin,koo2 si2 e5 su1 iu5 i1 tshut4 tsit4 i3 gua2 beh4 si3 tsit8 ba5 tsian3 tshing1 i1 jian5 oh8 inn5 e5 it4 e5 li7 tshi5 kuan5 gun2 e5 tsok4 si3 jian3 phin2 oh8,koh sio tshut ua beh tsit tshing nng pah too tso iu kuan un e tsok phin,koo si e su iu i tshut tsit i gua beh si tsit ba tsian tshing i jian oh inn e it e li tshi kuan gun e tsok si jian phin oh,1.4705882352941178,17,8,9,0,16,zh,1,ok
1383,indextts,neutral,001383_indextts_neutral.wav,/srv/RL_project/repo/outputs/wav_by_model/indextts/001383_indextts_neutral.wav,tai sing hua gi kong e 陶,tai7 sing1 hua5 gi2 kong2 e7 tau3,tai sing hua gi kong e 陶,tai sing hua gi kong e tau,0.14285714285714285,7,6,1,0,0,zh,1,ok
1384,indextts,angry,001384_indextts_angry.wav,/srv/RL_project/repo/outputs/wav_by_model/indextts/001384_indextts_angry.wav,to m tsai iann beh an tsuann tshing hoo,tioh8 m7 tsai1 iann2 beh4 an2 tsuann2 tshing1 hoo1,to m tsai iann beh an tsuann tshing hoo,tioh m tsai iann beh an tsuann tshing hoo,0.1111111111111111,9,8,1,0,0,zh,1,ok
1385,indextts,sad,001385_indextts_sad.wav,/srv/RL_project/repo/outputs/wav_by_model/indextts/001385_indextts_sad.wav,si tshoo hui iah si iu hui,si7 tshoo1 hui5 iah8 si7 iu3 hui5,si tshoo hui iah si iu hui,si tshoo hui iah si iu hui,0.0,7,7,0,0,0,zh,1,ok
1386,indextts,disgusted,001386_indextts_disgusted.wav,/srv/RL_project/repo/outputs/wav_by_model/indextts/001386_indextts_disgusted.wav,bo iau kin lan to tit tsiap kio i hui a to ho,bo5 iau3 kin2 ioh8 te7 tsiah8 kio3 i3 hui5 a2 to7 ho2,bo iau kin lan to tit tsiap kio i hui a to ho,bo iau kin ioh te tsiah kio i hui a to ho,0.3076923076923077,13,9,3,1,0,zh,1,ok
1387,indextts,happy,001387_indextts_happy.wav,/srv/RL_project/repo/outputs/wav_by_model/indextts/001387_indextts_happy.wav,lan to ka kio tso tshoo hui,lan2 to7 ka7 kio3 tso3 tshoo1 hui5,lan to ka kio tso tshoo hui,lan to ka kio tso tshoo hui,0.0,7,7,0,0,0,zh,1,ok
1388,indextts,happy,001388_indextts_happy.wav,/srv/RL_project/repo/outputs/wav_by_model/indextts/001388_indextts_happy.wav,na si hua gi kong e 瓷,na7 si7 hua5 gi2 kong2 e5 tsi1,na si hua gi kong e 瓷,na si hua gi kong e tsi,0.14285714285714285,7,6,1,0,0,zh,1,ok
1389,indextts,sad,001389_indextts_sad.wav,/srv/RL_project/repo/outputs/wav_by_model/indextts/001389_indextts_sad.wav,bun tsiunn ji,bun5 tsiunn1 ji7,bun tsiunn ji,bun tsiunn ji,0.0,3,3,0,0,0,zh,1,ok
1390,indextts,happy,001390_indextts_happy.wav,/srv/RL_project/repo/outputs/wav_by_model/indextts/001390_indextts_happy.wav,tiong kok beh hoo lan kok bin thai gu liok ui hue bo pian poo,tiong1 kok4 beh4 hoo7 lan2 kok4 bin5 thai7 u7 liok8 ui2 hue7 bo5 pian3 poo7,tiong kok beh hoo lan kok bin thai gu liok ui hue bo pian poo,tiong kok beh hoo lan kok bin thai u liok ui hue bo pian poo,0.06666666666666667,15,14,1,0,0,zh,1,ok
1391,indextts,surprised,001391_indextts_surprised.wav,/srv/RL_project/repo/outputs/wav/001391_indextts_surprised.wav,ng bang tiong kok ti tui kiu sit lik the sing e si,ng3 jian3 bang7 tsi2 tiong1 kian3 kok4 sit8 ti7 tsi2 tui7 gian7 kiu5 sit8 bak8 jian2 lik8 pa2 the5 tsian3 sing1 e5 si5,ng bang tiong kok ti tui kiu sit lik the sing e si,ng jian bang tsi tiong kian kok sit ti tsi tui gian kiu sit bak jian lik pa the tsian sing e si,0.7692307692307693,13,13,0,0,10,zh,1,ok
1392,indextts,angry,001392_indextts_angry.wav,/srv/RL_project/repo/outputs/wav_by_model/indextts/001392_indextts_angry.wav,ma ai iong sin li loo lai khuann thai liong huann kuan he,ma7 ai3 iong7 sin1 li2 loo7 lai5 khuann3 thai7 liong2 hua3 kuan1 he7,ma ai iong sin li loo lai khuann thai liong huann kuan he,ma ai iong sin li loo lai khuann thai liong hua kuan he,0.07692307692307693,13,12,1,0,0,zh,1,ok
1393,indextts,angry,001393_indextts_angry.wav,/srv/RL_project/repo/outputs/wav_by_model/indextts/001393_indextts_angry.wav,tiong kiong tsap kau tai ui tsa khi kau tiam khai si,tiong1 kiong7 tsap8 kau2 tai7 ui3 tsa2 khi3 kau2 tiam2 khai1 si2,tiong kiong tsap kau tai ui tsa khi kau tiam khai si,tiong kiong tsap kau tai ui tsa khi kau tiam khai si,0.0,12,12,0,0,0,zh,1,ok
1394,indextts,happy,001394_indextts_happy.wav,/srv/RL_project/repo/outputs/wav_by_model/indextts/001394_indextts_happy.wav,習近平 ti kang tsok po ko lai te,ting1 phng1 ting1 tit4 kang1 tso3 po3 kok4 lai7 te2,習近平 ti kang tsok po ko lai te,ting phng ting tit kang tso po kok lai te,0.75,8,4,4,0,2,zh,1,ok
1395,indextts,angry,001395_indextts_angry.wav,/srv/RL_project/repo/outputs/wav/001395_indextts_angry.wav,u si pai kong tioh kiu ji kiong sik,u7 tsi3 si3 pai2 kong2 tsian3 tioh8 gua2 kiu3 jiat8 ji7 tsi2 kiong1 tsi2 tsian3 sik4 si2,u si pai kong tioh kiu ji kiong sik,u tsi si pai kong tsian tioh gua kiu jiat ji tsi kiong tsi tsian sik si,0.8888888888888888,9,9,0,0,8,zh,1,ok
1396,indextts,disgusted,001396_indextts_disgusted.wav,/srv/RL_project/repo/outputs/wav_by_model/indextts/001396_indextts_disgusted.wav,piau si tsit e tiong kok guan tsik si liong huann kuan he e tsing ti kun te,piau2 si7 tsit8 e5 tiong1 kok4 guan5 tsik4 si7 liong2 hua3 kuan1 he7 e5 tsing3 ti7 kun1 te2,piau si tsit e tiong kok guan tsik si liong huann kuan he e tsing ti kun te,piau si tsit e tiong kok guan tsik si liong hua kuan he e tsing ti kun te,0.05555555555555555,18,17,1,0,0,zh,1,ok
1397,indextts,fearful,001397_indextts_fearful.wav,/srv/RL_project/repo/outputs/wav_by_model/indextts/001397_indextts_fearful.wav,sing jin kiu ji kiong sik jin tong liong huann kang siok tsit e tiong kok,sin1 lin2 kiu2 li7 kiong7 sit8 lin7 tong5 liong2 huann7 kang1 siok8 tsit8 e5 tiong1 kok4,sing jin kiu ji kiong sik jin tong liong huann kang siok tsit e tiong kok,sin lin kiu li kiong sit lin tong liong huann kang siok tsit e tiong kok,0.3125,16,11,5,0,0,zh,1,ok
1398,indextts,neutral,001398_indextts_neutral.wav,/srv/RL_project/repo/outputs/wav_by_model/indextts/001398_indextts_neutral.wav,siang hong e tui ue to thang khi kiann,siang1 hong1 e5 tui3 ue7 to7 thang1 khi2 kiann5,siang hong e tui ue to thang khi kiann,siang hong e tui ue to thang khi kiann,0.0,9,9,0,0,0,zh,1,ok
1399,indextts,surprised,001399_indextts_surprised.wav,/srv/RL_project/repo/outputs/wav_by_model/indextts/001399_indextts_surprised.wav,tai uan jim ho tsing tong kap thuan the beh ham tiong kok lai khi ma be u tsoo gai,tai5 uan5 lin7 ho5 tsing3 tong2 kah4 thuan5 the2 beh4 han7 tiong1 kok4 lai5 khi2 ma7 be7 u7 tsoo2 gai7,tai uan jim ho tsing tong kap thuan the beh ham tiong kok lai khi ma be u tsoo gai,tai uan lin ho tsing tong kah thuan the beh han tiong kok lai khi ma be u tsoo gai,0.15,20,17,3,0,0,zh,1,ok
1400,indextts,angry,001400_indextts_angry.wav,/srv/RL_project/repo/outputs/wav_by_model/indextts/001400_indextts_angry.wav,tat tit tsu i e si,tat8 tit4 tsu3 i3 e5 si7,tat tit tsu i e si,tat tit tsu i e si,0.0,6,6,0,0,0,zh,1,ok
1401,indextts,fearful,001401_indextts_fearful.wav,/srv/RL_project/repo/outputs/wav_by_model/indextts/001401_indextts_fearful.wav,tsok tsia lua tsiau lam,tsok4 tsia2 lua7 tsiau1 lam5,tsok tsia lua tsiau lam,tsok tsia lua tsiau lam,0.0,5,5,0,0,0,zh,1,ok
1402,indextts,fearful,001402_indextts_fearful.wav,/srv/RL_project/repo/outputs/wav_by_model/indextts/001402_indextts_fearful.wav,習近平 koh kong,tsin1 pinn1 koh4 kong2,習近平 koh kong,tsin pinn koh kong,0.6666666666666666,3,2,1,0,1,zh,1,ok
1403,indextts,happy,001403_indextts_happy.wav,/srv/RL_project/repo/outputs/wav_by_model/indextts/001403_indextts_happy.wav,beh tsiau 兩岸一家親 e li liam,beh4 tsiau5 peh4 a2 e5 i1 tsiah4 lian5 i1 liam5,beh tsiau 兩岸一家親 e li liam,beh tsiau peh a e i tsiah lian i liam,1.0,6,4,2,0,4,zh,1,ok
1404,indextts,disgusted,001404_indextts_disgusted.wav,/srv/RL_project/repo/outputs/wav_by_model/indextts/001404_indextts_disgusted.wav,tauh tauh a hoo tai uan tong pau ti tai liok hak sip tshong giap sing uah,tauh8 tauh8 a2 hoo7 tai5 uan5 tong5 pau1 ti7 tai7 liok8 hak8 sip8 tshong3 giap8 sing1 uah8,tauh tauh a hoo tai uan tong pau ti tai liok hak sip tshong giap sing uah,tauh tauh a hoo tai uan tong pau ti tai liok hak sip tshong giap sing uah,0.0,17,17,0,0,0,zh,1,ok
1405,indextts,sad,001405_indextts_sad.wav,/srv/RL_project/repo/outputs/wav_by_model/indextts/001405_indextts_sad.wav,the kiong kap tai liok tong pau kang khuan e thai gu,the5 kiong1 kah4 tai7 liok8 tong5 pau1 kang7 khuan2 e5 thai7 gu7,the kiong kap tai liok tong pau kang khuan e thai gu,the kiong kah tai liok tong pau kang khuan e thai gu,0.08333333333333333,12,11,1,0,0,zh,1,ok
1406,indextts,surprised,001406_indextts_surprised.wav,/srv/RL_project/repo/outputs/wav_by_model/indextts/001406_indextts_surprised.wav,u hun sik in sut bing thuan tai hak liong huann gian kiu tiong sim tsu jim kiam kau siu iunn khai hong e kai suat,u7 hun1 sik4 in1 sut8 bin5 thuan5 tai7 hak8 liong2 huann7 gian2 kiu3 tiong1 sin1 tsu2 jin5 kiam1 kau3 siu7 iunn5 khai1 hong5 e5 kai2 suah4,u hun sik in sut bing thuan tai hak liong huann gian kiu tiong sim tsu jim kiam kau siu iunn khai hong e kai suat,u hun sik in sut bin thuan tai hak liong huann gian kiu tiong sin tsu jin kiam kau siu iunn khai hong e kai suah,0.15384615384615385,26,22,4,0,0,zh,1,ok
1407,indextts,sad,001407_indextts_sad.wav,/srv/RL_project/repo/outputs/wav_by_model/indextts/001407_indextts_sad.wav,tiong kiong tsit kui tang ka liong huann kau liu e tiong tiam ui tai uan sua kau tiong kok,tiong1 kiong7 tsit4 kui2 tang1 ka7 liong2 huann7 kau1 liu5 e5 tiong7 tiam2 ui3 tai5 uan5 sua2 kau3 tiong1 kok4,tiong kiong tsit kui tang ka liong huann kau liu e tiong tiam ui tai uan sua kau tiong kok,tiong kiong tsit kui tang ka liong huann kau liu e tiong tiam ui tai uan sua kau tiong kok,0.0,20,20,0,0,0,zh,1,ok
1408,indextts,neutral,001408_indextts_neutral.wav,/srv/RL_project/repo/outputs/wav/001408_indextts_neutral.wav,beh siann tai uan e siau lian lang kau tiong kok tshong giap in thau loo,beh4 si2 iann5 u7 tai5 lian2 uan5 e5 siau1 san1 lian5 lian5 lang5 kau1 san1 tiong1 jian5 kok4 si2 tshong1 san1 jian3 giap8 pa1 in2 jian3 thau5 u7 jian3 loo7 tshi7,beh siann tai uan e siau lian lang kau tiong kok tshong giap in thau loo,beh si iann u tai lian uan e siau san lian lian lang kau san tiong jian kok si tshong san jian giap pa in jian thau u jian loo tshi,1.0,16,15,1,0,15,zh,1,ok
1409,indextts,surprised,001409_indextts_surprised.wav,/srv/RL_project/repo/outputs/wav_by_model/indextts/001409_indextts_surprised.wav,bi lai tai pau tsing e ho be,bi7 lai5 tai5 pau1 tsing3 e5 ho7 be2,bi lai tai pau tsing e ho be,bi lai tai pau tsing e ho be,0.0,8,8,0,0,0,zh,1,ok
1410,indextts,neutral,001410_indextts_neutral.wav,/srv/RL_project/repo/outputs/wav/001410_indextts_neutral.wav,phah sng beh kai kah kap tiong kok kong bin kang khuan,phainn2 si2 lian3 sng1 san1 beh4 si2 kai2 kah4 si3 ka1 pi1 si2 tiong1 lian3 kok4 si3 kong1 lian3 bing5 kang1 tshi1 lian3 khuan5 oh8,phah sng beh kai kah kap tiong kok kong bin kang khuan,phainn si lian sng san beh si kai kah si ka pi si tiong lian kok si kong lian bing kang tshi lian khuan oh,1.3333333333333333,12,9,3,0,13,zh,1,ok
1411,indextts,happy,001411_indextts_happy.wav,/srv/RL_project/repo/outputs/wav_by_model/indextts/001411_indextts_happy.wav,hoo tai uan lang ti tiong kok be ko thih phio thang kap tiong kok lang kang khuan,hoo7 tai5 uan5 lang5 ti7 tiong1 kok4 beh4 ko1 thih4 phio3 thang1 kah4 tiong1 kok4 lang5 kang7 khuan2,hoo tai uan lang ti tiong kok be ko thih phio thang kap tiong kok lang kang khuan,hoo tai uan lang ti tiong kok beh ko thih phio thang kah tiong kok lang kang khuan,0.1111111111111111,18,16,2,0,0,zh,1,ok
1412,indextts,neutral,001412_indextts_neutral.wav,/srv/RL_project/repo/outputs/wav_by_model/indextts/001412_indextts_neutral.wav,tiong kok kiong san tong te tsap kau tshu tsuan kok tai piau tai hue tsap gueh tsap peh khui boo,tiong1 kok4 kiong7 suan2 tong2 te7 tsap8 kau2 tshu3 tsuan5 kok4 tai7 piau2 tai7 hue7 tsap8 gueh8 tsap8 peh4 khui1 moo7,tiong kok kiong san tong te tsap kau tshu tsuan kok tai piau tai hue tsap gueh tsap peh khui boo,tiong kok kiong suan tong te tsap kau tshu tsuan kok tai piau tai hue tsap gueh tsap peh khui moo,0.09523809523809523,21,19,2,0,0,zh,1,ok
1413,indextts,angry,001413_indextts_angry.wav,/srv/RL_project/repo/outputs/wav/001413_indextts_angry.wav,bian pai tui tit tsiap lu kha jip tsam ka thiam li pian sing,bian2 pai5 tsian3 tui1 tsi1 tik4 pa1 tsian3 tsiap4 tshi3 lut8 jian5 kha1 ah4 jip8 ba5 tsam7 tsi1 ka1 tsian3 thiam1 i1 li7 tshi1 tsian3 tshing1 tshing3,bian pai tui tit tsiap lu kha jip tsam ka thiam li pian sing,bian pai tsian tui tsi tik pa tsian tsiap tshi lut jian kha ah jip ba tsam tsi ka tsian thiam i li tshi tsian tshing tshing,1.2142857142857142,14,10,4,0,13,zh,1,ok
1414,indextts,neutral,001414_indextts_neutral.wav,/srv/RL_project/repo/outputs/wav_by_model/indextts/001414_indextts_neutral.wav,iunn khai hong jin ui,iunn5 khai1 hong1 jin7 ui5,iunn khai hong jin ui,iunn khai hong jin ui,0.0,5,5,0,0,0,zh,1,ok
1415,indextts,neutral,001415_indextts_neutral.wav,/srv/RL_project/repo/outputs/wav_by_model/indextts/001415_indextts_neutral.wav,tse huan se piau si tiong kiong tui ka ki e huat tian tsin u sin sim,tse1 huan1 se3 piau2 si7 tiong1 kiong7 tui3 ka1 ki7 e5 huat4 tian2 tsin1 u7 sin3 sim1,tse huan se piau si tiong kiong tui ka ki e huat tian tsin u sin sim,tse huan se piau si tiong kiong tui ka ki e huat tian tsin u sin sim,0.0,17,17,0,0,0,zh,1,ok
1416,indextts,happy,001416_indextts_happy.wav,/srv/RL_project/repo/outputs/wav_by_model/indextts/001416_indextts_happy.wav,tsun si tai uan lang lai kau tiong kok sia hue,tsun3 si7 tai5 uan5 lang5 lai5 kau3 tiong1 kok4 sia7 hue7,tsun si tai uan lang lai kau tiong kok sia hue,tsun si tai uan lang lai kau tiong kok sia hue,0.0,11,11,0,0,0,zh,1,ok
1417,indextts,fearful,001417_indextts_fearful.wav,/srv/RL_project/repo/outputs/wav_by_model/indextts/001417_indextts_fearful.wav,tio e tang ka liong huann e kha poo giu khah ua leh,tio7 e7 tang3 ka7 liong2 huann7 e5 kha1 poo1 kiu2 khah4 ua2 leh4,tio e tang ka liong huann e kha poo giu khah ua leh,tio e tang ka liong huann e kha poo kiu khah ua leh,0.07692307692307693,13,12,1,0,0,zh,1,ok
1418,indextts,fearful,001418_indextts_fearful.wav,/srv/RL_project/repo/outputs/wav_by_model/indextts/001418_indextts_fearful.wav,liok ui hue e siann bing tsi tshut,liok8 ui2 hue7 e5 siann1 bin5 tsi2 tshut4,liok ui hue e siann bing tsi tshut,liok ui hue e siann bin tsi tshut,0.125,8,7,1,0,0,zh,1,ok
1419,indextts,neutral,001419_indextts_neutral.wav,/srv/RL_project/repo/outputs/wav_by_model/indextts/001419_indextts_neutral.wav,tiong kiong tsap kau tai po ko tui tai tsing tshik uan na bo pian poo,tiong1 kiong7 tsap8 kau2 tai7 po3 koo3 tui3 tai5 tsing3 tshik4 guan2 na2 bo5 pian3 poo7,tiong kiong tsap kau tai po ko tui tai tsing tshik uan na bo pian poo,tiong kiong tsap kau tai po koo tui tai tsing tshik guan na bo pian poo,0.125,16,14,2,0,0,zh,1,ok
1420,indextts,neutral,001420_indextts_neutral.wav,/srv/RL_project/repo/outputs/wav_by_model/indextts/001420_indextts_neutral.wav,koh thiau kang kik tshut the hong nua tsah e thai too,koh4 thiau1 kang1 kiat4 tshut4 the5 hong5 nua2 tsa2 e5 thai7 too7,koh thiau kang kik tshut the hong nua tsah e thai too,koh thiau kang kiat tshut the hong nua tsa e thai too,0.16666666666666666,12,10,2,0,0,zh,1,ok
1421,indextts,sad,001421_indextts_sad.wav,/srv/RL_project/repo/outputs/wav_by_model/indextts/001421_indextts_sad.wav,liok ui hue hoo iok tui huann tsin bak khuann tiong tsit e su sit,liok8 ui2 hue7 ho2 iok8 tui3 huann7 tsin1 bak8 khuann3 tiong7 tsit8 e5 su7 sit8,liok ui hue hoo iok tui huann tsin bak khuann tiong tsit e su sit,liok ui hue ho iok tui huann tsin bak khuann tiong tsit e su sit,0.06666666666666667,15,14,1,0,0,zh,1,ok
1422,indextts,neutral,001422_indextts_neutral.wav,/srv/RL_project/repo/outputs/wav_by_model/indextts/001422_indextts_neutral.wav,koo tsit ping nge beh tsiann e it tiong guan tsik kap tsit kok nng tse,koo1 tsit8 ping5 ngeh4 beh4 tsiann5 e7 it4 tiong1 guan5 tsioh8 kah4 tsit8 ko3 nng7 tseh4,koo tsit ping nge beh tsiann e it tiong guan tsik kap tsit kok nng tse,koo tsit ping ngeh beh tsiann e it tiong guan tsioh kah tsit ko nng tseh,0.3125,16,11,5,0,0,zh,1,ok
1423,indextts,happy,001423_indextts_happy.wav,/srv/RL_project/repo/outputs/wav_by_model/indextts/001423_indextts_happy.wav,tiong kiong tsong su ki 習近平 leh po ko e si,tiong5 kiong7 tsong2 su1 ki5 iong7 tsin3 pinn2 leh4 po3 ko3 e5 si5,tiong kiong tsong su ki 習近平 leh po ko e si,tiong kiong tsong su ki iong tsin pinn leh po ko e si,0.2727272727272727,11,10,1,0,2,zh,1,ok
1424,indextts,disgusted,001424_indextts_disgusted.wav,/srv/RL_project/repo/outputs/wav_by_model/indextts/001424_indextts_disgusted.wav,tsin oh hann kue bin sim e tshim kau,tsin1 oh4 ha7 kue3 bin7 sin1 e5 tshin1 kau1,tsin oh hann kue bin sim e tshim kau,tsin oh ha kue bin sin e tshin kau,0.3333333333333333,9,6,3,0,0,zh,1,ok
1425,indextts,neutral,001425_indextts_neutral.wav,/srv/RL_project/repo/outputs/wav_by_model/indextts/001425_indextts_neutral.wav,liok ui hue kiong tiau,liok8 ui2 hue7 kiong5 tiau7,liok ui hue kiong tiau,liok ui hue kiong tiau,0.0,5,5,0,0,0,zh,1,ok
1426,indextts,happy,001426_indextts_happy.wav,/srv/RL_project/repo/outputs/wav/001426_indextts_happy.wav,tshua tsing hu u tsam tsat bo jia khang,tshua7 san1 tsin1 san1 lian5 hu2 u7 tsi1 tsam2 tshi1 lian3 tsap8 tsi2 bo5 ia2 ian2 khang1 i1,tshua tsing hu u tsam tsat bo jia khang,tshua san tsin san lian hu u tsi tsam tshi lian tsap tsi bo ia ian khang i,1.3333333333333333,9,6,3,0,9,zh,1,ok
1427,indextts,fearful,001427_indextts_fearful.wav,/srv/RL_project/repo/outputs/wav/001427_indextts_fearful.wav,ui tshi hian hong tsun tiong it kiu kiu ji ni liong hue hue tam lik su su sit e lip tiunn bo pian,ui5 jian3 tshi3 u7 siau1 si5 ian3 tshi5 jian3 hong2 tsun5 inn7 tsian3 tiong7 tsi1 it4 tsian3 kiu2 tsian3 kiu2 tsian3 ji7 tshi1 ni5 liong2 hue3 tshi2 siau1 si5 ui5 tsi1 tsian3 tan1 u7 liok8 pa2 tsian3 su1 su2 tsi1 jian3 sit8 pa1 e5 li2 pa1 tsian3 tiunn5 u7 bo5 pian3,ui tshi hian hong tsun tiong it kiu kiu ji ni liong hue hue tam lik su su sit e lip tiunn bo pian,ui jian tshi u siau si ian tshi jian hong tsun inn tsian tiong tsi it tsian kiu tsian kiu tsian ji tshi ni liong hue tshi siau si ui tsi tsian tan u liok pa tsian su su tsi jian sit pa e li pa tsian tiunn u bo pian,1.3333333333333333,24,19,5,0,27,zh,1,ok
1428,indextts,sad,001428_indextts_sad.wav,/srv/RL_project/repo/outputs/wav_by_model/indextts/001428_indextts_sad.wav,m koh tiong hua bin kok si tsu khuan kok ka,m7 koh4 tiong1 hua5 bin5 kok4 si7 tsu2 khuan5 kok4 ka1,m koh tiong hua bin kok si tsu khuan kok ka,m koh tiong hua bin kok si tsu khuan kok ka,0.0,11,11,0,0,0,zh,1,ok
1429,indextts,disgusted,001429_indextts_disgusted.wav,/srv/RL_project/repo/outputs/wav_by_model/indextts/001429_indextts_disgusted.wav,tai uan e bi lai kap liong huann kuan he si nng tshing sann pah ban lang e kiong tong suan tik,tai5 uan5 e5 bi7 lai5 kah4 liong2 huann7 kuan1 he7 si7 nng7 tshing1 sann1 pah4 ban7 lang5 e5 kiong7 tong5 suan2 tik8,tai uan e bi lai kap liong huann kuan he si nng tshing sann pah ban lang e kiong tong suan tik,tai uan e bi lai kah liong huann kuan he si nng tshing sann pah ban lang e kiong tong suan tik,0.045454545454545456,22,21,1,0,0,zh,1,ok
1430,indextts,neutral,001430_indextts_neutral.wav,/srv/RL_project/repo/outputs/wav_by_model/indextts/001430_indextts_neutral.wav,liong huann ai tso hue tshiau tshue sio kau tshap e sin loo,liong2 huann7 ai3 tso3 hue2 tshiau1 tshue7 sio2 kau1 tshap4 e5 sin1 loo7,liong huann ai tso hue tshiau tshue sio kau tshap e sin loo,liong huann ai tso hue tshiau tshue sio kau tshap e sin loo,0.0,13,13,0,0,0,zh,1,ok
1431,indextts,fearful,001431_indextts_fearful.wav,/srv/RL_project/repo/outputs/wav_by_model/indextts/001431_indextts_fearful.wav,tsiam tui tiong kiong tsap kau tai e po ko,tsiam1 tui3 tiong1 kiong7 tsap8 kau2 tai7 e5 po3 ko3,tsiam tui tiong kiong tsap kau tai e po ko,tsiam tui tiong kiong tsap kau tai e po ko,0.0,10,10,0,0,0,zh,1,ok
1432,indextts,sad,001432_indextts_sad.wav,/srv/RL_project/repo/outputs/wav/001432_indextts_sad.wav,si tai lik liong piau si,si7 jian3 tai7 tsi2 li2 pa2 jian3 liong1 tshi7 piau2 o2 jian3 sit8 tsi1,si tai lik liong piau si,si jian tai tsi li pa jian liong tshi piau o jian sit tsi,1.6666666666666667,6,4,2,0,8,zh,1,ok
1433,indextts,neutral,001433_indextts_neutral.wav,/srv/RL_project/repo/outputs/wav_by_model/indextts/001433_indextts_neutral.wav,tsi tshi tshua tsong thong tsun tiong kiu ji hue tam lik su su sit e tsing tshik te tiau,tsi2 tshi5 tshua7 tsong2 thong2 tsun1 tiong7 kiu2 gi7 hue7 tam5 li7 su3 su7 sit8 e5 tsing3 tshik4 te2 tiau7,tsi tshi tshua tsong thong tsun tiong kiu ji hue tam lik su su sit e tsing tshik te tiau,tsi tshi tshua tsong thong tsun tiong kiu gi hue tam li su su sit e tsing tshik te tiau,0.1,20,18,2,0,0,zh,1,ok
1434,indextts,disgusted,001434_indextts_disgusted.wav,/srv/RL_project/repo/outputs/wav_by_model/indextts/001434_indextts_disgusted.wav,tu liau koh kiong tiau kian kuat huan tui ping ap tse tai tok se lik,tu5 liau2 koh4 kiong5 tiau7 kian1 kuat4 huan2 tui3 ping7 a2 tse3 tai5 too7 se3 liok8,tu liau koh kiong tiau kian kuat huan tui ping ap tse tai tok se lik,tu liau koh kiong tiau kian kuat huan tui ping a tse tai too se liok,0.1875,16,13,3,0,0,zh,1,ok
1435,indextts,surprised,001435_indextts_surprised.wav,/srv/RL_project/repo/outputs/wav_by_model/indextts/001435_indextts_surprised.wav,ma hoo iok tiong kiong ti tsit e tiong kok tsit e tai uan e ki tshoo siong,ma7 ho2 iok8 tiong1 kiong2 ti7 tsit8 e5 tiong1 kok4 tsit8 e5 tai5 uan5 e5 ki1 tshoo2 siong7,ma hoo iok tiong kiong ti tsit e tiong kok tsit e tai uan e ki tshoo siong,ma ho iok tiong kiong ti tsit e tiong kok tsit e tai uan e ki tshoo siong,0.05555555555555555,18,17,1,0,0,zh,1,ok
1436,indextts,sad,001436_indextts_sad.wav,/srv/RL_project/repo/outputs/wav_by_model/indextts/001436_indextts_sad.wav,kap tai uan tsing hu tui ue khi tso liong huann tsing siong liong sing e kau tshap kuan he,kah4 tai5 uan5 tsing3 hu2 tui3 ue7 khi2 tso7 liong2 huann7 tsin3 siong5 liong5 sing3 e5 kau1 tshap4 kuan1 he7,kap tai uan tsing hu tui ue khi tso liong huann tsing siong liong sing e kau tshap kuan he,kah tai uan tsing hu tui ue khi tso liong huann tsin siong liong sing e kau tshap kuan he,0.1,20,18,2,0,0,zh,1,ok
1437,indextts,disgusted,001437_indextts_disgusted.wav,/srv/RL_project/repo/outputs/wav_by_model/indextts/001437_indextts_disgusted.wav,ling gua tsit hong bin,ling7 gua7 tsit8 hong1 bin7,ling gua tsit hong bin,ling gua tsit hong bin,0.0,5,5,0,0,0,zh,1,ok
1438,indextts,surprised,001438_indextts_surprised.wav,/srv/RL_project/repo/outputs/wav/001438_indextts_surprised.wav,kok bin tong tsu sik ngoo tun gi kong,kok4 si3 jian5 bin5 tsian3 tong2 tsu2 a2 tsian3 sioh4 pang1 a2 ke1 oo1 oo1 u7 tun7 ling3 gi7 tshi2 kong2,kok bin tong tsu sik ngoo tun gi kong,kok si jian bin tsian tong tsu a tsian sioh pang a ke oo oo u tun ling gi tshi kong,1.5555555555555556,9,7,2,0,12,zh,1,ok
1439,indextts,fearful,001439_indextts_fearful.wav,/srv/RL_project/repo/outputs/wav_by_model/indextts/001439_indextts_fearful.wav,ai u it tiong kok piau e kiu ji kiong sik,ai3 u7 it4 tiong1 kok4 piau1 e5 kiu2 ji7 kiong7 sioh4,ai u it tiong kok piau e kiu ji kiong sik,ai u it tiong kok piau e kiu ji kiong sioh,0.09090909090909091,11,10,1,0,0,zh,1,ok
1440,indextts,surprised,001440_indextts_surprised.wav,/srv/RL_project/repo/outputs/wav_by_model/indextts/001440_indextts_surprised.wav,tsiah thang po tsing tiong hua bin kok e tsu khuan kap tsun giam,tsiah4 thang1 po2 tsing3 tiong1 hua5 bin5 kok4 e5 tsu2 khuan5 kah4 tsun1 giam5,tsiah thang po tsing tiong hua bin kok e tsu khuan kap tsun giam,tsiah thang po tsing tiong hua bin kok e tsu khuan kah tsun giam,0.07142857142857142,14,13,1,0,0,zh,1,ok
1441,indextts,neutral,001441_indextts_neutral.wav,/srv/RL_project/repo/outputs/wav/001441_indextts_neutral.wav,ma kong tioh tui tai khang khue e tiong tiam,ma7 tshi5 kong2 ian2 tioh8 ba2 tui3 tai5 khang1 i1 ian3 khue3 san1 e5 tiong5 tshi7 gian3 tiam7 a2,ma kong tioh tui tai khang khue e tiong tiam,ma tshi kong ian tioh ba tui tai khang i ian khue san e tiong tshi gian tiam a,0.9,10,10,0,0,9,zh,1,ok
1442,indextts,disgusted,001442_indextts_disgusted.wav,/srv/RL_project/repo/outputs/wav/001442_indextts_disgusted.wav,the kiong tai uan lang ti tiong kok e kok bin thai gu,the5 tsing3 kiong1 tai5 tsing3 guan5 jian3 lang5 ti7 tsi1 tiong1 tsing3 kok4 si2 e5 kok4 si2 tsian3 bing5 thai5 tsi1 jian7 gu7 tshi1,the kiong tai uan lang ti tiong kok e kok bin thai gu,the tsing kiong tai tsing guan jian lang ti tsi tiong tsing kok si e kok si tsian bing thai tsi jian gu tshi,1.0,13,11,2,0,11,zh,1,ok
1443,indextts,happy,001443_indextts_happy.wav,/srv/RL_project/repo/outputs/wav_by_model/indextts/001443_indextts_happy.wav,hing tsing inn tai liok ui guan hue lin ui,hing5 tsing3 inn7 tai7 liok8 ui2 uan5 hue7 e5 lin7 ui5,hing tsing inn tai liok ui guan hue lin ui,hing tsing inn tai liok ui uan hue e lin ui,0.2,10,9,1,0,1,zh,1,ok
1444,indextts,sad,001444_indextts_sad.wav,/srv/RL_project/repo/outputs/wav_by_model/indextts/001444_indextts_sad.wav,tiong kok tui tai tsing tshik bo pian poo tsin phah sng,tiong1 kok4 tui3 tai5 tsin3 tshik4 bo5 pian3 poo7 tsin1 phah4 sng2,tiong kok tui tai tsing tshik bo pian poo tsin phah sng,tiong kok tui tai tsin tshik bo pian poo tsin phah sng,0.08333333333333333,12,11,1,0,0,zh,1,ok
1445,indextts,fearful,001445_indextts_fearful.wav,/srv/RL_project/repo/outputs/wav/001445_indextts_fearful.wav,bun tsiunn sann,bun5 tsian3 tsiunn1 it4 miau7 sann1 it4,bun tsiunn sann,bun tsian tsiunn it miau sann it,1.3333333333333333,3,3,0,0,4,zh,1,ok
1446,indextts,fearful,001446_indextts_fearful.wav,/srv/RL_project/repo/outputs/wav/001446_indextts_fearful.wav,jiau sia e ge sut,giah8 ku7 jian3 sia2 e7 e1 tshinn1 jian3 su1 pa1 asian,jiau sia e ge sut,giah ku jian sia e e tshinn jian su pa asian,1.8,5,2,3,0,6,zh,1,ok
1447,indextts,surprised,001447_indextts_surprised.wav,/srv/RL_project/repo/outputs/wav/001447_indextts_surprised.wav,lian kah u tsit kang tat kau hit e tsi kuan e king kai,lian5 tsi1 kah4 si3 u7 tsi1 tsit8 ba7 lian5 kang1 tah8 ba7 lian3 ke1 gua7 sann1 siau3 si5 it4 tsi3 jian5 e5 tsi1 san2 kuan5 e5 king2 ting2 kai3 lian5 tsi1 kang1 tsit8 sann1 siau3 si5 tsit8 bin5 tsit8 bi2 hiann1 tsau3 tsit8 pi2 tsi2 tshut4 tshut4 tsit8 bi2 tshut4 tshut4 tsit8 pi1 tshut4 tsit8,lian kah u tsit kang tat kau hit e tsi kuan e king kai,lian tsi kah si u tsi tsit ba lian kang tah ba lian ke gua sann siau si it tsi jian e tsi san kuan e king ting kai lian tsi kang tsit sann siau si tsit bin tsit bi hiann tsau tsit pi tsi tshut tshut tsit bi tshut tshut tsit pi tshut tsit,3.142857142857143,14,11,3,0,41,zh,1,ok
1448,indextts,disgusted,001448_indextts_disgusted.wav,/srv/RL_project/repo/outputs/wav_by_model/indextts/001448_indextts_disgusted.wav,kio tso ge sut,kio3 tso3 ge7 sut8,kio tso ge sut,kio tso ge sut,0.0,4,4,0,0,0,zh,1,ok
1449,indextts,angry,001449_indextts_angry.wav,/srv/RL_project/repo/outputs/wav_by_model/indextts/001449_indextts_angry.wav,na si e tang sng tshut guan liong kui pian,na7 si7 e7 tang3 sing3 tshut4 guan5 liong7 kui2 pian3,na si e tang sng tshut guan liong kui pian,na si e tang sing tshut guan liong kui pian,0.1,10,9,1,0,0,zh,1,ok
1450,indextts,surprised,001450_indextts_surprised.wav,/srv/RL_project/repo/outputs/wav_by_model/indextts/001450_indextts_surprised.wav,an ne to si iau be guan liong,an2 ne1 to7 si7 iau2 be7 uan5 liong7,an ne to si iau be guan liong,an ne to si iau be uan liong,0.125,8,7,1,0,0,zh,1,ok
1451,indextts,fearful,001451_indextts_fearful.wav,/srv/RL_project/repo/outputs/wav/001451_indextts_fearful.wav,ia soo kong e tshit tsap e tshit pian,ia2 jian3 soo3 i1 kong2 e5 tshit4 si3 jian3 tsap8 a2 e5 tshit4 si3 pian3,ia soo kong e tshit tsap e tshit pian,ia jian soo i kong e tshit si jian tsap a e tshit si pian,0.6666666666666666,9,9,0,0,6,zh,1,ok
1452,indextts,disgusted,001452_indextts_disgusted.wav,/srv/RL_project/repo/outputs/wav/001452_indextts_disgusted.wav,tsiu si tshin tshiunn lan kong e tshit tshit si tsap kau pian,tsiunn7 tsi3 se1 tshing1 i5 tsian3 tshiunn7 tsi3 lan2 kong2 e5 tshit4 tshit4 tshit4 tsian3 si3 tsap8 bah4 tsian3 kau1 a2 pian3,tsiu si tshin tshiunn lan kong e tshit tshit si tsap kau pian,tsiunn tsi se tshing i tsian tshiunn tsi lan kong e tshit tshit tshit tsian si tsap bah tsian kau a pian,0.9230769230769231,13,10,3,0,9,zh,1,ok
1453,indextts,surprised,001453_indextts_surprised.wav,/srv/RL_project/repo/outputs/wav_by_model/indextts/001453_indextts_surprised.wav,to si m tsai iann kui pian,to7 si7 m7 tsai1 iann2 kui2 pian3,to si m tsai iann kui pian,to si m tsai iann kui pian,0.0,7,7,0,0,0,zh,1,ok
1454,indextts,angry,001454_indextts_angry.wav,/srv/RL_project/repo/outputs/wav_by_model/indextts/001454_indextts_angry.wav,it tit kau uan tsuan bo teh ti i,it4 tit8 kau3 uan5 tsuan5 bo5 teh4 ti3 i3,it tit kau uan tsuan bo teh ti i,it tit kau uan tsuan bo teh ti i,0.0,9,9,0,0,0,zh,1,ok
1455,indextts,angry,001455_indextts_angry.wav,/srv/RL_project/repo/outputs/wav_by_model/indextts/001455_indextts_angry.wav,bo koh khioh hun,bo5 koh4 khioh4 hun1,bo koh khioh hun,bo koh khioh hun,0.0,4,4,0,0,0,zh,1,ok
1456,indextts,sad,001456_indextts_sad.wav,/srv/RL_project/repo/outputs/wav_by_model/indextts/001456_indextts_sad.wav,m koh lan thak bi kok jin bun tsu gi tai su pang liong e khuan iong,m7 koh4 lan2 thak8 bi2 kok4 jin5 bun5 tsu2 gi7 tai7 su1 pang1 liong5 e5 khuan2 iong7,m koh lan thak bi kok jin bun tsu gi tai su pang liong e khuan iong,m koh lan thak bi kok jin bun tsu gi tai su pang liong e khuan iong,0.0,17,17,0,0,0,zh,1,ok
1457,indextts,surprised,001457_indextts_surprised.wav,/srv/RL_project/repo/outputs/wav/001457_indextts_surprised.wav,tsok tsia li khin huann,tsok4 si2 jian3 tsia2 ah4 li7 khin1 u7 jian3 hua1 tsi1,tsok tsia li khin huann,tsok si jian tsia ah li khin u jian hua tsi,1.4,5,4,1,0,6,zh,1,ok
1458,indextts,fearful,001458_indextts_fearful.wav,/srv/RL_project/repo/outputs/wav_by_model/indextts/001458_indextts_fearful.wav,thak liau tit tioh kap tsok tsia kang khuan e kiat lun,thak8 liau2 tit4 tioh8 kah4 tsok4 tsia2 kang7 khuan2 e5 kiat4 lun7,thak liau tit tioh kap tsok tsia kang khuan e kiat lun,thak liau tit tioh kah tsok tsia kang khuan e kiat lun,0.08333333333333333,12,11,1,0,0,zh,1,ok
1459,indextts,fearful,001459_indextts_fearful.wav,/srv/RL_project/repo/outputs/wav_by_model/indextts/001459_indextts_fearful.wav,jin lui e lik su to si tsit pho put khuan iong su,lin5 lui7 e5 lik8 su2 to7 si7 tsit8 pho7 poh4 khuan5 iong5 su1,jin lui e lik su to si tsit pho put khuan iong su,lin lui e lik su to si tsit pho poh khuan iong su,0.15384615384615385,13,11,2,0,0,zh,1,ok
1460,indextts,disgusted,001460_indextts_disgusted.wav,/srv/RL_project/repo/outputs/wav/001460_indextts_disgusted.wav,jin lui put tuan tiong hok sim kuann kheh eh,jin5 tsian3 lui5 tsi1 puh4 si3 jian3 tuan5 tshi1 tiong5 jian3 hok8 bak8 X e5 e7 pa1,jin lui put tuan tiong hok sim kuann kheh eh,jin tsian lui tsi puh si jian tuan tshi tiong jian hok bak x e e pa,1.2,10,5,5,0,7,zh,1,ok
1461,indextts,fearful,001461_indextts_fearful.wav,/srv/RL_project/repo/outputs/wav_by_model/indextts/001461_indextts_fearful.wav,bo huat too tsiap lap kap ka ki bo kang khuan siunn huat e tsok ui,bo5 huat4 too7 tsiah4 lah8 kah4 ka1 ki7 bo5 kang5 khuan2 siunn7 huat4 e5 tsok4 ui5,bo huat too tsiap lap kap ka ki bo kang khuan siunn huat e tsok ui,bo huat too tsiah lah kah ka ki bo kang khuan siunn huat e tsok ui,0.1875,16,13,3,0,0,zh,1,ok
1462,indextts,angry,001462_indextts_angry.wav,/srv/RL_project/repo/outputs/wav_by_model/indextts/001462_indextts_angry.wav,na si kap gua bo sio kang,na7 si7 kah4 gua2 bo5 siu2 kang5,na si kap gua bo sio kang,na si kah gua bo siu kang,0.2857142857142857,7,5,2,0,0,zh,1,ok
1463,indextts,disgusted,001463_indextts_disgusted.wav,/srv/RL_project/repo/outputs/wav_by_model/indextts/001463_indextts_disgusted.wav,to si li si gua uah,toh8 si7 li2 si7 ua1 ua1,to si li si gua uah,toh si li si ua ua,0.5,6,3,3,0,0,zh,1,ok
1464,indextts,angry,001464_indextts_angry.wav,/srv/RL_project/repo/outputs/wav_by_model/indextts/001464_indextts_angry.wav,tse pau kuat tse tse soo ui ia soo tai gian jin e jin lui,tse1 pau1 kuat4 tse7 tse7 soo2 ui7 ia2 soo2 tai7 gian5 jin5 e5 jin5 lui7,tse pau kuat tse tse soo ui ia soo tai gian jin e jin lui,tse pau kuat tse tse soo ui ia soo tai gian jin e jin lui,0.0,15,15,0,0,0,zh,1,ok
1465,indextts,sad,001465_indextts_sad.wav,/srv/RL_project/repo/outputs/wav_by_model/indextts/001465_indextts_sad.wav,jin lui kau tann e lik su,tsin1 lui7 kau3 tah4 e5 lik8 su2,jin lui kau tann e lik su,tsin lui kau tah e lik su,0.2857142857142857,7,5,2,0,0,zh,1,ok
1466,indextts,happy,001466_indextts_happy.wav,/srv/RL_project/repo/outputs/wav_by_model/indextts/001466_indextts_happy.wav,tshit tsap e tshit pian long si bo jiau sia bo khuan iong bo guan liong,tshit4 tsap8 e5 tshit4 pian3 long2 si7 bo5 liau5 sia3 bo5 khuan5 iong5 bo5 guan5 liong7,tshit tsap e tshit pian long si bo jiau sia bo khuan iong bo guan liong,tshit tsap e tshit pian long si bo liau sia bo khuan iong bo guan liong,0.0625,16,15,1,0,0,zh,1,ok
1467,indextts,sad,001467_indextts_sad.wav,/srv/RL_project/repo/outputs/wav_by_model/indextts/001467_indextts_sad.wav,jin lui ko lian si kau tse thian pian e,lin5 lui7 ko2 lian5 si7 kau1 tse5 thian1 pian3 e5,jin lui ko lian si kau tse thian pian e,lin lui ko lian si kau tse thian pian e,0.1,10,9,1,0,0,zh,1,ok
1468,indextts,neutral,001468_indextts_neutral.wav,/srv/RL_project/repo/outputs/wav_by_model/indextts/001468_indextts_neutral.wav,pi tik mng ia soo kong,pi2 tit4 mng7 ia1 soo2 kong2,pi tik mng ia soo kong,pi tit mng ia soo kong,0.16666666666666666,6,5,1,0,0,zh,1,ok
1469,indextts,disgusted,001469_indextts_disgusted.wav,/srv/RL_project/repo/outputs/wav/001469_indextts_disgusted.wav,kau tse thian tshit tsap tshit pian,kau7 u7 tseh4 u7 jian3 thiann1 i1 tshit4 tshit4 jian3 tsai5 pa1 jian3 tshit4 tsit4 pian3,kau tse thian tshit tsap tshit pian,kau u tseh u jian thiann i tshit tshit jian tsai pa jian tshit tsit pian,1.7142857142857142,7,4,3,0,9,zh,1,ok
1470,indextts,happy,001470_indextts_happy.wav,/srv/RL_project/repo/outputs/wav_by_model/indextts/001470_indextts_happy.wav,pian lai pian khi ma si kau,pian2 lai5 pian2 khi2 ma7 si7 kau5,pian lai pian khi ma si kau,pian lai pian khi ma si kau,0.0,7,7,0,0,0,zh,1,ok
1471,indextts,surprised,001471_indextts_surprised.wav,/srv/RL_project/repo/outputs/wav_by_model/indextts/001471_indextts_surprised.wav,luh sin lim tsiong e si,lu5 sin3 lin5 tsiong1 e5 si5,luh sin lim tsiong e si,lu sin lin tsiong e si,0.3333333333333333,6,4,2,0,0,zh,1,ok
1472,indextts,fearful,001472_indextts_fearful.wav,/srv/RL_project/repo/outputs/wav_by_model/indextts/001472_indextts_fearful.wav,siunn tioh se hng lang e thuan thong,siunn7 tioh8 senn1 lang5 e5 thuan5 thong2,siunn tioh se hng lang e thuan thong,siunn tioh senn lang e thuan thong,0.25,8,6,1,1,0,zh,1,ok
1473,indextts,disgusted,001473_indextts_disgusted.wav,/srv/RL_project/repo/outputs/wav_by_model/indextts/001473_indextts_disgusted.wav,thiann kong si tsin tsing ai guan liong tsit si lang tit tsue lan e lang,thiann1 kong2 si2 tsin3 tsing5 ai3 guan5 liong7 tsit4 si3 lang5 tit4 tsue3 lan2 e5 lang5,thiann kong si tsin tsing ai guan liong tsit si lang tit tsue lan e lang,thiann kong si tsin tsing ai guan liong tsit si lang tit tsue lan e lang,0.0,16,16,0,0,0,zh,1,ok
1474,indextts,surprised,001474_indextts_surprised.wav,/srv/RL_project/repo/outputs/wav/001474_indextts_surprised.wav,thang ho ong sing,thang1 i1 tsian3 ho2 ong2 tsian3 sing1,thang ho ong sing,thang i tsian ho ong tsian sing,0.75,4,4,0,0,3,zh,1,ok
1475,indextts,sad,001475_indextts_sad.wav,/srv/RL_project/repo/outputs/wav_by_model/indextts/001475_indextts_sad.wav,m koh i it tit siunn suah ju siunn ju tse guan liong be liau,m7 koh4 i1 it4 tit8 siunn7 suah4 ju2 siunn7 ju2 tse7 guan5 liong7 be7 liau2,m koh i it tit siunn suah ju siunn ju tse guan liong be liau,m koh i it tit siunn suah ju siunn ju tse guan liong be liau,0.0,15,15,0,0,0,zh,1,ok
1476,indextts,neutral,001476_indextts_neutral.wav,/srv/RL_project/repo/outputs/wav_by_model/indextts/001476_indextts_neutral.wav,to kong tit tsue gua e lang sit tsai siunn tse ah,to7 kong2 li2 tsue3 gua2 e5 lang5 sit8 tsai7 siunn1 tse7 ah4,to kong tit tsue gua e lang sit tsai siunn tse ah,to kong li tsue gua e lang sit tsai siunn tse ah,0.08333333333333333,12,11,1,0,0,zh,1,ok
1477,indextts,neutral,001477_indextts_neutral.wav,/srv/RL_project/repo/outputs/wav_by_model/indextts/001477_indextts_neutral.wav,bo in ma mai guan liong gua lah,bo5 in1 ma7 mai3 guan5 liong5 gua2 lah4,bo in ma mai guan liong gua lah,bo in ma mai guan liong gua lah,0.0,8,8,0,0,0,zh,1,ok
1478,indextts,sad,001478_indextts_sad.wav,/srv/RL_project/repo/outputs/wav_by_model/indextts/001478_indextts_sad.wav,an ne tak ke tshe penn tsun suah,an2 ne1 tak8 ke1 tsheh4 peh8 tsun2 suah4,an ne tak ke tshe penn tsun suah,an ne tak ke tsheh peh tsun suah,0.25,8,6,2,0,0,zh,1,ok
1479,indextts,disgusted,001479_indextts_disgusted.wav,/srv/RL_project/repo/outputs/wav_by_model/indextts/001479_indextts_disgusted.wav,gua i king guan liong tui hong tshit pian ah,gua2 i2 king1 guan5 liong7 tui3 hong1 tshit4 pian3 ah4,gua i king guan liong tui hong tshit pian ah,gua i king guan liong tui hong tshit pian ah,0.0,10,10,0,0,0,zh,1,ok
1480,indextts,disgusted,001480_indextts_disgusted.wav,/srv/RL_project/repo/outputs/wav/001480_indextts_disgusted.wav,gua siunn tan beh tng khui tsiah lai jiau sia,gua2 jian3 siunn7 tsi3 tan2 beh4 si3 tng7 tsi3 jian3 khui1 san1 tsiah4 suh4 lai5 liau2 u7 jian3 sia3,gua siunn tan beh tng khui tsiah lai jiau sia,gua jian siunn tsi tan beh si tng tsi jian khui san tsiah suh lai liau u jian sia,1.0,10,9,1,0,9,zh,1,ok
1481,indextts,neutral,001481_indextts_neutral.wav,/srv/RL_project/repo/outputs/wav_by_model/indextts/001481_indextts_neutral.wav,kiam tshai u si bo kau si kan,kiam2 tshai2 u7 si5 bo5 kau3 si5 kan1,kiam tshai u si bo kau si kan,kiam tshai u si bo kau si kan,0.0,8,8,0,0,0,zh,1,ok
1482,indextts,neutral,001482_indextts_neutral.wav,/srv/RL_project/repo/outputs/wav_by_model/indextts/001482_indextts_neutral.wav,be hu thang uan sing,be7 hu3 thang1 uan5 sing5,be hu thang uan sing,be hu thang uan sing,0.0,5,5,0,0,0,zh,1,ok
1483,indextts,angry,001483_indextts_angry.wav,/srv/RL_project/repo/outputs/wav_by_model/indextts/001483_indextts_angry.wav,in ui jiau sia su iau tsit tuann si kan,in1 ui7 jiau5 sia2 su1 iau3 tsit8 tuann7 si5 kan1,in ui jiau sia su iau tsit tuann si kan,in ui jiau sia su iau tsit tuann si kan,0.0,10,10,0,0,0,zh,1,ok
1484,indextts,angry,001484_indextts_angry.wav,/srv/RL_project/repo/outputs/wav_by_model/indextts/001484_indextts_angry.wav,tshin tshiunn lian tan an ne,tshin1 tsiu7 lian7 tan1 e5,tshin tshiunn lian tan an ne,tshin tsiu lian tan e,0.5,6,3,2,1,0,zh,1,ok
1485,indextts,sad,001485_indextts_sad.wav,/srv/RL_project/repo/outputs/wav_by_model/indextts/001485_indextts_sad.wav,su iau tshit tshit si tsap kau kang leh,su1 iau3 tshit4 tshit4 si3 tsap8 kau2 kang3 leh4,su iau tshit tshit si tsap kau kang leh,su iau tshit tshit si tsap kau kang leh,0.0,9,9,0,0,0,zh,1,ok
1486,indextts,surprised,001486_indextts_surprised.wav,/srv/RL_project/repo/outputs/wav_by_model/indextts/001486_indextts_surprised.wav,li kam khai si tui kiu jiau sia tsit mng ge sut ah,li2 kam2 khai1 si2 tui1 kiu5 liau5 sia7 tsit4 mng5 gi7 sut8 ah4,li kam khai si tui kiu jiau sia tsit mng ge sut ah,li kam khai si tui kiu liau sia tsit mng gi sut ah,0.15384615384615385,13,11,2,0,0,zh,1,ok
1487,indextts,disgusted,001487_indextts_disgusted.wav,/srv/RL_project/repo/outputs/wav_by_model/indextts/001487_indextts_disgusted.wav,tioh ai liong tsa ooh,tioh8 ai3 liong7 tsau2 ooh4,tioh ai liong tsa ooh,tioh ai liong tsau ooh,0.2,5,4,1,0,0,zh,1,ok
1488,indextts,sad,001488_indextts_sad.wav,/srv/RL_project/repo/outputs/wav/001488_indextts_sad.wav,an ne kam bo kau,an1 tsian3 ne1 kah4 o3 bo5 tsian3 kau7 san1,an ne kam bo kau,an tsian ne kah o bo tsian kau san,1.0,5,4,1,0,4,zh,1,ok
1489,indextts,neutral,001489_indextts_neutral.wav,/srv/RL_project/repo/outputs/wav/001489_indextts_neutral.wav,ia soo kong bo kau ai guan liong tshit tsap e tshit pian,iah8 lan2 soo1 i2 kong2 bo5 lian3 kau1 san1 ai3 uan5 lian5 liong5 tsi2 tshit4 si3 tsian3 tsap8 ba7 e5 tshit4 si3 pian3,ia soo kong bo kau ai guan liong tshit tsap e tshit pian,iah lan soo i kong bo lian kau san ai uan lian liong tsi tshit si tsian tsap ba e tshit si pian,0.9230769230769231,13,11,2,0,10,zh,1,ok
1490,indextts,fearful,001490_indextts_fearful.wav,/srv/RL_project/repo/outputs/wav_by_model/indextts/001490_indextts_fearful.wav,tse to si jiau sia e ge sut,tse1 to7 si7 liau5 sia3 e5 ke3 sut8,tse to si jiau sia e ge sut,tse to si liau sia e ke sut,0.25,8,6,2,0,0,zh,1,ok
1491,indextts,angry,001491_indextts_angry.wav,/srv/RL_project/repo/outputs/wav_by_model/indextts/001491_indextts_angry.wav,huan na si ge sut,huan1 na7 si7 ge7 sut8,huan na si ge sut,huan na si ge sut,0.0,5,5,0,0,0,zh,1,ok
1492,indextts,disgusted,001492_indextts_disgusted.wav,/srv/RL_project/repo/outputs/wav/001492_indextts_disgusted.wav,to si su iau tsin tng e si kan it tit tuan lian,to7 tsi2 suan2 tsioh8 su1 jian3 giap8 san1 tsin1 kui1 e5 si5 lian5 kam1 giap8 tshi1 si3 tsian3 ti7 ba2 tuan5 lian5 lian5 tsi1,to si su iau tsin tng e si kan it tit tuan lian,to tsi suan tsioh su jian giap san tsin kui e si lian kam giap tshi si tsian ti ba tuan lian lian tsi,1.3076923076923077,13,7,6,0,11,zh,1,ok
1493,indextts,happy,001493_indextts_happy.wav,/srv/RL_project/repo/outputs/wav_by_model/indextts/001493_indextts_happy.wav,bun tsiunn si,bun5 tsiunn1 si3,bun tsiunn si,bun tsiunn si,0.0,3,3,0,0,0,zh,1,ok
1494,indextts,neutral,001494_indextts_neutral.wav,/srv/RL_project/repo/outputs/wav_by_model/indextts/001494_indextts_neutral.wav,tsu iu bang,tsu7 iu5 bang7,tsu iu bang,tsu iu bang,0.0,3,3,0,0,0,zh,1,ok
1495,indextts,angry,001495_indextts_angry.wav,/srv/RL_project/repo/outputs/wav_by_model/indextts/001495_indextts_angry.wav,i put si khuann tioh sio be tsin e noo hue,i1 put4 si5 khuann3 tioh8 sio1 be2 tsin7 e5 noo7 hue2,i put si khuann tioh sio be tsin e noo hue,i put si khuann tioh sio be tsin e noo hue,0.0,11,11,0,0,0,zh,1,ok
1496,indextts,angry,001496_indextts_angry.wav,/srv/RL_project/repo/outputs/wav_by_model/indextts/001496_indextts_angry.wav,hit tsun i tsi si tsit ui sio king guan,hit4 tsun7 i1 tsi2 si7 tsit8 ui7 siau2 king3 uan5,hit tsun i tsi si tsit ui sio king guan,hit tsun i tsi si tsit ui siau king uan,0.2,10,8,2,0,0,zh,1,ok
1497,indextts,fearful,001497_indextts_fearful.wav,/srv/RL_project/repo/outputs/wav_by_model/indextts/001497_indextts_fearful.wav,thiann bing ling kong jip tsu iu si tai tsap tsi sia,thiann1 bing5 ling7 kong1 jit8 tsu7 iu5 si5 tai7 tsap8 tsi3 sia7,thiann bing ling kong jip tsu iu si tai tsap tsi sia,thiann bing ling kong jit tsu iu si tai tsap tsi sia,0.08333333333333333,12,11,1,0,0,zh,1,ok
1498,indextts,neutral,001498_indextts_neutral.wav,/srv/RL_project/repo/outputs/wav_by_model/indextts/001498_indextts_neutral.wav,hit am i tsiap tioh hau senn tian ue,hit4 am3 i1 tsiah4 tioh8 hau7 senn1 tian7 ue7,hit am i tsiap tioh hau senn tian ue,hit am i tsiah tioh hau senn tian ue,0.1111111111111111,9,8,1,0,0,zh,1,ok
1499,indextts,happy,001499_indextts_happy.wav,/srv/RL_project/repo/outputs/wav/001499_indextts_happy.wav,pa gun kong jip lip huat inn,pa5 gun2 kong1 jian2 jit8 pa2 jit8 pa2 jian7 huat4 sit8 jian7 inn2 tshi7,pa gun kong jip lip huat inn,pa gun kong jian jit pa jit pa jian huat sit jian inn tshi,1.2857142857142858,7,5,2,0,7,zh,1,ok
1500,indextts,neutral,001500_indextts_neutral.wav,/srv/RL_project/repo/outputs/wav_by_model/indextts/001500_indextts_neutral.wav,bo gua ku,bo5 gua7 ku2,bo gua ku,bo gua ku,0.0,3,3,0,0,0,zh,1,ok
1501,indextts,angry,001501_indextts_angry.wav,/srv/RL_project/repo/outputs/wav_by_model/indextts/001501_indextts_angry.wav,i kui sin oo sann kiann tsiunn ke thau,i1 kui1 sin1 oo2 sann1 kiann5 tsiunn7 ke1 thau5,i kui sin oo sann kiann tsiunn ke thau,i kui sin oo sann kiann tsiunn ke thau,0.0,9,9,0,0,0,zh,1,ok
1502,indextts,angry,001502_indextts_angry.wav,/srv/RL_project/repo/outputs/wav_by_model/indextts/001502_indextts_angry.wav,tshiu giah tsit lui ng iam jit thau hue,tshiu2 giah8 tsit8 lui2 ng5 giam5 tsit8 thau5 hue1,tshiu giah tsit lui ng iam jit thau hue,tshiu giah tsit lui ng giam tsit thau hue,0.2222222222222222,9,7,2,0,0,zh,1,ok
1503,indextts,disgusted,001503_indextts_disgusted.wav,/srv/RL_project/repo/outputs/wav_by_model/indextts/001503_indextts_disgusted.wav,tsok tsia tan kim sun,tsok4 tsia2 tan5 kim1 sun7,tsok tsia tan kim sun,tsok tsia tan kim sun,0.0,5,5,0,0,0,zh,1,ok
1504,indextts,angry,001504_indextts_angry.wav,/srv/RL_project/repo/outputs/wav/001504_indextts_angry.wav,hit jit tshi tiunn lai tsu iu hang khia pai,hit4 si5 jit8 bah4 tshi7 tshi7 tsian3 tiunn5 ai3 lai7 tsu2 tshi5 tsian3 iu5 hang7 tsi2 phia3 tsi2 pai5,hit jit tshi tiunn lai tsu iu hang khia pai,hit si jit bah tshi tshi tsian tiunn ai lai tsu tshi tsian iu hang tsi phia tsi pai,1.0,10,9,1,0,9,zh,1,ok
1505,indextts,neutral,001505_indextts_neutral.wav,/srv/RL_project/repo/outputs/wav_by_model/indextts/001505_indextts_neutral.wav,tshun ong tu ho tiam ti jin kun li,tshun1 ong7 tu2 ho2 tiam3 ti7 jin5 kun1 li2,tshun ong tu ho tiam ti jin kun li,tshun ong tu ho tiam ti jin kun li,0.0,9,9,0,0,0,zh,1,ok
1506,indextts,neutral,001506_indextts_neutral.wav,/srv/RL_project/repo/outputs/wav/001506_indextts_neutral.wav,i the hiu keh tng jit,i1 the5 san1 jian5 hiu1 ke3 si3 jian5 tng1 ah4 jian7 jit8 pa1,i the hiu keh tng jit,i the san jian hiu ke si jian tng ah jian jit pa,1.3333333333333333,6,5,1,0,7,zh,1,ok
1507,indextts,surprised,001507_indextts_surprised.wav,/srv/RL_project/repo/outputs/wav_by_model/indextts/001507_indextts_surprised.wav,sui lai ki kim hue tso tsi kang,sui5 lai5 ki1 kim1 hue7 tso3 tsi3 kang1,sui lai ki kim hue tso tsi kang,sui lai ki kim hue tso tsi kang,0.0,8,8,0,0,0,zh,1,ok
1508,indextts,fearful,001508_indextts_fearful.wav,/srv/RL_project/repo/outputs/wav_by_model/indextts/001508_indextts_fearful.wav,tak hue to lam kau nylon tsu hun tiunn king,tak8 hue5 toh8 lan2 kau3 ni5 long5 tsu7 hun5 tiunn5 king2,tak hue to lam kau nylon tsu hun tiunn king,tak hue toh lan kau ni long tsu hun tiunn king,0.4,10,7,3,0,1,zh,1,ok
1509,indextts,fearful,001509_indextts_fearful.wav,/srv/RL_project/repo/outputs/wav_by_model/indextts/001509_indextts_fearful.wav,i long bak sai si lam sui,i1 long2 bat4 sai2 si2 lam5 sui5,i long bak sai si lam sui,i long bat sai si lam sui,0.14285714285714285,7,6,1,0,0,zh,1,ok
1510,indextts,sad,001510_indextts_sad.wav,/srv/RL_project/repo/outputs/wav_by_model/indextts/001510_indextts_sad.wav,ji tsap goo tang lai ti bang li,ji7 tsap8 goo7 tang1 lai5 ti7 bang7 li2,ji tsap goo tang lai ti bang li,ji tsap goo tang lai ti bang li,0.0,8,8,0,0,0,zh,1,ok
1511,indextts,angry,001511_indextts_angry.wav,/srv/RL_project/repo/outputs/wav_by_model/indextts/001511_indextts_angry.wav,soo li,soo3 ti5,soo li,soo ti,0.5,2,1,1,0,0,zh,1,ok
1512,indextts,neutral,001512_indextts_neutral.wav,/srv/RL_project/repo/outputs/wav_by_model/indextts/001512_indextts_neutral.wav,sua loh lai khuann hua lian kuan bin a tsai peh ho e thinn khi,sua3 loh8 lai5 khuann3 hua1 lian5 kuan7 bin5 a2 tsai3 peh4 ho7 e5 thinn1 khi3,sua loh lai khuann hua lian kuan bin a tsai peh ho e thinn khi,sua loh lai khuann hua lian kuan bin a tsai peh ho e thinn khi,0.0,15,15,0,0,0,zh,1,ok
1513,indextts,angry,001513_indextts_angry.wav,/srv/RL_project/repo/outputs/wav_by_model/indextts/001513_indextts_angry.wav,un too ji tsap lak tsi sann tsap it too loh hoo ki lut sann tsap,un1 too7 ji7 tsap8 lak8 tsi3 sann1 tsap8 it4 too7 loh8 hoo7 ki1 lut8 sann1 tsap8 pha1,un too ji tsap lak tsi sann tsap it too loh hoo ki lut sann tsap,un too ji tsap lak tsi sann tsap it too loh hoo ki lut sann tsap pha,0.0625,16,16,0,0,1,zh,1,ok
1514,indextts,neutral,001514_indextts_neutral.wav,/srv/RL_project/repo/outputs/wav/001514_indextts_neutral.wav,lai pin peh pah tshit tsap lak ho tshiann tsap ji ho kui tai pan li,lai5 jian3 phin2 peh4 si3 jian3 pa1 si3 jian3 tshit4 si3 lian3 tsui2 ai3 e5 pa1 lah4 khe1 ba2 siau3 si3 oo1 tshit4 tshiann2 oh8 tsap8 ba7 jian3 li7 tshit4 siau1 si5 oo1 tshit4 kui1 tshi1 jian3 tai5 pan1 tsi1 jian3 li2,lai pin peh pah tshit tsap lak ho tshiann tsap ji ho kui tai pan li,lai jian phin peh si jian pa si jian tshit si lian tsui ai e pa lah khe ba siau si oo tshit tshiann oh tsap ba jian li tshit siau si oo tshit kui tshi jian tai pan tsi jian li,2.0625,16,9,7,0,26,zh,1,ok
1515,indextts,disgusted,001515_indextts_disgusted.wav,/srv/RL_project/repo/outputs/wav_by_model/indextts/001515_indextts_disgusted.wav,long tsong lak pah tshit tsap tshit khoo tsau li ji tsap sann khoo,long2 tsong2 lak8 pah4 tshit4 tsap8 tshit4 khoo1 tsau7 li2 li7 tsap8 sann1 khoo1,long tsong lak pah tshit tsap tshit khoo tsau li ji tsap sann khoo,long tsong lak pah tshit tsap tshit khoo tsau li li tsap sann khoo,0.07142857142857142,14,13,1,0,0,zh,1,ok
1516,indextts,sad,001516_indextts_sad.wav,/srv/RL_project/repo/outputs/wav_by_model/indextts/001516_indextts_sad.wav,kin a lit si goo gueh li goo pai sann,kin1 a2 lit8 si7 goo7 gueh8 li2 goo7 pai3 sann1,kin a lit si goo gueh li goo pai sann,kin a lit si goo gueh li goo pai sann,0.0,10,10,0,0,0,zh,1,ok
1517,indextts,surprised,001517_indextts_surprised.wav,/srv/RL_project/repo/outputs/wav_by_model/indextts/001517_indextts_surprised.wav,gua e hoo tsiau ho be si pat li khong sam khong sam tshit kiu pat,gua2 e5 hoo7 tsiau3 ho7 be2 si7 pat4 ji7 khong3 sam1 khong3 sam1 tshit4 kiu2 pat4,gua e hoo tsiau ho be si pat li khong sam khong sam tshit kiu pat,gua e hoo tsiau ho be si pat ji khong sam khong sam tshit kiu pat,0.0625,16,15,1,0,0,zh,1,ok
1518,indextts,fearful,001518_indextts_fearful.wav,/srv/RL_project/repo/outputs/wav_by_model/indextts/001518_indextts_fearful.wav,gun tau e tian ue ho be si khong ngoo su liok su kiu kiu liok ngoo,gun2 tau1 e5 tian7 ue7 ho7 be2 si7 khong3 ngoo2 su3 liok8 su3 kiu2 kiu2 liok8 ngoo2,gun tau e tian ue ho be si khong ngoo su liok su kiu kiu liok ngoo,gun tau e tian ue ho be si khong ngoo su liok su kiu kiu liok ngoo,0.0,17,17,0,0,0,zh,1,ok
1519,indextts,fearful,001519_indextts_fearful.wav,/srv/RL_project/repo/outputs/wav_by_model/indextts/001519_indextts_fearful.wav,i ti ji khong khong khong ni tshut si,i2 ti7 ji7 khong3 khong3 khong3 ni5 tshut4 si3,i ti ji khong khong khong ni tshut si,i ti ji khong khong khong ni tshut si,0.0,9,9,0,0,0,zh,1,ok
1520,indextts,disgusted,001520_indextts_disgusted.wav,/srv/RL_project/repo/outputs/wav_by_model/indextts/001520_indextts_disgusted.wav,tshiann pang gua tsuan hun ki liok li liok it,tshiann2 pang1 gua2 tsuan2 hun1 ki1 liok8 liok8 liok8 it4,tshiann pang gua tsuan hun ki liok li liok it,tshiann pang gua tsuan hun ki liok liok liok it,0.1,10,9,1,0,0,zh,1,ok
1521,indextts,angry,001521_indextts_angry.wav,/srv/RL_project/repo/outputs/wav/001521_indextts_angry.wav,sing uah tui ue,sing1 jian2 gua2 pa2 tui3 jiam2 gueh8 tshi1,sing uah tui ue,sing jian gua pa tui jiam gueh tshi,1.5,4,2,2,0,4,zh,1,ok
1522,indextts,fearful,001522_indextts_fearful.wav,/srv/RL_project/repo/outputs/wav/001522_indextts_fearful.wav,put si tua piann sau tshu lai tsin tshing khi,put4 sit4 jian7 si5 tua7 tshi1 phiann1 san1 jian3 sau3 san1 tshu3 san1 lai5 tsi1 tsin1 i5 tsian3 khi3 san1,put si tua piann sau tshu lai tsin tshing khi,put sit jian si tua tshi phiann san jian sau san tshu san lai tsi tsin i tsian khi san,1.2,10,8,2,0,10,zh,1,ok
1523,indextts,angry,001523_indextts_angry.wav,/srv/RL_project/repo/outputs/wav_by_model/indextts/001523_indextts_angry.wav,hann li kong siann,hah4 li2 kong2 siann2,hann li kong siann,hah li kong siann,0.25,4,3,1,0,0,zh,1,ok
1524,indextts,disgusted,001524_indextts_disgusted.wav,/srv/RL_project/repo/outputs/wav_by_model/indextts/001524_indextts_disgusted.wav,he khong khi tshing tsing ki li a sio uann tsit e to ho ah lah,he1 khong1 khi3 tshin1 tsing5 ki1 li2 a2 sio1 uann7 tsit8 e7 to7 ho2 ah4 lah4,he khong khi tshing tsing ki li a sio uann tsit e to ho ah lah,he khong khi tshin tsing ki li a sio uann tsit e to ho ah lah,0.0625,16,15,1,0,0,zh,1,ok
1525,indextts,disgusted,001525_indextts_disgusted.wav,/srv/RL_project/repo/outputs/wav_by_model/indextts/001525_indextts_disgusted.wav,honnh he bo kang lah lang kong tshing tshu tsiah e hu neh,hooh4 he1 bo5 kang5 lah4 lang5 kong2 tshin1 tshu3 tsiah4 e7 hu7 neh4,honnh he bo kang lah lang kong tshing tshu tsiah e hu neh,hooh he bo kang lah lang kong tshin tshu tsiah e hu neh,0.15384615384615385,13,11,2,0,0,zh,1,ok
1526,indextts,angry,001526_indextts_angry.wav,/srv/RL_project/repo/outputs/wav_by_model/indextts/001526_indextts_angry.wav,gua khuann lan kheh thiann si ke ing ia,gua2 khuann3 lan2 kheh4 thiann1 si3 ke3 in1 iann7,gua khuann lan kheh thiann si ke ing ia,gua khuann lan kheh thiann si ke in iann,0.2222222222222222,9,7,2,0,0,zh,1,ok
1527,indextts,angry,001527_indextts_angry.wav,/srv/RL_project/repo/outputs/wav_by_model/indextts/001527_indextts_angry.wav,gua e poo tshit tian si tu thau tsing thoo hun gua kau li tsai bo,gua2 e7 poo1 tshit4 tian7 si7 tu5 thau5 tsing5 thoo5 hun2 gua7 kau7 li2 tsai1 bo5,gua e poo tshit tian si tu thau tsing thoo hun gua kau li tsai bo,gua e poo tshit tian si tu thau tsing thoo hun gua kau li tsai bo,0.0,16,16,0,0,0,zh,1,ok
1528,indextts,neutral,001528_indextts_neutral.wav,/srv/RL_project/repo/outputs/wav_by_model/indextts/001528_indextts_neutral.wav,li si ka tsia long tong tso thiann thau tsit ni tshing thun tsiah piann tsit kai sioh,li2 si7 ka7 tsia1 long2 tong3 tso3 thiann1 thau5 tsit8 ni5 tshing2 thun5 tsiah4 piann3 tsit8 kai2 sioh4,li si ka tsia long tong tso thiann thau tsit ni tshing thun tsiah piann tsit kai sioh,li si ka tsia long tong tso thiann thau tsit ni tshing thun tsiah piann tsit kai sioh,0.0,18,18,0,0,0,zh,1,ok
1529,indextts,sad,001529_indextts_sad.wav,/srv/RL_project/repo/outputs/wav_by_model/indextts/001529_indextts_sad.wav,eh li na e tsai gua kam kak an ne tsin ho ah,eh4 li2 na2 e7 tsai1 gua2 kam2 kak4 an2 ne1 tsin1 ho2 ah4,eh li na e tsai gua kam kak an ne tsin ho ah,eh li na e tsai gua kam kak an ne tsin ho ah,0.0,13,13,0,0,0,zh,1,ok
1530,indextts,neutral,001530_indextts_neutral.wav,/srv/RL_project/repo/outputs/wav_by_model/indextts/001530_indextts_neutral.wav,ping siong si mai khi kiau jiau tioh ki tha pang kheh,ping5 siong5 si5 mai3 khi3 kiau2 liau2 tioh8 ki5 thann1 pang1 kheh4,ping siong si mai khi kiau jiau tioh ki tha pang kheh,ping siong si mai khi kiau liau tioh ki thann pang kheh,0.16666666666666666,12,10,2,0,0,zh,1,ok
1531,indextts,neutral,001531_indextts_neutral.wav,/srv/RL_project/repo/outputs/wav_by_model/indextts/001531_indextts_neutral.wav,li m tsai he ti tu ah hoo sin hoo sian thang a ah,li2 m7 tsai1 he1 ti1 tu1 a2 hoo7 sin1 hoo2 sian7 thang5 a2,li m tsai he ti tu ah hoo sin hoo sian thang a ah,li m tsai he ti tu a hoo sin hoo sian thang a,0.14285714285714285,14,12,1,1,0,zh,1,ok
1532,indextts,surprised,001532_indextts_surprised.wav,/srv/RL_project/repo/outputs/wav_by_model/indextts/001532_indextts_surprised.wav,long gua tshi lai tau liah bang thang e,long2 gua2 tshi7 lai7 tau3 liah8 pang3 thang5 e5,long gua tshi lai tau liah bang thang e,long gua tshi lai tau liah pang thang e,0.1111111111111111,9,8,1,0,0,zh,1,ok
1533,indextts,sad,001533_indextts_sad.wav,/srv/RL_project/repo/outputs/wav_by_model/indextts/001533_indextts_sad.wav,tso ka bu e tui ue,tso3 ka1 bu7 e5 tui3 ue7,tso ka bu e tui ue,tso ka bu e tui ue,0.0,6,6,0,0,0,zh,1,ok
1534,indextts,angry,001534_indextts_angry.wav,/srv/RL_project/repo/outputs/wav_by_model/indextts/001534_indextts_angry.wav,kau hia ma e the lan puann tsit kua iu sap a,kau2 hia1 ma7 e7 the3 lan2 puann1 tsit8 kua2 a2 iu3 sap4 a2,kau hia ma e the lan puann tsit kua iu sap a,kau hia ma e the lan puann tsit kua a iu sap a,0.08333333333333333,12,12,0,0,1,zh,1,ok
1535,indextts,neutral,001535_indextts_neutral.wav,/srv/RL_project/repo/outputs/wav_by_model/indextts/001535_indextts_neutral.wav,eh gua kam kak li tsue kin tiann tiann lau phinn phah kha tshiunn,eh4 gua2 kam2 kak4 li2 tsue3 kin7 tiann7 tiann7 lau7 phinn7 phah4 kha1 tshiunn3,eh gua kam kak li tsue kin tiann tiann lau phinn phah kha tshiunn,eh gua kam kak li tsue kin tiann tiann lau phinn phah kha tshiunn,0.0,14,14,0,0,0,zh,1,ok
1536,indextts,disgusted,001536_indextts_disgusted.wav,/srv/RL_project/repo/outputs/wav_by_model/indextts/001536_indextts_disgusted.wav,kam si tshu lai siunn lap sap a tsa ah,kam2 si7 tshu3 lai7 siunn1 lak4 sap4 a1 tsa1,kam si tshu lai siunn lap sap a tsa ah,kam si tshu lai siunn lak sap a tsa,0.2,10,8,1,1,0,zh,1,ok
1537,indextts,neutral,001537_indextts_neutral.wav,/srv/RL_project/repo/outputs/wav_by_model/indextts/001537_indextts_neutral.wav,gua kin a lit si ke sun sun huat kian lan thian pong piah kak long u ti tu si neh,gua2 kin1 a2 lit8 si3 ke3 sun5 sun5 huat4 kian3 lan2 thian1 bong5 piah4 kah4 long2 u7 ti1 tu1 si1 neh4,gua kin a lit si ke sun sun huat kian lan thian pong piah kak long u ti tu si neh,gua kin a lit si ke sun sun huat kian lan thian bong piah kah long u ti tu si neh,0.09523809523809523,21,19,2,0,0,zh,1,ok
1538,indextts,fearful,001538_indextts_fearful.wav,/srv/RL_project/repo/outputs/wav_by_model/indextts/001538_indextts_fearful.wav,ji tshiann lan tsu kiat hun liau kan na long bo se kue kha tian koh u mng ni,ji5 tshiann2 lan2 tsu7 kiat4 hun1 liau2 kan1 na1 long2 bo5 se2 kue3 kha1 tian2 koh4 u7 mng5 ni5,ji tshiann lan tsu kiat hun liau kan na long bo se kue kha tian koh u mng ni,ji tshiann lan tsu kiat hun liau kan na long bo se kue kha tian koh u mng ni,0.0,19,19,0,0,0,zh,1,ok
1539,indextts,disgusted,001539_indextts_disgusted.wav,/srv/RL_project/repo/outputs/wav_by_model/indextts/001539_indextts_disgusted.wav,lan u ing kam beh lai piann sau tsit e,lan2 u7 ing5 kam2 beh4 lai5 piah4 sau3 tsit8 e7,lan u ing kam beh lai piann sau tsit e,lan u ing kam beh lai piah sau tsit e,0.1,10,9,1,0,0,zh,1,ok
1540,indextts,surprised,001540_indextts_surprised.wav,/srv/RL_project/repo/outputs/wav_by_model/indextts/001540_indextts_surprised.wav,hannh ke bo thiann—e,hannh4 ah4 ke2 bo5 thiann1 e5,hannh ke bo thiann—e,hannh ah ke bo thiann e,0.75,4,3,1,0,2,zh,1,ok
1541,indextts,surprised,001541_indextts_surprised.wav,/srv/RL_project/repo/outputs/wav_by_model/indextts/001541_indextts_surprised.wav,an ne gua lai be tsit tai sau thoo kha e ki khi lang,an2 ne1 gua2 lai5 be2 tsit8 tai5 sau3 thoo5 kha1 e5 ki1 khi3 lang5,an ne gua lai be tsit tai sau thoo kha e ki khi lang,an ne gua lai be tsit tai sau thoo kha e ki khi lang,0.0,14,14,0,0,0,zh,1,ok
1542,indextts,fearful,001542_indextts_fearful.wav,/srv/RL_project/repo/outputs/wav_by_model/indextts/001542_indextts_fearful.wav,bun tsiong it,un1 tsiong1 it4,bun tsiong it,un tsiong it,0.3333333333333333,3,2,1,0,0,zh,1,ok
1543,indextts,fearful,001543_indextts_fearful.wav,/srv/RL_project/repo/outputs/wav_by_model/indextts/001543_indextts_fearful.wav,tshoo hui kah iu hui,tshoo1 hui5 kah4 iu3 hui5,tshoo hui kah iu hui,tshoo hui kah iu hui,0.0,5,5,0,0,0,zh,1,ok
1544,indextts,neutral,001544_indextts_neutral.wav,/srv/RL_project/repo/outputs/wav_by_model/indextts/001544_indextts_neutral.wav,lan tio ka kio tso iu hui,lan2 tio7 ka7 kio3 tso3 iu3 hui5,lan tio ka kio tso iu hui,lan tio ka kio tso iu hui,0.0,7,7,0,0,0,zh,1,ok
1545,indextts,surprised,001545_indextts_surprised.wav,/srv/RL_project/repo/outputs/wav_by_model/indextts/001545_indextts_surprised.wav,it puann hua gi na si tshing hoo tso 陶瓷,it4 puann1 hua5 gi2 na7 si7 tshin1 ho2 tso3 tau5 tsi2 tiann5 e5,it puann hua gi na si tshing hoo tso 陶瓷,it puann hua gi na si tshin ho tso tau tsi tiann e,0.6,10,7,3,0,3,zh,1,ok
1546,indextts,fearful,001546_indextts_fearful.wav,/srv/RL_project/repo/outputs/wav_by_model/indextts/001546_indextts_fearful.wav,lan tio tit tsiap ka kio tso hui a to ho,lan2 tio7 tit8 tsiap4 ka7 kio3 tso3 hui5 a2 to7 ho2,lan tio tit tsiap ka kio tso hui a to ho,lan tio tit tsiap ka kio tso hui a to ho,0.0,11,11,0,0,0,zh,1,ok
1547,indextts,fearful,001547_indextts_fearful.wav,/srv/RL_project/repo/outputs/wav/001547_indextts_fearful.wav,m ko,m7 tsit8 tsiam3 koh4,m ko,m tsit tsiam koh,1.5,2,1,1,0,2,zh,1,ok
1548,indextts,neutral,001548_indextts_neutral.wav,/srv/RL_project/repo/outputs/wav_by_model/indextts/001548_indextts_neutral.wav,tshoo hui kap iu hui beh an tsuann lai khu piat,tshoo1 hui5 kah4 iu3 hui5 beh4 an2 tsuann2 lai5 khu1 piat8,tshoo hui kap iu hui beh an tsuann lai khu piat,tshoo hui kah iu hui beh an tsuann lai khu piat,0.09090909090909091,11,10,1,0,0,zh,1,ok
1549,indextts,sad,001549_indextts_sad.wav,/srv/RL_project/repo/outputs/wav_by_model/indextts/001549_indextts_sad.wav,lan tsi iau kan tan pa ak hong hue tsui thoo si li,lan2 tsi2 iau3 kan2 tan1 pa2 ak4 hong1 hue2 tsui2 thoo5 si7 li7,lan tsi iau kan tan pa ak hong hue tsui thoo si li,lan tsi iau kan tan pa ak hong hue tsui thoo si li,0.0,13,13,0,0,0,zh,1,ok
1550,indextts,sad,001550_indextts_sad.wav,/srv/RL_project/repo/outputs/wav/001550_indextts_sad.wav,tio e sai khin khin sang sang u kua khai liam oo,tio7 tsi2 e2 tshi7 jian3 sai1 khing2 i1 jian3 sang3 jian3 sang3 u7 tsi1 kua2 khai1 san1 jian3 liam7 tsi1 oo1 jiu3,tio e sai khin khin sang sang u kua khai liam oo,tio tsi e tshi jian sai khing i jian sang jian sang u tsi kua khai san jian liam tsi oo jiu,1.0,12,10,2,0,10,zh,1,ok
1551,indextts,surprised,001551_indextts_surprised.wav,/srv/RL_project/repo/outputs/wav_by_model/indextts/001551_indextts_surprised.wav,sing lai khuann thoo e tsha piat,sing5 lai5 khuann3 thoo3 e5 tsha1 piat8,sing lai khuann thoo e tsha piat,sing lai khuann thoo e tsha piat,0.0,7,7,0,0,0,zh,1,ok
1552,indextts,fearful,001552_indextts_fearful.wav,/srv/RL_project/repo/outputs/wav_by_model/indextts/001552_indextts_fearful.wav,na beh sio tshut iu hui,na2 beh4 sio1 tshui3 iu3 hui5,na beh sio tshut iu hui,na beh sio tshui iu hui,0.16666666666666666,6,5,1,0,0,zh,1,ok
1553,indextts,sad,001553_indextts_sad.wav,/srv/RL_project/repo/outputs/wav/001553_indextts_sad.wav,it ting toh ai iong ko nia thoo,it4 tshi3 jian3 ting7 tshi7 toh8 ba7 jian3 ai3 iong7 tshi7 ko2 tsian3 nia2 tsian3 thoo2 u7,it ting toh ai iong ko nia thoo,it tshi jian ting tshi toh ba jian ai iong tshi ko tsian nia tsian thoo u,1.125,8,8,0,0,9,zh,1,ok
1554,indextts,sad,001554_indextts_sad.wav,/srv/RL_project/repo/outputs/wav_by_model/indextts/001554_indextts_sad.wav,tsok tsia lim tshong bing,tsok4 tsia2 lim5 tshong1 bing5,tsok tsia lim tshong bing,tsok tsia lim tshong bing,0.0,5,5,0,0,0,zh,1,ok
1555,indextts,happy,001555_indextts_happy.wav,/srv/RL_project/repo/outputs/wav/001555_indextts_happy.wav,in ui ko nia thoo lai te tsha put to bo thih a ting ting e tsap tsit,in1 jian3 ui2 tshi7 ko1 lian2 nia1 jian3 thoo2 u7 lai7 tshi5 jian3 te7 tsha2 i1 jian3 put4 si2 jian3 too5 poo1 thih4 si3 lian3 a2 ting2 tian2 ting2 e5 tsap8 a2 tian7 jit8 si2,in ui ko nia thoo lai te tsha put to bo thih a ting ting e tsap tsit,in jian ui tshi ko lian nia jian thoo u lai tshi jian te tsha i jian put si jian too poo thih si lian a ting tian ting e tsap a tian jit si,1.1111111111111112,18,15,3,0,17,zh,1,ok
1556,indextts,neutral,001556_indextts_neutral.wav,/srv/RL_project/repo/outputs/wav_by_model/indextts/001556_indextts_neutral.wav,soo i na si uan tsuan bo kap iu,soo2 i2 na7 si7 uan5 tsuan5 bo5 kah4 iu7,soo i na si uan tsuan bo kap iu,soo i na si uan tsuan bo kah iu,0.1111111111111111,9,8,1,0,0,zh,1,ok
1557,indextts,angry,001557_indextts_angry.wav,/srv/RL_project/repo/outputs/wav_by_model/indextts/001557_indextts_angry.wav,sio tshut lai e iu hui e tsin ua kin peh sik,siau2 tshut4 lai5 e5 iu3 hui5 e7 tsin1 ua2 kin7 peh8 sik4,sio tshut lai e iu hui e tsin ua kin peh sik,siau tshut lai e iu hui e tsin ua kin peh sik,0.08333333333333333,12,11,1,0,0,zh,1,ok
1558,indextts,angry,001558_indextts_angry.wav,/srv/RL_project/repo/outputs/wav_by_model/indextts/001558_indextts_angry.wav,ti koo tsa e se iunn se kai,ti7 koo2 tsa2 e5 senn1 iunn5 se3 kai3,ti koo tsa e se iunn se kai,ti koo tsa e senn iunn se kai,0.125,8,7,1,0,0,zh,1,ok
1559,indextts,happy,001559_indextts_happy.wav,/srv/RL_project/repo/outputs/wav_by_model/indextts/001559_indextts_happy.wav,in bo huat too sio tshut tsit tsiong iu hui,in1 bo5 huat4 too7 sio1 tshut4 tsit4 tsiong2 iu3 hui5,in bo huat too sio tshut tsit tsiong iu hui,in bo huat too sio tshut tsit tsiong iu hui,0.0,10,10,0,0,0,zh,1,ok
1560,indextts,fearful,001560_indextts_fearful.wav,/srv/RL_project/repo/outputs/wav_by_model/indextts/001560_indextts_fearful.wav,long e ka i kio tso peh kim,long2 e7 ka7 i1 ko3 tso3 peh8 kim1,long e ka i kio tso peh kim,long e ka i ko tso peh kim,0.125,8,7,1,0,0,zh,1,ok
1561,indextts,surprised,001561_indextts_surprised.wav,/srv/RL_project/repo/outputs/wav/001561_indextts_surprised.wav,na si it puann tshoo hui e thoo tsit,na7 tsi3 jian2 si3 tshit4 it4 tsi3 jian2 puann3 a2 i5 tshoo1 i2 gian2 hui7 e5 thoo5 u7 jian3 tsit4 si2,na si it puann tshoo hui e thoo tsit,na tsi jian si tshit it tsi jian puann a i tshoo i gian hui e thoo u jian tsit si,1.3333333333333333,9,9,0,0,12,zh,1,ok
1562,indextts,sad,001562_indextts_sad.wav,/srv/RL_project/repo/outputs/wav_by_model/indextts/001562_indextts_sad.wav,na bo kap iu,na7 bo5 kap4 iu7,na bo kap iu,na bo kap iu,0.0,4,4,0,0,0,zh,1,ok
1563,indextts,angry,001563_indextts_angry.wav,/srv/RL_project/repo/outputs/wav_by_model/indextts/001563_indextts_angry.wav,sio tshut lai tio be si peh sik e,sio1 tshut4 lai5 tio7 beh4 si7 peh4 sik8 e5,sio tshut lai tio be si peh sik e,sio tshut lai tio beh si peh sik e,0.1111111111111111,9,8,1,0,0,zh,1,ok
1564,indextts,disgusted,001564_indextts_disgusted.wav,/srv/RL_project/repo/outputs/wav_by_model/indextts/001564_indextts_disgusted.wav,koh lai si tsui e khai liam,koh4 lai5 si7 tsui2 e5 khai3 liam7,koh lai si tsui e khai liam,koh lai si tsui e khai liam,0.0,7,7,0,0,0,zh,1,ok
1565,indextts,happy,001565_indextts_happy.wav,/srv/RL_project/repo/outputs/wav_by_model/indextts/001565_indextts_happy.wav,lan sing uah tang tiong u tsiok tse hui a e tse phin,lan2 sing1 uah8 tang1 tiong1 u7 tsiok4 tse7 hui5 a2 e5 tse3 phin2,lan sing uah tang tiong u tsiok tse hui a e tse phin,lan sing uah tang tiong u tsiok tse hui a e tse phin,0.0,13,13,0,0,0,zh,1,ok
1566,indextts,fearful,001566_indextts_fearful.wav,/srv/RL_project/repo/outputs/wav_by_model/indextts/001566_indextts_fearful.wav,tiau kiann si ai sio ho kiam bo kap iu e hui a,tiau5 kiann7 si7 ai3 sio1 hoo7 kiam1 bo5 kah4 iu3 e5 hui5 a2,tiau kiann si ai sio ho kiam bo kap iu e hui a,tiau kiann si ai sio hoo kiam bo kah iu e hui a,0.15384615384615385,13,11,2,0,0,zh,1,ok
1567,indextts,surprised,001567_indextts_surprised.wav,/srv/RL_project/repo/outputs/wav_by_model/indextts/001567_indextts_surprised.wav,lan na si ka iu hui te tsui,lan2 na7 si7 ka7 iu3 hui5 teh4 tsui2,lan na si ka iu hui te tsui,lan na si ka iu hui teh tsui,0.125,8,7,1,0,0,zh,1,ok
1568,indextts,disgusted,001568_indextts_disgusted.wav,/srv/RL_project/repo/outputs/wav_by_model/indextts/001568_indextts_disgusted.wav,i si be siap tsui tshut lai e,i1 si7 be7 siap8 tsui2 tshut4 lai5 e5,i si be siap tsui tshut lai e,i si be siap tsui tshut lai e,0.0,8,8,0,0,0,zh,1,ok
1569,indextts,fearful,001569_indextts_fearful.wav,/srv/RL_project/repo/outputs/wav_by_model/indextts/001569_indextts_fearful.wav,siong tui na si tshoo hui theh lai te tsui,siong1 tui3 na7 si7 tshoo1 hui5 theh8 lai5 te2 tsui2,siong tui na si tshoo hui theh lai te tsui,siong tui na si tshoo hui theh lai te tsui,0.0,10,10,0,0,0,zh,1,ok
1570,indextts,neutral,001570_indextts_neutral.wav,/srv/RL_project/repo/outputs/wav/001570_indextts_neutral.wav,i tio e ban ban a ban ban a siap tsui tshut lai,i1 tio7 tsi2 e5 tsi1 ban1 tsi1 jian3 ban1 tsi1 jian3 a2 ban1 tsi1 jian3 ban1 tsi1 jian3 a2 sia3 ba7 jian3 tsui2 a2 jian3 tsu2 tsi2 jian3 lai5,i tio e ban ban a ban ban a siap tsui tshut lai,i tio tsi e tsi ban tsi jian ban tsi jian a ban tsi jian ban tsi jian a sia ba jian tsui a jian tsu tsi jian lai,1.3846153846153846,13,11,2,0,16,zh,1,ok
1571,indextts,fearful,001571_indextts_fearful.wav,/srv/RL_project/repo/outputs/wav_by_model/indextts/001571_indextts_fearful.wav,ji tshiann iu hui e khip tsui lut tsuat tui ai ke kue sann pha i ha tsiah e sai,ji5 tshiann2 iu3 hui3 e5 khi3 tsui2 lut8 tsuat8 tui3 ai3 ke7 kue3 sann1 pha1 i2 ha7 tsiah4 e7 sai2,ji tshiann iu hui e khip tsui lut tsuat tui ai ke kue sann pha i ha tsiah e sai,ji tshiann iu hui e khi tsui lut tsuat tui ai ke kue sann pha i ha tsiah e sai,0.05,20,19,1,0,0,zh,1,ok
1572,indextts,fearful,001572_indextts_fearful.wav,/srv/RL_project/repo/outputs/wav_by_model/indextts/001572_indextts_fearful.wav,iau e ki tit nng tang tsing,iau2 e7 ki3 tit4 nng7 tang1 tsing5,iau e ki tit nng tang tsing,iau e ki tit nng tang tsing,0.0,7,7,0,0,0,zh,1,ok
1573,indextts,surprised,001573_indextts_surprised.wav,/srv/RL_project/repo/outputs/wav_by_model/indextts/001573_indextts_surprised.wav,thiann tit tioh phau ka pi se kai kuan kun e tai uan suan tshiu kong,thiann1 tit4 tioh8 phau3 ka1 pi1 se3 kai3 guan5 kun1 e5 tai5 uan5 suan2 tshiu2 kong2,thiann tit tioh phau ka pi se kai kuan kun e tai uan suan tshiu kong,thiann tit tioh phau ka pi se kai guan kun e tai uan suan tshiu kong,0.0625,16,15,1,0,0,zh,1,ok
1574,indextts,sad,001574_indextts_sad.wav,/srv/RL_project/repo/outputs/wav_by_model/indextts/001574_indextts_sad.wav,i tioh tsiong e ki tiong tsit e tiong iau in soo,i1 tio7 tshiong2 e5 ki5 tiong1 tsit8 e5 tiong7 iau3 in2 soo3,i tioh tsiong e ki tiong tsit e tiong iau in soo,i tio tshiong e ki tiong tsit e tiong iau in soo,0.16666666666666666,12,10,2,0,0,zh,1,ok
1575,indextts,surprised,001575_indextts_surprised.wav,/srv/RL_project/repo/outputs/wav_by_model/indextts/001575_indextts_surprised.wav,tio si ti ing ko be e ka pi pue a,tio7 si7 ti7 in1 ko1 be2 e5 ka1 pi1 pue1 a2,tio si ti ing ko be e ka pi pue a,tio si ti in ko be e ka pi pue a,0.09090909090909091,11,10,1,0,0,zh,1,ok
1576,indextts,angry,001576_indextts_angry.wav,/srv/RL_project/repo/outputs/wav_by_model/indextts/001576_indextts_angry.wav,m koh he tau te si siann mih khuan tsai tsit leh,m7 koh4 he1 tau3 te2 si7 siann2 mih4 khuan2 tsai1 tsit8 leh4,m koh he tau te si siann mih khuan tsai tsit leh,m koh he tau te si siann mih khuan tsai tsit leh,0.0,12,12,0,0,0,zh,1,ok
1577,indextts,sad,001577_indextts_sad.wav,/srv/RL_project/repo/outputs/wav_by_model/indextts/001577_indextts_sad.wav,i tiau kang king suan khip tsui lut tsok ke e iu hui pue a,i1 tiau1 kang1 kin2 suan2 khi3 tsui2 lu2 tsok4 ke7 e5 iu3 hui3 pue1 a2,i tiau kang king suan khip tsui lut tsok ke e iu hui pue a,i tiau kang kin suan khi tsui lu tsok ke e iu hui pue a,0.2,15,12,3,0,0,zh,1,ok
1578,indextts,neutral,001578_indextts_neutral.wav,/srv/RL_project/repo/outputs/wav_by_model/indextts/001578_indextts_neutral.wav,hoo phau tshut lai e ka pi,hoo7 phau3 tshut4 lai5 e5 ka1 pi1,hoo phau tshut lai e ka pi,hoo phau tshut lai e ka pi,0.0,7,7,0,0,0,zh,1,ok
1579,indextts,sad,001579_indextts_sad.wav,/srv/RL_project/repo/outputs/wav_by_model/indextts/001579_indextts_sad.wav,lai te e hue phang kah kue tsi phang khi,lai7 te2 e5 hue1 phang1 kah4 kue2 tsi2 phang1 khi3,lai te e hue phang kah kue tsi phang khi,lai te e hue phang kah kue tsi phang khi,0.0,10,10,0,0,0,zh,1,ok
1580,indextts,neutral,001580_indextts_neutral.wav,/srv/RL_project/repo/outputs/wav_by_model/indextts/001580_indextts_neutral.wav,uan tsuan be hoo pue a ing hiong lai khip siu khi,uan5 tsuan5 be7 hoo7 pue1 a2 ing2 hiong2 lai5 khip4 siu1 khi3,uan tsuan be hoo pue a ing hiong lai khip siu khi,uan tsuan be hoo pue a ing hiong lai khip siu khi,0.0,12,12,0,0,0,zh,1,ok
1581,indextts,sad,001581_indextts_sad.wav,/srv/RL_project/repo/outputs/wav_by_model/indextts/001581_indextts_sad.wav,phing sim e tang phinn tioh tsap tsiok e phang khi,phin2 sin3 e7 tang3 phinn7 tioh8 tsap8 tsioh8 e5 phang1 khi3,phing sim e tang phinn tioh tsap tsiok e phang khi,phin sin e tang phinn tioh tsap tsioh e phang khi,0.2727272727272727,11,8,3,0,0,zh,1,ok
1582,indextts,sad,001582_indextts_sad.wav,/srv/RL_project/repo/outputs/wav_by_model/indextts/001582_indextts_sad.wav,hoo i e ka pi tsok phin,hoo7 i1 e5 ka1 pi1 tsok4 phin2,hoo i e ka pi tsok phin,hoo i e ka pi tsok phin,0.0,7,7,0,0,0,zh,1,ok
1583,indextts,sad,001583_indextts_sad.wav,/srv/RL_project/repo/outputs/wav_by_model/indextts/001583_indextts_sad.wav,e sai uan tsuan tian hian tshut guan lai e khi bi,e7 sai2 uan5 tsuan5 tian2 hian7 tshut4 guan5 lai5 e5 khi3 bi7,e sai uan tsuan tian hian tshut guan lai e khi bi,e sai uan tsuan tian hian tshut guan lai e khi bi,0.0,12,12,0,0,0,zh,1,ok
1584,indextts,surprised,001584_indextts_surprised.wav,/srv/RL_project/repo/outputs/wav_by_model/indextts/001584_indextts_surprised.wav,m tsiah u ki hue lai tioh tsiong,m7 tsiah4 u7 ki1 hue7 lai5 tioh8 tsiong2,m tsiah u ki hue lai tioh tsiong,m tsiah u ki hue lai tioh tsiong,0.0,8,8,0,0,0,zh,1,ok
1585,indextts,angry,001585_indextts_angry.wav,/srv/RL_project/repo/outputs/wav_by_model/indextts/001585_indextts_angry.wav,sua loh si hue e in soo,sua3 loh8 si7 hue1 e5 in1 soo3,sua loh si hue e in soo,sua loh si hue e in soo,0.0,7,7,0,0,0,zh,1,ok
1586,indextts,neutral,001586_indextts_neutral.wav,/srv/RL_project/repo/outputs/wav_by_model/indextts/001586_indextts_neutral.wav,hue soo tai piau e si un too kah thang kong sing,hue2 soo2 tai7 piau2 e5 si7 un1 too7 kah4 thang3 kong1 sing3,hue soo tai piau e si un too kah thang kong sing,hue soo tai piau e si un too kah thang kong sing,0.0,12,12,0,0,0,zh,1,ok
1587,indextts,surprised,001587_indextts_surprised.wav,/srv/RL_project/repo/outputs/wav/001587_indextts_surprised.wav,tsiok tse lang sa bo tsang,tsiok4 si3 tse7 tshi7 lang5 sa1 jian5 bo5 jian3 tsan5 a2,tsiok tse lang sa bo tsang,tsiok si tse tshi lang sa jian bo jian tsan a,1.0,6,5,1,0,5,zh,1,ok
1588,indextts,disgusted,001588_indextts_disgusted.wav,/srv/RL_project/repo/outputs/wav_by_model/indextts/001588_indextts_disgusted.wav,tai sing si un too ai sio kah tsha put to tsit tshing nng pah sann tsap kau tsit tshing nng pah peh tsap too tso iu e kuan un i siong,tai7 sing1 si7 un1 too7 ai3 sio1 kah4 tsha1 put4 to1 tsit8 tshing1 nng7 pah4 sann1 tsap8 kau3 tsit8 tshing1 nng7 pah4 peh4 tsap8 too7 tsoo1 iu5 e5 kuan5 un1 i2 siong7,tai sing si un too ai sio kah tsha put to tsit tshing nng pah sann tsap kau tsit tshing nng pah peh tsap too tso iu e kuan un i siong,tai sing si un too ai sio kah tsha put to tsit tshing nng pah sann tsap kau tsit tshing nng pah peh tsap too tsoo iu e kuan un i siong,0.03125,32,31,1,0,0,zh,1,ok
1589,indextts,neutral,001589_indextts_neutral.wav,/srv/RL_project/repo/outputs/wav_by_model/indextts/001589_indextts_neutral.wav,i tsiah e lai tsiann tso iu hui e tiau kiann tsi it,i1 tsiah4 e7 lai5 tsiann5 tso3 iu3 hui3 e5 tiau5 kiann7 tsit8 it4,i tsiah e lai tsiann tso iu hui e tiau kiann tsi it,i tsiah e lai tsiann tso iu hui e tiau kiann tsit it,0.07692307692307693,13,12,1,0,0,zh,1,ok
1590,indextts,angry,001590_indextts_angry.wav,/srv/RL_project/repo/outputs/wav_by_model/indextts/001590_indextts_angry.wav,na si it puann tshoo hui e thoo tsit,na7 si7 it4 puann1 tshoo1 hui1 e5 thoo5 tsit4,na si it puann tshoo hui e thoo tsit,na si it puann tshoo hui e thoo tsit,0.0,9,9,0,0,0,zh,1,ok
1591,indextts,surprised,001591_indextts_surprised.wav,/srv/RL_project/repo/outputs/wav_by_model/indextts/001591_indextts_surprised.wav,nge beh sio kah tsit tsiong kuan un,nge7 beh4 sio1 kah4 tsit4 tsiong2 kuan1 un1,nge beh sio kah tsit tsiong kuan un,nge beh sio kah tsit tsiong kuan un,0.0,8,8,0,0,0,zh,1,ok
1592,indextts,sad,001592_indextts_sad.wav,/srv/RL_project/repo/outputs/wav_by_model/indextts/001592_indextts_sad.wav,na m si sio kah phua phua khi,na7 m7 si7 sio1 kah4 phuah4 phuah4 khi3,na m si sio kah phua phua khi,na m si sio kah phuah phuah khi,0.25,8,6,2,0,0,zh,1,ok
1593,indextts,angry,001593_indextts_angry.wav,/srv/RL_project/repo/outputs/wav_by_model/indextts/001593_indextts_angry.wav,bo tio si tsok phin e lai khu kha khi,bo5 tio7 si7 tsok4 phin2 e7 lai5 khu1 kha1 khi3,bo tio si tsok phin e lai khu kha khi,bo tio si tsok phin e lai khu kha khi,0.0,10,10,0,0,0,zh,1,ok
1594,indextts,disgusted,001594_indextts_disgusted.wav,/srv/RL_project/repo/outputs/wav_by_model/indextts/001594_indextts_disgusted.wav,koh lai si hue soo tai piau e thang kng sing,koh4 lai5 si7 hue1 soo2 tai5 piau2 e5 thang2 kng1 sing3,koh lai si hue soo tai piau e thang kng sing,koh lai si hue soo tai piau e thang kng sing,0.0,11,11,0,0,0,zh,1,ok
1595,indextts,disgusted,001595_indextts_disgusted.wav,/srv/RL_project/repo/outputs/wav_by_model/indextts/001595_indextts_disgusted.wav,tshoo hui ka theh lai tsio kng si tsuat tui be thang kng,tshoo1 hui1 ka7 theh8 lai5 tsioh4 kng1 si7 tsuat8 tui3 be7 thang3 kng1,tshoo hui ka theh lai tsio kng si tsuat tui be thang kng,tshoo hui ka theh lai tsioh kng si tsuat tui be thang kng,0.07692307692307693,13,12,1,0,0,zh,1,ok
1596,indextts,neutral,001596_indextts_neutral.wav,/srv/RL_project/repo/outputs/wav_by_model/indextts/001596_indextts_neutral.wav,na si uan tsuan bo kap iu e iu hui ka theh lai tsio kng,na7 si7 uan5 tsuan5 bo5 kah4 iu7 e5 iu3 hui5 ka7 theh8 lai5 tsioh4 kng1,na si uan tsuan bo kap iu e iu hui ka theh lai tsio kng,na si uan tsuan bo kah iu e iu hui ka theh lai tsioh kng,0.13333333333333333,15,13,2,0,0,zh,1,ok
1597,indextts,disgusted,001597_indextts_disgusted.wav,/srv/RL_project/repo/outputs/wav_by_model/indextts/001597_indextts_disgusted.wav,i tio e sio khua thang kng,i1 kio3 e7 sio2 khua2 thang3 kng1,i tio e sio khua thang kng,i kio e sio khua thang kng,0.14285714285714285,7,6,1,0,0,zh,1,ok
1598,indextts,sad,001598_indextts_sad.wav,/srv/RL_project/repo/outputs/wav_by_model/indextts/001598_indextts_sad.wav,koh khah mai kong beh an tsuann lai khu piat ooh,koh4 khah4 mai3 kong2 beh4 an2 tsuann2 lai5 khu1 piat8 looh4,koh khah mai kong beh an tsuann lai khu piat ooh,koh khah mai kong beh an tsuann lai khu piat looh,0.09090909090909091,11,10,1,0,0,zh,1,ok
1599,indextts,fearful,001599_indextts_fearful.wav,/srv/RL_project/repo/outputs/wav_by_model/indextts/001599_indextts_fearful.wav,tsue au si hong e tsok iong,tsue3 au7 si7 hong5 e5 tsu3 iong7,tsue au si hong e tsok iong,tsue au si hong e tsu iong,0.14285714285714285,7,6,1,0,0,zh,1,ok
1600,indextts,neutral,001600_indextts_neutral.wav,/srv/RL_project/repo/outputs/wav_by_model/indextts/001600_indextts_neutral.wav,tse si in ui hong u huat too thuan sang siann im,tse1 si7 in1 ui7 hong1 u7 huat4 too7 thuan5 sang3 siann1 im1,tse si in ui hong u huat too thuan sang siann im,tse si in ui hong u huat too thuan sang siann im,0.0,12,12,0,0,0,zh,1,ok
1601,indextts,neutral,001601_indextts_neutral.wav,/srv/RL_project/repo/outputs/wav_by_model/indextts/001601_indextts_neutral.wav,na si iu hui ing tshiu ka tiak khuann mai a,na7 si7 iu3 hui3 ing7 tshiu2 ka7 tiak8 khuann3 mai7 a2,na si iu hui ing tshiu ka tiak khuann mai a,na si iu hui ing tshiu ka tiak khuann mai a,0.0,11,11,0,0,0,zh,1,ok
1602,indextts,surprised,001602_indextts_surprised.wav,/srv/RL_project/repo/outputs/wav_by_model/indextts/001602_indextts_surprised.wav,i e siann im e pi tiak tshoo hui e siann im koh khah tshe tsit kua,i1 e5 siann1 im1 e7 pi2 tiak8 tshoo1 hui5 e5 siann1 im1 koh4 khah4 tsheh4 tsit8 kua2,i e siann im e pi tiak tshoo hui e siann im koh khah tshe tsit kua,i e siann im e pi tiak tshoo hui e siann im koh khah tsheh tsit kua,0.058823529411764705,17,16,1,0,0,zh,1,ok
1603,indextts,happy,001603_indextts_happy.wav,/srv/RL_project/repo/outputs/wav_by_model/indextts/001603_indextts_happy.wav,siong tui tshoo hui e siann im e khah tun,siong1 tui3 tshoo1 hui5 e5 siann1 im1 e7 khah4 tng7,siong tui tshoo hui e siann im e khah tun,siong tui tshoo hui e siann im e khah tng,0.1,10,9,1,0,0,zh,1,ok
1604,indextts,surprised,001604_indextts_surprised.wav,/srv/RL_project/repo/outputs/wav_by_model/indextts/001604_indextts_surprised.wav,m tsai an ne senn tshoo hui kap iu hui e kan tan khu piat,m7 tsai1 an2 ne1 se2 tshoo1 hui5 kah4 iu3 hui5 e5 kan2 tan1 khu1 piat8,m tsai an ne senn tshoo hui kap iu hui e kan tan khu piat,m tsai an ne se tshoo hui kah iu hui e kan tan khu piat,0.13333333333333333,15,13,2,0,0,zh,1,ok
1605,indextts,neutral,001605_indextts_neutral.wav,/srv/RL_project/repo/outputs/wav_by_model/indextts/001605_indextts_neutral.wav,si m si tsin sim sik,sim1 si7 tsin1 sim1 siat4,si m si tsin sim sik,sim si tsin sim siat,0.5,6,3,2,1,0,zh,1,ok
1606,indextts,fearful,001606_indextts_fearful.wav,/srv/RL_project/repo/outputs/wav_by_model/indextts/001606_indextts_fearful.wav,ban it na si tu tioh u lang kok pih tiau kang beh sit giam,ban7 it4 na7 si7 tu2 tioh8 u7 lang5 kok4 pi7 kiau1 kang1 beh4 sit8 giam7,ban it na si tu tioh u lang kok pih tiau kang beh sit giam,ban it na si tu tioh u lang kok pi kiau kang beh sit giam,0.13333333333333333,15,13,2,0,0,zh,1,ok
1607,indextts,happy,001607_indextts_happy.wav,/srv/RL_project/repo/outputs/wav_by_model/indextts/001607_indextts_happy.wav,iong ko nia thoo kah tshoo hui a thoo lam lam tso hue khi sio,iong7 koo1 nia2 thoo5 kah4 tshoo1 hui5 a2 thoo5 lam7 lam7 tso3 hue2 khi3 sio1,iong ko nia thoo kah tshoo hui a thoo lam lam tso hue khi sio,iong koo nia thoo kah tshoo hui a thoo lam lam tso hue khi sio,0.06666666666666667,15,14,1,0,0,zh,1,ok
1608,indextts,disgusted,001608_indextts_disgusted.wav,/srv/RL_project/repo/outputs/wav_by_model/indextts/001608_indextts_disgusted.wav,koh sio tshut ua beh tsit tshing nng pah too tso iu kuan un e tsok phin,koh4 sio1 tshut4 gua2 beh4 tsit8 tshing1 nng7 pah4 too7 tsok4 iu7 kuan1 un1 e5 tsok4 phinn2,koh sio tshut ua beh tsit tshing nng pah too tso iu kuan un e tsok phin,koh sio tshut gua beh tsit tshing nng pah too tsok iu kuan un e tsok phinn,0.17647058823529413,17,14,3,0,0,zh,1,ok
1609,indextts,angry,001609_indextts_angry.wav,/srv/RL_project/repo/outputs/wav_by_model/indextts/001609_indextts_angry.wav,tai sing hua gi kong e 陶,tai7 sing1 hua5 gi2 kong2 e5 tau3 e5,tai sing hua gi kong e 陶,tai sing hua gi kong e tau e,0.2857142857142857,7,6,1,0,1,zh,1,ok
1610,indextts,angry,001610_indextts_angry.wav,/srv/RL_project/repo/outputs/wav_by_model/indextts/001610_indextts_angry.wav,tioh m tsai iann beh an tsuann tshing hoo,tioh8 m7 tsai1 iann2 beh4 an2 tsuann2 tshing1 hoo1,tioh m tsai iann beh an tsuann tshing hoo,tioh m tsai iann beh an tsuann tshing hoo,0.0,9,9,0,0,0,zh,1,ok
1611,indextts,sad,001611_indextts_sad.wav,/srv/RL_project/repo/outputs/wav_by_model/indextts/001611_indextts_sad.wav,si tshoo hui iah si iu hui,si7 tshoo1 hui1 iah8 si7 iu3 hui5,si tshoo hui iah si iu hui,si tshoo hui iah si iu hui,0.0,7,7,0,0,0,zh,1,ok
1612,indextts,neutral,001612_indextts_neutral.wav,/srv/RL_project/repo/outputs/wav_by_model/indextts/001612_indextts_neutral.wav,bo iau kin lan tioh tit tsiap kio i hui a tio ho,bo5 iau3 kin2 lan2 to7 tit8 tsiap4 kio3 i1 hui5 a2 tio7 ho2,bo iau kin lan tioh tit tsiap kio i hui a tio ho,bo iau kin lan to tit tsiap kio i hui a tio ho,0.07692307692307693,13,12,1,0,0,zh,1,ok
1613,indextts,neutral,001613_indextts_neutral.wav,/srv/RL_project/repo/outputs/wav_by_model/indextts/001613_indextts_neutral.wav,lan tio ka kio tso tshoo hui,lan2 tioh8 ka7 kio3 tso3 tshoo1 hui5,lan tio ka kio tso tshoo hui,lan tioh ka kio tso tshoo hui,0.14285714285714285,7,6,1,0,0,zh,1,ok
1614,indextts,angry,001614_indextts_angry.wav,/srv/RL_project/repo/outputs/wav_by_model/indextts/001614_indextts_angry.wav,na si hua gi kong e 瓷,na7 si7 huah4 li2 kong2 e5 tsi2,na si hua gi kong e 瓷,na si huah li kong e tsi,0.42857142857142855,7,4,3,0,0,zh,1,ok
1615,indextts,neutral,001615_indextts_neutral.wav,/srv/RL_project/repo/outputs/wav_by_model/indextts/001615_indextts_neutral.wav,bun tsiong li,bun5 tsiong1 ji7,bun tsiong li,bun tsiong ji,0.3333333333333333,3,2,1,0,0,zh,1,ok
1616,indextts,neutral,001616_indextts_neutral.wav,/srv/RL_project/repo/outputs/wav_by_model/indextts/001616_indextts_neutral.wav,tiong kok beh hoo lan kok bin thai gu liok ui hue bo pian poo,tiong1 kok4 beh4 hoo7 lan2 kok4 bin5 thai7 gu7 liok8 ui2 hue7 bo5 pian3 poo7,tiong kok beh hoo lan kok bin thai gu liok ui hue bo pian poo,tiong kok beh hoo lan kok bin thai gu liok ui hue bo pian poo,0.0,15,15,0,0,0,zh,1,ok
1617,indextts,neutral,001617_indextts_neutral.wav,/srv/RL_project/repo/outputs/wav/001617_indextts_neutral.wav,ng bang tiong kok ti tui kiu sit lik the sing e si,ng3 jian5 bang7 tsi2 tiong1 jian5 kok4 si3 ti3 tsi2 tui7 jian3 kiu5 si7 pa1 ge7 jit8 pa2 the3 lian7 sing1 e5 si5,ng bang tiong kok ti tui kiu sit lik the sing e si,ng jian bang tsi tiong jian kok si ti tsi tui jian kiu si pa ge jit pa the lian sing e si,0.9230769230769231,13,11,2,0,10,zh,1,ok
1618,indextts,neutral,001618_indextts_neutral.wav,/srv/RL_project/repo/outputs/wav/001618_indextts_neutral.wav,ma ai ing sin li loo lai khuann thai liong huann kuan he,ma7 tshi1 ai3 ing5 tsi2 sin1 li2 tsian3 loo7 tshi1 lai5 khuann2 san1 jian3 thai3 tshi7 liong2 jian3 huann7 tsi3 kuan5 jian2 he7 tshi7,ma ai ing sin li loo lai khuann thai liong huann kuan he,ma tshi ai ing tsi sin li tsian loo tshi lai khuann san jian thai tshi liong jian huann tsi kuan jian he tshi,0.8461538461538461,13,13,0,0,11,zh,1,ok
1619,indextts,fearful,001619_indextts_fearful.wav,/srv/RL_project/repo/outputs/wav_by_model/indextts/001619_indextts_fearful.wav,tiong kiong tsap kau tai ui tsa khi kau tiam khai si,tiong1 kiong7 tsap8 kau2 tai5 ui3 tsa2 khi2 kau2 tiam2 khai1 si2,tiong kiong tsap kau tai ui tsa khi kau tiam khai si,tiong kiong tsap kau tai ui tsa khi kau tiam khai si,0.0,12,12,0,0,0,zh,1,ok
1620,indextts,fearful,001620_indextts_fearful.wav,/srv/RL_project/repo/outputs/wav_by_model/indextts/001620_indextts_fearful.wav,習近平 ti kang tsok po ko lai te,thng1 hng1 tsing3 ping1 ti7 kang1 tsok4 po3 ko3 lai7 te2,習近平 ti kang tsok po ko lai te,thng hng tsing ping ti kang tsok po ko lai te,0.5,8,7,1,0,3,zh,1,ok
1621,indextts,sad,001621_indextts_sad.wav,/srv/RL_project/repo/outputs/wav_by_model/indextts/001621_indextts_sad.wav,u si pai kong tioh kiu li kiong sik,u7 si3 pai2 kong2 tioh8 kiu2 li7 kiong7 si7,u si pai kong tioh kiu li kiong sik,u si pai kong tioh kiu li kiong si,0.1111111111111111,9,8,1,0,0,zh,1,ok
1622,indextts,fearful,001622_indextts_fearful.wav,/srv/RL_project/repo/outputs/wav_by_model/indextts/001622_indextts_fearful.wav,piau si tsit e tiong kok guan tsik si liong huann kuan he e tsing ti kin te,piau2 si7 tsit8 e5 tiong1 kok4 kuan5 tsik4 si7 liong2 hua5 kuan1 he7 e5 tsing3 ti7 kin1 te2,piau si tsit e tiong kok guan tsik si liong huann kuan he e tsing ti kin te,piau si tsit e tiong kok kuan tsik si liong hua kuan he e tsing ti kin te,0.1111111111111111,18,16,2,0,0,zh,1,ok
1623,indextts,angry,001623_indextts_angry.wav,/srv/RL_project/repo/outputs/wav_by_model/indextts/001623_indextts_angry.wav,sing lin kiu ji kiong sik jin tong liong huann kang siok tsit e tiong kok,sin1 lim7 kiu2 ti7 kiong7 sik4 jin7 tong5 liu2 hua3 kang7 siok8 tsit8 e5 tiong1 kok4,sing lin kiu ji kiong sik jin tong liong huann kang siok tsit e tiong kok,sin lim kiu ti kiong sik jin tong liu hua kang siok tsit e tiong kok,0.3125,16,11,5,0,0,zh,1,ok
1624,indextts,sad,001624_indextts_sad.wav,/srv/RL_project/repo/outputs/wav_by_model/indextts/001624_indextts_sad.wav,siang hong e tui ue tio thang khi kiann,siang1 hong1 e5 tui3 ue7 tioh8 thang1 khi2 kiann5,siang hong e tui ue tio thang khi kiann,siang hong e tui ue tioh thang khi kiann,0.1111111111111111,9,8,1,0,0,zh,1,ok
1625,indextts,disgusted,001625_indextts_disgusted.wav,/srv/RL_project/repo/outputs/wav/001625_indextts_disgusted.wav,tai uan jim ho tsing tong kah thuan the beh ham tiong kok lai khi ma be u tsoo gai,tai5 gian3 guan5 jin5 tshi7 tsian3 ho7 tsing1 san1 jian3 tong2 kah4 si3 thuan5 ian2 the5 a2 be2 si3 kong1 tsing3 ng5 tshi7 tiong1 jian2 kok4 suh4 lai5 kian3 khi2 sam1 e5 tshi7 be2 tshi7 u1 tsi1 tsoo1 a2 ian3 gai7 tshi7,tai uan jim ho tsing tong kah thuan the beh ham tiong kok lai khi ma be u tsoo gai,tai gian guan jin tshi tsian ho tsing san jian tong kah si thuan ian the a be si kong tsing ng tshi tiong jian kok suh lai kian khi sam e tshi be tshi u tsi tsoo a ian gai tshi,1.35,20,15,5,0,22,zh,1,ok
1626,indextts,angry,001626_indextts_angry.wav,/srv/RL_project/repo/outputs/wav_by_model/indextts/001626_indextts_angry.wav,tat tit tsu i e si,tat8 tit4 tsu3 i3 e5 si7,tat tit tsu i e si,tat tit tsu i e si,0.0,6,6,0,0,0,zh,1,ok
1627,indextts,angry,001627_indextts_angry.wav,/srv/RL_project/repo/outputs/wav/001627_indextts_angry.wav,tsok tsia lua tsiau lam,tsok4 poo7 tsia2 tu7 lua7 se1 bian2 tsiau1 guan5 lam5 phai2,tsok tsia lua tsiau lam,tsok poo tsia tu lua se bian tsiau guan lam phai,1.2,5,5,0,0,6,zh,1,ok
1628,indextts,sad,001628_indextts_sad.wav,/srv/RL_project/repo/outputs/wav_by_model/indextts/001628_indextts_sad.wav,習近平 koh kong,liong7 ping2 ping2 koh4 kong2,習近平 koh kong,liong ping ping koh kong,1.0,3,2,1,0,2,zh,1,ok
1629,indextts,surprised,001629_indextts_surprised.wav,/srv/RL_project/repo/outputs/wav/001629_indextts_surprised.wav,beh tsiau 兩岸一家親 e li liam,beh4 si2 tsiau1 san1 liang5 an3 i2 tsiah4 tshin1 e5 li2 tsian3 liam2 tsi1,beh tsiau 兩岸一家親 e li liam,beh si tsiau san liang an i tsiah tshin e li tsian liam tsi,1.5,6,5,1,0,8,zh,1,ok
1630,indextts,neutral,001630_indextts_neutral.wav,/srv/RL_project/repo/outputs/wav_by_model/indextts/001630_indextts_neutral.wav,tauh tauh a hoo tai uan tong pau ti tai liok hak sip tshong giap sing uah,tauh8 tauh8 a2 hoo7 tai5 uan5 tong5 pau1 ti7 tai7 liok8 hak8 sip8 tshong3 giap8 sing1 uah8,tauh tauh a hoo tai uan tong pau ti tai liok hak sip tshong giap sing uah,tauh tauh a hoo tai uan tong pau ti tai liok hak sip tshong giap sing uah,0.0,17,17,0,0,0,zh,1,ok
1631,indextts,disgusted,001631_indextts_disgusted.wav,/srv/RL_project/repo/outputs/wav_by_model/indextts/001631_indextts_disgusted.wav,the kiong kah tai liok tong pau kang khuan e thai gu,the5 kiong1 kah4 tai7 liok8 tong5 pau1 kang7 khuan2 e5 thai7 gu7,the kiong kah tai liok tong pau kang khuan e thai gu,the kiong kah tai liok tong pau kang khuan e thai gu,0.0,12,12,0,0,0,zh,1,ok
1632,indextts,fearful,001632_indextts_fearful.wav,/srv/RL_project/repo/outputs/wav_by_model/indextts/001632_indextts_fearful.wav,u hun sik in sut bing thuan tai hak liong huann gian kiu tiong sim tsu lim kiam kau siu iunn khai hong e kai sueh,u7 hun1 sik4 in2 su7 bin5 thuan5 tai7 hak8 liong2 huann7 gian2 kiu3 tiong1 sin1 tsu2 lin5 kiam1 kau3 siu7 iunn5 khai1 hong5 e5 kai2 sueh4,u hun sik in sut bing thuan tai hak liong huann gian kiu tiong sim tsu lim kiam kau siu iunn khai hong e kai sueh,u hun sik in su bin thuan tai hak liong huann gian kiu tiong sin tsu lin kiam kau siu iunn khai hong e kai sueh,0.15384615384615385,26,22,4,0,0,zh,1,ok
1633,indextts,sad,001633_indextts_sad.wav,/srv/RL_project/repo/outputs/wav_by_model/indextts/001633_indextts_sad.wav,tiong kiong tsit kui tang ka liong huann kau liu e tiong tiam ui tai uan sua kau tiong kok,tiong1 kiong7 tsit4 kui2 tang1 ka7 liong2 hua3 kau1 liu5 e5 tiong7 tiam2 ui3 tai5 uan5 sua2 kau3 tiong1 kok4,tiong kiong tsit kui tang ka liong huann kau liu e tiong tiam ui tai uan sua kau tiong kok,tiong kiong tsit kui tang ka liong hua kau liu e tiong tiam ui tai uan sua kau tiong kok,0.05,20,19,1,0,0,zh,1,ok
1634,indextts,surprised,001634_indextts_surprised.wav,/srv/RL_project/repo/outputs/wav_by_model/indextts/001634_indextts_surprised.wav,beh siann tai uan e siau lian lang kau tiong kok tshong giap un thau loo,beh4 sia2 tai5 uan5 e5 siau3 lian5 lang5 kau3 tiong1 kok4 tshong3 giap8 un1 thau5 loo7,beh siann tai uan e siau lian lang kau tiong kok tshong giap un thau loo,beh sia tai uan e siau lian lang kau tiong kok tshong giap un thau loo,0.0625,16,15,1,0,0,zh,1,ok
1635,indextts,disgusted,001635_indextts_disgusted.wav,/srv/RL_project/repo/outputs/wav_by_model/indextts/001635_indextts_disgusted.wav,bi lai tai pau tsing e ho be,bi7 lai5 tai5 pau1 tsing3 e5 ho7 be2,bi lai tai pau tsing e ho be,bi lai tai pau tsing e ho be,0.0,8,8,0,0,0,zh,1,ok
1636,indextts,happy,001636_indextts_happy.wav,/srv/RL_project/repo/outputs/wav_by_model/indextts/001636_indextts_happy.wav,phah sng beh kai kah kah tiong kok kong bin kang khuan,phah4 sng3 beh4 kai2 kah4 kah4 tiong1 kok4 kong1 bin5 kang7 khuan2,phah sng beh kai kah kah tiong kok kong bin kang khuan,phah sng beh kai kah kah tiong kok kong bin kang khuan,0.0,12,12,0,0,0,zh,1,ok
1637,indextts,surprised,001637_indextts_surprised.wav,/srv/RL_project/repo/outputs/wav_by_model/indextts/001637_indextts_surprised.wav,hoo tai uan lang ti tiong kok be ko thih phio thang kah tiong kok lang kang khuan,hoo7 tai5 uan5 lang5 ti7 tiong1 kok4 be2 ko1 thih4 phio3 thang1 kah4 tiong1 kok4 lang5 kang7 khuan2,hoo tai uan lang ti tiong kok be ko thih phio thang kah tiong kok lang kang khuan,hoo tai uan lang ti tiong kok be ko thih phio thang kah tiong kok lang kang khuan,0.0,18,18,0,0,0,zh,1,ok
1638,indextts,sad,001638_indextts_sad.wav,/srv/RL_project/repo/outputs/wav_by_model/indextts/001638_indextts_sad.wav,tiong kok kiong san tong te tsap kau tshu tsuan kok tai piau tai hue tsap gueh tsap peh khui boo,tiong1 kok4 kiong7 san2 tong2 te7 tsap8 kau2 tshu3 tsuan5 ko1 tai7 piau2 tai7 hue7 tsap8 gueh8 tsap8 peh4 khui1 boo7,tiong kok kiong san tong te tsap kau tshu tsuan kok tai piau tai hue tsap gueh tsap peh khui boo,tiong kok kiong san tong te tsap kau tshu tsuan ko tai piau tai hue tsap gueh tsap peh khui boo,0.047619047619047616,21,20,1,0,0,zh,1,ok
1639,indextts,surprised,001639_indextts_surprised.wav,/srv/RL_project/repo/outputs/wav_by_model/indextts/001639_indextts_surprised.wav,bian pai tui tit tsiap lu kha jip tsam ka thiam li pian sing,bian2 pai5 tui7 tit8 tsiap4 lu2 kha1 jit8 tsam7 ka1 thiam1 li7 pian7 sing3,bian pai tui tit tsiap lu kha jip tsam ka thiam li pian sing,bian pai tui tit tsiap lu kha jit tsam ka thiam li pian sing,0.07142857142857142,14,13,1,0,0,zh,1,ok
1640,indextts,happy,001640_indextts_happy.wav,/srv/RL_project/repo/outputs/wav_by_model/indextts/001640_indextts_happy.wav,iong khai hong jin ui,iong7 khai1 hong1 lin7 ui5,iong khai hong jin ui,iong khai hong lin ui,0.2,5,4,1,0,0,zh,1,ok
1641,indextts,neutral,001641_indextts_neutral.wav,/srv/RL_project/repo/outputs/wav_by_model/indextts/001641_indextts_neutral.wav,tse huan se piau si tiong kiong tui ka ti e huat tian tsin u sin sim,tse1 huan1 se3 piau2 si7 tiong1 kiong7 tui3 ka1 ti7 e5 huat4 tian2 tsin1 u7 sin5 sim1,tse huan se piau si tiong kiong tui ka ti e huat tian tsin u sin sim,tse huan se piau si tiong kiong tui ka ti e huat tian tsin u sin sim,0.0,17,17,0,0,0,zh,1,ok
1642,indextts,happy,001642_indextts_happy.wav,/srv/RL_project/repo/outputs/wav_by_model/indextts/001642_indextts_happy.wav,tsun si tai uan lang lai kau tiong kok sia hue,tsong2 si7 tai5 uan5 lang5 lai5 kau3 tiong1 kok4 sia7 hue7,tsun si tai uan lang lai kau tiong kok sia hue,tsong si tai uan lang lai kau tiong kok sia hue,0.09090909090909091,11,10,1,0,0,zh,1,ok
1643,indextts,fearful,001643_indextts_fearful.wav,/srv/RL_project/repo/outputs/wav_by_model/indextts/001643_indextts_fearful.wav,tio e tang ka liong huann e kha poo giu khah ua leh,tio7 e7 tang3 ka7 liong2 hua3 e5 kha1 poo7 iu2 khau2 a2 leh4,tio e tang ka liong huann e kha poo giu khah ua leh,tio e tang ka liong hua e kha poo iu khau a leh,0.3076923076923077,13,9,4,0,0,zh,1,ok
1644,indextts,neutral,001644_indextts_neutral.wav,/srv/RL_project/repo/outputs/wav_by_model/indextts/001644_indextts_neutral.wav,liok ui hue e sing bing tsi tshut,liok8 ui2 hue7 e5 sin1 bin5 tsi2 tshut4,liok ui hue e sing bing tsi tshut,liok ui hue e sin bin tsi tshut,0.25,8,6,2,0,0,zh,1,ok
1645,indextts,fearful,001645_indextts_fearful.wav,/srv/RL_project/repo/outputs/wav_by_model/indextts/001645_indextts_fearful.wav,tiong kiong tsap kau tai po ko tui tai tsing tshik uan na bo pian poo,tiong1 kiong7 tsap8 kau2 tai7 e5 po3 koo3 tui3 tai5 king3 tshik4 uan5 na7 bo5 pian3 poo7,tiong kiong tsap kau tai po ko tui tai tsing tshik uan na bo pian poo,tiong kiong tsap kau tai e po koo tui tai king tshik uan na bo pian poo,0.1875,16,14,2,0,1,zh,1,ok
1646,indextts,fearful,001646_indextts_fearful.wav,/srv/RL_project/repo/outputs/wav_by_model/indextts/001646_indextts_fearful.wav,koh tiau kang kik tshut the hong nua tsah e thai too,koh4 tiau1 kang1 kip4 tshut4 the5 hong5 nua2 tsai3 tai5 too7,koh tiau kang kik tshut the hong nua tsah e thai too,koh tiau kang kip tshut the hong nua tsai tai too,0.3333333333333333,12,8,3,1,0,zh,1,ok
1647,indextts,surprised,001647_indextts_surprised.wav,/srv/RL_project/repo/outputs/wav_by_model/indextts/001647_indextts_surprised.wav,lok ui hue hoo iok tui huann tsin bak khuann tiong tsit e su sit,lok8 gueh8 hue7 ho5 iok8 tui3 hua3 tsin1 bak8 khuann3 tiong7 tsit8 e5 su7 sit8,lok ui hue hoo iok tui huann tsin bak khuann tiong tsit e su sit,lok gueh hue ho iok tui hua tsin bak khuann tiong tsit e su sit,0.2,15,12,3,0,0,zh,1,ok
1648,indextts,sad,001648_indextts_sad.wav,/srv/RL_project/repo/outputs/wav_by_model/indextts/001648_indextts_sad.wav,koo tsit ping nge beh tsiann e it tiong guan tsik kah tsit kok nng tse,koo2 tsit8 ping5 nge7 beh4 tsiann5 e5 it4 tiong1 guan5 tsip8 kah4 tsit8 kok4 nng7 tseh4,koo tsit ping nge beh tsiann e it tiong guan tsik kah tsit kok nng tse,koo tsit ping nge beh tsiann e it tiong guan tsip kah tsit kok nng tseh,0.125,16,14,2,0,0,zh,1,ok
1649,indextts,angry,001649_indextts_angry.wav,/srv/RL_project/repo/outputs/wav/001649_indextts_angry.wav,tiong kiong tsong su ki 習近平 leh po ko e si,tiong5 jian5 kiong5 tshi7 tsong5 at4 jian3 su7 jian7 ki3習近平 leh4 si3 po2 tsian3 ko3 e5 si5,tiong kiong tsong su ki 習近平 leh po ko e si,tiong jian kiong tshi tsong at jian su jian ki習近平 leh si po tsian ko e si,0.7272727272727273,11,9,2,0,6,zh,1,ok
1650,indextts,neutral,001650_indextts_neutral.wav,/srv/RL_project/repo/outputs/wav_by_model/indextts/001650_indextts_neutral.wav,tsin oh hann kue bin sim e tshim kau,tsin1 oh4 ha7 kue3 bin5 sim1 e5 tshim1 kau7,tsin oh hann kue bin sim e tshim kau,tsin oh ha kue bin sim e tshim kau,0.1111111111111111,9,8,1,0,0,zh,1,ok
1651,indextts,neutral,001651_indextts_neutral.wav,/srv/RL_project/repo/outputs/wav_by_model/indextts/001651_indextts_neutral.wav,liok ui hue kiong tiau,liok8 ui2 hue7 kiong5 tiau7,liok ui hue kiong tiau,liok ui hue kiong tiau,0.0,5,5,0,0,0,zh,1,ok
1652,indextts,angry,001652_indextts_angry.wav,/srv/RL_project/repo/outputs/wav_by_model/indextts/001652_indextts_angry.wav,tshua tsing hu u tsam tsat bo jia khang,tshua3 tsing3 hu2 u7 tsat8 tsat8 bo5 jia2 khang1,tshua tsing hu u tsam tsat bo jia khang,tshua tsing hu u tsat tsat bo jia khang,0.1111111111111111,9,8,1,0,0,zh,1,ok
1653,indextts,sad,001653_indextts_sad.wav,/srv/RL_project/repo/outputs/wav_by_model/indextts/001653_indextts_sad.wav,ui tshi hian hong tsun tiong it kiu kiu ji ni liong hue hue tam lik su su sit e lip tiunn bo pian,ui5 tshi5 hian7 hong2 tsun1 tiong7 it4 kiu2 kiu2 ni5 ni5 liong2 hue7 hue7 tham1 lik8 su2 su7 sit8 e5 lit8 tiunn5 bo5 pian7,ui tshi hian hong tsun tiong it kiu kiu ji ni liong hue hue tam lik su su sit e lip tiunn bo pian,ui tshi hian hong tsun tiong it kiu kiu ni ni liong hue hue tham lik su su sit e lit tiunn bo pian,0.125,24,21,3,0,0,zh,1,ok
1654,indextts,surprised,001654_indextts_surprised.wav,/srv/RL_project/repo/outputs/wav_by_model/indextts/001654_indextts_surprised.wav,m koh tiong hua bin kok si tsu kuan kok ka,m7 koh4 tiong1 hua5 bin5 kok4 si7 tsu2 khuan5 kok4 ka1,m koh tiong hua bin kok si tsu kuan kok ka,m koh tiong hua bin kok si tsu khuan kok ka,0.09090909090909091,11,10,1,0,0,zh,1,ok
1655,indextts,happy,001655_indextts_happy.wav,/srv/RL_project/repo/outputs/wav_by_model/indextts/001655_indextts_happy.wav,tai uan e bi lai kah liong huann kuan he si nng tshing sann pah ban lang e kiong tong suan tik,tai5 uan5 e5 bi7 lai5 kah4 ling2 huat4 kuan1 he7 si7 nng7 tshing1 sann1 pah4 uan5 lang5 e5 kiong7 tong5 suan2 tik8,tai uan e bi lai kah liong huann kuan he si nng tshing sann pah ban lang e kiong tong suan tik,tai uan e bi lai kah ling huat kuan he si nng tshing sann pah uan lang e kiong tong suan tik,0.13636363636363635,22,19,3,0,0,zh,1,ok
1656,indextts,fearful,001656_indextts_fearful.wav,/srv/RL_project/repo/outputs/wav_by_model/indextts/001656_indextts_fearful.wav,liong huann ai tso hue tshiau tshue sio kau tshap e sin loo,liong2 huann7 ai3 tso3 hue2 tshiau1 tshue1 sio1 kau1 tshap4 e5 sin1 loo7,liong huann ai tso hue tshiau tshue sio kau tshap e sin loo,liong huann ai tso hue tshiau tshue sio kau tshap e sin loo,0.0,13,13,0,0,0,zh,1,ok
1657,indextts,sad,001657_indextts_sad.wav,/srv/RL_project/repo/outputs/wav_by_model/indextts/001657_indextts_sad.wav,tsim tui tiong kiong tsap kau tai e po ko,tsin1 tui3 tiong1 kiong7 tsap8 kau2 tai7 e5 po3 ko3,tsim tui tiong kiong tsap kau tai e po ko,tsin tui tiong kiong tsap kau tai e po ko,0.1,10,9,1,0,0,zh,1,ok
1658,indextts,happy,001658_indextts_happy.wav,/srv/RL_project/repo/outputs/wav_by_model/indextts/001658_indextts_happy.wav,si tai lik liong piau si,si5 tai7 lit8 liong7 piau2 si7,si tai lik liong piau si,si tai lit liong piau si,0.16666666666666666,6,5,1,0,0,zh,1,ok
1659,indextts,surprised,001659_indextts_surprised.wav,/srv/RL_project/repo/outputs/wav_by_model/indextts/001659_indextts_surprised.wav,tsi tshi tshua tsong thong tsun tiong kiu ji hue tam lik su su sit e tsing tshik te tiau,tsi1 tshi5 i1 tshua7 tsong2 thong2 tsun1 tiong7 kiu2 li7 hue7 tam5 lik8 su2 sit8 e5 tsing3 tshik4 te2 tiau7,tsi tshi tshua tsong thong tsun tiong kiu ji hue tam lik su su sit e tsing tshik te tiau,tsi tshi i tshua tsong thong tsun tiong kiu li hue tam lik su sit e tsing tshik te tiau,0.15,20,18,1,1,1,zh,1,ok
1660,indextts,angry,001660_indextts_angry.wav,/srv/RL_project/repo/outputs/wav_by_model/indextts/001660_indextts_angry.wav,tu liau koh kiong tiau kian kuat huan tui ping ap tse tai tok se lik,tu5 liau2 koh4 kiong5 tiau7 kian1 kuann2 huan2 tui3 ping5 a2 tse3 tai7 tok8 se3 lik8,tu liau koh kiong tiau kian kuat huan tui ping ap tse tai tok se lik,tu liau koh kiong tiau kian kuann huan tui ping a tse tai tok se lik,0.125,16,14,2,0,0,zh,1,ok
1661,indextts,neutral,001661_indextts_neutral.wav,/srv/RL_project/repo/outputs/wav_by_model/indextts/001661_indextts_neutral.wav,ma hoo iok tiong kiong ti tsit e tiong kok tsit e tai uan e ki tshoo siong,ma7 hoo1 iok8 tiong1 kiong1 ti7 tsit8 e5 tiong1 kok4 tsit8 e5 tai5 uan5 e5 ki1 tshoo2 siong7,ma hoo iok tiong kiong ti tsit e tiong kok tsit e tai uan e ki tshoo siong,ma hoo iok tiong kiong ti tsit e tiong kok tsit e tai uan e ki tshoo siong,0.0,18,18,0,0,0,zh,1,ok
1662,indextts,angry,001662_indextts_angry.wav,/srv/RL_project/repo/outputs/wav/001662_indextts_angry.wav,kah tai uan tsing hu tui ue khi tso liong huann tsing siong liong sing e kau tshap kuan he,kah4 siu3 tai7 jian7 uan5 tsing3 jian5 hu3 tui3 jian7 ue7 it4 tsi1 khi2 a2 jian7 tso3 tsi1 liong7 tsing3 hua5 tsi1 tsing3 jian5 siong5 liong5 jian3 sing3 e5 kau1 i1 tsian3 tshat4 si3 kuan1 jian5 he5 tsi1,kah tai uan tsing hu tui ue khi tso liong huann tsing siong liong sing e kau tshap kuan he,kah siu tai jian uan tsing jian hu tui jian ue it tsi khi a jian tso tsi liong tsing hua tsi tsing jian siong liong jian sing e kau i tsian tshat si kuan jian he tsi,1.0,20,18,2,0,18,zh,1,ok
1663,indextts,sad,001663_indextts_sad.wav,/srv/RL_project/repo/outputs/wav_by_model/indextts/001663_indextts_sad.wav,ling gua tsit hong bin,ling7 gua7 tsit8 hong1 bin7,ling gua tsit hong bin,ling gua tsit hong bin,0.0,5,5,0,0,0,zh,1,ok
1664,indextts,angry,001664_indextts_angry.wav,/srv/RL_project/repo/outputs/wav_by_model/indextts/001664_indextts_angry.wav,kok bin tong tsu sik ngoo tun gi kong,kok4 bin5 tong2 tsu2 sik8 goo7 tun1 gi7 kong1,kok bin tong tsu sik ngoo tun gi kong,kok bin tong tsu sik goo tun gi kong,0.1111111111111111,9,8,1,0,0,zh,1,ok
1665,indextts,sad,001665_indextts_sad.wav,/srv/RL_project/repo/outputs/wav_by_model/indextts/001665_indextts_sad.wav,ai u it tiong kok piau e kiu ji kiong sik,ai3 u7 it4 tiong1 kok4 piau1 e5 kiu2 jit8 kiong7 sik4,ai u it tiong kok piau e kiu ji kiong sik,ai u it tiong kok piau e kiu jit kiong sik,0.09090909090909091,11,10,1,0,0,zh,1,ok
1666,indextts,angry,001666_indextts_angry.wav,/srv/RL_project/repo/outputs/wav/001666_indextts_angry.wav,tsiah thang po tsing tiong hua bin kok e tsu kuan kah tsun giam,tsia1 si7 thang1 gi7 poo2 tian2 tsing1 san1 tiong2 jian5 hua5 tsian3 bin5 tsian3 kok4 si2 e5 tsu2 o3 tsian5 khuan5 kah4 si3 tsun7 i5 tsian3 giam5 u7,tsiah thang po tsing tiong hua bin kok e tsu kuan kah tsun giam,tsia si thang gi poo tian tsing san tiong jian hua tsian bin tsian kok si e tsu o tsian khuan kah si tsun i tsian giam u,1.2142857142857142,14,11,3,0,14,zh,1,ok
1667,indextts,disgusted,001667_indextts_disgusted.wav,/srv/RL_project/repo/outputs/wav_by_model/indextts/001667_indextts_disgusted.wav,ma kong tioh tui tai khang khue e tiong tiam,ma7 kong2 tioh8 tui3 tai5 khang1 khue3 e5 tiong7 tiam2,ma kong tioh tui tai khang khue e tiong tiam,ma kong tioh tui tai khang khue e tiong tiam,0.0,10,10,0,0,0,zh,1,ok
1668,indextts,disgusted,001668_indextts_disgusted.wav,/srv/RL_project/repo/outputs/wav/001668_indextts_disgusted.wav,the kiong tai uan lang ti tiong kok e kok bin thai gu,the5 tsian3 kiong1 tai5 ian2 uan5 tsian3 lang5 ti7 tsit4 tiong1 ian3 kok4 si2 e5 kok4 si2 ian3 bing5 thai3 tsi2 tsian3 ku1 tshi7,the kiong tai uan lang ti tiong kok e kok bin thai gu,the tsian kiong tai ian uan tsian lang ti tsit tiong ian kok si e kok si ian bing thai tsi tsian ku tshi,1.0,13,11,2,0,11,zh,1,ok
1669,indextts,sad,001669_indextts_sad.wav,/srv/RL_project/repo/outputs/wav_by_model/indextts/001669_indextts_sad.wav,hing tsing inn tai liok ui uan hue lin ui,hing5 tsing3 inn7 tai7 liok8 ui2 uan5 hue7 e5 lin7 ui5,hing tsing inn tai liok ui uan hue lin ui,hing tsing inn tai liok ui uan hue e lin ui,0.1,10,10,0,0,1,zh,1,ok
1670,indextts,happy,001670_indextts_happy.wav,/srv/RL_project/repo/outputs/wav_by_model/indextts/001670_indextts_happy.wav,tiong kok tui tai tsing tshik bo pian poo tsin phah sng,tiong1 kok4 tui3 tai5 king2 thiat4 bo5 pian3 poo7 tsin1 phah4 sng2,tiong kok tui tai tsing tshik bo pian poo tsin phah sng,tiong kok tui tai king thiat bo pian poo tsin phah sng,0.16666666666666666,12,10,2,0,0,zh,1,ok
1671,indextts,happy,001671_indextts_happy.wav,/srv/RL_project/repo/outputs/wav_by_model/indextts/001671_indextts_happy.wav,bun tsiong sam,bun5 tsiong1 sam1,bun tsiong sam,bun tsiong sam,0.0,3,3,0,0,0,zh,1,ok
1672,indextts,disgusted,001672_indextts_disgusted.wav,/srv/RL_project/repo/outputs/wav/001672_indextts_disgusted.wav,liau sia e ge sut,liau7 u2 tian2 sia7 e5 ge5 tshi3 jian3 sut8 pa1,liau sia e ge sut,liau u tian sia e ge tshi jian sut pa,1.0,5,5,0,0,5,zh,1,ok
1673,indextts,surprised,001673_indextts_surprised.wav,/srv/RL_project/repo/outputs/wav_by_model/indextts/001673_indextts_surprised.wav,lian kah u tsit kang tat kau hit e tsi kuan e king kai,lian5 kah4 u7 tsit8 kang1 tak8 kau7 hit4 e5 tsi3 kuan5 e5 king2 kai3,lian kah u tsit kang tat kau hit e tsi kuan e king kai,lian kah u tsit kang tak kau hit e tsi kuan e king kai,0.07142857142857142,14,13,1,0,0,zh,1,ok
1674,indextts,fearful,001674_indextts_fearful.wav,/srv/RL_project/repo/outputs/wav_by_model/indextts/001674_indextts_fearful.wav,kio tso ge sut,kio3 tso3 ge7 sut8,kio tso ge sut,kio tso ge sut,0.0,4,4,0,0,0,zh,1,ok
1675,indextts,surprised,001675_indextts_surprised.wav,/srv/RL_project/repo/outputs/wav_by_model/indextts/001675_indextts_surprised.wav,na si e tang sng tshut guan liong kui pian,na7 si7 e7 tang3 sang3 tshut4 kuan1 liong5 kui2 pian3,na si e tang sng tshut guan liong kui pian,na si e tang sang tshut kuan liong kui pian,0.2,10,8,2,0,0,zh,1,ok
1676,indextts,disgusted,001676_indextts_disgusted.wav,/srv/RL_project/repo/outputs/wav/001676_indextts_disgusted.wav,an ne tio si iau bue guan liong,an2 tsiann5 e5 tio7 tsit8 sinn1 a2 a2 tsian3 bue2 tsi1 guan5 jian2 liong5 tsi1,an ne tio si iau bue guan liong,an tsiann e tio tsit sinn a a tsian bue tsi guan jian liong tsi,1.25,8,5,3,0,7,zh,1,ok
1677,indextts,surprised,001677_indextts_surprised.wav,/srv/RL_project/repo/outputs/wav_by_model/indextts/001677_indextts_surprised.wav,ia soo kong e tshit tsap e tshit pian,ia2 soo2 kong2 e5 tshit4 tsap8 e5 tshit4 pian3,ia soo kong e tshit tsap e tshit pian,ia soo kong e tshit tsap e tshit pian,0.0,9,9,0,0,0,zh,1,ok
1678,indextts,fearful,001678_indextts_fearful.wav,/srv/RL_project/repo/outputs/wav_by_model/indextts/001678_indextts_fearful.wav,tsiu si tshin tshiunn lan kong e tshit tshit si tsap kau pian,tsiu7 si7 tshin1 tshiunn7 lan2 kong2 e5 tshit4 tshit4 si3 tsap8 kau2 pian3,tsiu si tshin tshiunn lan kong e tshit tshit si tsap kau pian,tsiu si tshin tshiunn lan kong e tshit tshit si tsap kau pian,0.0,13,13,0,0,0,zh,1,ok
1679,indextts,angry,001679_indextts_angry.wav,/srv/RL_project/repo/outputs/wav_by_model/indextts/001679_indextts_angry.wav,tio si m tsai iann kui pian,tio7 si7 m7 tsai1 iann2 kui2 pian3,tio si m tsai iann kui pian,tio si m tsai iann kui pian,0.0,7,7,0,0,0,zh,1,ok
1680,indextts,fearful,001680_indextts_fearful.wav,/srv/RL_project/repo/outputs/wav_by_model/indextts/001680_indextts_fearful.wav,it tit kau uan tsuan bo teh ti i,it4 tit8 kau3 uan5 tsuan5 bo5 teh4 ti3 i3,it tit kau uan tsuan bo teh ti i,it tit kau uan tsuan bo teh ti i,0.0,9,9,0,0,0,zh,1,ok
1681,indextts,happy,001681_indextts_happy.wav,/srv/RL_project/repo/outputs/wav_by_model/indextts/001681_indextts_happy.wav,bo koh khioh hun,bo5 koh4 khioh4 hun1,bo koh khioh hun,bo koh khioh hun,0.0,4,4,0,0,0,zh,1,ok
1682,indextts,disgusted,001682_indextts_disgusted.wav,/srv/RL_project/repo/outputs/wav_by_model/indextts/001682_indextts_disgusted.wav,m koh lan thak bi kok lin bun tsu gi tai su pang liong e khuan iong,m7 koh4 lan2 thak8 bi2 kok4 lin5 bun5 tsu2 gi7 tai7 su1 pang1 liong7 e5 khuan2 iong7,m koh lan thak bi kok lin bun tsu gi tai su pang liong e khuan iong,m koh lan thak bi kok lin bun tsu gi tai su pang liong e khuan iong,0.0,17,17,0,0,0,zh,1,ok
1683,indextts,disgusted,001683_indextts_disgusted.wav,/srv/RL_project/repo/outputs/wav_by_model/indextts/001683_indextts_disgusted.wav,tsok tsia li khin huann,tsok4 tsia2 ti7 khin5 huann7,tsok tsia li khin huann,tsok tsia ti khin huann,0.2,5,4,1,0,0,zh,1,ok
1684,indextts,sad,001684_indextts_sad.wav,/srv/RL_project/repo/outputs/wav_by_model/indextts/001684_indextts_sad.wav,thak liau tit tioh kah tsok tsia kang khuan e kiat lun,thak8 liau2 tit4 tioh8 kah4 tsok4 tsia2 kang7 khuan2 e5 kiat4 lun7,thak liau tit tioh kah tsok tsia kang khuan e kiat lun,thak liau tit tioh kah tsok tsia kang khuan e kiat lun,0.0,12,12,0,0,0,zh,1,ok
1685,indextts,disgusted,001685_indextts_disgusted.wav,/srv/RL_project/repo/outputs/wav/001685_indextts_disgusted.wav,lin lui e lik su tio si tsit pho put khuan iong su,lim5 tsian3 lui7 tsi2 e5 lik8 ba5 tsian3 su2 tioh8 tsse8 s1 s1 pa1 phoo1 tsi1 put4 si3 tshian1 siau1 si5 uan1 e5 iong5 su2,lin lui e lik su tio si tsit pho put khuan iong su,lim tsian lui tsi e lik ba tsian su tioh tsse s s pa phoo tsi put si tshian siau si uan e iong su,1.3846153846153846,13,7,6,0,12,zh,1,ok
1686,indextts,sad,001686_indextts_sad.wav,/srv/RL_project/repo/outputs/wav_by_model/indextts/001686_indextts_sad.wav,lin lui put tuan tiong hok sim kuann kheh eh,lin5 lui7 put4 tuan7 tiong1 hoo7 sim1 kuann1 kheh4,lin lui put tuan tiong hok sim kuann kheh eh,lin lui put tuan tiong hoo sim kuann kheh,0.2,10,8,1,1,0,zh,1,ok
1687,indextts,surprised,001687_indextts_surprised.wav,/srv/RL_project/repo/outputs/wav_by_model/indextts/001687_indextts_surprised.wav,bo huat too tsiap lap kah ka ki bo kang khuan siunn huat e tsok ui,bo5 huat4 too7 tsiap4 lap8 kah4 ka1 ki7 bo5 kang5 khuan2 siunn7 huat4 e5 tsok4 ui5,bo huat too tsiap lap kah ka ki bo kang khuan siunn huat e tsok ui,bo huat too tsiap lap kah ka ki bo kang khuan siunn huat e tsok ui,0.0,16,16,0,0,0,zh,1,ok
1688,indextts,happy,001688_indextts_happy.wav,/srv/RL_project/repo/outputs/wav_by_model/indextts/001688_indextts_happy.wav,na si kah gua bo sio kang,na7 si7 kah4 gua2 bo5 sio1 kang5,na si kah gua bo sio kang,na si kah gua bo sio kang,0.0,7,7,0,0,0,zh,1,ok
1689,indextts,angry,001689_indextts_angry.wav,/srv/RL_project/repo/outputs/wav_by_model/indextts/001689_indextts_angry.wav,tio si li si gua uah,tio7 si7 li2 si2 ua2 ua2,tio si li si gua uah,tio si li si ua ua,0.3333333333333333,6,4,2,0,0,zh,1,ok
1690,indextts,surprised,001690_indextts_surprised.wav,/srv/RL_project/repo/outputs/wav_by_model/indextts/001690_indextts_surprised.wav,tse pau kuat tse tse soo ui ia soo tai gian lin e lin lui,tse1 pau1 kuat4 tse7 tse7 soo2 ui7 iau2 soo2 tai7 gian5 lin5 e5 lin5 lui7,tse pau kuat tse tse soo ui ia soo tai gian lin e lin lui,tse pau kuat tse tse soo ui iau soo tai gian lin e lin lui,0.06666666666666667,15,14,1,0,0,zh,1,ok
1691,indextts,surprised,001691_indextts_surprised.wav,/srv/RL_project/repo/outputs/wav_by_model/indextts/001691_indextts_surprised.wav,lin lui kau tann e lik su,lin5 lui7 kau3 tah4 e5 lik8 su2,lin lui kau tann e lik su,lin lui kau tah e lik su,0.14285714285714285,7,6,1,0,0,zh,1,ok
1692,indextts,sad,001692_indextts_sad.wav,/srv/RL_project/repo/outputs/wav_by_model/indextts/001692_indextts_sad.wav,tshit tsap e tshit pian long si bo liau sia bo khuan iong bo guan liong,tshit4 tsap8 e5 tshit4 pian3 long2 si7 bo5 liau5 sia3 bo5 khuan5 iong5 bo5 guan5 liong5,tshit tsap e tshit pian long si bo liau sia bo khuan iong bo guan liong,tshit tsap e tshit pian long si bo liau sia bo khuan iong bo guan liong,0.0,16,16,0,0,0,zh,1,ok
1693,indextts,disgusted,001693_indextts_disgusted.wav,/srv/RL_project/repo/outputs/wav_by_model/indextts/001693_indextts_disgusted.wav,lin lui ko lian si kau tse thian pian e,lin5 lui7 ko3 lian5 si7 kau1 tse5 thian1 pian3 e5,lin lui ko lian si kau tse thian pian e,lin lui ko lian si kau tse thian pian e,0.0,10,10,0,0,0,zh,1,ok
1694,indextts,fearful,001694_indextts_fearful.wav,/srv/RL_project/repo/outputs/wav_by_model/indextts/001694_indextts_fearful.wav,pi tik mng ia soo kong,pi2 tit4 mng7 ia2 soo2 kong2,pi tik mng ia soo kong,pi tit mng ia soo kong,0.16666666666666666,6,5,1,0,0,zh,1,ok
1695,indextts,disgusted,001695_indextts_disgusted.wav,/srv/RL_project/repo/outputs/wav_by_model/indextts/001695_indextts_disgusted.wav,kau tse thian tshit tsap tshit pian,kau1 tse5 thian1 tshit4 tsap8 tshit4 pian3,kau tse thian tshit tsap tshit pian,kau tse thian tshit tsap tshit pian,0.0,7,7,0,0,0,zh,1,ok
1696,indextts,angry,001696_indextts_angry.wav,/srv/RL_project/repo/outputs/wav_by_model/indextts/001696_indextts_angry.wav,pian lai pian khi ma si kau,pian3 lai5 pian3 khi3 ma7 si7 kau3,pian lai pian khi ma si kau,pian lai pian khi ma si kau,0.0,7,7,0,0,0,zh,1,ok
1697,indextts,sad,001697_indextts_sad.wav,/srv/RL_project/repo/outputs/wav/001697_indextts_sad.wav,loo sin lim tsiong e si,loo7 e5 sin3 lim7 u7 lian3 tsiong1 i1 e5 si5,loo sin lim tsiong e si,loo e sin lim u lian tsiong i e si,0.6666666666666666,6,6,0,0,4,zh,1,ok
1698,indextts,happy,001698_indextts_happy.wav,/srv/RL_project/repo/outputs/wav_by_model/indextts/001698_indextts_happy.wav,siunn tioh se hng lang e thuan thong,siunn7 tioh8 senn1 hng1 lang5 e5 thuan5 thong2,siunn tioh se hng lang e thuan thong,siunn tioh senn hng lang e thuan thong,0.125,8,7,1,0,0,zh,1,ok
1699,indextts,angry,001699_indextts_angry.wav,/srv/RL_project/repo/outputs/wav/001699_indextts_angry.wav,thiann kong si tsin tsing ai guan liong tsit si lang tit tse lan e lang,thiann1 i1 lian3 kong2 si2 tshin3 san2 tsian3 tsing3 u7 ai3 guan5 jian5 liong5 tsi1 tsit4 si3 jian7 si3 jian7 lang5 ti7 si3 jian7 tse7 tsit8 jian7 lian7 lan7 e5 lang5,thiann kong si tsin tsing ai guan liong tsit si lang tit tse lan e lang,thiann i lian kong si tshin san tsian tsing u ai guan jian liong tsi tsit si jian si jian lang ti si jian tse tsit jian lian lan e lang,1.0625,16,14,2,0,15,zh,1,ok
1700,indextts,sad,001700_indextts_sad.wav,/srv/RL_project/repo/outputs/wav_by_model/indextts/001700_indextts_sad.wav,thang ho ong sing,thang1 ho2 ong2 sing1,thang ho ong sing,thang ho ong sing,0.0,4,4,0,0,0,zh,1,ok
1701,indextts,disgusted,001701_indextts_disgusted.wav,/srv/RL_project/repo/outputs/wav/001701_indextts_disgusted.wav,m koh i it tit siunn suah lu siunn lu tse guan liong be liau,m7 tsi3 jian3 koh4 si2 i1 i1 si2 jian3 ti7 ma2 sing1 tsi1 suah4 si3 lu2 siunn7 tsit8 lu2 tse7 tsi1 guan5 jian3 liong5 tsi1 be2 tsi2 tiau3 oh8,m koh i it tit siunn suah lu siunn lu tse guan liong be liau,m tsi jian koh si i i si jian ti ma sing tsi suah si lu siunn tsit lu tse tsi guan jian liong tsi be tsi tiau oh,1.2,15,11,4,0,14,zh,1,ok
1702,indextts,disgusted,001702_indextts_disgusted.wav,/srv/RL_project/repo/outputs/wav_by_model/indextts/001702_indextts_disgusted.wav,tio kong tit tse gua e lang sit tsai siunn tse ah,tioh8 kong2 tit4 tse1 gua2 e5 lang5 sit8 tsai7 siunn1 tse7 ah4,tio kong tit tse gua e lang sit tsai siunn tse ah,tioh kong tit tse gua e lang sit tsai siunn tse ah,0.08333333333333333,12,11,1,0,0,zh,1,ok
1703,indextts,surprised,001703_indextts_surprised.wav,/srv/RL_project/repo/outputs/wav_by_model/indextts/001703_indextts_surprised.wav,bo in ma mai guan liong gua lah,bo5 i1 ma7 mai3 guan5 liong5 gua2 lah4,bo in ma mai guan liong gua lah,bo i ma mai guan liong gua lah,0.125,8,7,1,0,0,zh,1,ok
1704,indextts,angry,001704_indextts_angry.wav,/srv/RL_project/repo/outputs/wav_by_model/indextts/001704_indextts_angry.wav,an ne tak ke tshe penn tsun suah,an2 ne1 tak8 ke1 tsheh4 peh8 tsun2 suah4,an ne tak ke tshe penn tsun suah,an ne tak ke tsheh peh tsun suah,0.25,8,6,2,0,0,zh,1,ok
1705,indextts,angry,001705_indextts_angry.wav,/srv/RL_project/repo/outputs/wav_by_model/indextts/001705_indextts_angry.wav,gua i king guan liong tui hong tshit pian ah,gua2 i2 king1 guan5 iong7 tui3 hong1 tshit4 pian3 ah4,gua i king guan liong tui hong tshit pian ah,gua i king guan iong tui hong tshit pian ah,0.1,10,9,1,0,0,zh,1,ok
1706,indextts,happy,001706_indextts_happy.wav,/srv/RL_project/repo/outputs/wav_by_model/indextts/001706_indextts_happy.wav,gua siunn tan beh tng khui tsiah lai liau sia,gua2 siong7 tam2 e7 tng7 khui3 tsiah4 lai5 liau2 sia3,gua siunn tan beh tng khui tsiah lai liau sia,gua siong tam e tng khui tsiah lai liau sia,0.3,10,7,3,0,0,zh,1,ok
1707,indextts,surprised,001707_indextts_surprised.wav,/srv/RL_project/repo/outputs/wav/001707_indextts_surprised.wav,kiam tshai u si bo kau si kan,kiam2 er2 jian3 tshai3 er2 u7 tshi3 tsian3 si5 bo5 jian3 kau1 san1 si7 jian3 kan1,kiam tshai u si bo kau si kan,kiam er jian tshai er u tshi tsian si bo jian kau san si jian kan,1.0,8,8,0,0,8,zh,1,ok
1708,indextts,angry,001708_indextts_angry.wav,/srv/RL_project/repo/outputs/wav_by_model/indextts/001708_indextts_angry.wav,be hu thang uan sing,be7 hu3 thang1 uan5 sing5,be hu thang uan sing,be hu thang uan sing,0.0,5,5,0,0,0,zh,1,ok
1709,indextts,angry,001709_indextts_angry.wav,/srv/RL_project/repo/outputs/wav_by_model/indextts/001709_indextts_angry.wav,in ui liau sia su iau tsit tuann si kan,in1 ui7 liau5 sia2 su1 iau3 tsit8 tuann7 si5 kan1,in ui liau sia su iau tsit tuann si kan,in ui liau sia su iau tsit tuann si kan,0.0,10,10,0,0,0,zh,1,ok
1710,indextts,fearful,001710_indextts_fearful.wav,/srv/RL_project/repo/outputs/wav_by_model/indextts/001710_indextts_fearful.wav,tshin tshiunn lian tan an ne,tshin1 tshiunn7 lian7 tan1 an2 ne1,tshin tshiunn lian tan an ne,tshin tshiunn lian tan an ne,0.0,6,6,0,0,0,zh,1,ok
1711,indextts,disgusted,001711_indextts_disgusted.wav,/srv/RL_project/repo/outputs/wav_by_model/indextts/001711_indextts_disgusted.wav,su iau tshit tshit si tsap kau kang leh,su1 iau3 tshit4 tshit4 si3 tsap8 kak4 kang5 leh4,su iau tshit tshit si tsap kau kang leh,su iau tshit tshit si tsap kak kang leh,0.1111111111111111,9,8,1,0,0,zh,1,ok
1712,indextts,disgusted,001712_indextts_disgusted.wav,/srv/RL_project/repo/outputs/wav_by_model/indextts/001712_indextts_disgusted.wav,li kam khai si tui kiu liau sia tsit mng ge sut ah,li2 kam2 khai1 si2 tui1 kiu5 liau2 sia2 tsit4 mng7 ke3 sut8 ah4,li kam khai si tui kiu liau sia tsit mng ge sut ah,li kam khai si tui kiu liau sia tsit mng ke sut ah,0.07692307692307693,13,12,1,0,0,zh,1,ok
1713,indextts,happy,001713_indextts_happy.wav,/srv/RL_project/repo/outputs/wav_by_model/indextts/001713_indextts_happy.wav,tioh ai liong tsa ooh,tioh8 ai3 liong7 tsau2 ooh4,tioh ai liong tsa ooh,tioh ai liong tsau ooh,0.2,5,4,1,0,0,zh,1,ok
1714,indextts,neutral,001714_indextts_neutral.wav,/srv/RL_project/repo/outputs/wav_by_model/indextts/001714_indextts_neutral.wav,an ne kam bo kau,an2 ne1 kam2 bo5 kau3,an ne kam bo kau,an ne kam bo kau,0.0,5,5,0,0,0,zh,1,ok
1715,indextts,fearful,001715_indextts_fearful.wav,/srv/RL_project/repo/outputs/wav_by_model/indextts/001715_indextts_fearful.wav,ia soo kong bo kau ai guan liong tshit tsap e tshit pian,ia5 soo2 kong5 bo5 kau3 ai3 guan5 liong7 tshit4 tsap8 e5 tshit4 pian3,ia soo kong bo kau ai guan liong tshit tsap e tshit pian,ia soo kong bo kau ai guan liong tshit tsap e tshit pian,0.0,13,13,0,0,0,zh,1,ok
1716,indextts,disgusted,001716_indextts_disgusted.wav,/srv/RL_project/repo/outputs/wav_by_model/indextts/001716_indextts_disgusted.wav,tse to si liau sia e ge sut,tse1 to7 si7 liau5 sia7 e5 ge7 sut8,tse to si liau sia e ge sut,tse to si liau sia e ge sut,0.0,8,8,0,0,0,zh,1,ok
1717,indextts,sad,001717_indextts_sad.wav,/srv/RL_project/repo/outputs/wav/001717_indextts_sad.wav,huan na si ge sut,huan1 na2 tsi1 tsian2 tshi7 tsi1 geh4 tshi7 tsian2 sut8 pa1,huan na si ge sut,huan na tsi tsian tshi tsi geh tshi tsian sut pa,1.6,5,3,2,0,6,zh,1,ok
1718,indextts,surprised,001718_indextts_surprised.wav,/srv/RL_project/repo/outputs/wav_by_model/indextts/001718_indextts_surprised.wav,tio si su iau tsin tng e si kan it tit tuan lian,tio7 si7 su1 iau3 tsin1 tng5 e5 si5 kan1 it4 tit8 tuan1 lian7,tio si su iau tsin tng e si kan it tit tuan lian,tio si su iau tsin tng e si kan it tit tuan lian,0.0,13,13,0,0,0,zh,1,ok
1719,indextts,angry,001719_indextts_angry.wav,/srv/RL_project/repo/outputs/wav_by_model/indextts/001719_indextts_angry.wav,bun tsiong si,bun5 tsiong1 si3,bun tsiong si,bun tsiong si,0.0,3,3,0,0,0,zh,1,ok
1720,indextts,sad,001720_indextts_sad.wav,/srv/RL_project/repo/outputs/wav_by_model/indextts/001720_indextts_sad.wav,tsu iu bang,tsu3 iu5 bang7,tsu iu bang,tsu iu bang,0.0,3,3,0,0,0,zh,1,ok
1721,indextts,surprised,001721_indextts_surprised.wav,/srv/RL_project/repo/outputs/wav/001721_indextts_surprised.wav,i put si khuann tioh sio be tsin e noo hue,i1 put4 sit4 jian5 si5 khua2 san2 tsian3 tioh8 Paisio i1 be7 tshit4 tsin2 tsit8 e5 noo2 tshi2 tsian3 hue2,i put si khuann tioh sio be tsin e noo hue,i put sit jian si khua san tsian tioh paisio i be tshit tsin tsit e noo tshi tsian hue,1.0,11,9,2,0,9,zh,1,ok
1722,indextts,angry,001722_indextts_angry.wav,/srv/RL_project/repo/outputs/wav_by_model/indextts/001722_indextts_angry.wav,hit tsun i tsi si tsit ui sio king uan,hit4 tsun7 i1 tsi2 si7 tsit8 ui7 sia2 king2 uan5,hit tsun i tsi si tsit ui sio king uan,hit tsun i tsi si tsit ui sia king uan,0.1,10,9,1,0,0,zh,1,ok
1723,indextts,disgusted,001723_indextts_disgusted.wav,/srv/RL_project/repo/outputs/wav/001723_indextts_disgusted.wav,thiann bing ling kong lip tsu iu si tai tsap tsi sia,thiann1 i1 bin7 tsi2 tsian1 lim5 tsi1 kong1 jian3 lip8 pa1 tsu3 tsi2 tsian3 iu5 si5 tsian3 tai7 tsi3 tsiap4 pa1 tsian3 tsi1 san1 gian3 sia2 tsi1,thiann bing ling kong lip tsu iu si tai tsap tsi sia,thiann i bin tsi tsian lim tsi kong jian lip pa tsu tsi tsian iu si tsian tai tsi tsiap pa tsian tsi san gian sia tsi,1.5,12,9,3,0,15,zh,1,ok
1724,indextts,neutral,001724_indextts_neutral.wav,/srv/RL_project/repo/outputs/wav_by_model/indextts/001724_indextts_neutral.wav,hit am i tsiap tioh hau senn tian ue,hit4 am3 i1 tsiah4 tioh8 hau7 senn1 tian7 ue7,hit am i tsiap tioh hau senn tian ue,hit am i tsiah tioh hau senn tian ue,0.1111111111111111,9,8,1,0,0,zh,1,ok
1725,indextts,angry,001725_indextts_angry.wav,/srv/RL_project/repo/outputs/wav_by_model/indextts/001725_indextts_angry.wav,pa gun kong lip lip huat inn,pa5 gun2 kong2 li2 lip8 huat4 i1,pa gun kong lip lip huat inn,pa gun kong li lip huat i,0.2857142857142857,7,5,2,0,0,zh,1,ok
1726,indextts,surprised,001726_indextts_surprised.wav,/srv/RL_project/repo/outputs/wav_by_model/indextts/001726_indextts_surprised.wav,bo lua ku,bo5 lua7 ku2,bo lua ku,bo lua ku,0.0,3,3,0,0,0,zh,1,ok
1727,indextts,angry,001727_indextts_angry.wav,/srv/RL_project/repo/outputs/wav_by_model/indextts/001727_indextts_angry.wav,i kui sin oo sann kiann tsiunn ke thau,i1 kui1 sin1 oo2 sann1 kiann5 tsiu7 ke1 thau5,i kui sin oo sann kiann tsiunn ke thau,i kui sin oo sann kiann tsiu ke thau,0.1111111111111111,9,8,1,0,0,zh,1,ok
1728,indextts,happy,001728_indextts_happy.wav,/srv/RL_project/repo/outputs/wav_by_model/indextts/001728_indextts_happy.wav,tshiu giah tsit lui ng iam lit thau hue,tshiu2 giah8 tsit8 lui2 ng5 giam5 jit8 thau5 hue1,tshiu giah tsit lui ng iam lit thau hue,tshiu giah tsit lui ng giam jit thau hue,0.2222222222222222,9,7,2,0,0,zh,1,ok
1729,indextts,sad,001729_indextts_sad.wav,/srv/RL_project/repo/outputs/wav_by_model/indextts/001729_indextts_sad.wav,tsok tsia tan kim sun,tsok4 tsia2 tan5 kim1 sun7,tsok tsia tan kim sun,tsok tsia tan kim sun,0.0,5,5,0,0,0,zh,1,ok
1730,indextts,surprised,001730_indextts_surprised.wav,/srv/RL_project/repo/outputs/wav/001730_indextts_surprised.wav,hit lit tshi tiunn lai tsu iu hang khia pai,hit4 sit4 lip8 bah4 tshi7 tshinn1 tsian3 tiunn2 oh8 lai5 tsu2 tshinn1 tsian3 iu5 hang1 tshi7 khia7 tsi1 pai5,hit lit tshi tiunn lai tsu iu hang khia pai,hit sit lip bah tshi tshinn tsian tiunn oh lai tsu tshinn tsian iu hang tshi khia tsi pai,1.0,10,9,1,0,9,zh,1,ok
1731,indextts,sad,001731_indextts_sad.wav,/srv/RL_project/repo/outputs/wav_by_model/indextts/001731_indextts_sad.wav,tshun ong tu ho tiam ti lin kun li,tshun1 ong7 tu2 ho2 tiam3 ti7 lin5 kun1 li2,tshun ong tu ho tiam ti lin kun li,tshun ong tu ho tiam ti lin kun li,0.0,9,9,0,0,0,zh,1,ok
1732,indextts,disgusted,001732_indextts_disgusted.wav,/srv/RL_project/repo/outputs/wav_by_model/indextts/001732_indextts_disgusted.wav,i the hiu keh tng lit,i1 the3 hiu1 ke3 tng2 li2,i the hiu keh tng lit,i the hiu ke tng li,0.3333333333333333,6,4,2,0,0,zh,1,ok
1733,indextts,disgusted,001733_indextts_disgusted.wav,/srv/RL_project/repo/outputs/wav_by_model/indextts/001733_indextts_disgusted.wav,sui lai ki kim hue tso tsi kang,sui5 lai5 ki1 kim1 hue5 tso3 tsi3 kang1,sui lai ki kim hue tso tsi kang,sui lai ki kim hue tso tsi kang,0.0,8,8,0,0,0,zh,1,ok
1734,indextts,sad,001734_indextts_sad.wav,/srv/RL_project/repo/outputs/wav_by_model/indextts/001734_indextts_sad.wav,tak hue to lam kau nylon tsu hun tiunn king,tak8 hue5 to7 lan2 kau3 niu7 long5 tsu7 hun5 tiunn5 king2,tak hue to lam kau nylon tsu hun tiunn king,tak hue to lan kau niu long tsu hun tiunn king,0.3,10,8,2,0,1,zh,1,ok
1735,indextts,fearful,001735_indextts_fearful.wav,/srv/RL_project/repo/outputs/wav_by_model/indextts/001735_indextts_fearful.wav,i long bak sai si lam sui,i1 long2 bak8 sai2 si3 lam5 sui5,i long bak sai si lam sui,i long bak sai si lam sui,0.0,7,7,0,0,0,zh,1,ok
1736,indextts,neutral,001736_indextts_neutral.wav,/srv/RL_project/repo/outputs/wav_by_model/indextts/001736_indextts_neutral.wav,ji tsap goo tang lai ti bang li,ji7 tsap8 goo7 tang1 lai5 ti7 bang7 li2,ji tsap goo tang lai ti bang li,ji tsap goo tang lai ti bang li,0.0,8,8,0,0,0,zh,1,ok
1737,indextts,happy,001737_indextts_happy.wav,/srv/RL_project/repo/outputs/wav_by_model/indextts/001737_indextts_happy.wav,soo ji,soo3 ji7,soo ji,soo ji,0.0,2,2,0,0,0,zh,1,ok
1738,indextts,angry,001738_indextts_angry.wav,/srv/RL_project/repo/outputs/wav_by_model/indextts/001738_indextts_angry.wav,sua loh lai khuann hua lian kuan bin a tsai peh ho e thinn khi,sua3 loh8 lai5 khuann3 hua1 lian5 kuan7 bin5 a2 tsai3 peh4 ho7 e5 thinn1 khi3,sua loh lai khuann hua lian kuan bin a tsai peh ho e thinn khi,sua loh lai khuann hua lian kuan bin a tsai peh ho e thinn khi,0.0,15,15,0,0,0,zh,1,ok
1739,indextts,disgusted,001739_indextts_disgusted.wav,/srv/RL_project/repo/outputs/wav_by_model/indextts/001739_indextts_disgusted.wav,un too ji tsap lak tsi sann tsap it too loh hoo ki lut sann tsap,un1 too7 ji7 tsap8 lak8 tsi3 sann1 tsap8 it4 too7 loh8 hoo7 ki1 lut8 sann1 tsap8 pha1,un too ji tsap lak tsi sann tsap it too loh hoo ki lut sann tsap,un too ji tsap lak tsi sann tsap it too loh hoo ki lut sann tsap pha,0.0625,16,16,0,0,1,zh,1,ok
1740,indextts,happy,001740_indextts_happy.wav,/srv/RL_project/repo/outputs/wav_by_model/indextts/001740_indextts_happy.wav,lai pin peh pah tshit tsap lak ho tshiann lai tsap ji ho kui tai pan li,lai5 pin1 peh4 pah4 tshit4 tsap8 lak8 ho7 tshiann2 lai5 tsap8 ji7 ho7 kui7 tai5 pan7 li2,lai pin peh pah tshit tsap lak ho tshiann lai tsap ji ho kui tai pan li,lai pin peh pah tshit tsap lak ho tshiann lai tsap ji ho kui tai pan li,0.0,17,17,0,0,0,zh,1,ok
1741,indextts,neutral,001741_indextts_neutral.wav,/srv/RL_project/repo/outputs/wav_by_model/indextts/001741_indextts_neutral.wav,long tsong lak pah tshit tsap tshit khoo tsau li ji tsap sann khoo,long2 tsong2 lak8 pah4 tshit4 tsap8 tshit4 khoo1 tsau7 li2 li7 tsap8 sann1 khoo1,long tsong lak pah tshit tsap tshit khoo tsau li ji tsap sann khoo,long tsong lak pah tshit tsap tshit khoo tsau li li tsap sann khoo,0.07142857142857142,14,13,1,0,0,zh,1,ok
1742,indextts,surprised,001742_indextts_surprised.wav,/srv/RL_project/repo/outputs/wav/001742_indextts_surprised.wav,kin a ji̍t si goo gueh ji goo pai sann,kin1 tsan2 a2 tsian3 ji7 tshi1 tsi1 goo7 tsi1 tsian3 gueh8 ba7 ji7 tsi1 goo7 tsi1 pai3 tsian3 sann1 i1,kin a ji̍t si goo gueh ji goo pai sann,kin tsan a tsian ji tshi tsi goo tsi tsian gueh ba ji tsi goo tsi pai tsian sann i,1.2,10,8,2,0,10,zh,1,ok
1743,indextts,sad,001743_indextts_sad.wav,/srv/RL_project/repo/outputs/wav_by_model/indextts/001743_indextts_sad.wav,gua e hoo tsiau ho be si pat ji khong sam khong sam tshit kiu pat,gua2 e5 hoo7 tsiau3 ho7 be2 si7 pat4 ji7 khong3 sann1 khong3 sann1 tshit4 kiu2 pat4,gua e hoo tsiau ho be si pat ji khong sam khong sam tshit kiu pat,gua e hoo tsiau ho be si pat ji khong sann khong sann tshit kiu pat,0.125,16,14,2,0,0,zh,1,ok
1744,indextts,fearful,001744_indextts_fearful.wav,/srv/RL_project/repo/outputs/wav/001744_indextts_fearful.wav,gun tau e tian ue ho be si khong ngoo su liok su kiu kiu liok ngoo,gun2 tsian3 tau3 it4 e5 tian7 tshi7 tsian3 gueh8 tshit4 siau1 si5 oo1 tshi5 tsian3 be2 SIG tshi1 tshian1 siau1 si5 ong2 san1 na2 ke3 o1 o2 tsian3 su7 liok8 ba2 su1 kiu2 kiu2 liok8 ba2 na2 ke3 o1 o1 o2,gun tau e tian ue ho be si khong ngoo su liok su kiu kiu liok ngoo,gun tsian tau it e tian tshi tsian gueh tshit siau si oo tshi tsian be sig tshi tshian siau si ong san na ke o o tsian su liok ba su kiu kiu liok ba na ke o o o,1.7058823529411764,17,12,5,0,24,zh,1,ok
1745,indextts,sad,001745_indextts_sad.wav,/srv/RL_project/repo/outputs/wav_by_model/indextts/001745_indextts_sad.wav,i ti ji khong khong khong ni tshut si,i1 ti7 ji7 khong3 khong3 khong3 ni5 tshut4 si3,i ti ji khong khong khong ni tshut si,i ti ji khong khong khong ni tshut si,0.0,9,9,0,0,0,zh,1,ok
1746,indextts,disgusted,001746_indextts_disgusted.wav,/srv/RL_project/repo/outputs/wav_by_model/indextts/001746_indextts_disgusted.wav,tshiann pang gua tsuan hun ki liok ji liok it,tshiann2 pang1 gua2 tsuan2 hun1 ki1 liok8 li7 liok8 it4,tshiann pang gua tsuan hun ki liok ji liok it,tshiann pang gua tsuan hun ki liok li liok it,0.1,10,9,1,0,0,zh,1,ok
1747,indextts,sad,001747_indextts_sad.wav,/srv/RL_project/repo/outputs/wav/001747_indextts_sad.wav,sing uah tui ue,sing5 jian5 ua2 ba7 tui3 jian3 ue7 tsi1 tsiah4 tsiah4 tsiah4 tsiah4 tsiah4 tsiah4 tsiah4 tsiah4,sing uah tui ue,sing jian ua ba tui jian ue tsi tsiah tsiah tsiah tsiah tsiah tsiah tsiah tsiah,3.25,4,3,1,0,12,zh,1,ok
1748,indextts,surprised,001748_indextts_surprised.wav,/srv/RL_project/repo/outputs/wav_by_model/indextts/001748_indextts_surprised.wav,put si tua piann sau tshu lai tsin tshing khi,put4 si5 tua7 piah4 sau3 tshu3 lai7 tsin1 tshing1 khi3,put si tua piann sau tshu lai tsin tshing khi,put si tua piah sau tshu lai tsin tshing khi,0.1,10,9,1,0,0,zh,1,ok
1749,indextts,disgusted,001749_indextts_disgusted.wav,/srv/RL_project/repo/outputs/wav_by_model/indextts/001749_indextts_disgusted.wav,hann li kong siann,hannh4 li2 kong2 siann2,hann li kong siann,hannh li kong siann,0.25,4,3,1,0,0,zh,1,ok
1750,indextts,happy,001750_indextts_happy.wav,/srv/RL_project/repo/outputs/wav_by_model/indextts/001750_indextts_happy.wav,he khong khi tshing tsing ki li a sio uann tsit e to ho ah lah,he1 khong1 khi3 tshin1 tsin3 ki1 li2 a2 sio1 uann2 tsit8 e7 to7 ho2 ah4 lah4,he khong khi tshing tsing ki li a sio uann tsit e to ho ah lah,he khong khi tshin tsin ki li a sio uann tsit e to ho ah lah,0.125,16,14,2,0,0,zh,1,ok
1751,indextts,angry,001751_indextts_angry.wav,/srv/RL_project/repo/outputs/wav_by_model/indextts/001751_indextts_angry.wav,honnh he bo kang lah lang kong tshing tshu tsiah e hu neh,hoo1 he1 bo5 kang5 lah4 lang5 kong2 tshing1 tshu3 tsiah4 e7 hu7 neh4,honnh he bo kang lah lang kong tshing tshu tsiah e hu neh,hoo he bo kang lah lang kong tshing tshu tsiah e hu neh,0.07692307692307693,13,12,1,0,0,zh,1,ok
1752,indextts,fearful,001752_indextts_fearful.wav,/srv/RL_project/repo/outputs/wav_by_model/indextts/001752_indextts_fearful.wav,gua khuann lan kheh thiann si ke ing ia,gua2 khuann3 lan2 kheh4 thiann1 si3 ke3 ing7 iann2,gua khuann lan kheh thiann si ke ing ia,gua khuann lan kheh thiann si ke ing iann,0.1111111111111111,9,8,1,0,0,zh,1,ok
1753,indextts,happy,001753_indextts_happy.wav,/srv/RL_project/repo/outputs/wav_by_model/indextts/001753_indextts_happy.wav,gua e poo tshit tian si tu thau tsing thoo hun gua kau li tsai bo,gua2 e7 poo1 tshit4 tian7 si7 tu5 thau5 tsing5 tho5 hun2 gua7 kau3 li2 tsai1 bo5,gua e poo tshit tian si tu thau tsing thoo hun gua kau li tsai bo,gua e poo tshit tian si tu thau tsing tho hun gua kau li tsai bo,0.0625,16,15,1,0,0,zh,1,ok
1754,indextts,surprised,001754_indextts_surprised.wav,/srv/RL_project/repo/outputs/wav/001754_indextts_surprised.wav,li si ka tsia long tong tsue thiann thau tsit ni tshing thun tsiah piann tsit kai sioh,li2 si7 tsit8 kah4 tsit8 tsiah4 i1 long2 tong3 lian7 tsue7 san1 thiann3 i1 lian3 thau2 u7 tsit8 pa2 ni5 tshing1 oh8 jian3 thun2 u7 tsiah8 si3 piann1 san1 tsit8 pa2 tsian3 kai2 tsian3 sioh4 si2,li si ka tsia long tong tsue thiann thau tsit ni tshing thun tsiah piann tsit kai sioh,li si tsit kah tsit tsiah i long tong lian tsue san thiann i lian thau u tsit pa ni tshing oh jian thun u tsiah si piann san tsit pa tsian kai tsian sioh si,1.1111111111111112,18,16,2,0,18,zh,1,ok
1755,indextts,happy,001755_indextts_happy.wav,/srv/RL_project/repo/outputs/wav_by_model/indextts/001755_indextts_happy.wav,eh li na e tsai gua kam kak an ne tsin ho ah,eh4 li2 na2 e7 tsai1 gua2 kam2 kak4 an2 ne1 tsin1 ho2 ah4,eh li na e tsai gua kam kak an ne tsin ho ah,eh li na e tsai gua kam kak an ne tsin ho ah,0.0,13,13,0,0,0,zh,1,ok
1756,indextts,sad,001756_indextts_sad.wav,/srv/RL_project/repo/outputs/wav_by_model/indextts/001756_indextts_sad.wav,ping siong si mai khi kiau jiau tioh ki tha pang kheh,ping5 siong5 si5 mai3 khi3 kiau2 liau2 tioh8 ki5 tha1 pang1 kheh4,ping siong si mai khi kiau jiau tioh ki tha pang kheh,ping siong si mai khi kiau liau tioh ki tha pang kheh,0.08333333333333333,12,11,1,0,0,zh,1,ok
1757,indextts,sad,001757_indextts_sad.wav,/srv/RL_project/repo/outputs/wav_by_model/indextts/001757_indextts_sad.wav,li m tsai he ti tu ah hoo sin hoo sian thang a ah,li2 m7 tsai1 he1 ti1 tu1 a2 hoo7 sing1 ho2 sian7 thang1 a2 a2,li m tsai he ti tu ah hoo sin hoo sian thang a ah,li m tsai he ti tu a hoo sing ho sian thang a a,0.2857142857142857,14,10,4,0,0,zh,1,ok
1758,indextts,disgusted,001758_indextts_disgusted.wav,/srv/RL_project/repo/outputs/wav_by_model/indextts/001758_indextts_disgusted.wav,long gua tshi lai tau liah bang thang e,long2 uat4 tshi7 lai5 tau3 liah8 bang2 thang5 e5,long gua tshi lai tau liah bang thang e,long uat tshi lai tau liah bang thang e,0.1111111111111111,9,8,1,0,0,zh,1,ok
1759,indextts,disgusted,001759_indextts_disgusted.wav,/srv/RL_project/repo/outputs/wav_by_model/indextts/001759_indextts_disgusted.wav,tso ka bu e tui ue,tsok4 ka1 bu7 e5 tui3 ue7,tso ka bu e tui ue,tsok ka bu e tui ue,0.16666666666666666,6,5,1,0,0,zh,1,ok
1760,indextts,happy,001760_indextts_happy.wav,/srv/RL_project/repo/outputs/wav_by_model/indextts/001760_indextts_happy.wav,kau hia ma e the lan puann tsit kua iu sap a,kau2 hiah8 ma7 e7 the3 lan2 puann1 tsit8 kua2 iu3 sat4 a2,kau hia ma e the lan puann tsit kua iu sap a,kau hiah ma e the lan puann tsit kua iu sat a,0.16666666666666666,12,10,2,0,0,zh,1,ok
1761,indextts,neutral,001761_indextts_neutral.wav,/srv/RL_project/repo/outputs/wav_by_model/indextts/001761_indextts_neutral.wav,eh gua kam kak li tsue kin tiann tiann lau phinn phah kha tshiunn,eh4 gua2 kam2 kak4 li2 tsue3 kin7 tiann7 tiann7 lau5 phinn7 phah4 kha1 tshiunn3,eh gua kam kak li tsue kin tiann tiann lau phinn phah kha tshiunn,eh gua kam kak li tsue kin tiann tiann lau phinn phah kha tshiunn,0.0,14,14,0,0,0,zh,1,ok
1762,indextts,surprised,001762_indextts_surprised.wav,/srv/RL_project/repo/outputs/wav_by_model/indextts/001762_indextts_surprised.wav,kam si tshu lai siunn lap sap a tsa ah,kam2 si7 tshu3 lai7 siunn1 lak4 sap4 a1 tsa1,kam si tshu lai siunn lap sap a tsa ah,kam si tshu lai siunn lak sap a tsa,0.2,10,8,1,1,0,zh,1,ok
1763,indextts,happy,001763_indextts_happy.wav,/srv/RL_project/repo/outputs/wav_by_model/indextts/001763_indextts_happy.wav,gua kin a jit si ke sun sun huat kian lan thian pong piah kak long u ti tu si neh,gua2 kin1 a2 lit8 si3 ke3 sun7 sun7 huat4 ke3 lan2 thian1 pong7 piak4 kah4 long2 u7 ti7 tu5 sin1 e5,gua kin a jit si ke sun sun huat kian lan thian pong piah kak long u ti tu si neh,gua kin a lit si ke sun sun huat ke lan thian pong piak kah long u ti tu sin e,0.2857142857142857,21,15,6,0,0,zh,1,ok
1764,indextts,surprised,001764_indextts_surprised.wav,/srv/RL_project/repo/outputs/wav_by_model/indextts/001764_indextts_surprised.wav,ji tshiann lan tsu kiat hun liau kan na long bo se kue kha tian koh u mng ni,li5 tshiann2 lan2 tsu7 kiat4 hun1 liau2 kan1 na1 long2 bo5 se2 kue3 kha1 tian2 koh4 u7 mng5 ni5,ji tshiann lan tsu kiat hun liau kan na long bo se kue kha tian koh u mng ni,li tshiann lan tsu kiat hun liau kan na long bo se kue kha tian koh u mng ni,0.05263157894736842,19,18,1,0,0,zh,1,ok
1765,indextts,angry,001765_indextts_angry.wav,/srv/RL_project/repo/outputs/wav_by_model/indextts/001765_indextts_angry.wav,lan u ing kam beh lai piann sau tsit e,lan2 u7 ing7 kah4 beh4 lai5 piah4 sau3 tsit8 e7,lan u ing kam beh lai piann sau tsit e,lan u ing kah beh lai piah sau tsit e,0.2,10,8,2,0,0,zh,1,ok
1766,indextts,disgusted,001766_indextts_disgusted.wav,/srv/RL_project/repo/outputs/wav_by_model/indextts/001766_indextts_disgusted.wav,hannh ke bo thiann e,hannh4 ke1 bo5 thiann1 e5,hannh ke bo thiann e,hannh ke bo thiann e,0.0,5,5,0,0,0,zh,1,ok
1767,indextts,fearful,001767_indextts_fearful.wav,/srv/RL_project/repo/outputs/wav_by_model/indextts/001767_indextts_fearful.wav,an ne gua lai be tsit tai sau thoo kha e ke khi lang,an2 ne1 gua2 lai5 be2 tsit8 tai5 sau3 thoo5 kha1 e5 ke1 khi3 lang5,an ne gua lai be tsit tai sau thoo kha e ke khi lang,an ne gua lai be tsit tai sau thoo kha e ke khi lang,0.0,14,14,0,0,0,zh,1,ok
1768,indextts,neutral,001768_indextts_neutral.wav,/srv/RL_project/repo/outputs/wav_by_model/indextts/001768_indextts_neutral.wav,bun tsiong it,bun5 tsiong1 it4,bun tsiong it,bun tsiong it,0.0,3,3,0,0,0,zh,1,ok
1769,indextts,sad,001769_indextts_sad.wav,/srv/RL_project/repo/outputs/wav_by_model/indextts/001769_indextts_sad.wav,tshoo hui kah iu hui,tshoo1 hui5 kah4 iu3 hui5,tshoo hui kah iu hui,tshoo hui kah iu hui,0.0,5,5,0,0,0,zh,1,ok
1770,indextts,happy,001770_indextts_happy.wav,/srv/RL_project/repo/outputs/wav_by_model/indextts/001770_indextts_happy.wav,lan tio ka kio tso iu hui,lan2 tioh8 ka7 kio3 tso3 iu3 hui5,lan tio ka kio tso iu hui,lan tioh ka kio tso iu hui,0.14285714285714285,7,6,1,0,0,zh,1,ok
1771,indextts,angry,001771_indextts_angry.wav,/srv/RL_project/repo/outputs/wav_by_model/indextts/001771_indextts_angry.wav,it puann hua gi na si tshing hoo tsue 陶瓷,it4 puann1 hua5 gi2 na7 si7 tshing1 hoo1 tsue7 thau5 tsi2 tsheh4,it puann hua gi na si tshing hoo tsue 陶瓷,it puann hua gi na si tshing hoo tsue thau tsi tsheh,0.3,10,9,1,0,2,zh,1,ok
1772,indextts,sad,001772_indextts_sad.wav,/srv/RL_project/repo/outputs/wav_by_model/indextts/001772_indextts_sad.wav,lan tio tit tsiap ka kio tsue hui a tio ho,lin2 tit8 tsiap4 ka7 kio3 tsue3 hui5 a2 tio7 ho2,lan tio tit tsiap ka kio tsue hui a tio ho,lin tit tsiap ka kio tsue hui a tio ho,0.18181818181818182,11,9,1,1,0,zh,1,ok
1773,indextts,sad,001773_indextts_sad.wav,/srv/RL_project/repo/outputs/wav_by_model/indextts/001773_indextts_sad.wav,m ko,m7 koh4,m ko,m koh,0.5,2,1,1,0,0,zh,1,ok
1774,indextts,neutral,001774_indextts_neutral.wav,/srv/RL_project/repo/outputs/wav_by_model/indextts/001774_indextts_neutral.wav,tshoo hui kah iu hui beh an tsuann lai khu piat,tshoo1 hui5 kah4 iu3 hui5 beh4 an2 tsuann2 lai5 khu1 piat8,tshoo hui kah iu hui beh an tsuann lai khu piat,tshoo hui kah iu hui beh an tsuann lai khu piat,0.0,11,11,0,0,0,zh,1,ok
1775,indextts,surprised,001775_indextts_surprised.wav,/srv/RL_project/repo/outputs/wav_by_model/indextts/001775_indextts_surprised.wav,lan tsi iau kan tan pa ak hong hue tsui thoo si li,lan2 tsi2 iau3 kan2 tan1 pa2 hong1 hue2 tsui2 thoo5 si3 li7,lan tsi iau kan tan pa ak hong hue tsui thoo si li,lan tsi iau kan tan pa hong hue tsui thoo si li,0.07692307692307693,13,12,0,1,0,zh,1,ok
1776,indextts,fearful,001776_indextts_fearful.wav,/srv/RL_project/repo/outputs/wav_by_model/indextts/001776_indextts_fearful.wav,tio e sai khin khin sang sang u kua kai liam oo,tio7 e7 sai2 khin1 khin1 sang1 sang1 u7 kua2 ke3 liam7 ooh4,tio e sai khin khin sang sang u kua kai liam oo,tio e sai khin khin sang sang u kua ke liam ooh,0.16666666666666666,12,10,2,0,0,zh,1,ok
1777,indextts,angry,001777_indextts_angry.wav,/srv/RL_project/repo/outputs/wav_by_model/indextts/001777_indextts_angry.wav,sing lai khuann thoo e tsha piat,sing5 lai5 khuann3 thoo2 e5 tshap4 piat8,sing lai khuann thoo e tsha piat,sing lai khuann thoo e tshap piat,0.14285714285714285,7,6,1,0,0,zh,1,ok
1778,indextts,disgusted,001778_indextts_disgusted.wav,/srv/RL_project/repo/outputs/wav_by_model/indextts/001778_indextts_disgusted.wav,na beh sio tshut iu hui,na2 beh4 sio1 tshut4 iu3 hui5,na beh sio tshut iu hui,na beh sio tshut iu hui,0.0,6,6,0,0,0,zh,1,ok
1779,indextts,fearful,001779_indextts_fearful.wav,/srv/RL_project/repo/outputs/wav_by_model/indextts/001779_indextts_fearful.wav,it ting toh ai ing ko nia thoo,it4 ting7 toh8 ai3 iong7 ko1 nia2 thoo5,it ting toh ai ing ko nia thoo,it ting toh ai iong ko nia thoo,0.125,8,7,1,0,0,zh,1,ok
1780,indextts,surprised,001780_indextts_surprised.wav,/srv/RL_project/repo/outputs/wav_by_model/indextts/001780_indextts_surprised.wav,tsok tsia lim tshong bing,tsok4 tsia2 lim5 tshong1 bing5,tsok tsia lim tshong bing,tsok tsia lim tshong bing,0.0,5,5,0,0,0,zh,1,ok
1781,indextts,disgusted,001781_indextts_disgusted.wav,/srv/RL_project/repo/outputs/wav_by_model/indextts/001781_indextts_disgusted.wav,in ui ko nia thoo lai te tsha put to bo thih a ting ting e tsap tsit,in1 ui7 ko1 nia2 thoo5 lai7 te2 tsha1 put4 to1 bo5 thih4 a2 ting2 king2 e5 tsap8 tsit4,in ui ko nia thoo lai te tsha put to bo thih a ting ting e tsap tsit,in ui ko nia thoo lai te tsha put to bo thih a ting king e tsap tsit,0.05555555555555555,18,17,1,0,0,zh,1,ok
1782,indextts,fearful,001782_indextts_fearful.wav,/srv/RL_project/repo/outputs/wav_by_model/indextts/001782_indextts_fearful.wav,soo i na si uan tsuan bo kap iu,soo2 i2 na7 si7 uan5 tsuan5 bo5 kak4 iu7,soo i na si uan tsuan bo kap iu,soo i na si uan tsuan bo kak iu,0.1111111111111111,9,8,1,0,0,zh,1,ok
1783,indextts,angry,001783_indextts_angry.wav,/srv/RL_project/repo/outputs/wav/001783_indextts_angry.wav,sio tshut lai e iu hui e tsin ua kin peh sik,sio1 i1 nia2 tsian3 tshut4 tshi3 jian5 lai5 e5 iu3 jian5 hui7 e7 tsi2 tsin1 inn7 ua2 tsian3 kinn1 tsit8 piat8 a2 lian7 sik4 si2,sio tshut lai e iu hui e tsin ua kin peh sik,sio i nia tsian tshut tshi jian lai e iu jian hui e tsi tsin inn ua tsian kinn tsit piat a lian sik si,1.25,12,10,2,0,13,zh,1,ok
1784,indextts,angry,001784_indextts_angry.wav,/srv/RL_project/repo/outputs/wav_by_model/indextts/001784_indextts_angry.wav,ti koo tsa e se iunn se kai,ti7 koo2 tsa2 e5 senn1 iunn5 se3 kai3,ti koo tsa e se iunn se kai,ti koo tsa e senn iunn se kai,0.125,8,7,1,0,0,zh,1,ok
1785,indextts,surprised,001785_indextts_surprised.wav,/srv/RL_project/repo/outputs/wav/001785_indextts_surprised.wav,in bo huat too sio tshut tsit tsiong iu hui,in1 bo5 jian3 huat4 sit8 jian7 to2 tshi7 S iu5 i1 tshut4 tsinn5 tsit8 si3 tsiong2 ar3 iu3 jian3 hui5,in bo huat too sio tshut tsit tsiong iu hui,in bo jian huat sit jian to tshi s iu i tshut tsinn tsit si tsiong ar iu jian hui,1.2,10,8,2,0,10,zh,1,ok
1786,indextts,neutral,001786_indextts_neutral.wav,/srv/RL_project/repo/outputs/wav_by_model/indextts/001786_indextts_neutral.wav,long e ka i kio tsue peh kim,long2 e7 ka7 i1 kio3 tsue3 peh8 kin1,long e ka i kio tsue peh kim,long e ka i kio tsue peh kin,0.125,8,7,1,0,0,zh,1,ok
1787,indextts,fearful,001787_indextts_fearful.wav,/srv/RL_project/repo/outputs/wav_by_model/indextts/001787_indextts_fearful.wav,na si it puann tshoo hui e thoo tsit,na7 si7 it4 puann1 tshoo1 hui1 e5 thoo5 tsi2,na si it puann tshoo hui e thoo tsit,na si it puann tshoo hui e thoo tsi,0.1111111111111111,9,8,1,0,0,zh,1,ok
1788,indextts,fearful,001788_indextts_fearful.wav,/srv/RL_project/repo/outputs/wav_by_model/indextts/001788_indextts_fearful.wav,na bo kap iu,na7 bo5 ka1 kiu5,na bo kap iu,na bo ka kiu,0.5,4,2,2,0,0,zh,1,ok
1789,indextts,sad,001789_indextts_sad.wav,/srv/RL_project/repo/outputs/wav_by_model/indextts/001789_indextts_sad.wav,sio tshut lai tio be si peh sik e,sio1 tshut4 lai5 tio7 be7 si7 peh8 sik4 e5,sio tshut lai tio be si peh sik e,sio tshut lai tio be si peh sik e,0.0,9,9,0,0,0,zh,1,ok
1790,indextts,neutral,001790_indextts_neutral.wav,/srv/RL_project/repo/outputs/wav_by_model/indextts/001790_indextts_neutral.wav,koh lai si tsui e kai liam,koh4 lai5 si7 tsui2 e5 kai3 liam7,koh lai si tsui e kai liam,koh lai si tsui e kai liam,0.0,7,7,0,0,0,zh,1,ok
1791,indextts,fearful,001791_indextts_fearful.wav,/srv/RL_project/repo/outputs/wav_by_model/indextts/001791_indextts_fearful.wav,lan sing uah tang tiong u tsiok tse hui a e tse phin,lan2 sing1 uah8 tang1 tiong1 u7 tsiok4 tse7 hui5 a2 e5 tse3 phin2,lan sing uah tang tiong u tsiok tse hui a e tse phin,lan sing uah tang tiong u tsiok tse hui a e tse phin,0.0,13,13,0,0,0,zh,1,ok
1792,indextts,sad,001792_indextts_sad.wav,/srv/RL_project/repo/outputs/wav_by_model/indextts/001792_indextts_sad.wav,tiau kiann si ai sio ho kiam bo kap iu e hui a,tioh8 kiann7 si7 ai3 sio1 ho2 kiam2 bo5 kah4 liu5 e5 hui5 a2,tiau kiann si ai sio ho kiam bo kap iu e hui a,tioh kiann si ai sio ho kiam bo kah liu e hui a,0.23076923076923078,13,10,3,0,0,zh,1,ok
1793,indextts,happy,001793_indextts_happy.wav,/srv/RL_project/repo/outputs/wav_by_model/indextts/001793_indextts_happy.wav,lan na si ka iu hui te tsui,lan2 na7 si7 ka7 iu3 hui5 te2 tsui2,lan na si ka iu hui te tsui,lan na si ka iu hui te tsui,0.0,8,8,0,0,0,zh,1,ok
1794,indextts,fearful,001794_indextts_fearful.wav,/srv/RL_project/repo/outputs/wav/001794_indextts_fearful.wav,i si bue siap tsui tshut lai e,i1 si7 tsi2 bue7 tshi2 miau2 iah4 pa2 tsian3 tsui2 R tsian3 nng7 tshut4 tsi2 jian3 lai5 tsian3 lian5 e5,i si bue siap tsui tshut lai e,i si tsi bue tshi miau iah pa tsian tsui r tsian nng tshut tsi jian lai tsian lian e,1.625,8,7,1,0,12,zh,1,ok
1795,indextts,sad,001795_indextts_sad.wav,/srv/RL_project/repo/outputs/wav/001795_indextts_sad.wav,siong tui na si tshoo hui theh lai te tsui,siong7 lian3 tui3 an1 a2 tsi2 lian2 si7 tshi7 tshoo1 it4 lian3 hui5 the3 ba2 tsian3 lai7 te2 tsui2 o2,siong tui na si tshoo hui theh lai te tsui,siong lian tui an a tsi lian si tshi tshoo it lian hui the ba tsian lai te tsui o,1.2,10,8,2,0,10,zh,1,ok
1796,indextts,sad,001796_indextts_sad.wav,/srv/RL_project/repo/outputs/wav/001796_indextts_sad.wav,i tio e ban ban a ban ban a siap tsui tshut lai,i1 tio7 tsi2 e7 tsi2 ban7 tsi2 tsian3 ban7 tshi2 tsian3 a2 ban7 tsi2 tsian3 a2 sia2 pak4 tsian3 tsui1 ah4 jian3 tsu2 tshi3 jian3 lai5,i tio e ban ban a ban ban a siap tsui tshut lai,i tio tsi e tsi ban tsi tsian ban tshi tsian a ban tsi tsian a sia pak tsian tsui ah jian tsu tshi jian lai,1.2307692307692308,13,10,3,0,13,zh,1,ok
1797,indextts,angry,001797_indextts_angry.wav,/srv/RL_project/repo/outputs/wav_by_model/indextts/001797_indextts_angry.wav,ji tshiann iu hui e khip tsui lut tsuat tui ai ke kue sann pha i ha tsiah e sai,ji5 tshiann2 iu3 hui7 e5 khiu2 tsui2 lu7 tsuat8 tui3 ai3 ke7 kue3 sann1 pha1 i2 ha7 tsiah4 e7 sai2,ji tshiann iu hui e khip tsui lut tsuat tui ai ke kue sann pha i ha tsiah e sai,ji tshiann iu hui e khiu tsui lu tsuat tui ai ke kue sann pha i ha tsiah e sai,0.1,20,18,2,0,0,zh,1,ok
1798,indextts,fearful,001798_indextts_fearful.wav,/srv/RL_project/repo/outputs/wav_by_model/indextts/001798_indextts_fearful.wav,iah e ki tit nng tang tsing,iah4 e7 ki3 tit4 nng7 tang1 tsing5,iah e ki tit nng tang tsing,iah e ki tit nng tang tsing,0.0,7,7,0,0,0,zh,1,ok
1799,indextts,surprised,001799_indextts_surprised.wav,/srv/RL_project/repo/outputs/wav_by_model/indextts/001799_indextts_surprised.wav,thiann tit tioh phau ka pi se kai kuan kun e tai uan suan tshiu kong,thiann1 tit4 tioh8 phau3 ka1 pi1 se3 kai3 kuan1 kun1 e5 tai5 uan5 suan2 tshiu2 kong2,thiann tit tioh phau ka pi se kai kuan kun e tai uan suan tshiu kong,thiann tit tioh phau ka pi se kai kuan kun e tai uan suan tshiu kong,0.0,16,16,0,0,0,zh,1,ok
1800,indextts,neutral,001800_indextts_neutral.wav,/srv/RL_project/repo/outputs/wav/001800_indextts_neutral.wav,i tioh tsiong e ki tiong tsit e tiong iau in soo,i1 tio7 bat4 jian3 tsiong2 a2 e5 ki5 jian3 tiong1 tsit4 pai2 e5 tiong2 tshi2 jian3 iau3 san1 in1 jian3 so1 san1,i tioh tsiong e ki tiong tsit e tiong iau in soo,i tio bat jian tsiong a e ki jian tiong tsit pai e tiong tshi jian iau san in jian so san,1.0,12,10,2,0,10,zh,1,ok
1801,indextts,happy,001801_indextts_happy.wav,/srv/RL_project/repo/outputs/wav/001801_indextts_happy.wav,tio si ti ing ko bue e ka pi pue a,tio7 tsi2 S1 ki7 tsi2 ing5 tsian2 khia5 bue2 e7 ka1 jian2 pi2 phue2 jian3 a2,tio si ti ing ko bue e ka pi pue a,tio tsi s ki tsi ing tsian khia bue e ka jian pi phue jian a,0.8181818181818182,11,7,4,0,5,zh,1,ok
1802,indextts,neutral,001802_indextts_neutral.wav,/srv/RL_project/repo/outputs/wav_by_model/indextts/001802_indextts_neutral.wav,m ko he tau te si siann mih khuan tsai tsit leh,m7 koh4 he1 tau3 te2 si7 siann2 mih4 khuan2 tsai1 tsit8 e7,m ko he tau te si siann mih khuan tsai tsit leh,m koh he tau te si siann mih khuan tsai tsit e,0.16666666666666666,12,10,2,0,0,zh,1,ok
1803,indextts,sad,001803_indextts_sad.wav,/srv/RL_project/repo/outputs/wav_by_model/indextts/001803_indextts_sad.wav,i thiau kang king suan khip tsui lut tsok ke e iu hui pue a,i1 thiau1 kang1 kin2 suan2 khi3 tsui2 lu7 tsok4 ke3 e5 iu3 hui5 pue1 a2,i thiau kang king suan khip tsui lut tsok ke e iu hui pue a,i thiau kang kin suan khi tsui lu tsok ke e iu hui pue a,0.2,15,12,3,0,0,zh,1,ok
1804,indextts,neutral,001804_indextts_neutral.wav,/srv/RL_project/repo/outputs/wav/001804_indextts_neutral.wav,hoo phau tshut lai e ka pi,hoo7 tsi2 phau1 san1 jian7 tsang3 tshut4 tshit4 jian5 lai5 e5 ka1 tsian3 pi1,hoo phau tshut lai e ka pi,hoo tsi phau san jian tsang tshut tshit jian lai e ka tsian pi,1.0,7,7,0,0,7,zh,1,ok
1805,indextts,neutral,001805_indextts_neutral.wav,/srv/RL_project/repo/outputs/wav_by_model/indextts/001805_indextts_neutral.wav,lai te e hue phang kah kue tsi phang khi,lai7 te2 e5 hue1 phang1 kah4 kue2 tsi2 phang1 khi3,lai te e hue phang kah kue tsi phang khi,lai te e hue phang kah kue tsi phang khi,0.0,10,10,0,0,0,zh,1,ok
1806,indextts,neutral,001806_indextts_neutral.wav,/srv/RL_project/repo/outputs/wav_by_model/indextts/001806_indextts_neutral.wav,uan tsuan bue hoo pue a ing hiong lai khip siu khi,uan5 tsuan5 be7 hoo7 pue1 a2 ing2 hiong2 lai5 khip4 siu2 khi3,uan tsuan bue hoo pue a ing hiong lai khip siu khi,uan tsuan be hoo pue a ing hiong lai khip siu khi,0.08333333333333333,12,11,1,0,0,zh,1,ok
1807,indextts,angry,001807_indextts_angry.wav,/srv/RL_project/repo/outputs/wav_by_model/indextts/001807_indextts_angry.wav,phing sim e tang phinn tioh tsap tsiok e phang khi,phing7 sim2 e7 tang3 phinn7 tioh8 tsok4 tsiok4 e5 phang1 khi3,phing sim e tang phinn tioh tsap tsiok e phang khi,phing sim e tang phinn tioh tsok tsiok e phang khi,0.09090909090909091,11,10,1,0,0,zh,1,ok
1808,indextts,neutral,001808_indextts_neutral.wav,/srv/RL_project/repo/outputs/wav_by_model/indextts/001808_indextts_neutral.wav,hoo i e ka pi tsok phin,hoo7 i1 e5 ka1 pi1 tsok4 phin2,hoo i e ka pi tsok phin,hoo i e ka pi tsok phin,0.0,7,7,0,0,0,zh,1,ok
1809,indextts,disgusted,001809_indextts_disgusted.wav,/srv/RL_project/repo/outputs/wav_by_model/indextts/001809_indextts_disgusted.wav,e sai uan tsuan tian hian tshut guan lai e khi bi,e7 sai2 uan5 tsuan5 tian2 hian7 tshut4 guan5 lai5 e5 khi3 bi7,e sai uan tsuan tian hian tshut guan lai e khi bi,e sai uan tsuan tian hian tshut guan lai e khi bi,0.0,12,12,0,0,0,zh,1,ok
1810,indextts,sad,001810_indextts_sad.wav,/srv/RL_project/repo/outputs/wav_by_model/indextts/001810_indextts_sad.wav,m tsiah u ki hue lai tioh tsiong,m7 tsiah4 u7 ki1 hue7 lai5 tioh8 tsiong2,m tsiah u ki hue lai tioh tsiong,m tsiah u ki hue lai tioh tsiong,0.0,8,8,0,0,0,zh,1,ok
1811,indextts,surprised,001811_indextts_surprised.wav,/srv/RL_project/repo/outputs/wav_by_model/indextts/001811_indextts_surprised.wav,sua loh si hue e in soo,sua3 loh8 si7 hue2 e5 in2 soo3,sua loh si hue e in soo,sua loh si hue e in soo,0.0,7,7,0,0,0,zh,1,ok
1812,indextts,happy,001812_indextts_happy.wav,/srv/RL_project/repo/outputs/wav_by_model/indextts/001812_indextts_happy.wav,hue soo tai piau e si un too kah thang kng sing,hue2 soo2 tai7 piau2 e5 si7 un1 too7 kah4 thang3 kng1 sim1,hue soo tai piau e si un too kah thang kng sing,hue soo tai piau e si un too kah thang kng sim,0.08333333333333333,12,11,1,0,0,zh,1,ok
1813,indextts,sad,001813_indextts_sad.wav,/srv/RL_project/repo/outputs/wav/001813_indextts_sad.wav,tsiok tse lang sa bo tsang,tsiok4 si3 tse7 e7 tshi7 lang5 sann1 jit8 e5 bo5 lian2 tsang5 o2,tsiok tse lang sa bo tsang,tsiok si tse e tshi lang sann jit e bo lian tsang o,1.3333333333333333,6,5,1,0,7,zh,1,ok
1814,indextts,disgusted,001814_indextts_disgusted.wav,/srv/RL_project/repo/outputs/wav_by_model/indextts/001814_indextts_disgusted.wav,tai sing si un too ai sio kah tsha put to tsit tshing nng pah sann tsap kau tsit tshing nng pah peh tsap too tso iu e kuan un i siong,tai7 sing1 si7 un1 too7 ai3 sio1 kah4 tsha1 put4 to1 tsit8 tshing1 nng7 pah4 sann1 tsap8 kau3 tsit8 tshing1 nng7 pah4 peh4 tsap8 tho5 to7 tso2 iu5 e5 kuan1 un1 i2 siong7,tai sing si un too ai sio kah tsha put to tsit tshing nng pah sann tsap kau tsit tshing nng pah peh tsap too tso iu e kuan un i siong,tai sing si un too ai sio kah tsha put to tsit tshing nng pah sann tsap kau tsit tshing nng pah peh tsap tho to tso iu e kuan un i siong,0.0625,32,31,1,0,1,zh,1,ok
1815,indextts,neutral,001815_indextts_neutral.wav,/srv/RL_project/repo/outputs/wav_by_model/indextts/001815_indextts_neutral.wav,i tsiah e lai tsiann tsue iu hui e tiau kiann tsi it,i1 tsiah4 e7 lai5 tsiann5 tsue3 iu3 hue5 e5 tiau5 kiann7 tsi1 it4,i tsiah e lai tsiann tsue iu hui e tiau kiann tsi it,i tsiah e lai tsiann tsue iu hue e tiau kiann tsi it,0.07692307692307693,13,12,1,0,0,zh,1,ok
1816,indextts,surprised,001816_indextts_surprised.wav,/srv/RL_project/repo/outputs/wav_by_model/indextts/001816_indextts_surprised.wav,na si it puann tshoo hui e thoo tsit,na7 si7 it4 puann1 tshoo1 hui1 e5 thoo5 tsit4,na si it puann tshoo hui e thoo tsit,na si it puann tshoo hui e thoo tsit,0.0,9,9,0,0,0,zh,1,ok
1817,indextts,happy,001817_indextts_happy.wav,/srv/RL_project/repo/outputs/wav/001817_indextts_happy.wav,nge beh sio kah tsit tsiong kuan un,nge7 tshi7 tsiann3 meh4 su3 s1 iu3 i1 kah4 su3 tsit8 si3 tsiong2 an3 khuan5 un1,nge beh sio kah tsit tsiong kuan un,nge tshi tsiann meh su s iu i kah su tsit si tsiong an khuan un,1.375,8,5,3,0,8,zh,1,ok
1818,indextts,fearful,001818_indextts_fearful.wav,/srv/RL_project/repo/outputs/wav_by_model/indextts/001818_indextts_fearful.wav,na m si sio kah phua phua khi,na7 m7 si7 sio1 kah4 phuah4 phuah4 khi3,na m si sio kah phua phua khi,na m si sio kah phuah phuah khi,0.25,8,6,2,0,0,zh,1,ok
1819,indextts,angry,001819_indextts_angry.wav,/srv/RL_project/repo/outputs/wav_by_model/indextts/001819_indextts_angry.wav,bo tio si tsok phin e lai khu kha khi,bo5 tioh8 si7 tok4 phin2 e5 lai5 khu1 kha1 khi3,bo tio si tsok phin e lai khu kha khi,bo tioh si tok phin e lai khu kha khi,0.2,10,8,2,0,0,zh,1,ok
1820,indextts,surprised,001820_indextts_surprised.wav,/srv/RL_project/repo/outputs/wav/001820_indextts_surprised.wav,koh lai si hue soo tai piau e thang kng sing,kok4 sit8 lai7 si7 tshit4 hue2 soo3 a2 tai7 tsi3 jian3 piau2 oh8 e5 thang1 san1 jian3 kng1 i1 jian3 sing3,koh lai si hue soo tai piau e thang kng sing,kok sit lai si tshit hue soo a tai tsi jian piau oh e thang san jian kng i jian sing,1.0,11,10,1,0,10,zh,1,ok
1821,indextts,happy,001821_indextts_happy.wav,/srv/RL_project/repo/outputs/wav_by_model/indextts/001821_indextts_happy.wav,tshoo hui ka theh lai tsio kng si tsuat tui bue thang kng,tshoo1 hui1 ka7 theh8 lai5 tsioh4 kng1 si7 tsuat8 tui3 bo5 thang3 kng1,tshoo hui ka theh lai tsio kng si tsuat tui bue thang kng,tshoo hui ka theh lai tsioh kng si tsuat tui bo thang kng,0.15384615384615385,13,11,2,0,0,zh,1,ok
1822,indextts,sad,001822_indextts_sad.wav,/srv/RL_project/repo/outputs/wav/001822_indextts_sad.wav,na si uan tsuan bo kap iu e iu hui ka theh lai tsio kng,na7 tshi2 tsian2 si2 tshi2 uan5 tsian3 tsuan5 bo5 ke1 phi1 si2 ju5 tsiong1 e5 iu3 tsian3 hui1 ka7 tsit4 the2 bah4 tsian3 lai5 tsio2 san2 jian3 kng1 i1,na si uan tsuan bo kap iu e iu hui ka theh lai tsio kng,na tshi tsian si tshi uan tsian tsuan bo ke phi si ju tsiong e iu tsian hui ka tsit the bah tsian lai tsio san jian kng i,1.1333333333333333,15,12,3,0,14,zh,1,ok
1823,indextts,happy,001823_indextts_happy.wav,/srv/RL_project/repo/outputs/wav_by_model/indextts/001823_indextts_happy.wav,i tio e sio khua thang kng,i1 tio7 e7 sio2 khua2 thang3 kong2,i tio e sio khua thang kng,i tio e sio khua thang kong,0.14285714285714285,7,6,1,0,0,zh,1,ok
1824,indextts,surprised,001824_indextts_surprised.wav,/srv/RL_project/repo/outputs/wav_by_model/indextts/001824_indextts_surprised.wav,koh khah mai kong beh an tsuann lai khu piat ooh,koh4 khah4 mai3 kong2 beh4 an2 tsuann2 lai5 khu1 piat8 ooh4,koh khah mai kong beh an tsuann lai khu piat ooh,koh khah mai kong beh an tsuann lai khu piat ooh,0.0,11,11,0,0,0,zh,1,ok
1825,indextts,sad,001825_indextts_sad.wav,/srv/RL_project/repo/outputs/wav_by_model/indextts/001825_indextts_sad.wav,tsue au si hong e tsok iong,tsue3 au7 si7 hong5 e5 tsok4 iong7,tsue au si hong e tsok iong,tsue au si hong e tsok iong,0.0,7,7,0,0,0,zh,1,ok
1826,indextts,fearful,001826_indextts_fearful.wav,/srv/RL_project/repo/outputs/wav_by_model/indextts/001826_indextts_fearful.wav,tse si in ui hong u huat too thuan sang siann im,tse1 si7 in1 ui7 hong1 u7 huat4 too7 thuan5 sang3 siann1 im1,tse si in ui hong u huat too thuan sang siann im,tse si in ui hong u huat too thuan sang siann im,0.0,12,12,0,0,0,zh,1,ok
1827,indextts,disgusted,001827_indextts_disgusted.wav,/srv/RL_project/repo/outputs/wav_by_model/indextts/001827_indextts_disgusted.wav,na si iu hui iong tshiu ka tiak khuann mai a,na7 si7 iu3 hui5 iong7 tshiu2 ka1 tiak8 khuann3 mai7 a2,na si iu hui iong tshiu ka tiak khuann mai a,na si iu hui iong tshiu ka tiak khuann mai a,0.0,11,11,0,0,0,zh,1,ok
1828,indextts,sad,001828_indextts_sad.wav,/srv/RL_project/repo/outputs/wav_by_model/indextts/001828_indextts_sad.wav,i e siann im e pi tiak tshoo hui e siann im koh khah tshe tsit kua,i1 e5 siann1 in1 e7 pi2 ka7 tshoo1 hui7 e5 siann1 in1 koh4 khah4 tshe3 tsit8 kua2 ah4,i e siann im e pi tiak tshoo hui e siann im koh khah tshe tsit kua,i e siann in e pi ka tshoo hui e siann in koh khah tshe tsit kua ah,0.23529411764705882,17,14,3,0,1,zh,1,ok
1829,indextts,surprised,001829_indextts_surprised.wav,/srv/RL_project/repo/outputs/wav/001829_indextts_surprised.wav,siong tui tshoo hui e siann im e khah tun,siong5 jian2 tui3 tshoo1 i1 jian2 hui3 e5 siann1 i1 jian2 in1 i1 h-h-h sit4 tun7 tsi1,siong tui tshoo hui e siann im e khah tun,siong jian tui tshoo i jian hui e siann i jian in i h h h sit tun tsi,1.2,10,7,3,0,9,zh,1,ok
1830,indextts,angry,001830_indextts_angry.wav,/srv/RL_project/repo/outputs/wav_by_model/indextts/001830_indextts_angry.wav,m tsai an ne senn tshoo hui kah iu hui e kan tan khu piat,m7 tsai1 an2 ne1 seh8 tshoo1 hui7 kah4 iu3 hui7 e5 kan2 tan1 khu1 piat8,m tsai an ne senn tshoo hui kah iu hui e kan tan khu piat,m tsai an ne seh tshoo hui kah iu hui e kan tan khu piat,0.06666666666666667,15,14,1,0,0,zh,1,ok
1831,indextts,fearful,001831_indextts_fearful.wav,/srv/RL_project/repo/outputs/wav_by_model/indextts/001831_indextts_fearful.wav,si m si tsin sim sik,si7 mih8 si7 tsin1 sim1 sik4,si m si tsin sim sik,si mih si tsin sim sik,0.16666666666666666,6,5,1,0,0,zh,1,ok
1832,indextts,surprised,001832_indextts_surprised.wav,/srv/RL_project/repo/outputs/wav_by_model/indextts/001832_indextts_surprised.wav,ban it na si tu tioh u lang kok pih thiau kang beh sit giam,ban7 inn7 na7 si7 tu2 tioh8 u7 lang5 kok4 pi2 thiau1 kang1 beh4 sit8 giam7,ban it na si tu tioh u lang kok pih thiau kang beh sit giam,ban inn na si tu tioh u lang kok pi thiau kang beh sit giam,0.13333333333333333,15,13,2,0,0,zh,1,ok
1833,indextts,happy,001833_indextts_happy.wav,/srv/RL_project/repo/outputs/wav_by_model/indextts/001833_indextts_happy.wav,ing ko nia thoo kah tshoo hui a thoo lam lam tso hue khi sio,ing7 ko1 nia2 thoo5 kah4 tshoo1 hui5 a2 thoo5 lan7 lan7 tso3 hue2 khi3 sio1,ing ko nia thoo kah tshoo hui a thoo lam lam tso hue khi sio,ing ko nia thoo kah tshoo hui a thoo lan lan tso hue khi sio,0.13333333333333333,15,13,2,0,0,zh,1,ok
1834,indextts,angry,001834_indextts_angry.wav,/srv/RL_project/repo/outputs/wav_by_model/indextts/001834_indextts_angry.wav,koh sio tshut ua beh tsit tshing nng pah too tso iu kuan un e tsok phin,koh4 sio1 tshun1 ua2 teh4 tsit8 tshing1 nng7 pah4 too7 tso2 iu5 kuan5 un2 e5 tsok4 phin2,koh sio tshut ua beh tsit tshing nng pah too tso iu kuan un e tsok phin,koh sio tshun ua teh tsit tshing nng pah too tso iu kuan un e tsok phin,0.11764705882352941,17,15,2,0,0,zh,1,ok
1835,indextts,angry,001835_indextts_angry.wav,/srv/RL_project/repo/outputs/wav_by_model/indextts/001835_indextts_angry.wav,tai sing hua gi kong e 陶,tai7 sing1 hua5 gi2 kong2 e5 tau3 neh4 tau3,tai sing hua gi kong e 陶,tai sing hua gi kong e tau neh tau,0.42857142857142855,7,6,1,0,2,zh,1,ok
1836,indextts,neutral,001836_indextts_neutral.wav,/srv/RL_project/repo/outputs/wav_by_model/indextts/001836_indextts_neutral.wav,tio m tsai iann beh an tsuann tshing hoo,tio7 m7 tsai1 iann2 beh4 an2 tsuann2 tshing1 hoo1,tio m tsai iann beh an tsuann tshing hoo,tio m tsai iann beh an tsuann tshing hoo,0.0,9,9,0,0,0,zh,1,ok
1837,indextts,sad,001837_indextts_sad.wav,/srv/RL_project/repo/outputs/wav_by_model/indextts/001837_indextts_sad.wav,si tshoo hui iah si iu hui,si7 tsho1 hui5 iah8 si7 iu3 hui5,si tshoo hui iah si iu hui,si tsho hui iah si iu hui,0.14285714285714285,7,6,1,0,0,zh,1,ok
1838,indextts,fearful,001838_indextts_fearful.wav,/srv/RL_project/repo/outputs/wav_by_model/indextts/001838_indextts_fearful.wav,bo iau kin lan tioh tit tsiap kio i hui a tioh ho,bo5 iau3 kin2 lan2 tioh8 tit8 tsiap4 kio3 i1 hui5 a2 tio7 ho2,bo iau kin lan tioh tit tsiap kio i hui a tioh ho,bo iau kin lan tioh tit tsiap kio i hui a tio ho,0.07692307692307693,13,12,1,0,0,zh,1,ok
1839,indextts,angry,001839_indextts_angry.wav,/srv/RL_project/repo/outputs/wav_by_model/indextts/001839_indextts_angry.wav,lan tio ka kio tso tshoo hui,lan2 tioh8 ka7 kio3 tso3 tshoo1 hui5,lan tio ka kio tso tshoo hui,lan tioh ka kio tso tshoo hui,0.14285714285714285,7,6,1,0,0,zh,1,ok
1840,indextts,fearful,001840_indextts_fearful.wav,/srv/RL_project/repo/outputs/wav/001840_indextts_fearful.wav,na si hua gi kong e 瓷,na7 tshi5 jian3 si7 tshi5 hua5 jian3 gi2 kong1 tsian3 tsian3 e5 tshi3,na si hua gi kong e 瓷,na tshi jian si tshi hua jian gi kong tsian tsian e tshi,1.0,7,6,1,0,6,zh,1,ok
1841,indextts,surprised,001841_indextts_surprised.wav,/srv/RL_project/repo/outputs/wav_by_model/indextts/001841_indextts_surprised.wav,bun tsiong ji,bun5 tsiong1 ji7,bun tsiong ji,bun tsiong ji,0.0,3,3,0,0,0,zh,1,ok
1842,indextts,fearful,001842_indextts_fearful.wav,/srv/RL_project/repo/outputs/wav_by_model/indextts/001842_indextts_fearful.wav,tiong kok beh hoo lan kok bin thai gu liok ui hue bo pian poo,tiong1 kok4 beh4 hoo7 lan2 kok4 bin5 thai7 ku7 liok8 kui2 hue7 bo5 pian3 poo7,tiong kok beh hoo lan kok bin thai gu liok ui hue bo pian poo,tiong kok beh hoo lan kok bin thai ku liok kui hue bo pian poo,0.13333333333333333,15,13,2,0,0,zh,1,ok
1843,indextts,disgusted,001843_indextts_disgusted.wav,/srv/RL_project/repo/outputs/wav_by_model/indextts/001843_indextts_disgusted.wav,ng bang tiong kok ti tui kiu sit lik the sing e si,ng3 bang7 tiong1 kok4 ti7 tui1 kiu5 sit8 li7 the5 sin1 e5 si5,ng bang tiong kok ti tui kiu sit lik the sing e si,ng bang tiong kok ti tui kiu sit li the sin e si,0.15384615384615385,13,11,2,0,0,zh,1,ok
1844,indextts,surprised,001844_indextts_surprised.wav,/srv/RL_project/repo/outputs/wav_by_model/indextts/001844_indextts_surprised.wav,ma ai iong sin li loo lai khuann thai liong huann kuan he,ma7 ai3 iong7 sin1 li2 loo7 lai5 khuann3 thai7 liong2 hua3 kuan1 he7,ma ai iong sin li loo lai khuann thai liong huann kuan he,ma ai iong sin li loo lai khuann thai liong hua kuan he,0.07692307692307693,13,12,1,0,0,zh,1,ok
1845,indextts,fearful,001845_indextts_fearful.wav,/srv/RL_project/repo/outputs/wav_by_model/indextts/001845_indextts_fearful.wav,tiong kiong tsap kau tai ui tsai khi kau tiam khai si,tiong1 kong3 tsap8 kau2 tai7 ui3 tsai2 khi3 kau2 tiam2 khai1 si2,tiong kiong tsap kau tai ui tsai khi kau tiam khai si,tiong kong tsap kau tai ui tsai khi kau tiam khai si,0.08333333333333333,12,11,1,0,0,zh,1,ok
1846,indextts,happy,001846_indextts_happy.wav,/srv/RL_project/repo/outputs/wav_by_model/indextts/001846_indextts_happy.wav,習近平 ti kang tsok po ko lai te,iong2 tsin3 ping2 ti7 kang1 tsok4 po3 ko2 lai7 te2,習近平 ti kang tsok po ko lai te,iong tsin ping ti kang tsok po ko lai te,0.375,8,7,1,0,2,zh,1,ok
1847,indextts,fearful,001847_indextts_fearful.wav,/srv/RL_project/repo/outputs/wav_by_model/indextts/001847_indextts_fearful.wav,u si pai kong tioh kiu ji kiong sik,u7 si3 pai2 kong2 tioh8 kiu2 jit8 kiong5 sik4,u si pai kong tioh kiu ji kiong sik,u si pai kong tioh kiu jit kiong sik,0.1111111111111111,9,8,1,0,0,zh,1,ok
1848,indextts,fearful,001848_indextts_fearful.wav,/srv/RL_project/repo/outputs/wav/001848_indextts_fearful.wav,piau si tsit e tiong kok guan tsik si liong huann kuan he e tsing ti kin te,piau2 a2 tsian3 sit8 tsi1 tsit4 pa2 e5 tiong5 tsian3 ko2 si3 kuan5 tsian3 tsi2 si2 si7 tsit8 liong7 tsian3 hua5 tsi1 kuan5 tsian3 he5 tsi1 e5 tsing1 san3 tian2 ti7 king1 tse3,piau si tsit e tiong kok guan tsik si liong huann kuan he e tsing ti kin te,piau a tsian sit tsi tsit pa e tiong tsian ko si kuan tsian tsi si si tsit liong tsian hua tsi kuan tsian he tsi e tsing san tian ti king tse,1.2222222222222223,18,11,7,0,15,zh,1,ok
1849,indextts,neutral,001849_indextts_neutral.wav,/srv/RL_project/repo/outputs/wav_by_model/indextts/001849_indextts_neutral.wav,sing jin kiu ji kiong sik jin tong liong huann kang siok tsit e tiong kok,sin1 jin7 kiu2 li7 kiong7 sik4 lin7 tong5 liong2 huann7 kang7 siok8 tsit8 e5 tiong1 kok4,sing jin kiu ji kiong sik jin tong liong huann kang siok tsit e tiong kok,sin jin kiu li kiong sik lin tong liong huann kang siok tsit e tiong kok,0.1875,16,13,3,0,0,zh,1,ok
1850,indextts,neutral,001850_indextts_neutral.wav,/srv/RL_project/repo/outputs/wav_by_model/indextts/001850_indextts_neutral.wav,siang hong e tui ue tioh thang khi kiann,siang1 hong1 e5 tui3 ue7 tio7 thang1 khi2 kiann5,siang hong e tui ue tioh thang khi kiann,siang hong e tui ue tio thang khi kiann,0.1111111111111111,9,8,1,0,0,zh,1,ok
1851,indextts,sad,001851_indextts_sad.wav,/srv/RL_project/repo/outputs/wav_by_model/indextts/001851_indextts_sad.wav,tai uan jim ho tsing tong kah thuan the beh ham tiong kok lai khi ma be u tsoo gai,tai5 uan5 jin7 ho5 tsian3 tong2 kah4 thuan5 the1 beh4 ham7 tiong1 kok4 lai5 khi3 ma7 be7 u7 tsoo2 gai7,tai uan jim ho tsing tong kah thuan the beh ham tiong kok lai khi ma be u tsoo gai,tai uan jin ho tsian tong kah thuan the beh ham tiong kok lai khi ma be u tsoo gai,0.1,20,18,2,0,0,zh,1,ok
1852,indextts,fearful,001852_indextts_fearful.wav,/srv/RL_project/repo/outputs/wav_by_model/indextts/001852_indextts_fearful.wav,tat tit tsu i e si,tat8 tit4 tsu3 i3 e5 si7,tat tit tsu i e si,tat tit tsu i e si,0.0,6,6,0,0,0,zh,1,ok
1853,indextts,surprised,001853_indextts_surprised.wav,/srv/RL_project/repo/outputs/wav_by_model/indextts/001853_indextts_surprised.wav,tsok tsia lua tsiau lam,tsok4 tsia2 lua7 tsiau1 lam5,tsok tsia lua tsiau lam,tsok tsia lua tsiau lam,0.0,5,5,0,0,0,zh,1,ok
1854,indextts,disgusted,001854_indextts_disgusted.wav,/srv/RL_project/repo/outputs/wav_by_model/indextts/001854_indextts_disgusted.wav,習近平 koh kong,to1 run2 ping1 ko2 koh4 kong2,習近平 koh kong,to run ping ko koh kong,1.3333333333333333,3,2,1,0,3,zh,1,ok
1855,indextts,surprised,001855_indextts_surprised.wav,/srv/RL_project/repo/outputs/wav/001855_indextts_surprised.wav,beh tsiau 兩岸一家親 e li liam,beh4 si3 tsiau1 san1 liang5 ai3 i2 tsiah4 tshin1 e5 li2 tsian3 liam5 tsi1,beh tsiau 兩岸一家親 e li liam,beh si tsiau san liang ai i tsiah tshin e li tsian liam tsi,1.5,6,5,1,0,8,zh,1,ok
1856,indextts,happy,001856_indextts_happy.wav,/srv/RL_project/repo/outputs/wav_by_model/indextts/001856_indextts_happy.wav,tauh tauh a hoo tai uan tong pau ti tai liok hak sip tshong giap sing uah,tauh8 tauh8 a2 hoo7 tai5 uan5 tong5 pau1 ti7 tai7 liok8 hak8 sip8 tshong3 giap8 sing1 uah8,tauh tauh a hoo tai uan tong pau ti tai liok hak sip tshong giap sing uah,tauh tauh a hoo tai uan tong pau ti tai liok hak sip tshong giap sing uah,0.0,17,17,0,0,0,zh,1,ok
1857,indextts,surprised,001857_indextts_surprised.wav,/srv/RL_project/repo/outputs/wav/001857_indextts_surprised.wav,the kiong kah tai liok tong pau kang khuan e thai gu,theh8 jian3 kiong1 kah4 si3 tai3 tsi1 jian7 liok8 pa1 thong7 ian3 poo1 i1 kang1 tsi1 ian3 khuan5 lok8 e5 thai3 tsi2 ian3 gu5 tsi1,the kiong kah tai liok tong pau kang khuan e thai gu,theh jian kiong kah si tai tsi jian liok pa thong ian poo i kang tsi ian khuan lok e thai tsi ian gu tsi,1.3333333333333333,12,9,3,0,13,zh,1,ok
1858,indextts,neutral,001858_indextts_neutral.wav,/srv/RL_project/repo/outputs/wav_by_model/indextts/001858_indextts_neutral.wav,u hun sik in sut bing thuan tai hak liong huann gian kiu tiong sim tsu jim kiam kau siu iunn khai hong e kai sueh,u7 hun1 sioh4 ing2 sut8 bin5 thuan5 tai7 hak8 liong5 huann7 gian2 kiu3 tiong1 sim1 tsu2 ling7 kiam1 kau3 siu7 iunn5 khai1 hong5 e5 kai2 sueh4,u hun sik in sut bing thuan tai hak liong huann gian kiu tiong sim tsu jim kiam kau siu iunn khai hong e kai sueh,u hun sioh ing sut bin thuan tai hak liong huann gian kiu tiong sim tsu ling kiam kau siu iunn khai hong e kai sueh,0.15384615384615385,26,22,4,0,0,zh,1,ok
1859,indextts,fearful,001859_indextts_fearful.wav,/srv/RL_project/repo/outputs/wav/001859_indextts_fearful.wav,tiong kiong tsit kui tang ka liong huann kau liu e tiong tiam ui tai uan sua kau tiong kok,tiong5 tsian2 kiong5 tsi1 tsit4 si3 kui2 tang1 kah4 tsi1 liong7 tsian3 huann1 tsi1 kau1 i5 tsian3 liu5 e5 tiong5 tsi2 tsian3 tiam2 erh4 ui3 tai5 tsian3 uan5 sua2 kau1 san1 tiong5 tsian3 koh4 si2,tiong kiong tsit kui tang ka liong huann kau liu e tiong tiam ui tai uan sua kau tiong kok,tiong tsian kiong tsi tsit si kui tang kah tsi liong tsian huann tsi kau i tsian liu e tiong tsi tsian tiam erh ui tai tsian uan sua kau san tiong tsian koh si,0.85,20,18,2,0,15,zh,1,ok
1860,indextts,fearful,001860_indextts_fearful.wav,/srv/RL_project/repo/outputs/wav_by_model/indextts/001860_indextts_fearful.wav,beh siann tai uan e siau lian lang kau tiong kok tshong giap in thau loo,beh4 sia2 tai5 uan5 e5 siau3 lian5 lang5 kau3 tiong1 kok4 tshong3 giap8 in2 thau5 loo7,beh siann tai uan e siau lian lang kau tiong kok tshong giap in thau loo,beh sia tai uan e siau lian lang kau tiong kok tshong giap in thau loo,0.0625,16,15,1,0,0,zh,1,ok
1861,indextts,happy,001861_indextts_happy.wav,/srv/RL_project/repo/outputs/wav_by_model/indextts/001861_indextts_happy.wav,bi lai tai pau tsing e ho be,bi7 lai5 tai5 pau1 tsing3 e5 ho7 be2,bi lai tai pau tsing e ho be,bi lai tai pau tsing e ho be,0.0,8,8,0,0,0,zh,1,ok
1862,indextts,angry,001862_indextts_angry.wav,/srv/RL_project/repo/outputs/wav_by_model/indextts/001862_indextts_angry.wav,phah sng beh kai kah kap tiong kok kong bin kang khuan,phah4 sng3 beh4 kai2 kai2 kah4 kah4 tiong1 kok4 kong1 bin5 kang7 khuan2,phah sng beh kai kah kap tiong kok kong bin kang khuan,phah sng beh kai kai kah kah tiong kok kong bin kang khuan,0.16666666666666666,12,11,1,0,1,zh,1,ok
1863,indextts,disgusted,001863_indextts_disgusted.wav,/srv/RL_project/repo/outputs/wav/001863_indextts_disgusted.wav,hoo tai uan lang ti tiong kok be ko thih phio thang kah tiong kok lang kang khuan,hoo7 tsi1 tai5 ian3 uan5 jian3 lang5 ti7 tsi2 tiong1 jian3 kok4 si2 beh4 koh4 jian3 thih4 si3 phio3 san1 thng3 i1 kah4 si3 tiong1 jian3 koh4 si3 kian3 lang5 kang2 tsi2 tsian3 khuan2 erh4,hoo tai uan lang ti tiong kok be ko thih phio thang kah tiong kok lang kang khuan,hoo tsi tai ian uan jian lang ti tsi tiong jian kok si beh koh jian thih si phio san thng i kah si tiong jian koh si kian lang kang tsi tsian khuan erh,1.1666666666666667,18,14,4,0,17,zh,1,ok
1864,indextts,fearful,001864_indextts_fearful.wav,/srv/RL_project/repo/outputs/wav_by_model/indextts/001864_indextts_fearful.wav,tiong kok kiong san tong te tsap kau tshu tsuan kok tai piau tai hue tsap gueh tsap peh khui boo,tiong1 kok4 kiong7 san2 tong2 te7 tsap8 kau2 tshu3 tsuan5 kok4 tai7 piau2 tai7 hue7 tsap8 gueh8 tsap8 peh4 khui1 bo5,tiong kok kiong san tong te tsap kau tshu tsuan kok tai piau tai hue tsap gueh tsap peh khui boo,tiong kok kiong san tong te tsap kau tshu tsuan kok tai piau tai hue tsap gueh tsap peh khui bo,0.047619047619047616,21,20,1,0,0,zh,1,ok
1865,indextts,sad,001865_indextts_sad.wav,/srv/RL_project/repo/outputs/wav_by_model/indextts/001865_indextts_sad.wav,bian pai tui tit tsiap lu kha jip tsam ka thiam li pian sing,bian2 pai5 tui7 pit4 tsiap4 lu2 kha1 jit8 tsam7 ka1 thiam1 li7 pian3 sing3,bian pai tui tit tsiap lu kha jip tsam ka thiam li pian sing,bian pai tui pit tsiap lu kha jit tsam ka thiam li pian sing,0.14285714285714285,14,12,2,0,0,zh,1,ok
1866,indextts,fearful,001866_indextts_fearful.wav,/srv/RL_project/repo/outputs/wav_by_model/indextts/001866_indextts_fearful.wav,iunn khai hong jin ui,iu5 khai1 hong1 lin7 ui5,iunn khai hong jin ui,iu khai hong lin ui,0.4,5,3,2,0,0,zh,1,ok
1867,indextts,surprised,001867_indextts_surprised.wav,/srv/RL_project/repo/outputs/wav_by_model/indextts/001867_indextts_surprised.wav,tse huan se piau si tiong kiong tui ka ti e huat tian tsin u sin sim,tse1 huan7 se3 piau2 si7 tiong1 kiong7 tui3 ka1 ti7 e5 huat4 tian2 tsin1 u7 sin3 sim1,tse huan se piau si tiong kiong tui ka ti e huat tian tsin u sin sim,tse huan se piau si tiong kiong tui ka ti e huat tian tsin u sin sim,0.0,17,17,0,0,0,zh,1,ok
1868,indextts,surprised,001868_indextts_surprised.wav,/srv/RL_project/repo/outputs/wav/001868_indextts_surprised.wav,tsun si tai uan lang lai kau tiong kok sia hue,tsun5 liam7 biau2 i1 tsi1 tai7 ian3 uan5 tsian3 lang5 lai5 tsian3 kau7 san1 tiong1 gi2 tsian5 kau7 si1 e5 tsi2 tsian3 hue7 tsi1,tsun si tai uan lang lai kau tiong kok sia hue,tsun liam biau i tsi tai ian uan tsian lang lai tsian kau san tiong gi tsian kau si e tsi tsian hue tsi,1.4545454545454546,11,8,3,0,13,zh,1,ok
1869,indextts,sad,001869_indextts_sad.wav,/srv/RL_project/repo/outputs/wav_by_model/indextts/001869_indextts_sad.wav,tioh e tang ka liong huann e kha poo giu khah ua leh,tio7 e7 tang3 ka7 liong2 huann7 e5 kha1 poo1 kiu2 khah4 ua2 leh4,tioh e tang ka liong huann e kha poo giu khah ua leh,tio e tang ka liong huann e kha poo kiu khah ua leh,0.15384615384615385,13,11,2,0,0,zh,1,ok
1870,indextts,disgusted,001870_indextts_disgusted.wav,/srv/RL_project/repo/outputs/wav/001870_indextts_disgusted.wav,liok ui hue e sing bing tsi tshut,liok8 ba7 tsian3 ui3 tsian3 hue7 tsi2 e5 sing5 tsian3 bing5 tsi2 al3 tsian3 tshut4 tsi2,liok ui hue e sing bing tsi tshut,liok ba tsian ui tsian hue tsi e sing tsian bing tsi al tsian tshut tsi,1.0,8,8,0,0,8,zh,1,ok
1871,indextts,happy,001871_indextts_happy.wav,/srv/RL_project/repo/outputs/wav_by_model/indextts/001871_indextts_happy.wav,tiong kiong tsap kau tai po ko tui tai tsing tshik uan na bo pian poo,tiong1 kiong7 tsap8 kau2 tai7 po3 ko3 tui3 tai7 tsin3 tshik4 uan5 na7 bo5 pian3 poo7,tiong kiong tsap kau tai po ko tui tai tsing tshik uan na bo pian poo,tiong kiong tsap kau tai po ko tui tai tsin tshik uan na bo pian poo,0.0625,16,15,1,0,0,zh,1,ok
1872,indextts,fearful,001872_indextts_fearful.wav,/srv/RL_project/repo/outputs/wav_by_model/indextts/001872_indextts_fearful.wav,koh thiau kang kik tshut the hong nua tsah e thai too,koh4 thiau1 kang1 kiat4 tshut4 theh8 hong5 nua2 tsai1 e5 thai7 too7,koh thiau kang kik tshut the hong nua tsah e thai too,koh thiau kang kiat tshut theh hong nua tsai e thai too,0.25,12,9,3,0,0,zh,1,ok
1873,indextts,angry,001873_indextts_angry.wav,/srv/RL_project/repo/outputs/wav/001873_indextts_angry.wav,liok ui hue hoo iok tui huann tsin bak khuann tiong tsit e su sit,liok8 ba2 tsiann1 ui2 tsian3 hue7 tsi1 siau3 si5 oo1 i1 tsian3 liok8 ba7 tui3 tsian3 hua5 tsi1 tsing5 gu2 tsian3 Michael Ba tsia1 siau3 si5 uann2 san1 tsian3 tiong1 tsi1 tsit8 pai2 e5 su2 tsi2 tsian3 sit8 ba7,liok ui hue hoo iok tui huann tsin bak khuann tiong tsit e su sit,liok ba tsiann ui tsian hue tsi siau si oo i tsian liok ba tui tsian hua tsi tsing gu tsian michael ba tsia siau si uann san tsian tiong tsi tsit pai e su tsi tsian sit ba,2.0,15,9,6,0,24,zh,1,ok
1874,indextts,surprised,001874_indextts_surprised.wav,/srv/RL_project/repo/outputs/wav_by_model/indextts/001874_indextts_surprised.wav,koo tsit ping nge beh tsiann e it tiong guan tsik kah tsit kok nng tse,koo2 tsit8 ping5 nge7 meh8 tsiah8 e5 e7 ki3 tiong1 guan5 tsi3 kah4 tsit8 koo2 nng7 tseh4,koo tsit ping nge beh tsiann e it tiong guan tsik kah tsit kok nng tse,koo tsit ping nge meh tsiah e e ki tiong guan tsi kah tsit koo nng tseh,0.4375,16,10,6,0,1,zh,1,ok
1875,indextts,surprised,001875_indextts_surprised.wav,/srv/RL_project/repo/outputs/wav_by_model/indextts/001875_indextts_surprised.wav,tiong kiong tsong su ki 習近平 leh po ko e si,tiong1 kiong7 tsong2 su1 ki1 e5 tsing3 pinn1 leh4 po3 ko3 e5 si5,tiong kiong tsong su ki 習近平 leh po ko e si,tiong kiong tsong su ki e tsing pinn leh po ko e si,0.2727272727272727,11,10,1,0,2,zh,1,ok
1876,indextts,sad,001876_indextts_sad.wav,/srv/RL_project/repo/outputs/wav_by_model/indextts/001876_indextts_sad.wav,tsin oh hann kue bin sim e tshim kau,tsin1 oh4 ha7 kue3 bin5 sim1 e5 tshim1 kau1,tsin oh hann kue bin sim e tshim kau,tsin oh ha kue bin sim e tshim kau,0.1111111111111111,9,8,1,0,0,zh,1,ok
1877,indextts,sad,001877_indextts_sad.wav,/srv/RL_project/repo/outputs/wav_by_model/indextts/001877_indextts_sad.wav,liok ui hue kiong tiau,liok8 ui2 hue7 kiong5 tiau7,liok ui hue kiong tiau,liok ui hue kiong tiau,0.0,5,5,0,0,0,zh,1,ok
1878,indextts,fearful,001878_indextts_fearful.wav,/srv/RL_project/repo/outputs/wav_by_model/indextts/001878_indextts_fearful.wav,tshua tsing hu u tsam tsat bo jia khang,tshua3 tsing3 hu2 u7 tsat8 tsat8 bo5 liah8 khang1,tshua tsing hu u tsam tsat bo jia khang,tshua tsing hu u tsat tsat bo liah khang,0.2222222222222222,9,7,2,0,0,zh,1,ok
1879,indextts,surprised,001879_indextts_surprised.wav,/srv/RL_project/repo/outputs/wav_by_model/indextts/001879_indextts_surprised.wav,ui tshi hian hong tsun tiong it kiu kiu ji ni liong hue hue tam lik su su sit e lip tiunn bo pian,ui5 tshi5 hian7 hong2 tsun1 tiong7 it4 kiu2 kiu2 ji7 ni5 liong2 hue3 hue7 tang1 liok8 suh4 sip8 e5 lit8 tiunn5 bo5 pian3,ui tshi hian hong tsun tiong it kiu kiu ji ni liong hue hue tam lik su su sit e lip tiunn bo pian,ui tshi hian hong tsun tiong it kiu kiu ji ni liong hue hue tang liok suh sip e lit tiunn bo pian,0.25,24,18,5,1,0,zh,1,ok
1880,indextts,sad,001880_indextts_sad.wav,/srv/RL_project/repo/outputs/wav_by_model/indextts/001880_indextts_sad.wav,m koh tiong hua bin kok si tsu kuan kok ka,m7 koh4 tiong1 hua5 bin5 kok4 si7 tsu2 kuan5 kok4 ka1,m koh tiong hua bin kok si tsu kuan kok ka,m koh tiong hua bin kok si tsu kuan kok ka,0.0,11,11,0,0,0,zh,1,ok
1881,indextts,fearful,001881_indextts_fearful.wav,/srv/RL_project/repo/outputs/wav_by_model/indextts/001881_indextts_fearful.wav,tai uan e bi lai kah liong huann kuan he si nng tshing sann pah ban lang e kiong tong suan tik,tai5 uan5 e5 bi7 lai5 kah4 liong2 hua3 kuan1 he7 si7 nng7 tshing1 sann1 pah4 ban7 lang5 e5 kiong7 tong5 suan2 tik8,tai uan e bi lai kah liong huann kuan he si nng tshing sann pah ban lang e kiong tong suan tik,tai uan e bi lai kah liong hua kuan he si nng tshing sann pah ban lang e kiong tong suan tik,0.045454545454545456,22,21,1,0,0,zh,1,ok
1882,indextts,surprised,001882_indextts_surprised.wav,/srv/RL_project/repo/outputs/wav_by_model/indextts/001882_indextts_surprised.wav,liong huann ai tso hue tshiau tshue sio kau tshap e sin loo,liong2 huann7 ai3 tso3 hue2 tshiau1 tshue7 sio1 kau1 tshap4 e5 sin1 loo7,liong huann ai tso hue tshiau tshue sio kau tshap e sin loo,liong huann ai tso hue tshiau tshue sio kau tshap e sin loo,0.0,13,13,0,0,0,zh,1,ok
1883,indextts,fearful,001883_indextts_fearful.wav,/srv/RL_project/repo/outputs/wav_by_model/indextts/001883_indextts_fearful.wav,tsiam tui tiong kiong tsap kau tai e po ko,tsiam1 tui3 tiong1 kiong7 tsap8 kau2 tai7 e5 po3 ko3,tsiam tui tiong kiong tsap kau tai e po ko,tsiam tui tiong kiong tsap kau tai e po ko,0.0,10,10,0,0,0,zh,1,ok
1884,indextts,sad,001884_indextts_sad.wav,/srv/RL_project/repo/outputs/wav_by_model/indextts/001884_indextts_sad.wav,si tai lik liong piau si,si5 tai7 li7 liong5 piau2 si5,si tai lik liong piau si,si tai li liong piau si,0.16666666666666666,6,5,1,0,0,zh,1,ok
1885,indextts,fearful,001885_indextts_fearful.wav,/srv/RL_project/repo/outputs/wav_by_model/indextts/001885_indextts_fearful.wav,tsi tshi tshua tsong thong tsun tiong kiu ji hue tam lik su su sit e tsing tshik te tiau,tsi1 tshi5 tshua3 tsong2 thong1 tsun1 tiong7 kiu2 li7 hue7 tam5 tik8 su2 su7 sit8 e5 tsing3 tshik4 te2 tiau7,tsi tshi tshua tsong thong tsun tiong kiu ji hue tam lik su su sit e tsing tshik te tiau,tsi tshi tshua tsong thong tsun tiong kiu li hue tam tik su su sit e tsing tshik te tiau,0.1,20,18,2,0,0,zh,1,ok
1886,indextts,neutral,001886_indextts_neutral.wav,/srv/RL_project/repo/outputs/wav_by_model/indextts/001886_indextts_neutral.wav,tu liau koh kiong tiau kian kuat huan tui ping ap tse tai tok se lik,tu5 liau2 koh4 kiong5 tiau7 kian1 kuat4 huan2 tui7 ping5 ap4 tse3 tai5 tok8 se3 lik8,tu liau koh kiong tiau kian kuat huan tui ping ap tse tai tok se lik,tu liau koh kiong tiau kian kuat huan tui ping ap tse tai tok se lik,0.0,16,16,0,0,0,zh,1,ok
1887,indextts,fearful,001887_indextts_fearful.wav,/srv/RL_project/repo/outputs/wav_by_model/indextts/001887_indextts_fearful.wav,ma hoo iok tiong kiong ti tsit e tiong kok tsit e tai uan e ki tshoo siong,ma7 hoo1 iok8 tiong1 kiong5 ti7 tsit8 e5 tiong1 kok4 tsit8 e5 tai5 uan5 e5 ki1 tshoo2 siong7,ma hoo iok tiong kiong ti tsit e tiong kok tsit e tai uan e ki tshoo siong,ma hoo iok tiong kiong ti tsit e tiong kok tsit e tai uan e ki tshoo siong,0.0,18,18,0,0,0,zh,1,ok
1888,indextts,happy,001888_indextts_happy.wav,/srv/RL_project/repo/outputs/wav_by_model/indextts/001888_indextts_happy.wav,kah tai uan tsing hu tui ue khi tso liong huann tsing siong liong sing e kau tshap kuan he,kah4 tai5 uan5 tsing3 hu2 tui3 ue7 khi2 tso7 liong2 hua3 tsing3 siong5 liong5 sing3 e5 kau2 tshap4 kuan1 he7,kah tai uan tsing hu tui ue khi tso liong huann tsing siong liong sing e kau tshap kuan he,kah tai uan tsing hu tui ue khi tso liong hua tsing siong liong sing e kau tshap kuan he,0.05,20,19,1,0,0,zh,1,ok
1889,indextts,surprised,001889_indextts_surprised.wav,/srv/RL_project/repo/outputs/wav_by_model/indextts/001889_indextts_surprised.wav,ling gua tsit hong bin,ling7 gua7 tsit8 hong1 bin7,ling gua tsit hong bin,ling gua tsit hong bin,0.0,5,5,0,0,0,zh,1,ok
1890,indextts,disgusted,001890_indextts_disgusted.wav,/srv/RL_project/repo/outputs/wav/001890_indextts_disgusted.wav,kok bin tong tsu sik ngoo tun gi kong,kok4 si7 jian3 bing5 tsian3 tong1 tsun2 iann2 tsian3 sik4 pan1 a2 ke2 oo2 u7 tun1 jian7 ji7 ai3 tshi2 kong2,kok bin tong tsu sik ngoo tun gi kong,kok si jian bing tsian tong tsun iann tsian sik pan a ke oo u tun jian ji ai tshi kong,1.7777777777777777,9,5,4,0,12,zh,1,ok
1891,indextts,fearful,001891_indextts_fearful.wav,/srv/RL_project/repo/outputs/wav_by_model/indextts/001891_indextts_fearful.wav,ai u it tiong kok piau e kiu ji kiong sik,ai3 u7 it4 tiong1 kok4 piau1 e5 kiu2 li7 kiong7 sik4,ai u it tiong kok piau e kiu ji kiong sik,ai u it tiong kok piau e kiu li kiong sik,0.09090909090909091,11,10,1,0,0,zh,1,ok
1892,indextts,angry,001892_indextts_angry.wav,/srv/RL_project/repo/outputs/wav_by_model/indextts/001892_indextts_angry.wav,tsiah thang po tsing tiong hua bin kok e tsu kuan kah tsun giam,tsiah4 thang1 po2 tsing3 tiong1 hua5 bin5 kok4 e5 tsu2 kuan5 kah4 tsun1 giam5,tsiah thang po tsing tiong hua bin kok e tsu kuan kah tsun giam,tsiah thang po tsing tiong hua bin kok e tsu kuan kah tsun giam,0.0,14,14,0,0,0,zh,1,ok
1893,indextts,happy,001893_indextts_happy.wav,/srv/RL_project/repo/outputs/wav_by_model/indextts/001893_indextts_happy.wav,ma kong tioh tui tai khang khue e tiong tiam,ma7 kong2 tioh8 tui3 tai5 khang1 khue3 e5 tiong7 tiam2,ma kong tioh tui tai khang khue e tiong tiam,ma kong tioh tui tai khang khue e tiong tiam,0.0,10,10,0,0,0,zh,1,ok
1894,indextts,angry,001894_indextts_angry.wav,/srv/RL_project/repo/outputs/wav_by_model/indextts/001894_indextts_angry.wav,the kiong tai uan lang ti tiong kok e kok bin thai gu,thik4 kiong1 tai5 uan5 lang5 ti7 tiong1 kok4 e5 kok4 bin5 thai7 u7,the kiong tai uan lang ti tiong kok e kok bin thai gu,thik kiong tai uan lang ti tiong kok e kok bin thai u,0.15384615384615385,13,11,2,0,0,zh,1,ok
1895,indextts,sad,001895_indextts_sad.wav,/srv/RL_project/repo/outputs/wav_by_model/indextts/001895_indextts_sad.wav,hing tsing inn tai liok ui guan hue jin ui,hing5 tsing3 i1 tai7 liok8 ui2 uan5 hue7 lin7 ui5,hing tsing inn tai liok ui guan hue jin ui,hing tsing i tai liok ui uan hue lin ui,0.3,10,7,3,0,0,zh,1,ok
1896,indextts,fearful,001896_indextts_fearful.wav,/srv/RL_project/repo/outputs/wav_by_model/indextts/001896_indextts_fearful.wav,tiong kok tui tai tsing tshik bo pian poo tsin phah sng,tiong1 kok4 tui3 tai5 tsin3 tshik4 bo5 pian3 poo7 tsin1 phah4 sng2,tiong kok tui tai tsing tshik bo pian poo tsin phah sng,tiong kok tui tai tsin tshik bo pian poo tsin phah sng,0.08333333333333333,12,11,1,0,0,zh,1,ok
1897,indextts,fearful,001897_indextts_fearful.wav,/srv/RL_project/repo/outputs/wav_by_model/indextts/001897_indextts_fearful.wav,bun tsiong sann,si7 un7 tsiong1 sann1,bun tsiong sann,si un tsiong sann,0.6666666666666666,3,2,1,0,1,zh,1,ok
1898,indextts,happy,001898_indextts_happy.wav,/srv/RL_project/repo/outputs/wav_by_model/indextts/001898_indextts_happy.wav,liau sia e ge sut,liau2 sia2 e5 ge7 sut8,liau sia e ge sut,liau sia e ge sut,0.0,5,5,0,0,0,zh,1,ok
1899,indextts,sad,001899_indextts_sad.wav,/srv/RL_project/repo/outputs/wav_by_model/indextts/001899_indextts_sad.wav,lian kah u tsit kang tat kau hit e tsi kuan e king kai,lian5 ka7 u7 tsit8 kang1 tak8 kau3 hit4 e5 tsi3 kuan5 e5 king2 kai3,lian kah u tsit kang tat kau hit e tsi kuan e king kai,lian ka u tsit kang tak kau hit e tsi kuan e king kai,0.14285714285714285,14,12,2,0,0,zh,1,ok
1900,indextts,surprised,001900_indextts_surprised.wav,/srv/RL_project/repo/outputs/wav_by_model/indextts/001900_indextts_surprised.wav,kio tsue ge sut,kio3 tsue3 nge7 sut8,kio tsue ge sut,kio tsue nge sut,0.25,4,3,1,0,0,zh,1,ok
1901,indextts,sad,001901_indextts_sad.wav,/srv/RL_project/repo/outputs/wav_by_model/indextts/001901_indextts_sad.wav,na si e tang sng tshut guan liong kui pian,na7 si7 e7 tang3 sng3 tshut4 guan5 liong5 kui2 pian3,na si e tang sng tshut guan liong kui pian,na si e tang sng tshut guan liong kui pian,0.0,10,10,0,0,0,zh,1,ok
1902,indextts,sad,001902_indextts_sad.wav,/srv/RL_project/repo/outputs/wav_by_model/indextts/001902_indextts_sad.wav,an ne tioh si iau be guan liong,an2 ne1 tioh8 si7 iau2 be7 uan5 liong7,an ne tioh si iau be guan liong,an ne tioh si iau be uan liong,0.125,8,7,1,0,0,zh,1,ok
1903,indextts,fearful,001903_indextts_fearful.wav,/srv/RL_project/repo/outputs/wav_by_model/indextts/001903_indextts_fearful.wav,ia soo kong e tshit tsap e tshit pian,ia2 soo2 kong2 e5 tshit4 tsap8 e5 tshit4 pian3,ia soo kong e tshit tsap e tshit pian,ia soo kong e tshit tsap e tshit pian,0.0,9,9,0,0,0,zh,1,ok
1904,indextts,surprised,001904_indextts_surprised.wav,/srv/RL_project/repo/outputs/wav_by_model/indextts/001904_indextts_surprised.wav,tsiu si tshin tshiunn lan kong e tshit tshit si tsap kau pian,tsiu7 si7 tshin1 tshiunn7 lan2 kong2 e7 tshit4 tshit4 si3 tsap8 kau2 pian3,tsiu si tshin tshiunn lan kong e tshit tshit si tsap kau pian,tsiu si tshin tshiunn lan kong e tshit tshit si tsap kau pian,0.0,13,13,0,0,0,zh,1,ok
1905,indextts,neutral,001905_indextts_neutral.wav,/srv/RL_project/repo/outputs/wav_by_model/indextts/001905_indextts_neutral.wav,tioh si m tsai iann kui pian,tio7 si7 m7 tsai1 iann2 kui2 pian3,tioh si m tsai iann kui pian,tio si m tsai iann kui pian,0.14285714285714285,7,6,1,0,0,zh,1,ok
1906,indextts,surprised,001906_indextts_surprised.wav,/srv/RL_project/repo/outputs/wav_by_model/indextts/001906_indextts_surprised.wav,it tit kau uan tsuan bo teh ti i,it4 tit8 kau3 uan5 tsuan5 bo5 teh4 ti3 i3,it tit kau uan tsuan bo teh ti i,it tit kau uan tsuan bo teh ti i,0.0,9,9,0,0,0,zh,1,ok
1907,indextts,sad,001907_indextts_sad.wav,/srv/RL_project/repo/outputs/wav/001907_indextts_sad.wav,bo koh khioh hun,bo5 koh4 si3 tshian1 siau1 si5 ioh4 si3 tsian3 hun2 tsi1,bo koh khioh hun,bo koh si tshian siau si ioh si tsian hun tsi,2.0,4,3,1,0,7,zh,1,ok
1908,indextts,sad,001908_indextts_sad.wav,/srv/RL_project/repo/outputs/wav/001908_indextts_sad.wav,m koh lan thak bi kok lin bun tsu gi tai su pang liong e khuan iong,m7 tshi5 tsian3 kok4 si2 lan2 thak8 ma2 bi2 tsian3 kok4 si3 lin5 jian3 bun5 tso3 lian2 i1 tshi5 tai7 tsi1 jian3 su1 pang5 liong5 e5 khuann3 i1 tsian3 iong5,m koh lan thak bi kok lin bun tsu gi tai su pang liong e khuan iong,m tshi tsian kok si lan thak ma bi tsian kok si lin jian bun tso lian i tshi tai tsi jian su pang liong e khuann i tsian iong,1.0,17,13,4,0,13,zh,1,ok
1909,indextts,sad,001909_indextts_sad.wav,/srv/RL_project/repo/outputs/wav_by_model/indextts/001909_indextts_sad.wav,tsok tsia li khin huann,tsok4 tsia2 li2 khim5 huann7,tsok tsia li khin huann,tsok tsia li khim huann,0.2,5,4,1,0,0,zh,1,ok
1910,indextts,angry,001910_indextts_angry.wav,/srv/RL_project/repo/outputs/wav/001910_indextts_angry.wav,thak liau tit tioh kah tsok tsia kang khuan e kiat lun,thang1 ma2 liau2 a2 ti7 tshit4 jian5 tioh8 ma2 kah4 si3 tsok8 si3 jian5 tsiah4 a2 kang7 tshi5 jian5 khuan2 ai3 e5 kiat4 tshi3 jian7 lun5 tshi7,thak liau tit tioh kah tsok tsia kang khuan e kiat lun,thang ma liau a ti tshit jian tioh ma kah si tsok si jian tsiah a kang tshi jian khuan ai e kiat tshi jian lun tshi,1.5,12,9,3,0,15,zh,1,ok
1911,indextts,fearful,001911_indextts_fearful.wav,/srv/RL_project/repo/outputs/wav_by_model/indextts/001911_indextts_fearful.wav,lin lui e lik su tioh si tsit pho put khuan iong su,lin5 lui7 e5 lik8 su2 tioh8 si7 tsit8 pho7 put4 khuan5 iong5 su2,lin lui e lik su tioh si tsit pho put khuan iong su,lin lui e lik su tioh si tsit pho put khuan iong su,0.0,13,13,0,0,0,zh,1,ok
1912,indextts,surprised,001912_indextts_surprised.wav,/srv/RL_project/repo/outputs/wav_by_model/indextts/001912_indextts_surprised.wav,lin lui put tuan tiong hok sim kuann kheh eh,lin5 lui5 put4 tuan7 tiong5 hok4 sim1 kuann1 kheh4 e5,lin lui put tuan tiong hok sim kuann kheh eh,lin lui put tuan tiong hok sim kuann kheh e,0.1,10,9,1,0,0,zh,1,ok
1913,indextts,angry,001913_indextts_angry.wav,/srv/RL_project/repo/outputs/wav_by_model/indextts/001913_indextts_angry.wav,bo huat too tsiap lap kah ka ti bo kang khuan siunn huat e tsok ui,bo5 huat4 too7 tsiah4 tap4 kah4 ka1 ti7 bo5 kang5 khuan2 siunn7 huat4 e5 tsok4 ui5,bo huat too tsiap lap kah ka ti bo kang khuan siunn huat e tsok ui,bo huat too tsiah tap kah ka ti bo kang khuan siunn huat e tsok ui,0.125,16,14,2,0,0,zh,1,ok
1914,indextts,fearful,001914_indextts_fearful.wav,/srv/RL_project/repo/outputs/wav_by_model/indextts/001914_indextts_fearful.wav,na si kah gua bo sio kang,na7 si7 kah4 gua2 bo5 sio1 kang5,na si kah gua bo sio kang,na si kah gua bo sio kang,0.0,7,7,0,0,0,zh,1,ok
1915,indextts,happy,001915_indextts_happy.wav,/srv/RL_project/repo/outputs/wav_by_model/indextts/001915_indextts_happy.wav,tioh si li si gua uah,tio7 si7 li2 si3 ua2 ua2,tioh si li si gua uah,tio si li si ua ua,0.5,6,3,3,0,0,zh,1,ok
1916,indextts,surprised,001916_indextts_surprised.wav,/srv/RL_project/repo/outputs/wav_by_model/indextts/001916_indextts_surprised.wav,tse pau kuat tse tse soo ui ia soo tai gian lin e lin lui,tse1 pau1 kuat4 tse7 tse7 soo2 ui7 ia2 soo2 tai7 gian5 lin5 e5 lin5 lui7,tse pau kuat tse tse soo ui ia soo tai gian lin e lin lui,tse pau kuat tse tse soo ui ia soo tai gian lin e lin lui,0.0,15,15,0,0,0,zh,1,ok
1917,indextts,happy,001917_indextts_happy.wav,/srv/RL_project/repo/outputs/wav_by_model/indextts/001917_indextts_happy.wav,lin lui kau tann e lik su,lin7 lui7 kau3 tann1 e5 lik8 su2,lin lui kau tann e lik su,lin lui kau tann e lik su,0.0,7,7,0,0,0,zh,1,ok
1918,indextts,disgusted,001918_indextts_disgusted.wav,/srv/RL_project/repo/outputs/wav_by_model/indextts/001918_indextts_disgusted.wav,tshit tsap e tshit pian long si bo jiau sia bo khuan iong bo guan liong,tshit4 tsap8 e5 tshit4 pian3 long2 si7 bo5 liau5 sia2 bo5 huan1 iong5 bo5 guan5 liong5,tshit tsap e tshit pian long si bo jiau sia bo khuan iong bo guan liong,tshit tsap e tshit pian long si bo liau sia bo huan iong bo guan liong,0.125,16,14,2,0,0,zh,1,ok
1919,indextts,neutral,001919_indextts_neutral.wav,/srv/RL_project/repo/outputs/wav_by_model/indextts/001919_indextts_neutral.wav,lin lui ko jian si kau tse thian pian e,in1 lui7 ko2 lian5 si7 kau1 tse7 thian1 pian3 e5,lin lui ko jian si kau tse thian pian e,in lui ko lian si kau tse thian pian e,0.2,10,8,2,0,0,zh,1,ok
1920,indextts,neutral,001920_indextts_neutral.wav,/srv/RL_project/repo/outputs/wav_by_model/indextts/001920_indextts_neutral.wav,pi tik mng ia soo kong,pit4 tit4 mng5 iann2 soo2 kong2,pi tik mng ia soo kong,pit tit mng iann soo kong,0.5,6,3,3,0,0,zh,1,ok
1921,indextts,happy,001921_indextts_happy.wav,/srv/RL_project/repo/outputs/wav_by_model/indextts/001921_indextts_happy.wav,kau tse thian tshit tsap tshit pian,kau1 tse1 thian1 tshit4 tsap8 tshit4 pian3,kau tse thian tshit tsap tshit pian,kau tse thian tshit tsap tshit pian,0.0,7,7,0,0,0,zh,1,ok
1922,indextts,fearful,001922_indextts_fearful.wav,/srv/RL_project/repo/outputs/wav/001922_indextts_fearful.wav,pian lai pian khi ma si kau,pian7 lai5 pian3 khi2 san2 bin7 a2 tshi1 tsian3 suai3 tshi2 kau1 gu5,pian lai pian khi ma si kau,pian lai pian khi san bin a tshi tsian suai tshi kau gu,1.1428571428571428,7,5,2,0,6,zh,1,ok
1923,indextts,fearful,001923_indextts_fearful.wav,/srv/RL_project/repo/outputs/wav_by_model/indextts/001923_indextts_fearful.wav,loo sin lim tsiong e si,loo7 sim1 lin5 tsiong1 e5 si5,loo sin lim tsiong e si,loo sim lin tsiong e si,0.3333333333333333,6,4,2,0,0,zh,1,ok
1924,indextts,disgusted,001924_indextts_disgusted.wav,/srv/RL_project/repo/outputs/wav_by_model/indextts/001924_indextts_disgusted.wav,siunn tioh se hng lang e thuan thong,siunn7 tioh8 senn1 lang5 e5 thuan5 thong2,siunn tioh se hng lang e thuan thong,siunn tioh senn lang e thuan thong,0.25,8,6,1,1,0,zh,1,ok
1925,indextts,neutral,001925_indextts_neutral.wav,/srv/RL_project/repo/outputs/wav_by_model/indextts/001925_indextts_neutral.wav,thiann kong si tsin tsing ai guan liong tsit si lang tik tsue lan e lang,thiann1 kong2 si2 tsin3 tsing5 ai3 guan5 liong7 tsit4 si3 lang5 tip4 tsue1 lan2 e5 lang5,thiann kong si tsin tsing ai guan liong tsit si lang tik tsue lan e lang,thiann kong si tsin tsing ai guan liong tsit si lang tip tsue lan e lang,0.0625,16,15,1,0,0,zh,1,ok
1926,indextts,disgusted,001926_indextts_disgusted.wav,/srv/RL_project/repo/outputs/wav_by_model/indextts/001926_indextts_disgusted.wav,thang ho ong sing,thang1 ho2 ong2 sing1,thang ho ong sing,thang ho ong sing,0.0,4,4,0,0,0,zh,1,ok
1927,indextts,happy,001927_indextts_happy.wav,/srv/RL_project/repo/outputs/wav_by_model/indextts/001927_indextts_happy.wav,m koh i it tit siunn suah lu siunn lu tse guan liong be liau,m7 koh4 i1 it4 tit8 siunn7 suah4 lu2 siunn7 lu2 tse7 guan5 liong7 be7 liau2,m koh i it tit siunn suah lu siunn lu tse guan liong be liau,m koh i it tit siunn suah lu siunn lu tse guan liong be liau,0.0,15,15,0,0,0,zh,1,ok
1928,indextts,fearful,001928_indextts_fearful.wav,/srv/RL_project/repo/outputs/wav_by_model/indextts/001928_indextts_fearful.wav,tioh kong tik tsue gua e lang sit tsai siunn tse ah,tio7 kong1 tit4 tsue7 gua2 e5 lang5 sit8 tsai7 siunn1 tse7 ah4,tioh kong tik tsue gua e lang sit tsai siunn tse ah,tio kong tit tsue gua e lang sit tsai siunn tse ah,0.16666666666666666,12,10,2,0,0,zh,1,ok
1929,indextts,disgusted,001929_indextts_disgusted.wav,/srv/RL_project/repo/outputs/wav/001929_indextts_disgusted.wav,bo in ma mai guan liong gua lah,bo5 in1 ma7 tshi1 mai3 uan5 tsian3 liong1 tshi1 tsian2 lian7 gua2 tsian3 lian3 lah4 si3,bo in ma mai guan liong gua lah,bo in ma tshi mai uan tsian liong tshi tsian lian gua tsian lian lah si,1.125,8,7,1,0,8,zh,1,ok
1930,indextts,disgusted,001930_indextts_disgusted.wav,/srv/RL_project/repo/outputs/wav_by_model/indextts/001930_indextts_disgusted.wav,an ne tak ke tshe pinn tsun suah,an2 ne1 tak8 ke1 tshe2 pinn5 tsun3 suah4,an ne tak ke tshe pinn tsun suah,an ne tak ke tshe pinn tsun suah,0.0,8,8,0,0,0,zh,1,ok
1931,indextts,happy,001931_indextts_happy.wav,/srv/RL_project/repo/outputs/wav_by_model/indextts/001931_indextts_happy.wav,gua i king guan liong tui hong tshit pian ah,gua2 i2 king1 guan5 liong7 tui3 hong1 tshit4 pian3 ah4,gua i king guan liong tui hong tshit pian ah,gua i king guan liong tui hong tshit pian ah,0.0,10,10,0,0,0,zh,1,ok
1932,indextts,sad,001932_indextts_sad.wav,/srv/RL_project/repo/outputs/wav_by_model/indextts/001932_indextts_sad.wav,gua siunn tan beh tng khui tsiah lai liau sia,gua2 siunn7 tan2 beh4 tng3 khui3 tsiah4 lai5 liau5 sia2,gua siunn tan beh tng khui tsiah lai liau sia,gua siunn tan beh tng khui tsiah lai liau sia,0.0,10,10,0,0,0,zh,1,ok
1933,indextts,disgusted,001933_indextts_disgusted.wav,/srv/RL_project/repo/outputs/wav_by_model/indextts/001933_indextts_disgusted.wav,kiam tshai u si bo kau si kan,kiam2 tshai2 u7 si5 bo5 kau3 si5 kan1,kiam tshai u si bo kau si kan,kiam tshai u si bo kau si kan,0.0,8,8,0,0,0,zh,1,ok
1934,indextts,disgusted,001934_indextts_disgusted.wav,/srv/RL_project/repo/outputs/wav_by_model/indextts/001934_indextts_disgusted.wav,be hu thang uan sing,be7 hu3 thang1 uan5 sing5,be hu thang uan sing,be hu thang uan sing,0.0,5,5,0,0,0,zh,1,ok
1935,indextts,angry,001935_indextts_angry.wav,/srv/RL_project/repo/outputs/wav_by_model/indextts/001935_indextts_angry.wav,in ui liau sia su iau tsit tuann si kan,in1 ui7 liau2 sia2 su1 iau3 tsit8 tuann7 si5 kan1,in ui liau sia su iau tsit tuann si kan,in ui liau sia su iau tsit tuann si kan,0.0,10,10,0,0,0,zh,1,ok
1936,indextts,neutral,001936_indextts_neutral.wav,/srv/RL_project/repo/outputs/wav_by_model/indextts/001936_indextts_neutral.wav,tshin tshiunn lian tan an ne,tshin1 tshiunn7 lian7 tan1 an2 ne1,tshin tshiunn lian tan an ne,tshin tshiunn lian tan an ne,0.0,6,6,0,0,0,zh,1,ok
1937,indextts,disgusted,001937_indextts_disgusted.wav,/srv/RL_project/repo/outputs/wav_by_model/indextts/001937_indextts_disgusted.wav,su iau tshit tshit si tsap kau kang leh,su1 iau3 tshit4 tshit4 si3 tsap8 kau2 kang5 leh4,su iau tshit tshit si tsap kau kang leh,su iau tshit tshit si tsap kau kang leh,0.0,9,9,0,0,0,zh,1,ok
1938,indextts,happy,001938_indextts_happy.wav,/srv/RL_project/repo/outputs/wav_by_model/indextts/001938_indextts_happy.wav,li kam khai si tui kiu liau sia tsit mng ge sut ah,li2 kam2 khai1 si2 tui1 kiu5 liau2 sia7 tsit4 mng5 ge7 sut8 ah4,li kam khai si tui kiu liau sia tsit mng ge sut ah,li kam khai si tui kiu liau sia tsit mng ge sut ah,0.0,13,13,0,0,0,zh,1,ok
1939,indextts,surprised,001939_indextts_surprised.wav,/srv/RL_project/repo/outputs/wav/001939_indextts_surprised.wav,tioh ai liong tsa ooh,tio7 ba2 tsian3 ai3 liong5 tshi1 tsian3 tsa2 ah4 tsian3 jian5 oo3 si2,tioh ai liong tsa ooh,tio ba tsian ai liong tshi tsian tsa ah tsian jian oo si,2.0,5,3,2,0,8,zh,1,ok
1940,indextts,fearful,001940_indextts_fearful.wav,/srv/RL_project/repo/outputs/wav_by_model/indextts/001940_indextts_fearful.wav,an ne kam bo kau,an2 ne1 kam2 bo5 kau3,an ne kam bo kau,an ne kam bo kau,0.0,5,5,0,0,0,zh,1,ok
1941,indextts,angry,001941_indextts_angry.wav,/srv/RL_project/repo/outputs/wav/001941_indextts_angry.wav,ia soo kong bo kau ai guan liong tshit tsap e tshit pian,ia2 jian3 soo3 i1 kong2 bo5 jian3 kau1 san1 ai3 uan5 jian3 liong7 tshit4 tshit4 tsi3 jian3 tsap8 pah4 e5 tshit4 tshit4 pian3,ia soo kong bo kau ai guan liong tshit tsap e tshit pian,ia jian soo i kong bo jian kau san ai uan jian liong tshit tshit tsi jian tsap pah e tshit tshit pian,0.8461538461538461,13,12,1,0,10,zh,1,ok
1942,indextts,surprised,001942_indextts_surprised.wav,/srv/RL_project/repo/outputs/wav_by_model/indextts/001942_indextts_surprised.wav,tse tioh si liau sia e ge sut,tse1 tioh8 si7 liau5 sia3 e5 le7 sut8,tse tioh si liau sia e ge sut,tse tioh si liau sia e le sut,0.125,8,7,1,0,0,zh,1,ok
1943,indextts,angry,001943_indextts_angry.wav,/srv/RL_project/repo/outputs/wav_by_model/indextts/001943_indextts_angry.wav,huan na si ge sut,huan1 na7 si7 ge7 sut8,huan na si ge sut,huan na si ge sut,0.0,5,5,0,0,0,zh,1,ok
1944,indextts,neutral,001944_indextts_neutral.wav,/srv/RL_project/repo/outputs/wav_by_model/indextts/001944_indextts_neutral.wav,tioh si su iau tsin tng e si kan it tit tuan lian,tio7 si7 su1 iau3 tsin1 tng5 e5 si5 kan1 it4 tit8 tuan1 lian7,tioh si su iau tsin tng e si kan it tit tuan lian,tio si su iau tsin tng e si kan it tit tuan lian,0.07692307692307693,13,12,1,0,0,zh,1,ok
1945,indextts,angry,001945_indextts_angry.wav,/srv/RL_project/repo/outputs/wav_by_model/indextts/001945_indextts_angry.wav,liok bun tsiunn su,liok8 tioh8 bun5 tsiunn1 su3,liok bun tsiunn su,liok tioh bun tsiunn su,0.25,4,4,0,0,1,zh,1,ok
1946,indextts,happy,001946_indextts_happy.wav,/srv/RL_project/repo/outputs/wav_by_model/indextts/001946_indextts_happy.wav,tsu iu bang,tsu7 iu5 bang7,tsu iu bang,tsu iu bang,0.0,3,3,0,0,0,zh,1,ok
1947,indextts,angry,001947_indextts_angry.wav,/srv/RL_project/repo/outputs/wav_by_model/indextts/001947_indextts_angry.wav,i put si khuann tioh sio bue tsin e noo hue,i1 put4 si5 khuann3 tioh8 sio1 bue2 tsin7 e5 noo7 hue2,i put si khuann tioh sio bue tsin e noo hue,i put si khuann tioh sio bue tsin e noo hue,0.0,11,11,0,0,0,zh,1,ok
1948,indextts,disgusted,001948_indextts_disgusted.wav,/srv/RL_project/repo/outputs/wav_by_model/indextts/001948_indextts_disgusted.wav,hit tsun i tsi si tsit ui sio king guan,hit4 tsun7 i1 tsi2 si7 tsit8 ui7 sio2 king3 uan5,hit tsun i tsi si tsit ui sio king guan,hit tsun i tsi si tsit ui sio king uan,0.1,10,9,1,0,0,zh,1,ok
1949,indextts,sad,001949_indextts_sad.wav,/srv/RL_project/repo/outputs/wav_by_model/indextts/001949_indextts_sad.wav,thiann bing ling kong jip tsu iu si tai tsap tsi sia,thiann1 bin7 ling7 kong1 jip8 tsu7 iu5 si5 tai7 tsap8 tsi3 sia7,thiann bing ling kong jip tsu iu si tai tsap tsi sia,thiann bin ling kong jip tsu iu si tai tsap tsi sia,0.08333333333333333,12,11,1,0,0,zh,1,ok
1950,indextts,angry,001950_indextts_angry.wav,/srv/RL_project/repo/outputs/wav_by_model/indextts/001950_indextts_angry.wav,hit am i tsiap tioh hau senn tian ue,hit4 am3 i1 tsik4 tioh8 hau7 senn1 tian7 ue7,hit am i tsiap tioh hau senn tian ue,hit am i tsik tioh hau senn tian ue,0.1111111111111111,9,8,1,0,0,zh,1,ok
1951,indextts,happy,001951_indextts_happy.wav,/srv/RL_project/repo/outputs/wav_by_model/indextts/001951_indextts_happy.wav,pa guan kong jip lip huat inn,pa2 gun2 kong1 gi7 lip8 huat4 inn7,pa guan kong jip lip huat inn,pa gun kong gi lip huat inn,0.2857142857142857,7,5,2,0,0,zh,1,ok
1952,indextts,surprised,001952_indextts_surprised.wav,/srv/RL_project/repo/outputs/wav_by_model/indextts/001952_indextts_surprised.wav,bo gua ku,bo5 gua7 ku2,bo gua ku,bo gua ku,0.0,3,3,0,0,0,zh,1,ok
1953,indextts,fearful,001953_indextts_fearful.wav,/srv/RL_project/repo/outputs/wav_by_model/indextts/001953_indextts_fearful.wav,i kui sin oo sann kiann tsiunn ke thau,i1 kui1 sin1 oo2 sa2 kiann1 tsiunn7 ke1 thau5,i kui sin oo sann kiann tsiunn ke thau,i kui sin oo sa kiann tsiunn ke thau,0.1111111111111111,9,8,1,0,0,zh,1,ok
1954,indextts,disgusted,001954_indextts_disgusted.wav,/srv/RL_project/repo/outputs/wav_by_model/indextts/001954_indextts_disgusted.wav,tshiu giah tsit lui ng iam jit thau hue,tshiu2 giah8 tsit8 lui2 ng5 giam5 ti7 thau5 hue1,tshiu giah tsit lui ng iam jit thau hue,tshiu giah tsit lui ng giam ti thau hue,0.2222222222222222,9,7,2,0,0,zh,1,ok
1955,indextts,fearful,001955_indextts_fearful.wav,/srv/RL_project/repo/outputs/wav/001955_indextts_fearful.wav,tsok tsia tan kim sun,tsok4 si2 tsian3 tsia2 r2 tan5 king1 i2 tsian3 sun5 tsi1,tsok tsia tan kim sun,tsok si tsian tsia r tan king i tsian sun tsi,1.4,5,4,1,0,6,zh,1,ok
1956,indextts,happy,001956_indextts_happy.wav,/srv/RL_project/repo/outputs/wav_by_model/indextts/001956_indextts_happy.wav,hit jit tshi tiunn lai tsu iu hang khia pai,hit4 lit8 tshi7 tiunn2 lai7 tsu7 iu5 hang7 khia7 pai5,hit jit tshi tiunn lai tsu iu hang khia pai,hit lit tshi tiunn lai tsu iu hang khia pai,0.1,10,9,1,0,0,zh,1,ok
1957,indextts,surprised,001957_indextts_surprised.wav,/srv/RL_project/repo/outputs/wav_by_model/indextts/001957_indextts_surprised.wav,tshun ong tu ho tiam ti jin kun li,tshun1 ong7 tu2 ho2 tiam3 ti7 lin5 kun5 li2,tshun ong tu ho tiam ti jin kun li,tshun ong tu ho tiam ti lin kun li,0.1111111111111111,9,8,1,0,0,zh,1,ok
1958,indextts,sad,001958_indextts_sad.wav,/srv/RL_project/repo/outputs/wav_by_model/indextts/001958_indextts_sad.wav,i the hiu keh tng jit,i1 the3 hiu1 ke3 tng2 li2,i the hiu keh tng jit,i the hiu ke tng li,0.3333333333333333,6,4,2,0,0,zh,1,ok
1959,indextts,disgusted,001959_indextts_disgusted.wav,/srv/RL_project/repo/outputs/wav_by_model/indextts/001959_indextts_disgusted.wav,sui lai ki kim hue tso tsi kang,sui5 lai5 ki5 king1 hue7 tso3 tsi3 kang1,sui lai ki kim hue tso tsi kang,sui lai ki king hue tso tsi kang,0.125,8,7,1,0,0,zh,1,ok
1960,indextts,surprised,001960_indextts_surprised.wav,/srv/RL_project/repo/outputs/wav_by_model/indextts/001960_indextts_surprised.wav,tak hue to lam tioh nylon tsu hun tiunn king,tak8 hue3 to7 lam2 tioh8 ni7 long7 tsu7 hun5 tiunn5 king2,tak hue to lam tioh nylon tsu hun tiunn king,tak hue to lam tioh ni long tsu hun tiunn king,0.2,10,9,1,0,1,zh,1,ok
1961,indextts,surprised,001961_indextts_surprised.wav,/srv/RL_project/repo/outputs/wav/001961_indextts_surprised.wav,i long bak sai si lam sui,i1 long2 ba2 ba2 tsian3 sai3 si3 jian3 lan2 u7 jian3 sui5,i long bak sai si lam sui,i long ba ba tsian sai si jian lan u jian sui,1.0,7,5,2,0,5,zh,1,ok
1962,indextts,angry,001962_indextts_angry.wav,/srv/RL_project/repo/outputs/wav_by_model/indextts/001962_indextts_angry.wav,ji tsap goo tang lai ti bang li,ji7 tsap8 goo7 tang1 lai5 ti7 bang7 li2,ji tsap goo tang lai ti bang li,ji tsap goo tang lai ti bang li,0.0,8,8,0,0,0,zh,1,ok
1963,indextts,fearful,001963_indextts_fearful.wav,/srv/RL_project/repo/outputs/wav_by_model/indextts/001963_indextts_fearful.wav,it soo ji,it4 it4 e5 soo3 ji7,it soo ji,it it e soo ji,0.6666666666666666,3,3,0,0,2,zh,1,ok
1964,indextts,neutral,001964_indextts_neutral.wav,/srv/RL_project/repo/outputs/wav/001964_indextts_neutral.wav,sua loh lai khuann tai pak tshi bin a tsai tsap tshit ho e thinn khi,sua1 lian3 loo7 ba2 lian3 lai5 khuann3 san1 tai5 lian3 pat4 si3 tshi1 tshi1 bin5 lian2 a2 tsian3 tsai7 san2 tsai5 pa2 lian3 tshit4 tsit4 siau1 si5 oo1 tsi2 e5 thinn1 lian3 khi3 san1,sua loh lai khuann tai pak tshi bin a tsai tsap tshit ho e thinn khi,sua lian loo ba lian lai khuann san tai lian pat si tshi tshi bin lian a tsian tsai san tsai pa lian tshit tsit siau si oo tsi e thinn lian khi san,1.375,16,12,4,0,18,zh,1,ok
1965,indextts,sad,001965_indextts_sad.wav,/srv/RL_project/repo/outputs/wav_by_model/indextts/001965_indextts_sad.wav,un too ji tsap tshit tsi sann tsap ji too loh hoo ki lut tsap,un1 too7 ji7 tsap8 tshit4 tsi3 sann1 tsap8 ji7 too7 loh8 hoo7 ki1 lut8 tsap8%,un too ji tsap tshit tsi sann tsap ji too loh hoo ki lut tsap,un too ji tsap tshit tsi sann tsap ji too loh hoo ki lut tsap,0.0,15,15,0,0,0,zh,1,ok
1966,indextts,angry,001966_indextts_angry.wav,/srv/RL_project/repo/outputs/wav/001966_indextts_angry.wav,lai pin ji tshit liok ho tshiann lai tsap ji ho kui tai pan li,lai5 jiam2 phing7 ji7 tsi2 tshit4 si3 liok8 ba7 siau3 si5 oo1 tsit8 tshia1 jian5 lai5 tsap8 pa2 tsian3 ji7 tsi2 siau3 si5 oo1 tsit8 kui1 tsi1 tsian3 tai5 pan1 tsi1 jian3 li2,lai pin ji tshit liok ho tshiann lai tsap ji ho kui tai pan li,lai jiam phing ji tsi tshit si liok ba siau si oo tsit tshia jian lai tsap pa tsian ji tsi siau si oo tsit kui tsi tsian tai pan tsi jian li,1.4666666666666666,15,11,4,0,18,zh,1,ok
1967,indextts,sad,001967_indextts_sad.wav,/srv/RL_project/repo/outputs/wav_by_model/indextts/001967_indextts_sad.wav,long tsong tshit pah si tsap lak khoo tsau li goo tsap si khoo,long2 tsong2 tshit4 pah4 si3 tsap8 lak8 khoo1 tsau7 li2 goo7 tsap8 si3 khoo1,long tsong tshit pah si tsap lak khoo tsau li goo tsap si khoo,long tsong tshit pah si tsap lak khoo tsau li goo tsap si khoo,0.0,14,14,0,0,0,zh,1,ok
1968,indextts,fearful,001968_indextts_fearful.wav,/srv/RL_project/repo/outputs/wav_by_model/indextts/001968_indextts_fearful.wav,kin a jit si sann gueh tshe it pai lak,kin1 a2 lit8 si7 sann1 gueh8 tshe1 it4 pai3 lak8,kin a jit si sann gueh tshe it pai lak,kin a lit si sann gueh tshe it pai lak,0.1,10,9,1,0,0,zh,1,ok
1969,indextts,surprised,001969_indextts_surprised.wav,/srv/RL_project/repo/outputs/wav_by_model/indextts/001969_indextts_surprised.wav,gua e hoo tsio ho be si kiu tshit pat ji pat ji khong kiu khong,gua2 e5 hoo7 tsio3 ho7 be2 si7 kiu2 tshit4 pat4 ji7 pat4 ji7 khong3 kiu2 khong3,gua e hoo tsio ho be si kiu tshit pat ji pat ji khong kiu khong,gua e hoo tsio ho be si kiu tshit pat ji pat ji khong kiu khong,0.0,16,16,0,0,0,zh,1,ok
1970,indextts,neutral,001970_indextts_neutral.wav,/srv/RL_project/repo/outputs/wav_by_model/indextts/001970_indextts_neutral.wav,gun tau e tian ue ho be si khong su su ji ji kiu khong su tshit,gun2 tau1 e5 tian7 ue7 ho7 be2 si7 khong3 su3 su3 ji7 ji7 kiu2 khong3 su3 tshit4,gun tau e tian ue ho be si khong su su ji ji kiu khong su tshit,gun tau e tian ue ho be si khong su su ji ji kiu khong su tshit,0.0,17,17,0,0,0,zh,1,ok
1971,indextts,sad,001971_indextts_sad.wav,/srv/RL_project/repo/outputs/wav/001971_indextts_sad.wav,i ti it kiu tshit ngoo ni tshut si,i1 jian3 ti7 tsit8 it4 tsit4 kiu2 tshit4 tshit4 na7 keh4 oo1 nia5 tshut4 tsi2 jian7 si3,i ti it kiu tshit ngoo ni tshut si,i jian ti tsit it tsit kiu tshit tshit na keh oo nia tshut tsi jian si,1.1111111111111112,9,7,2,0,8,zh,1,ok
1972,indextts,angry,001972_indextts_angry.wav,/srv/RL_project/repo/outputs/wav_by_model/indextts/001972_indextts_angry.wav,tshiann pang gua tsuan hun ki ngoo ji pat ji,tshiann2 pang1 gua2 tsuan2 hun1 ki1 ngoo2 li7 pat4 ji7,tshiann pang gua tsuan hun ki ngoo ji pat ji,tshiann pang gua tsuan hun ki ngoo li pat ji,0.1,10,9,1,0,0,zh,1,ok
1973,indextts,surprised,001973_indextts_surprised.wav,/srv/RL_project/repo/outputs/wav_by_model/indextts/001973_indextts_surprised.wav,ji sing uah tui ue,ji7 sing1 uah8 tui3 ue7,ji sing uah tui ue,ji sing uah tui ue,0.0,5,5,0,0,0,zh,1,ok
1974,indextts,surprised,001974_indextts_surprised.wav,/srv/RL_project/repo/outputs/wav_by_model/indextts/001974_indextts_surprised.wav,su tshuan tshai khah hiam li kann tsiah bo,su3 tshuan1 tshai3 khah4 hiam1 li2 kann2 tsiah8 bo5,su tshuan tshai khah hiam li kann tsiah bo,su tshuan tshai khah hiam li kann tsiah bo,0.0,9,9,0,0,0,zh,1,ok
1975,indextts,fearful,001975_indextts_fearful.wav,/srv/RL_project/repo/outputs/wav_by_model/indextts/001975_indextts_fearful.wav,li ia ai tiam siann mih bo,li2 ah4 ai3 tiam2 siann2 mih4 bo5,li ia ai tiam siann mih bo,li ah ai tiam siann mih bo,0.14285714285714285,7,6,1,0,0,zh,1,ok
1976,indextts,fearful,001976_indextts_fearful.wav,/srv/RL_project/repo/outputs/wav_by_model/indextts/001976_indextts_fearful.wav,koh tsit uann thng siann mih thng khah ho,koh4 tsit8 uann2 thng1 siann2 mih4 thng1 khah4 ho2,koh tsit uann thng siann mih thng khah ho,koh tsit uann thng siann mih thng khah ho,0.0,9,9,0,0,0,zh,1,ok
1977,indextts,fearful,001977_indextts_fearful.wav,/srv/RL_project/repo/outputs/wav_by_model/indextts/001977_indextts_fearful.wav,tshenn tshai tau hu thng be bai,tshenn1 tshai3 tau7 hu7 thang1 be7 bai2,tshenn tshai tau hu thng be bai,tshenn tshai tau hu thang be bai,0.14285714285714285,7,6,1,0,0,zh,1,ok
1978,indextts,fearful,001978_indextts_fearful.wav,/srv/RL_project/repo/outputs/wav/001978_indextts_fearful.wav,thau ke koh tsit puann ang sio tau hu,thau5 u2 tsian3 ke1 koh4 si3 tsit8 ba7 puann5 u7 ang5 tsian3 sio1 i1 tau2 tsi1 tsian3 hu5 tshi7,thau ke koh tsit puann ang sio tau hu,thau u tsian ke koh si tsit ba puann u ang tsian sio i tau tsi tsian hu tshi,1.1111111111111112,9,9,0,0,10,zh,1,ok
1979,indextts,angry,001979_indextts_angry.wav,/srv/RL_project/repo/outputs/wav_by_model/indextts/001979_indextts_angry.wav,gua siunn beh lim te,gua2 siunn7 beh4 lim1 te5,gua siunn beh lim te,gua siunn beh lim te,0.0,5,5,0,0,0,zh,1,ok
1980,indextts,disgusted,001980_indextts_disgusted.wav,/srv/RL_project/repo/outputs/wav_by_model/indextts/001980_indextts_disgusted.wav,hit te pue a lah sap lah sap,hit4 te3 pue1 a2 lak8 sap4 lak8 sap4,hit te pue a lah sap lah sap,hit te pue a lak sap lak sap,0.25,8,6,2,0,0,zh,1,ok
1981,indextts,surprised,001981_indextts_surprised.wav,/srv/RL_project/repo/outputs/wav_by_model/indextts/001981_indextts_surprised.wav,gua theh tsit te khah tshing khi e hoo li,gua2 theh8 tsit8 te3 khah4 tshing1 khi3 e5 ho2 li2,gua theh tsit te khah tshing khi e hoo li,gua theh tsit te khah tshing khi e ho li,0.1,10,9,1,0,0,zh,1,ok
1982,indextts,fearful,001982_indextts_fearful.wav,/srv/RL_project/repo/outputs/wav_by_model/indextts/001982_indextts_fearful.wav,tshai lai ah,tshai7 lai5 ah4,tshai lai ah,tshai lai ah,0.0,3,3,0,0,0,zh,1,ok
1983,indextts,happy,001983_indextts_happy.wav,/srv/RL_project/repo/outputs/wav/001983_indextts_happy.wav,tsit puann si siann mih tshai,tsit4 hu2 puann5 phai2 si7 seven sia2 thoo5 mih8 tshai2 thui3,tsit puann si siann mih tshai,tsit hu puann phai si seven sia thoo mih tshai thui,1.0,6,5,1,0,5,zh,1,ok
1984,indextts,disgusted,001984_indextts_disgusted.wav,/srv/RL_project/repo/outputs/wav_by_model/indextts/001984_indextts_disgusted.wav,tsit puann kio tso ang sio tau hu,tsit4 puann3 kio3 tso3 ang5 sio1 tau7 hu7,tsit puann kio tso ang sio tau hu,tsit puann kio tso ang sio tau hu,0.0,8,8,0,0,0,zh,1,ok
1985,indextts,surprised,001985_indextts_surprised.wav,/srv/RL_project/repo/outputs/wav_by_model/indextts/001985_indextts_surprised.wav,kann,ka3,kann,ka,1.0,1,0,1,0,0,zh,1,ok
1986,indextts,sad,001986_indextts_sad.wav,/srv/RL_project/repo/outputs/wav_by_model/indextts/001986_indextts_sad.wav,lai bin u siann mih mih kiann,lai5 bin7 u7 siann2 mih8 mih8 kiann7,lai bin u siann mih mih kiann,lai bin u siann mih mih kiann,0.0,7,7,0,0,0,zh,1,ok
1987,indextts,neutral,001987_indextts_neutral.wav,/srv/RL_project/repo/outputs/wav_by_model/indextts/001987_indextts_neutral.wav,u bah tau hu kah tsin tse mih kiann li tsiah khuann mai leh,u7 bah4 tau7 hu1 kah4 tsin1 tse7 mih8 kiann7 li2 tsiah8 khuann3 mai7 leh4,u bah tau hu kah tsin tse mih kiann li tsiah khuann mai leh,u bah tau hu kah tsin tse mih kiann li tsiah khuann mai leh,0.0,14,14,0,0,0,zh,1,ok
1988,indextts,happy,001988_indextts_happy.wav,/srv/RL_project/repo/outputs/wav_by_model/indextts/001988_indextts_happy.wav,to sia gua ka ki lai,to1 sia7 gua2 ka1 ki7 lai5,to sia gua ka ki lai,to sia gua ka ki lai,0.0,6,6,0,0,0,zh,1,ok
1989,indextts,sad,001989_indextts_sad.wav,/srv/RL_project/repo/outputs/wav_by_model/indextts/001989_indextts_sad.wav,li tsiah hiah ni tsio kam tsiah u pa,li2 tsiah8 hiah4 ni7 tsio2 kam2 tsiah8 u7 pa2,li tsiah hiah ni tsio kam tsiah u pa,li tsiah hiah ni tsio kam tsiah u pa,0.0,9,9,0,0,0,zh,1,ok
1990,indextts,sad,001990_indextts_sad.wav,/srv/RL_project/repo/outputs/wav_by_model/indextts/001990_indextts_sad.wav,gua bak too u tsit tiam a bo song khuai,gua2 bat4 too2 u7 tsit8 tiam2 a2 bo5 song2 khuai3,gua bak too u tsit tiam a bo song khuai,gua bat too u tsit tiam a bo song khuai,0.1,10,9,1,0,0,zh,1,ok
1991,indextts,disgusted,001991_indextts_disgusted.wav,/srv/RL_project/repo/outputs/wav_by_model/indextts/001991_indextts_disgusted.wav,beh tsiah ioh a bo,beh4 tsiah8 ioh8 a2 bo5,beh tsiah ioh a bo,beh tsiah ioh a bo,0.0,5,5,0,0,0,zh,1,ok
1992,indextts,surprised,001992_indextts_surprised.wav,/srv/RL_project/repo/outputs/wav_by_model/indextts/001992_indextts_surprised.wav,m bian to sia,m7 bian2 to1 sia7,m bian to sia,m bian to sia,0.0,4,4,0,0,0,zh,1,ok
1993,indextts,fearful,001993_indextts_fearful.wav,/srv/RL_project/repo/outputs/wav_by_model/indextts/001993_indextts_fearful.wav,tsit king tsin tsan gua siong siong lai in e tshai long tsin ho tsiah,tsit4 king1 tsin1 tsan2 gua2 siong5 siong5 lai5 in1 e5 tshai3 long2 tsin1 ho2 tsiah8,tsit king tsin tsan gua siong siong lai in e tshai long tsin ho tsiah,tsit king tsin tsan gua siong siong lai in e tshai long tsin ho tsiah,0.0,15,15,0,0,0,zh,1,ok
1994,indextts,neutral,001994_indextts_neutral.wav,/srv/RL_project/repo/outputs/wav_by_model/indextts/001994_indextts_neutral.wav,bo an ne lan tua tsia tsiah,bo5 an2 ne1 lan2 tua3 tsiah4 tsiah8,bo an ne lan tua tsia tsiah,bo an ne lan tua tsiah tsiah,0.14285714285714285,7,6,1,0,0,zh,1,ok
1995,indextts,disgusted,001995_indextts_disgusted.wav,/srv/RL_project/repo/outputs/wav_by_model/indextts/001995_indextts_disgusted.wav,lan beh kio siann mih tshai,lan2 beh4 kioh4 siann2 mih4 tshai3,lan beh kio siann mih tshai,lan beh kioh siann mih tshai,0.16666666666666666,6,5,1,0,0,zh,1,ok
1996,indextts,surprised,001996_indextts_surprised.wav,/srv/RL_project/repo/outputs/wav_by_model/indextts/001996_indextts_surprised.wav,li ka gua kio ho bo tshai tuann gua khuann bo,li2 ka7 gua2 kio3 ho2 bo5 tshai3 tuann1 gua2 khuann3 bo5,li ka gua kio ho bo tshai tuann gua khuann bo,li ka gua kio ho bo tshai tuann gua khuann bo,0.0,11,11,0,0,0,zh,1,ok
1997,indextts,surprised,001997_indextts_surprised.wav,/srv/RL_project/repo/outputs/wav_by_model/indextts/001997_indextts_surprised.wav,thau ke gua ai thng tshoo pai kut,thau5 ke1 gua2 ai3 thng5 tshoo2 pai5 kut4,thau ke gua ai thng tshoo pai kut,thau ke gua ai thng tshoo pai kut,0.0,8,8,0,0,0,zh,1,ok
1998,indextts,angry,001998_indextts_angry.wav,/srv/RL_project/repo/outputs/wav/001998_indextts_angry.wav,in tsia u ang sio hi bo,in1 tsiah4 i1 u7 tshi3 ang5 jian3 sioh4 i1 tsin3 hi5 jian3 bo5,in tsia u ang sio hi bo,in tsiah i u tshi ang jian sioh i tsin hi jian bo,1.1428571428571428,7,5,2,0,6,zh,1,ok
1999,indextts,surprised,001999_indextts_surprised.wav,/srv/RL_project/repo/outputs/wav_by_model/indextts/001999_indextts_surprised.wav,thau ke tsit bue ang sio hi tsit puann tsha tshing tshai,thau5 ke1 tsit8 bue2 ang5 sio1 hi5 tsit8 puann3 tsha2 tshing1 tshai3,thau ke tsit bue ang sio hi tsit puann tsha tshing tshai,thau ke tsit bue ang sio hi tsit puann tsha tshing tshai,0.0,12,12,0,0,0,zh,1,ok
2000,indextts,sad,002000_indextts_sad.wav,/srv/RL_project/repo/outputs/wav/002000_indextts_sad.wav,sann bun tsiong it,sann1 ji7 bun5 tsian3 tsiong3 it4 it4 si3,sann bun tsiong it,sann ji bun tsian tsiong it it si,1.0,4,4,0,0,4,zh,1,ok
2001,indextts,disgusted,002001_indextts_disgusted.wav,/srv/RL_project/repo/outputs/wav_by_model/indextts/002001_indextts_disgusted.wav,tshit gueh si a e sim tsing,tshit4 gueh8 si5 a2 e5 sim1 tsing5,tshit gueh si a e sim tsing,tshit gueh si a e sim tsing,0.0,7,7,0,0,0,zh,1,ok
2002,indextts,happy,002002_indextts_happy.wav,/srv/RL_project/repo/outputs/wav_by_model/indextts/002002_indextts_happy.wav,bu sit tian hian kam un e tsing i,bu7 sit8 tian2 hian7 kam2 pun1 e5 tsing5 gi7,bu sit tian hian kam un e tsing i,bu sit tian hian kam pun e tsing gi,0.2222222222222222,9,7,2,0,0,zh,1,ok
2003,indextts,surprised,002003_indextts_surprised.wav,/srv/RL_project/repo/outputs/wav_by_model/indextts/002003_indextts_surprised.wav,gun i tai uan e tsu the sing su kho,gun2 i2 tai5 uan5 e5 tsu2 the2 sing3 su1 kho2,gun i tai uan e tsu the sing su kho,gun i tai uan e tsu the sing su kho,0.0,10,10,0,0,0,zh,1,ok
2004,indextts,neutral,002004_indextts_neutral.wav,/srv/RL_project/repo/outputs/wav_by_model/indextts/002004_indextts_neutral.wav,si ui siann mih beh pai pai,si7 ui7 siann2 mih8 beh4 pai3 pai3,si ui siann mih beh pai pai,si ui siann mih beh pai pai,0.0,7,7,0,0,0,zh,1,ok
2005,indextts,angry,002005_indextts_angry.wav,/srv/RL_project/repo/outputs/wav_by_model/indextts/002005_indextts_angry.wav,ke siok tshiau tshue tsoo sian e kha jiah,ke3 siok8 tshiau1 tshue7 tsoo2 sian1 e5 kha1 liah8,ke siok tshiau tshue tsoo sian e kha jiah,ke siok tshiau tshue tsoo sian e kha liah,0.1111111111111111,9,8,1,0,0,zh,1,ok
2006,indextts,surprised,002006_indextts_surprised.wav,/srv/RL_project/repo/outputs/wav_by_model/indextts/002006_indextts_surprised.wav,tshit gueh it ting m na ho hiann ti tsia e i bin lik su nia,tshit4 gueh8 it4 ting7 m7 na7 ho2 hiann1 ti7 tsia1 e5 i5 bin5 lik8 su2 nia5,tshit gueh it ting m na ho hiann ti tsia e i bin lik su nia,tshit gueh it ting m na ho hiann ti tsia e i bin lik su nia,0.0,16,16,0,0,0,zh,1,ok
2007,indextts,disgusted,002007_indextts_disgusted.wav,/srv/RL_project/repo/outputs/wav_by_model/indextts/002007_indextts_disgusted.wav,koh khah su iau tshim jip tsai iann siong tsa e tai uan lang kin te lik su,koh4 khah4 su1 iau3 tshin1 jit8 tsai1 iann2 siong7 tsa2 e5 tai5 uan5 lang5 king1 te2 lik8 su2,koh khah su iau tshim jip tsai iann siong tsa e tai uan lang kin te lik su,koh khah su iau tshin jit tsai iann siong tsa e tai uan lang king te lik su,0.16666666666666666,18,15,3,0,0,zh,1,ok
2008,indextts,happy,002008_indextts_happy.wav,/srv/RL_project/repo/outputs/wav_by_model/indextts/002008_indextts_happy.wav,penn poo tsok kah ko suann tsok tse pai kam un e sing keh,peh8 peh8 poo1 tsok8 kah4 koo1 sua1 tsok4 tse3 pai3 kah4 gun2 e5 sin3 ke3,penn poo tsok kah ko suann tsok tse pai kam un e sing keh,peh peh poo tsok kah koo sua tsok tse pai kah gun e sin ke,0.5714285714285714,14,7,7,0,1,zh,1,ok
2009,indextts,neutral,002009_indextts_neutral.wav,/srv/RL_project/repo/outputs/wav_by_model/indextts/002009_indextts_neutral.wav,ti tai uan tshit gueh si a si kui gueh,ti7 tai5 uan5 tshit4 gueh8 si5 a2 si7 kui2 gueh8,ti tai uan tshit gueh si a si kui gueh,ti tai uan tshit gueh si a si kui gueh,0.0,10,10,0,0,0,zh,1,ok
2010,indextts,angry,002010_indextts_angry.wav,/srv/RL_project/repo/outputs/wav/002010_indextts_angry.wav,u phoo too kah u lan phun hue e tsong kau gi sik,u7 tsi2 phoo2 au3 jian3 toh4 tsi2 kah4 si2 u7 jian3 lam5 jian3 phun2 u7 jian3 hue5 tsi2 e5 tsong1 gi7 jian3 kau1 san1 ji5 jian3 sik4 si2,u phoo too kah u lan phun hue e tsong kau gi sik,u tsi phoo au jian toh tsi kah si u jian lam jian phun u jian hue tsi e tsong gi jian kau san ji jian sik si,1.3846153846153846,13,10,3,0,15,zh,1,ok
2011,indextts,surprised,002011_indextts_surprised.wav,/srv/RL_project/repo/outputs/wav/002011_indextts_surprised.wav,bin kan tua poo hun pai mng khau,bin5 kian3 kan1 tua7 tsi2 tsian3 poo7 tshi2 tsian3 hun1 pai2 mng7 u7 tsing3 khau2 a2 funzi3 microfiber,bin kan tua poo hun pai mng khau,bin kian kan tua tsi tsian poo tshi tsian hun pai mng u tsing khau a funzi microfiber,1.25,8,8,0,0,10,zh,1,ok
2012,indextts,disgusted,002012_indextts_disgusted.wav,/srv/RL_project/repo/outputs/wav/002012_indextts_disgusted.wav,tsok tsia tan kim hua,tsok4 si2 jian7 tsia2 2 tan5 kin1 i1 tsian3 hua1,tsok tsia tan kim hua,tsok si jian tsia tan kin i tsian hua,1.0,5,4,1,0,4,zh,1,ok
2013,indextts,happy,002013_indextts_happy.wav,/srv/RL_project/repo/outputs/wav_by_model/indextts/002013_indextts_happy.wav,kong si an tah hia e tng suann kue tai uan sim kuann kiat kui uan e ho hiann ti,kong2 si7 an1 tah4 hia1 e7 tng5 suann1 kue3 tai5 uan5 sing1 kuann1 kiat4 kui1 uan5 e5 ho2 hiann1 ti7,kong si an tah hia e tng suann kue tai uan sim kuann kiat kui uan e ho hiann ti,kong si an tah hia e tng suann kue tai uan sing kuann kiat kui uan e ho hiann ti,0.05,20,19,1,0,0,zh,1,ok
2014,indextts,happy,002014_indextts_happy.wav,/srv/RL_project/repo/outputs/wav_by_model/indextts/002014_indextts_happy.wav,su sit siong ma si an tah phoo lo tai tsiong e sim,su7 sit8 siong7 ma7 si7 an1 tah4 phoo2 lo5 tai7 tsiong3 e5 sim1,su sit siong ma si an tah phoo lo tai tsiong e sim,su sit siong ma si an tah phoo lo tai tsiong e sim,0.0,13,13,0,0,0,zh,1,ok
2015,indextts,sad,002015_indextts_sad.wav,/srv/RL_project/repo/outputs/wav_by_model/indextts/002015_indextts_sad.wav,it puann jin ke kiu khia ke ping an,it4 puann1 jin5 ke1 kiu5 khia7 ke1 ping5 an1,it puann jin ke kiu khia ke ping an,it puann jin ke kiu khia ke ping an,0.0,9,9,0,0,0,zh,1,ok
2016,indextts,disgusted,002016_indextts_disgusted.wav,/srv/RL_project/repo/outputs/wav_by_model/indextts/002016_indextts_disgusted.wav,tshut lip sun li,tshut4 li2 sun7 li7,tshut lip sun li,tshut li sun li,0.25,4,3,1,0,0,zh,1,ok
2017,indextts,surprised,002017_indextts_surprised.wav,/srv/RL_project/repo/outputs/wav/002017_indextts_surprised.wav,kok hang kok giap ma long e tshuan lai pai pai kiu tsai li,kok4 si3 tsian3 hang5 jian3 koo3 si3 tsian3 gin7 ba2 mi3 e5 tshinn1 long2 e7 tshi1 tshuan2 gu5 lai5 pai3 tsian3 pai7 kiu5 tsai7 u7 jian3 liah8 li2 tsi1,kok hang kok giap ma long e tshuan lai pai pai kiu tsai li,kok si tsian hang jian koo si tsian gin ba mi e tshinn long e tshi tshuan gu lai pai tsian pai kiu tsai u jian liah li tsi,1.2857142857142858,14,11,3,0,15,zh,1,ok
2018,indextts,sad,002018_indextts_sad.wav,/srv/RL_project/repo/outputs/wav_by_model/indextts/002018_indextts_sad.wav,tsit khuan u sio hiunn u po pi e bun hua,tsit4 khuan2 u7 sio1 hiunn1 u7 po2 pi3 e5 bun5 hua1,tsit khuan u sio hiunn u po pi e bun hua,tsit khuan u sio hiunn u po pi e bun hua,0.0,11,11,0,0,0,zh,1,ok
2019,indextts,sad,002019_indextts_sad.wav,/srv/RL_project/repo/outputs/wav_by_model/indextts/002019_indextts_sad.wav,i king si tai uan tsin koo ting e hong siok ah,i2 king1 si7 tai5 uan5 tsin1 koo3 ting7 e5 hong1 siok8 ah4,i king si tai uan tsin koo ting e hong siok ah,i king si tai uan tsin koo ting e hong siok ah,0.0,12,12,0,0,0,zh,1,ok
2020,indextts,happy,002020_indextts_happy.wav,/srv/RL_project/repo/outputs/wav_by_model/indextts/002020_indextts_happy.wav,in ui tai uan i bin sia hue hia e than u tsiah e lang,in1 ui7 tai5 uan5 i5 bin5 sia7 hue7 hia1 e5 than3 u7 tsiah8 e5 lang5,in ui tai uan i bin sia hue hia e than u tsiah e lang,in ui tai uan i bin sia hue hia e than u tsiah e lang,0.0,15,15,0,0,0,zh,1,ok
2021,indextts,happy,002021_indextts_happy.wav,/srv/RL_project/repo/outputs/wav_by_model/indextts/002021_indextts_happy.wav,sian sim ka kue ong e lo han kha a,sian7 sin1 ka7 kue3 ong2 e5 loh8 han3 kha1 a2,sian sim ka kue ong e lo han kha a,sian sin ka kue ong e loh han kha a,0.2,10,8,2,0,0,zh,1,ok
2022,indextts,neutral,002022_indextts_neutral.wav,/srv/RL_project/repo/outputs/wav_by_model/indextts/002022_indextts_neutral.wav,tshai ti iu ing kong su,tshai7 ti7 iu2 ing3 kong1 su7,tshai ti iu ing kong su,tshai ti iu ing kong su,0.0,6,6,0,0,0,zh,1,ok
2023,indextts,sad,002023_indextts_sad.wav,/srv/RL_project/repo/outputs/wav_by_model/indextts/002023_indextts_sad.wav,tshit gueh puann pai pai si tai uan i bin sia hue e tian hing,tshit4 gueh8 puann3 pai3 pai3 si7 tai5 uan5 i5 bin5 sia7 hue7 e5 tian2 hing5,tshit gueh puann pai pai si tai uan i bin sia hue e tian hing,tshit gueh puann pai pai si tai uan i bin sia hue e tian hing,0.0,15,15,0,0,0,zh,1,ok
2024,indextts,disgusted,002024_indextts_disgusted.wav,/srv/RL_project/repo/outputs/wav_by_model/indextts/002024_indextts_disgusted.wav,ban ing kong bio tse pai,puan3 ing3 kong2 bio7 tse3 pai3,ban ing kong bio tse pai,puan ing kong bio tse pai,0.16666666666666666,6,5,1,0,0,zh,1,ok
2025,indextts,neutral,002025_indextts_neutral.wav,/srv/RL_project/repo/outputs/wav_by_model/indextts/002025_indextts_neutral.wav,lang kong hau koo e siok gan,lang5 kong2 hau3 koo3 e5 siok8 gan7,lang kong hau koo e siok gan,lang kong hau koo e siok gan,0.0,7,7,0,0,0,zh,1,ok
2026,indextts,sad,002026_indextts_sad.wav,/srv/RL_project/repo/outputs/wav_by_model/indextts/002026_indextts_sad.wav,si leh hau pai koo hun ka phoo too,si7 leh4 hau7 pai7 koo1 hun5 ka7 phoo2 too7,si leh hau pai koo hun ka phoo too,si leh hau pai koo hun ka phoo too,0.0,9,9,0,0,0,zh,1,ok
2027,indextts,neutral,002027_indextts_neutral.wav,/srv/RL_project/repo/outputs/wav_by_model/indextts/002027_indextts_neutral.wav,gua senn ti tsian au ang enn a tiau,gua2 senn1 ti7 tsian3 au7 ang5 enn1 a2 tiau5,gua senn ti tsian au ang enn a tiau,gua senn ti tsian au ang enn a tiau,0.0,9,9,0,0,0,zh,1,ok
2028,indextts,surprised,002028_indextts_surprised.wav,/srv/RL_project/repo/outputs/wav_by_model/indextts/002028_indextts_surprised.wav,ti gua e sing tiong kue ting tiong,ti7 gua2 e5 sin1 tiong2 kue3 ting1 tiong1,ti gua e sing tiong kue ting tiong,ti gua e sin tiong kue ting tiong,0.125,8,7,1,0,0,zh,1,ok
2029,indextts,happy,002029_indextts_happy.wav,/srv/RL_project/repo/outputs/wav/002029_indextts_happy.wav,tshit gueh puann pai pai it tit long si gua huai siunn tshin lang e lit tsi,tshit4 tsit4 lian3 gueh8 pa1 lian3 puann1 san1 pai3 lian3 pai3 it4 si3 lian3 ti7 ba5 long2 si7 tshi2 gua2 huai5 lian2 siunn1 tshi2 tshin1 i5 lian2 lang5 e5 lip8 ba5 lian2 tsi2 oh8,tshit gueh puann pai pai it tit long si gua huai siunn tshin lang e lit tsi,tshit tsit lian gueh pa lian puann san pai lian pai it si lian ti ba long si tshi gua huai lian siunn tshi tshin i lian lang e lip ba lian tsi oh,1.1176470588235294,17,15,2,0,17,zh,1,ok
2030,indextts,neutral,002030_indextts_neutral.wav,/srv/RL_project/repo/outputs/wav_by_model/indextts/002030_indextts_neutral.wav,pe bu sin khoo tshiann gun peh e hiann ti tsi mue sing uah,pe7 bu2 sin1 khoo2 tshiann2 gun2 pe2 hiann1 ti7 tsi2 mue7 sing1 uah8,pe bu sin khoo tshiann gun peh e hiann ti tsi mue sing uah,pe bu sin khoo tshiann gun pe hiann ti tsi mue sing uah,0.14285714285714285,14,12,1,1,0,zh,1,ok
2031,indextts,angry,002031_indextts_angry.wav,/srv/RL_project/repo/outputs/wav/002031_indextts_angry.wav,tu ho long giap si tai tsuan uann kang giap si tai e kue ting,tu5 jian5 ho7 long5 jian2 giap8 pa2 si5 jian3 tai7 tsi1 tsun2 al3 jian3 uann2 tsit4 kang1 giap8 pa2 si5 jian3 tai7 tsi1 e5 kue3 tsian3 ting5,tu ho long giap si tai tsuan uann kang giap si tai e kue ting,tu jian ho long jian giap pa si jian tai tsi tsun al jian uann tsit kang giap pa si jian tai tsi e kue tsian ting,0.8666666666666667,15,14,1,0,12,zh,1,ok
2032,indextts,sad,002032_indextts_sad.wav,/srv/RL_project/repo/outputs/wav_by_model/indextts/002032_indextts_sad.wav,hiann tse tshut gua thak tsheh kah than tsinn,hiann1 tse2 tshut4 gua7 thak8 tsheh4 kah4 than3 tsinn5,hiann tse tshut gua thak tsheh kah than tsinn,hiann tse tshut gua thak tsheh kah than tsinn,0.0,9,9,0,0,0,zh,1,ok
2033,indextts,sad,002033_indextts_sad.wav,/srv/RL_project/repo/outputs/wav_by_model/indextts/002033_indextts_sad.wav,long tan kau tua tseh lit tsiah u thang tng lai,long2 tan3 kau3 tua7 tse7 li2 tsiah4 u7 thang1 tng2 lai5,long tan kau tua tseh lit tsiah u thang tng lai,long tan kau tua tse li tsiah u thang tng lai,0.18181818181818182,11,9,2,0,0,zh,1,ok
2034,indextts,neutral,002034_indextts_neutral.wav,/srv/RL_project/repo/outputs/wav_by_model/indextts/002034_indextts_neutral.wav,u han bun hua tsham lam,u7 han3 bun5 hua3 tsham1 lam1,u han bun hua tsham lam,u han bun hua tsham lam,0.0,6,6,0,0,0,zh,1,ok
2035,indextts,fearful,002035_indextts_fearful.wav,/srv/RL_project/repo/outputs/wav/002035_indextts_fearful.wav,hit tsun e khuan king tsin bai,hit4 si5 tsian3 tsun5 tsi2 e7 khuann3 gu2 tsian3 king2 tsin1 gi5 bai2,hit tsun e khuan king tsin bai,hit si tsian tsun tsi e khuann gu tsian king tsin gi bai,1.0,7,6,1,0,6,zh,1,ok
2036,indextts,happy,002036_indextts_happy.wav,/srv/RL_project/repo/outputs/wav_by_model/indextts/002036_indextts_happy.wav,tioh ai ku ku ah tsiah u tsit nia sin sann thang tshing,tioh8 ai3 ku2 ku2 a2 tsiah4 u7 tsit8 nia2 sin1 sann1 thang1 tshing1,tioh ai ku ku ah tsiah u tsit nia sin sann thang tshing,tioh ai ku ku a tsiah u tsit nia sin sann thang tshing,0.07692307692307693,13,12,1,0,0,zh,1,ok
2037,indextts,disgusted,002037_indextts_disgusted.wav,/srv/RL_project/repo/outputs/wav_by_model/indextts/002037_indextts_disgusted.wav,e ki tit a bu ka gua kah sio ti tshuan e sin sann,e7 ki3 tit4 a1 bu2 ka7 gua2 kah4 sio2 ti1 tshuan5 e5 sin1 sann1,e ki tit a bu ka gua kah sio ti tshuan e sin sann,e ki tit a bu ka gua kah sio ti tshuan e sin sann,0.0,14,14,0,0,0,zh,1,ok
2038,indextts,neutral,002038_indextts_neutral.wav,/srv/RL_project/repo/outputs/wav_by_model/indextts/002038_indextts_neutral.wav,long e ka guan tsham siong kong ai tan kau tshit gueh puann e si,long2 e7 ka7 guan2 tsham1 siong5 kong2 ai3 tan2 kau3 tshit4 gueh8 puann3 e5 si5,long e ka guan tsham siong kong ai tan kau tshit gueh puann e si,long e ka guan tsham siong kong ai tan kau tshit gueh puann e si,0.0,15,15,0,0,0,zh,1,ok
2039,indextts,happy,002039_indextts_happy.wav,/srv/RL_project/repo/outputs/wav_by_model/indextts/002039_indextts_happy.wav,gun tshut gua e hiann tse pang ka tng lai,gun2 tshu3 kua1 e5 hiann1 tse2 pang3 ka2 tng2 lai5,gun tshut gua e hiann tse pang ka tng lai,gun tshu kua e hiann tse pang ka tng lai,0.2,10,8,2,0,0,zh,1,ok
2040,indextts,neutral,002040_indextts_neutral.wav,/srv/RL_project/repo/outputs/wav_by_model/indextts/002040_indextts_neutral.wav,tsiah theh tshut lai tshing hoo in khuann,tsiah4 theh8 tshut4 lai5 tshing7 hoo7 in1 khuann3,tsiah theh tshut lai tshing hoo in khuann,tsiah theh tshut lai tshing hoo in khuann,0.0,8,8,0,0,0,zh,1,ok
2041,indextts,angry,002041_indextts_angry.wav,/srv/RL_project/repo/outputs/wav_by_model/indextts/002041_indextts_angry.wav,a bu koh ka guan kah sio ti ai ka lai bin piann hoo tshing khi,a1 bu2 koh4 kah4 gun2 kah4 sio2 ti7 ai3 kha1 lai7 bin7 piann3 hoo7 tshing1 khi3,a bu koh ka guan kah sio ti ai ka lai bin piann hoo tshing khi,a bu koh kah gun kah sio ti ai kha lai bin piann hoo tshing khi,0.1875,16,13,3,0,0,zh,1,ok
2042,indextts,neutral,002042_indextts_neutral.wav,/srv/RL_project/repo/outputs/wav_by_model/indextts/002042_indextts_neutral.wav,huan ging hiann tse tng lai,huan1 ing7 hiann2 tse2 tng2 lai5,huan ging hiann tse tng lai,huan ing hiann tse tng lai,0.16666666666666666,6,5,1,0,0,zh,1,ok
2043,indextts,surprised,002043_indextts_surprised.wav,/srv/RL_project/repo/outputs/wav_by_model/indextts/002043_indextts_surprised.wav,gun a bu sit tsai tsiok khiau,gun2 a1 bu2 sit8 tsai7 tsiok4 khiau2,gun a bu sit tsai tsiok khiau,gun a bu sit tsai tsiok khiau,0.0,7,7,0,0,0,zh,1,ok
2044,indextts,surprised,002044_indextts_surprised.wav,/srv/RL_project/repo/outputs/wav_by_model/indextts/002044_indextts_surprised.wav,m na hoo gun oh tso khang khue,m7 na7 hoo7 gun2 oh8 tso3 khang1 khue3,m na hoo gun oh tso khang khue,m na hoo gun oh tso khang khue,0.0,8,8,0,0,0,zh,1,ok
2045,indextts,angry,002045_indextts_angry.wav,/srv/RL_project/repo/outputs/wav/002045_indextts_angry.wav,m koh ti i bin tsin tsing e thoo tu tai uan lang,ng5 tshi7 jian2 koh4 si3 ti7 tsi2 gi7 jian3 bin5 tsing2 san1 jian3 tsing5 u7 e5 thoo2 au2 jian7 tu2 tai5 jian3 uan5 jian3 lang5,m koh ti i bin tsin tsing e thoo tu tai uan lang,ng tshi jian koh si ti tsi gi jian bin tsing san jian tsing u e thoo au jian tu tai jian uan jian lang,1.1538461538461537,13,10,3,0,12,zh,1,ok
2046,indextts,sad,002046_indextts_sad.wav,/srv/RL_project/repo/outputs/wav_by_model/indextts/002046_indextts_sad.wav,koh hoo gun hak sip tshin tsiann sann liam kah tsun tiong hiann tse e kau iok,koh4 hoo7 gun2 hak8 sip8 tshin1 tsiann5 sann1 liam5 kah4 tsun1 tiong7 hiann1 tse3 e5 kau3 iok8,koh hoo gun hak sip tshin tsiann sann liam kah tsun tiong hiann tse e kau iok,koh hoo gun hak sip tshin tsiann sann liam kah tsun tiong hiann tse e kau iok,0.0,17,17,0,0,0,zh,1,ok
2047,indextts,angry,002047_indextts_angry.wav,/srv/RL_project/repo/outputs/wav_by_model/indextts/002047_indextts_angry.wav,ma tshong tso gun tinn bit e tan thai,ma7 tshong3 tso7 gun2 tinn1 bit8 e5 tan2 thai1,ma tshong tso gun tinn bit e tan thai,ma tshong tso gun tinn bit e tan thai,0.0,9,9,0,0,0,zh,1,ok
2048,indextts,angry,002048_indextts_angry.wav,/srv/RL_project/repo/outputs/wav/002048_indextts_angry.wav,si lam to gi tsok e penn poo tsok kah ko suann tsok,si3 tshi3 lam5 u7 jian5 to7 jian5 gi7 jian5 tsok8 pa1 e7 pe2 u7 jian5 poo7 i1 jian5 tsok8 pa1 kah4 si3 ko3 jian5 sua1 i1 jian5 tsok8 pa1,si lam to gi tsok e penn poo tsok kah ko suann tsok,si tshi lam u jian to jian gi jian tsok pa e pe u jian poo i jian tsok pa kah si ko jian sua i jian tsok pa,1.3846153846153846,13,11,2,0,16,zh,1,ok
2049,indextts,happy,002049_indextts_happy.wav,/srv/RL_project/repo/outputs/wav_by_model/indextts/002049_indextts_happy.wav,tsok jin huan ling sin iong king siong ko tsan e tsoo ling alid,tsok8 jin5 huan3 lin5 sin3 iong2 king3 siong7 ko1 tsan5 e5 tsoo2 ling5 a1 li2 ti1,tsok jin huan ling sin iong king siong ko tsan e tsoo ling alid,tsok jin huan lin sin iong king siong ko tsan e tsoo ling a li ti,0.2857142857142857,14,12,2,0,2,zh,1,ok
2050,indextts,disgusted,002050_indextts_disgusted.wav,/srv/RL_project/repo/outputs/wav_by_model/indextts/002050_indextts_disgusted.wav,u su hoo bun hua,u7 su7 ho2 bun5 hua3,u su hoo bun hua,u su ho bun hua,0.2,5,4,1,0,0,zh,1,ok
2051,indextts,happy,002051_indextts_happy.wav,/srv/RL_project/repo/outputs/wav_by_model/indextts/002051_indextts_happy.wav,kah pai tsioh thau kong khe thau hiann thoo gu hiann,kah4 pai3 tsioh8 thau5 kong2 khe1 thau5 hiann1 thoo5 u7 hiann1,kah pai tsioh thau kong khe thau hiann thoo gu hiann,kah pai tsioh thau kong khe thau hiann thoo u hiann,0.09090909090909091,11,10,1,0,0,zh,1,ok
2052,indextts,happy,002052_indextts_happy.wav,/srv/RL_project/repo/outputs/wav_by_model/indextts/002052_indextts_happy.wav,su bun tsiong ji,su3 buan2 bun5 tsiong1 li7,su bun tsiong ji,su buan bun tsiong li,0.5,4,3,1,0,1,zh,1,ok
2053,indextts,neutral,002053_indextts_neutral.wav,/srv/RL_project/repo/outputs/wav/002053_indextts_neutral.wav,kau tann gua ua kin hue kah ni hue ah,khau1 san1 lian3 tann1 i5 gua2 gua2 lian3 kin2 tshi5 hue1 lian3 kah4 si3 ni5 lian3 hue3 lian3 na7 si2,kau tann gua ua kin hue kah ni hue ah,khau san lian tann i gua gua lian kin tshi hue lian kah si ni lian hue lian na si,1.3,10,7,3,0,10,zh,1,ok
2054,indextts,surprised,002054_indextts_surprised.wav,/srv/RL_project/repo/outputs/wav_by_model/indextts/002054_indextts_surprised.wav,si in ui su liam pe bu,si7 in1 ui7 su1 liam7 pe7 bu2,si in ui su liam pe bu,si in ui su liam pe bu,0.0,7,7,0,0,0,zh,1,ok
2055,indextts,angry,002055_indextts_angry.wav,/srv/RL_project/repo/outputs/wav_by_model/indextts/002055_indextts_angry.wav,sui jian gua bo tik piat e tsong kau,sui1 jian5 gua2 bo5 tik4 piat8 e5 tsong2 kau2,sui jian gua bo tik piat e tsong kau,sui jian gua bo tik piat e tsong kau,0.0,9,9,0,0,0,zh,1,ok
2056,indextts,neutral,002056_indextts_neutral.wav,/srv/RL_project/repo/outputs/wav_by_model/indextts/002056_indextts_neutral.wav,iu guan ti tshuan pai pai leh hiang siu tshit gueh si a tshin tsiann am am liu tong e kam kak,iu1 guan5 ti7 tshuan5 pai3 pai3 leh4 hiang2 siu7 tshit4 gueh8 si5 a2 tshin1 tsiann5 am3 am3 liu5 tong7 e5 kam2 kak4,iu guan ti tshuan pai pai leh hiang siu tshit gueh si a tshin tsiann am am liu tong e kam kak,iu guan ti tshuan pai pai leh hiang siu tshit gueh si a tshin tsiann am am liu tong e kam kak,0.0,22,22,0,0,0,zh,1,ok
2057,indextts,surprised,002057_indextts_surprised.wav,/srv/RL_project/repo/outputs/wav_by_model/indextts/002057_indextts_surprised.wav,si kan kue tioh tsin kin,si5 kan1 kue3 tioh8 tsin1 kin2,si kan kue tioh tsin kin,si kan kue tioh tsin kin,0.0,6,6,0,0,0,zh,1,ok
2058,indextts,fearful,002058_indextts_fearful.wav,/srv/RL_project/repo/outputs/wav_by_model/indextts/002058_indextts_fearful.wav,siunn khi gua se han e si,siunn7 ki2 gua2 se3 han3 e5 si5,siunn khi gua se han e si,siunn ki gua se han e si,0.14285714285714285,7,6,1,0,0,zh,1,ok
2059,indextts,disgusted,002059_indextts_disgusted.wav,/srv/RL_project/repo/outputs/wav/002059_indextts_disgusted.wav,kah hiann ti tsi mue ti pe bu sin pinn tau sio kim tsua e jit tsi,kah4 si3 siau3 si5 ia2 i1 tsian3 ti1 tsi1 jian3 tsi2 r tsian3 mue7 tsi1 ti1 tsi2 pi2 i1 tsian3 bu2 sing5 jian3 pi1 i1 tau5 san1 s1 e5 i1 ba5 tsian3 tsi2 r,kah hiann ti tsi mue ti pe bu sin pinn tau sio kim tsua e jit tsi,kah si siau si ia i tsian ti tsi jian tsi r tsian mue tsi ti tsi pi i tsian bu sing jian pi i tau san s e i ba tsian tsi r,1.5294117647058822,17,8,9,0,17,zh,1,ok
2060,indextts,angry,002060_indextts_angry.wav,/srv/RL_project/repo/outputs/wav/002060_indextts_angry.wav,kau gua huann ke e si,kau1 san1 ua2 hua5 tsi2 tsian3 ki3 si5,kau gua huann ke e si,kau san ua hua tsi tsian ki si,1.0,6,2,4,0,2,zh,1,ok
2061,indextts,angry,002061_indextts_angry.wav,/srv/RL_project/repo/outputs/wav_by_model/indextts/002061_indextts_angry.wav,gua ma tsiau pe bu soo thuan e hong sik,gua2 ma7 tsiau3 pe7 bu2 soo2 thuan5 e5 hong1 sik4,gua ma tsiau pe bu soo thuan e hong sik,gua ma tsiau pe bu soo thuan e hong sik,0.0,10,10,0,0,0,zh,1,ok
2062,indextts,happy,002062_indextts_happy.wav,/srv/RL_project/repo/outputs/wav_by_model/indextts/002062_indextts_happy.wav,tak ni tshit gueh puann tshua gun sann e kiann,tak8 ni5 tshi7 gueh8 puann3 tshua7 gun2 sann1 e5 kiann2,tak ni tshit gueh puann tshua gun sann e kiann,tak ni tshi gueh puann tshua gun sann e kiann,0.1,10,9,1,0,0,zh,1,ok
2063,indextts,happy,002063_indextts_happy.wav,/srv/RL_project/repo/outputs/wav_by_model/indextts/002063_indextts_happy.wav,ti tsiau in pai pai e si tso hue khai kang,ti7 tsiau5 in1 pai3 pai3 e5 si5 tso3 hue2 khai1 kang2,ti tsiau in pai pai e si tso hue khai kang,ti tsiau in pai pai e si tso hue khai kang,0.0,11,11,0,0,0,zh,1,ok
2064,indextts,surprised,002064_indextts_surprised.wav,/srv/RL_project/repo/outputs/wav/002064_indextts_surprised.wav,iah e ki tit hit khuan un luan e ki thai,iah8 si3 e7 tshi3 jian7 ki3 jian3 ti3 si3 siau1 si5 it4 tshit4 tsian7 siau1 si5 uan5 o2 un1 jian3 luan2 e5 ki1 jian7 thai5 tsi1,iah e ki tit hit khuan un luan e ki thai,iah si e tshi jian ki jian ti si siau si it tshit tsian siau si uan o un jian luan e ki jian thai tsi,1.6363636363636365,11,8,3,0,15,zh,1,ok
2065,indextts,disgusted,002065_indextts_disgusted.wav,/srv/RL_project/repo/outputs/wav_by_model/indextts/002065_indextts_disgusted.wav,tann in tua han ah,tann1 in1 tua7 han3 ah4,tann in tua han ah,tann in tua han ah,0.0,5,5,0,0,0,zh,1,ok
2066,indextts,surprised,002066_indextts_surprised.wav,/srv/RL_project/repo/outputs/wav_by_model/indextts/002066_indextts_surprised.wav,guan tak ni long u tso hue tshuan pai pai kah tau sio kim tsua e hue ik,guan2 tak8 ni5 long2 u7 tso3 hue2 tshuan5 pai3 pai3 kah4 tau3 sio1 kim1 tsua2 e5 hue5 ik4,guan tak ni long u tso hue tshuan pai pai kah tau sio kim tsua e hue ik,guan tak ni long u tso hue tshuan pai pai kah tau sio kim tsua e hue ik,0.0,18,18,0,0,0,zh,1,ok
2067,indextts,surprised,002067_indextts_surprised.wav,/srv/RL_project/repo/outputs/wav_by_model/indextts/002067_indextts_surprised.wav,tai uan tshit gueh e thinn khi tiann tiann u kiong e khi liu pho tuann tso sing hong thai,tai5 uan5 tshit4 gueh8 e5 thinn1 khi3 tiann7 tiann7 u7 kiong5 e5 khi3 liu5 phoo1 tuann1 tso7 sing5 hong1 thai1,tai uan tshit gueh e thinn khi tiann tiann u kiong e khi liu pho tuann tso sing hong thai,tai uan tshit gueh e thinn khi tiann tiann u kiong e khi liu phoo tuann tso sing hong thai,0.05,20,19,1,0,0,zh,1,ok
2068,indextts,neutral,002068_indextts_neutral.wav,/srv/RL_project/repo/outputs/wav_by_model/indextts/002068_indextts_neutral.wav,tsit pai inn a hong thai tua lai tua hoo tik po,tsit4 pai2 inn2 a2 hong1 thai1 tua7 lai5 tua7 hoo7 tit4 bo5,tsit pai inn a hong thai tua lai tua hoo tik po,tsit pai inn a hong thai tua lai tua hoo tit bo,0.16666666666666666,12,10,2,0,0,zh,1,ok
2069,indextts,neutral,002069_indextts_neutral.wav,/srv/RL_project/repo/outputs/wav/002069_indextts_neutral.wav,tua hoo i king loh kui na kang ah,tua7 tsi2 jian3 hoo7 tsi2 i2 tsian3 kin7 loo2 ba2 kui1 jian3 a1 tshi1 kang1 jian3 jian3 a2 si2,tua hoo i king loh kui na kang ah,tua tsi jian hoo tsi i tsian kin loo ba kui jian a tshi kang jian jian a si,1.5555555555555556,9,5,4,0,10,zh,1,ok
2070,indextts,surprised,002070_indextts_surprised.wav,/srv/RL_project/repo/outputs/wav_by_model/indextts/002070_indextts_surprised.wav,tsiok tse soo tsai leh im tsui,tsiok4 tse7 soo2 tsai7 leh4 in2 tsui2,tsiok tse soo tsai leh im tsui,tsiok tse soo tsai leh in tsui,0.14285714285714285,7,6,1,0,0,zh,1,ok
2071,indextts,sad,002071_indextts_sad.wav,/srv/RL_project/repo/outputs/wav_by_model/indextts/002071_indextts_sad.wav,hak hau ki kuan long pang hong thai ka,hak8 hau7 ki1 kuan1 long2 pang3 hong1 thai1 ka2,hak hau ki kuan long pang hong thai ka,hak hau ki kuan long pang hong thai ka,0.0,9,9,0,0,0,zh,1,ok
2072,indextts,angry,002072_indextts_angry.wav,/srv/RL_project/repo/outputs/wav_by_model/indextts/002072_indextts_angry.wav,gua than hong thai hoo lang phang sio khua thing e si,gua2 than3 hong1 thai1 hoo7 lang3 phang7 siok4 huat4 thing5 e5 si5,gua than hong thai hoo lang phang sio khua thing e si,gua than hong thai hoo lang phang siok huat thing e si,0.16666666666666666,12,10,2,0,0,zh,1,ok
2073,indextts,sad,002073_indextts_sad.wav,/srv/RL_project/repo/outputs/wav_by_model/indextts/002073_indextts_sad.wav,kin tshuan pai,kin2 tshuan5 pai2,kin tshuan pai,kin tshuan pai,0.0,3,3,0,0,0,zh,1,ok
2074,indextts,neutral,002074_indextts_neutral.wav,/srv/RL_project/repo/outputs/wav_by_model/indextts/002074_indextts_neutral.wav,kin ni nng e tshut gua e tsa boo kiann long bo tng lai,kin1 ni5 nng7 e5 tshu3 gua7 e5 tsa1 boo2 kiann2 long2 bo5 tng2 lai5,kin ni nng e tshut gua e tsa boo kiann long bo tng lai,kin ni nng e tshu gua e tsa boo kiann long bo tng lai,0.07142857142857142,14,13,1,0,0,zh,1,ok
2075,indextts,surprised,002075_indextts_surprised.wav,/srv/RL_project/repo/outputs/wav_by_model/indextts/002075_indextts_surprised.wav,hue siong gua kah sio ti ti hia khok khok tan,hue1 siong2 gua2 kah4 sio2 ti7 ti7 hia1 khok8 khok8 tan2,hue siong gua kah sio ti ti hia khok khok tan,hue siong gua kah sio ti ti hia khok khok tan,0.0,11,11,0,0,0,zh,1,ok
2076,indextts,angry,002076_indextts_angry.wav,/srv/RL_project/repo/outputs/wav/002076_indextts_angry.wav,se kiann ma u ka ki e khia ke ah,sui2 tian2 khia5 liau2 mi7 ai1 tshi1 u7 tsit8 kha1 lian3 ki1 tshi1 e5 khia7 tshi2 tian2 e5 tsian3 e5 a2 si2,se kiann ma u ka ki e khia ke ah,sui tian khia liau mi ai tshi u tsit kha lian ki tshi e khia tshi tian e tsian e a si,1.8,10,4,6,0,12,zh,1,ok
2077,indextts,fearful,002077_indextts_fearful.wav,/srv/RL_project/repo/outputs/wav_by_model/indextts/002077_indextts_fearful.wav,kan ta tshun gun nng lau e leh pai nia,kan1 na1 tshun1 gun2 nng7 nauh4 e5 le2 pai3 nia5,kan ta tshun gun nng lau e leh pai nia,kan na tshun gun nng nauh e le pai nia,0.3,10,7,3,0,0,zh,1,ok
2078,indextts,happy,002078_indextts_happy.wav,/srv/RL_project/repo/outputs/wav_by_model/indextts/002078_indextts_happy.wav,gun iong kan tan e soo sing le puann kue tsi puann tua mi phau mi kuan thau kiam piann bih luh pai,un2 iong7 kan2 tan1 e5 sok4 sing1 le2 puann5 kue2 tsi2 puann5 tua7 mi7 phau3 mi7 kuan3 thau5 kiam5 piann2 bi2 liu2 pai3,gun iong kan tan e soo sing le puann kue tsi puann tua mi phau mi kuan thau kiam piann bih luh pai,un iong kan tan e sok sing le puann kue tsi puann tua mi phau mi kuan thau kiam piann bi liu pai,0.17391304347826086,23,19,4,0,0,zh,1,ok
2079,indextts,angry,002079_indextts_angry.wav,/srv/RL_project/repo/outputs/wav_by_model/indextts/002079_indextts_angry.wav,king i bo kiam,king1 gi7 bo5 kiam2,king i bo kiam,king gi bo kiam,0.25,4,3,1,0,0,zh,1,ok
2080,indextts,angry,002080_indextts_angry.wav,/srv/RL_project/repo/outputs/wav_by_model/indextts/002080_indextts_angry.wav,huai siong i jian,huai5 siong2 i5 lian5,huai siong i jian,huai siong i lian,0.25,4,3,1,0,0,zh,1,ok
2081,indextts,sad,002081_indextts_sad.wav,/srv/RL_project/repo/outputs/wav_by_model/indextts/002081_indextts_sad.wav,gua tsiau le hip tsit tiunn siong phinn tsue ki liam,gua2 tsiau3 leh4 hip4 tsit8 tiunn1 siong3 phinn3 tsue3 ki3 liam7,gua tsiau le hip tsit tiunn siong phinn tsue ki liam,gua tsiau leh hip tsit tiunn siong phinn tsue ki liam,0.09090909090909091,11,10,1,0,0,zh,1,ok
2082,indextts,disgusted,002082_indextts_disgusted.wav,/srv/RL_project/repo/outputs/wav_by_model/indextts/002082_indextts_disgusted.wav,siunn beh lau ha tshin tsing,siunn7 beh4 lau5 hap8 tshin1 tsing5,siunn beh lau ha tshin tsing,siunn beh lau hap tshin tsing,0.16666666666666666,6,5,1,0,0,zh,1,ok
2083,indextts,sad,002083_indextts_sad.wav,/srv/RL_project/repo/outputs/wav_by_model/indextts/002083_indextts_sad.wav,ti tshit gueh si a pai koo hun ia kui soo hing sing e kui gueh,ti7 tshit4 gueh8 si5 a2 pai3 goo7 hun1 iah4 kui2 soo2 hing5 sing5 e5 kui2 gueh8,ti tshit gueh si a pai koo hun ia kui soo hing sing e kui gueh,ti tshit gueh si a pai goo hun iah kui soo hing sing e kui gueh,0.125,16,14,2,0,0,zh,1,ok
2084,indextts,fearful,002084_indextts_fearful.wav,/srv/RL_project/repo/outputs/wav/002084_indextts_fearful.wav,ma u lang iong bok lian kiu bo e koo su lai suan to hau sun e hau tshin gueh,ma2 u7 tshi7 lang5 ing5 tshi5 bok8 pa1 tsian3 lian5 kiu3 bo2 e5 koo2 san1 tsap8 su7 tshi7 lai5 suan1 jian3 to2 tshi2 kong1 tshing3 u7 san1 jian3 sun2 tsi1 e5 hau7 san1 jian3 tshing1 gueh8 pa1,ma u lang iong bok lian kiu bo e koo su lai suan to hau sun e hau tshin gueh,ma u tshi lang ing tshi bok pa tsian lian kiu bo e koo san tsap su tshi lai suan jian to tshi kong tshing u san jian sun tsi e hau san jian tshing gueh pa,1.0,20,17,3,0,17,zh,1,ok
2085,indextts,disgusted,002085_indextts_disgusted.wav,/srv/RL_project/repo/outputs/wav_by_model/indextts/002085_indextts_disgusted.wav,long si tsok kun bun hua e sia hue kau iok,long2 si7 tsok8 kun5 bun5 hua3 e5 sia7 hue7 kau3 iok8,long si tsok kun bun hua e sia hue kau iok,long si tsok kun bun hua e sia hue kau iok,0.0,11,11,0,0,0,zh,1,ok
2086,indextts,fearful,002086_indextts_fearful.wav,/srv/RL_project/repo/outputs/wav/002086_indextts_fearful.wav,tan beh kinn tsin ku bo kinn bin e hiann tse,tan2 beh4 sui2 kinn1 san1 tsing5 it4 ku3 bo5 kinn1 san1 lian5 bin7 tsi2 e5 hiann1 i1 tsian3 tse7 R,tan beh kinn tsin ku bo kinn bin e hiann tse,tan beh sui kinn san tsing it ku bo kinn san lian bin tsi e hiann i tsian tse r,0.9090909090909091,11,10,1,0,9,zh,1,ok
2087,indextts,disgusted,002087_indextts_disgusted.wav,/srv/RL_project/repo/outputs/wav/002087_indextts_disgusted.wav,gua ti hu bio iunn siunn tsi ha,gua2 ti7 tsi2 siau3 si5 u7 tsi2 ian3 bio2 ai3 ing2 u7 tsian3 siunn1 tsi1 i2 tsian3 hak8 tshi7,gua ti hu bio iunn siunn tsi ha,gua ti tsi siau si u tsi ian bio ai ing u tsian siunn tsi i tsian hak tshi,1.75,8,5,3,0,11,zh,1,ok
2088,indextts,angry,002088_indextts_angry.wav,/srv/RL_project/repo/outputs/wav_by_model/indextts/002088_indextts_angry.wav,ping bo lo han kha a kah bok lian kiu bo e koo su,ping7 bo5 lo5 han3 kha1 a2 kah4 bok8 lian5 kiu3 bo2 e5 koo3 su7,ping bo lo han kha a kah bok lian kiu bo e koo su,ping bo lo han kha a kah bok lian kiu bo e koo su,0.0,14,14,0,0,0,zh,1,ok
2089,indextts,sad,002089_indextts_sad.wav,/srv/RL_project/repo/outputs/wav_by_model/indextts/002089_indextts_sad.wav,kan tann u gun tik piat e ka ting tsing i e khi bi kah kau kau e tshin tsing,kan1 tann1 u7 gun2 tik8 piat8 e5 ka1 ting1 tsing5 gi7 e5 khi3 bi7 kah4 kau7 kau7 e5 tshing1 tsing5,kan tann u gun tik piat e ka ting tsing i e khi bi kah kau kau e tshin tsing,kan tann u gun tik piat e ka ting tsing gi e khi bi kah kau kau e tshing tsing,0.1,20,18,2,0,0,zh,1,ok
2090,indextts,neutral,002090_indextts_neutral.wav,/srv/RL_project/repo/outputs/wav_by_model/indextts/002090_indextts_neutral.wav,m koh tsu gua tsai iann penn poo tsok liau au,m7 koh4 tsu7 gua2 tsai1 iann2 peh8 poo7 tso3 liau2 au7,m koh tsu gua tsai iann penn poo tsok liau au,m koh tsu gua tsai iann peh poo tso liau au,0.18181818181818182,11,9,2,0,0,zh,1,ok
2091,indextts,happy,002091_indextts_happy.wav,/srv/RL_project/repo/outputs/wav_by_model/indextts/002091_indextts_happy.wav,tshit gueh si a pai pai hoo gua siong pang be li e iah si hong khi biat e penn poo tsok kah tai uan tsoo ling alid,tshit4 gueh8 si5 a2 pai3 pai3 hoo7 gua2 siong7 pang3 be7 li7 e5 iah4 si7 hong1 khi3 biat8 e5 peh8 poo1 tsok8 kah4 tai5 uan5 tsoo2 lim5 ah4 lik8,tshit gueh si a pai pai hoo gua siong pang be li e iah si hong khi biat e penn poo tsok kah tai uan tsoo ling alid,tshit gueh si a pai pai hoo gua siong pang be li e iah si hong khi biat e peh poo tsok kah tai uan tsoo lim ah lik,0.14285714285714285,28,25,3,0,1,zh,1,ok
2092,indextts,disgusted,002092_indextts_disgusted.wav,/srv/RL_project/repo/outputs/wav_by_model/indextts/002092_indextts_disgusted.wav,gua put si leh siunn,gua2 put4 si7 leh4 siunn7,gua put si leh siunn,gua put si leh siunn,0.0,5,5,0,0,0,zh,1,ok
2093,indextts,happy,002093_indextts_happy.wav,/srv/RL_project/repo/outputs/wav_by_model/indextts/002093_indextts_happy.wav,kam kan tann ti penn poo ia tse tsiah e tang tshiau tshue tioh hit sut a penn poo tai uan lang e kin ki,kam2 kan1 tann1 ti7 penn5 poo1 ia7 tse7 tsiah4 e7 tang3 tshiau1 tshue7 tioh8 hit4 sut4 a2 penn5 poo1 tai5 uan5 lang5 e5 king1 ki3,kam kan tann ti penn poo ia tse tsiah e tang tshiau tshue tioh hit sut a penn poo tai uan lang e kin ki,kam kan tann ti penn poo ia tse tsiah e tang tshiau tshue tioh hit sut a penn poo tai uan lang e king ki,0.04,25,24,1,0,0,zh,1,ok
2094,indextts,sad,002094_indextts_sad.wav,/srv/RL_project/repo/outputs/wav_by_model/indextts/002094_indextts_sad.wav,gua su iau u li sing e kok ka lin tong,gua2 su1 iau3 u7 li2 sin3 e5 kok4 ka1 lin7 tong5,gua su iau u li sing e kok ka lin tong,gua su iau u li sin e kok ka lin tong,0.09090909090909091,11,10,1,0,0,zh,1,ok
2095,indextts,neutral,002095_indextts_neutral.wav,/srv/RL_project/repo/outputs/wav/002095_indextts_neutral.wav,penn poo tai uan lang tsiah u khah tua e un sim,penn5 u7 jian3 poo1 i1 tai7 jian7 uan5 jian3 lang5 tsiah4 si3 u7 tshi7 tsian1 kong1 tshing3 ho2 tshui3 tua7 tsi1 e5 un2 jian2 sim1 i1,penn poo tai uan lang tsiah u khah tua e un sim,penn u jian poo i tai jian uan jian lang tsiah si u tshi tsian kong tshing ho tshui tua tsi e un jian sim i,1.25,12,11,1,0,14,zh,1,ok
2096,indextts,neutral,002096_indextts_neutral.wav,/srv/RL_project/repo/outputs/wav_by_model/indextts/002096_indextts_neutral.wav,kah tan beh tshing hit nia sin sann e sim tsing,ka7 tan2 beh4 tshing7 hit4 nia2 sing1 sann1 e5 sim1 tsing5,kah tan beh tshing hit nia sin sann e sim tsing,ka tan beh tshing hit nia sing sann e sim tsing,0.18181818181818182,11,9,2,0,0,zh,1,ok
2097,indextts,sad,002097_indextts_sad.wav,/srv/RL_project/repo/outputs/wav_by_model/indextts/002097_indextts_sad.wav,tann khuan king hu ju ah,tann1 khuan5 king2 hu3 ju7 a2,tann khuan king hu ju ah,tann khuan king hu ju a,0.16666666666666666,6,5,1,0,0,zh,1,ok
2098,indextts,angry,002098_indextts_angry.wav,/srv/RL_project/repo/outputs/wav_by_model/indextts/002098_indextts_angry.wav,tshing sin sann i king bo siann hi han,tshing3 sin1 sann1 i2 king1 bo5 sia2 hi1 han2,tshing sin sann i king bo siann hi han,tshing sin sann i king bo sia hi han,0.1111111111111111,9,8,1,0,0,zh,1,ok
2099,indextts,disgusted,002099_indextts_disgusted.wav,/srv/RL_project/repo/outputs/wav_by_model/indextts/002099_indextts_disgusted.wav,gua e pe bu ma bo ti leh ah,gua2 e5 pe7 bu2 ma7 bo5 ti7 leh4 ah4,gua e pe bu ma bo ti leh ah,gua e pe bu ma bo ti leh ah,0.0,9,9,0,0,0,zh,1,ok
2100,indextts,neutral,002100_indextts_neutral.wav,/srv/RL_project/repo/outputs/wav/002100_indextts_neutral.wav,m koh tak ni gua long iah leh pai,m7 tshi5 jian5 koh4 si3 tah8 bah4 tse3 ni5 gua2 long2 ia2 si3 leh4 si3 pai3,m koh tak ni gua long iah leh pai,m tshi jian koh si tah bah tse ni gua long ia si leh si pai,1.0,9,7,2,0,7,zh,1,ok
2101,indextts,sad,002101_indextts_sad.wav,/srv/RL_project/repo/outputs/wav_by_model/indextts/002101_indextts_sad.wav,goo bun tsiong sann,goo7 bun5 tsiong1 sann1,goo bun tsiong sann,goo bun tsiong sann,0.0,4,4,0,0,0,zh,1,ok
2102,indextts,happy,002102_indextts_happy.wav,/srv/RL_project/repo/outputs/wav_by_model/indextts/002102_indextts_happy.wav,luan tsing a,luan7 tsing1 a2,luan tsing a,luan tsing a,0.0,3,3,0,0,0,zh,1,ok
2103,indextts,fearful,002103_indextts_fearful.wav,/srv/RL_project/repo/outputs/wav_by_model/indextts/002103_indextts_fearful.wav,tso to su m si bo king giam,tso3 to7 su1 m7 si7 bo5 king1 giam7,tso to su m si bo king giam,tso to su m si bo king giam,0.0,8,8,0,0,0,zh,1,ok
2104,indextts,angry,002104_indextts_angry.wav,/srv/RL_project/repo/outputs/wav_by_model/indextts/002104_indextts_angry.wav,put ji ko,hut4 ji5 ko2,put ji ko,hut ji ko,0.3333333333333333,3,2,1,0,0,zh,1,ok
2105,indextts,neutral,002105_indextts_neutral.wav,/srv/RL_project/repo/outputs/wav_by_model/indextts/002105_indextts_neutral.wav,ka tsheh goo lak tang thau pai tng tioh lim bun tsing tsit khuan gin a,ka3 tsheh4 goo7 lak8 tang1 thau5 pai2 tng7 tioh8 lim5 bun5 tsing1 tsit4 khuan2 gin2 a2,ka tsheh goo lak tang thau pai tng tioh lim bun tsing tsit khuan gin a,ka tsheh goo lak tang thau pai tng tioh lim bun tsing tsit khuan gin a,0.0,16,16,0,0,0,zh,1,ok
2106,indextts,surprised,002106_indextts_surprised.wav,/srv/RL_project/repo/outputs/wav_by_model/indextts/002106_indextts_surprised.wav,tsit e si ni e tsa poo gin a,tsit4 e5 si3 ni5 e5 tsa1 poo1 gin2 a2,tsit e si ni e tsa poo gin a,tsit e si ni e tsa poo gin a,0.0,9,9,0,0,0,zh,1,ok
2107,indextts,neutral,002107_indextts_neutral.wav,/srv/RL_project/repo/outputs/wav_by_model/indextts/002107_indextts_neutral.wav,lang senn tso su bun su bun,lang5 senn1 tso3 su1 bun5 su1 bun5,lang senn tso su bun su bun,lang senn tso su bun su bun,0.0,7,7,0,0,0,zh,1,ok
2108,indextts,angry,002108_indextts_angry.wav,/srv/RL_project/repo/outputs/wav_by_model/indextts/002108_indextts_angry.wav,phinn bak tshui ling ling ling,phinn7 bah4 tshui3 ling5 ling5 ling5,phinn bak tshui ling ling ling,phinn bah tshui ling ling ling,0.16666666666666666,6,5,1,0,0,zh,1,ok
2109,indextts,disgusted,002109_indextts_disgusted.wav,/srv/RL_project/repo/outputs/wav_by_model/indextts/002109_indextts_disgusted.wav,kan na tsit poo bai,kan1 na1 tsit8 poo7 bai2,kan na tsit poo bai,kan na tsit poo bai,0.0,5,5,0,0,0,zh,1,ok
2110,indextts,neutral,002110_indextts_neutral.wav,/srv/RL_project/repo/outputs/wav_by_model/indextts/002110_indextts_neutral.wav,hinn a tau tsoo thiann khi,hi5 a2 tau3 tso3 thiann1 khi3,hinn a tau tsoo thiann khi,hi a tau tso thiann khi,0.3333333333333333,6,4,2,0,0,zh,1,ok
2111,indextts,angry,002111_indextts_angry.wav,/srv/RL_project/repo/outputs/wav_by_model/indextts/002111_indextts_angry.wav,tsit khuan senn tiunn e gin a,tsit4 khuan2 se1 tiunn1 e5 gin2 a2,tsit khuan senn tiunn e gin a,tsit khuan se tiunn e gin a,0.14285714285714285,7,6,1,0,0,zh,1,ok
2112,indextts,happy,002112_indextts_happy.wav,/srv/RL_project/repo/outputs/wav_by_model/indextts/002112_indextts_happy.wav,thau pai khuann tioh,thau5 pai2 khuann3 tioh8,thau pai khuann tioh,thau pai khuann tioh,0.0,4,4,0,0,0,zh,1,ok
2113,indextts,disgusted,002113_indextts_disgusted.wav,/srv/RL_project/repo/outputs/wav_by_model/indextts/002113_indextts_disgusted.wav,tsok tsia tan kim sun,tsok4 tsia2 tan5 king1 sun7,tsok tsia tan kim sun,tsok tsia tan king sun,0.2,5,4,1,0,0,zh,1,ok
2114,indextts,angry,002114_indextts_angry.wav,/srv/RL_project/repo/outputs/wav_by_model/indextts/002114_indextts_angry.wav,han leh u lang bo kah i,han7 ne1 u7 lang5 bo5 kah4 i3,han leh u lang bo kah i,han ne u lang bo kah i,0.14285714285714285,7,6,1,0,0,zh,1,ok
2115,indextts,disgusted,002115_indextts_disgusted.wav,/srv/RL_project/repo/outputs/wav/002115_indextts_disgusted.wav,sua loh lai m bian sann hun tsing,suah4 jian3 jian3 loh8 pa2 jian5 lai5 M7 jian2 bian2 sann1 i1 hun1 tsing1 i1,sua loh lai m bian sann hun tsing,suah jian jian loh pa jian lai m jian bian sann i hun tsing i,1.0,8,7,1,0,7,zh,1,ok
2116,indextts,surprised,002116_indextts_surprised.wav,/srv/RL_project/repo/outputs/wav_by_model/indextts/002116_indextts_surprised.wav,i sui hian tshut guan hing,i1 sui5 hian3 tshut4 guan5 hing5,i sui hian tshut guan hing,i sui hian tshut guan hing,0.0,6,6,0,0,0,zh,1,ok
2117,indextts,sad,002117_indextts_sad.wav,/srv/RL_project/repo/outputs/wav/002117_indextts_sad.wav,liam mi ka tsuan pan tsit puann khah ke e tsa boo gin a khiu thau tsang,liam5 u7 jian3 mi7 ka1 tsi1 tsuan5 u7 jian3 pan1 tsit8 ba7 jian3 puann5 sann1 tsian5 kong1 tshin3 jian7 ke1 e5 tsai1 gi2 jian3 boo7 oh8 kin2 jian3 a2 khiu5 o3 thau2 u7 jian3 tsang5 i1,liam mi ka tsuan pan tsit puann khah ke e tsa boo gin a khiu thau tsang,liam u jian mi ka tsi tsuan u jian pan tsit ba jian puann sann tsian kong tshin jian ke e tsai gi jian boo oh kin jian a khiu o thau u jian tsang i,1.2941176470588236,17,14,3,0,19,zh,1,ok
2118,indextts,neutral,002118_indextts_neutral.wav,/srv/RL_project/repo/outputs/wav_by_model/indextts/002118_indextts_neutral.wav,liam mi ka tsheh pun ia kah kui thoo kha,liam5 mi1 ka7 tsheh4 pun2 iah8 kah4 kui1 thoo5 kha1,liam mi ka tsheh pun ia kah kui thoo kha,liam mi ka tsheh pun iah kah kui thoo kha,0.1,10,9,1,0,0,zh,1,ok
2119,indextts,fearful,002119_indextts_fearful.wav,/srv/RL_project/repo/outputs/wav_by_model/indextts/002119_indextts_fearful.wav,kio i ka tong oh hue sit le,kio3 i1 ka7 tong5 oh8 hue7 sit4 le2,kio i ka tong oh hue sit le,kio i ka tong oh hue sit le,0.0,8,8,0,0,0,zh,1,ok
2120,indextts,sad,002120_indextts_sad.wav,/srv/RL_project/repo/outputs/wav_by_model/indextts/002120_indextts_sad.wav,i tsau hoo li jiok,i1 tsau2 hoo7 li2 lioh4,i tsau hoo li jiok,i tsau hoo li lioh,0.2,5,4,1,0,0,zh,1,ok
2121,indextts,disgusted,002121_indextts_disgusted.wav,/srv/RL_project/repo/outputs/wav_by_model/indextts/002121_indextts_disgusted.wav,hiam i ka tsheh khioh khi lai pai hoo tse tsing,hiam3 i1 ka7 tsheh4 khioh4 khi2 lai5 pai5 hoo7 tse7 tsing2,hiam i ka tsheh khioh khi lai pai hoo tse tsing,hiam i ka tsheh khioh khi lai pai hoo tse tsing,0.0,11,11,0,0,0,zh,1,ok
2122,indextts,happy,002122_indextts_happy.wav,/srv/RL_project/repo/outputs/wav_by_model/indextts/002122_indextts_happy.wav,i kui khi onn onn kio,i1 kui1 khi3 ong2 ong2 kio3,i kui khi onn onn kio,i kui khi ong ong kio,0.3333333333333333,6,4,2,0,0,zh,1,ok
2123,indextts,sad,002123_indextts_sad.wav,/srv/RL_project/repo/outputs/wav_by_model/indextts/002123_indextts_sad.wav,tshiunn he m tsiann siann tiau e kua hoo li thiann,tshiunn3 he1 m7 tsiann5 siann1 tio5 e5 kua1 hoo7 li2 thiann1,tshiunn he m tsiann siann tiau e kua hoo li thiann,tshiunn he m tsiann siann tio e kua hoo li thiann,0.09090909090909091,11,10,1,0,0,zh,1,ok
2124,indextts,disgusted,002124_indextts_disgusted.wav,/srv/RL_project/repo/outputs/wav_by_model/indextts/002124_indextts_disgusted.wav,liang liang liang,liang1 liang1 liang1,liang liang liang,liang liang liang,0.0,3,3,0,0,0,zh,1,ok
2125,indextts,surprised,002125_indextts_surprised.wav,/srv/RL_project/repo/outputs/wav_by_model/indextts/002125_indextts_surprised.wav,khai hak kui le pai,khai1 hak8 kui1 le2 pai3,khai hak kui le pai,khai hak kui le pai,0.0,5,5,0,0,0,zh,1,ok
2126,indextts,happy,002126_indextts_happy.wav,/srv/RL_project/repo/outputs/wav_by_model/indextts/002126_indextts_happy.wav,bun tsing tak jit to ti to puann tiam tsing khah ke,bun5 tsing1 tak8 lit8 to1 ti1 to3 puann3 tiam2 tsing1 khah4 ke1,bun tsing tak jit to ti to puann tiam tsing khah ke,bun tsing tak lit to ti to puann tiam tsing khah ke,0.08333333333333333,12,11,1,0,0,zh,1,ok
2127,indextts,neutral,002127_indextts_neutral.wav,/srv/RL_project/repo/outputs/wav_by_model/indextts/002127_indextts_neutral.wav,siok tsu ho tshui mng i guan in,siok4 tsu1 ho2 tshui3 mng7 i1 guan5 in1,siok tsu ho tshui mng i guan in,siok tsu ho tshui mng i guan in,0.0,8,8,0,0,0,zh,1,ok
2128,indextts,disgusted,002128_indextts_disgusted.wav,/srv/RL_project/repo/outputs/wav_by_model/indextts/002128_indextts_disgusted.wav,i e tua lui bak tsiu tiam tiam liah siok tsu khuann sann bio tsing,i1 e5 tua7 lui2 bak8 tsiu1 tiam7 tiam7 liah8 siok8 tsu1 khuann3 sann1 bio2 tsin1,i e tua lui bak tsiu tiam tiam liah siok tsu khuann sann bio tsing,i e tua lui bak tsiu tiam tiam liah siok tsu khuann sann bio tsin,0.06666666666666667,15,14,1,0,0,zh,1,ok
2129,indextts,happy,002129_indextts_happy.wav,/srv/RL_project/repo/outputs/wav_by_model/indextts/002129_indextts_happy.wav,sua loh phak tiam tsheh toh a ting ke khun,suah4 loh8 phah4 tiam3 tsheh4 toh4 a2 ting2 ke2 khun3,sua loh phak tiam tsheh toh a ting ke khun,suah loh phah tiam tsheh toh a ting ke khun,0.2,10,8,2,0,0,zh,1,ok
2130,indextts,happy,002130_indextts_happy.wav,/srv/RL_project/repo/outputs/wav_by_model/indextts/002130_indextts_happy.wav,m thang liah tsun i hinn khang u khah su,m7 thang1 liah8 tsun2 in1 hinn7 khang1 u7 khah4 su1,m thang liah tsun i hinn khang u khah su,m thang liah tsun in hinn khang u khah su,0.1,10,9,1,0,0,zh,1,ok
2131,indextts,happy,002131_indextts_happy.wav,/srv/RL_project/repo/outputs/wav_by_model/indextts/002131_indextts_happy.wav,pian na e poo si tiam,pian7 na7 e7 poo1 si3 tiam2,pian na e poo si tiam,pian na e poo si tiam,0.0,6,6,0,0,0,zh,1,ok
2132,indextts,fearful,002132_indextts_fearful.wav,/srv/RL_project/repo/outputs/wav_by_model/indextts/002132_indextts_fearful.wav,suann oh tsing a siann tan,suann3 oh8 tsing5 a2 sia2 tan5,suann oh tsing a siann tan,suann oh tsing a sia tan,0.16666666666666666,6,5,1,0,0,zh,1,ok
2133,indextts,sad,002133_indextts_sad.wav,/srv/RL_project/repo/outputs/wav_by_model/indextts/002133_indextts_sad.wav,tan bo sann siann,tan5 bo5 sann1 siann1,tan bo sann siann,tan bo sann siann,0.0,4,4,0,0,0,zh,1,ok
2134,indextts,fearful,002134_indextts_fearful.wav,/srv/RL_project/repo/outputs/wav_by_model/indextts/002134_indextts_fearful.wav,i bo kong bo tann sui tsau kah bo khuann lang iann,i1 bo5 kong2 bo5 tah8 sui5 tsau2 kah4 bo5 khuann3 lang5 iann2,i bo kong bo tann sui tsau kah bo khuann lang iann,i bo kong bo tah sui tsau kah bo khuann lang iann,0.08333333333333333,12,11,1,0,0,zh,1,ok
2135,indextts,sad,002135_indextts_sad.wav,/srv/RL_project/repo/outputs/wav_by_model/indextts/002135_indextts_sad.wav,luan tsing a tan sann siann,luan7 tsing1 a2 tan1 sann1 siann1,luan tsing a tan sann siann,luan tsing a tan sann siann,0.0,6,6,0,0,0,zh,1,ok
2136,indextts,happy,002136_indextts_happy.wav,/srv/RL_project/repo/outputs/wav_by_model/indextts/002136_indextts_happy.wav,siok tsu mng hak sing,sio2 tsu2 mng5 hak8 sing1,siok tsu mng hak sing,sio tsu mng hak sing,0.2,5,4,1,0,0,zh,1,ok
2137,indextts,disgusted,002137_indextts_disgusted.wav,/srv/RL_project/repo/outputs/wav_by_model/indextts/002137_indextts_disgusted.wav,kam u lang tsai iann bun tsing tshu li e tsing hing,kam2 u7 lang5 tsai1 iann2 bun5 tsin1 tshu3 li2 e5 tsing1 hing5,kam u lang tsai iann bun tsing tshu li e tsing hing,kam u lang tsai iann bun tsin tshu li e tsing hing,0.08333333333333333,12,11,1,0,0,zh,1,ok
2138,indextts,happy,002138_indextts_happy.wav,/srv/RL_project/repo/outputs/wav_by_model/indextts/002138_indextts_happy.wav,tit tioh tsit khuan hue ing,tit4 tioh8 tsit4 khuan2 hue1 ing3,tit tioh tsit khuan hue ing,tit tioh tsit khuan hue ing,0.0,6,6,0,0,0,zh,1,ok
2139,indextts,fearful,002139_indextts_fearful.wav,/srv/RL_project/repo/outputs/wav_by_model/indextts/002139_indextts_fearful.wav,lau su hit e luan tsing a siau siau,lau7 su1 hit4 e5 luan7 tsing5 a2 siau1 siau2,lau su hit e luan tsing a siau siau,lau su hit e luan tsing a siau siau,0.0,9,9,0,0,0,zh,1,ok
2140,indextts,fearful,002140_indextts_fearful.wav,/srv/RL_project/repo/outputs/wav_by_model/indextts/002140_indextts_fearful.wav,mai tshap i lah,mai3 tshai2 i1 lah4,mai tshap i lah,mai tshai i lah,0.25,4,3,1,0,0,zh,1,ok
2141,indextts,fearful,002141_indextts_fearful.wav,/srv/RL_project/repo/outputs/wav_by_model/indextts/002141_indextts_fearful.wav,beh an tsuann mai tshap i,beh4 an2 tsuann2 mai3 tshah4 pi7,beh an tsuann mai tshap i,beh an tsuann mai tshah pi,0.3333333333333333,6,4,2,0,0,zh,1,ok
2142,indextts,disgusted,002142_indextts_disgusted.wav,/srv/RL_project/repo/outputs/wav/002142_indextts_disgusted.wav,siok tsu am siunn,siok8 phu5 tsu7 uan1 am7 thui1 siunn1 seven,siok tsu am siunn,siok phu tsu uan am thui siunn seven,1.0,4,4,0,0,4,zh,1,ok
2143,indextts,happy,002143_indextts_happy.wav,/srv/RL_project/repo/outputs/wav_by_model/indextts/002143_indextts_happy.wav,lin tsia e gin a e tang mai tshap i,lin2 tsia1 e5 gin2 a2 e7 tang3 mai3 tshap4 i1,lin tsia e gin a e tang mai tshap i,lin tsia e gin a e tang mai tshap i,0.0,10,10,0,0,0,zh,1,ok
2144,indextts,happy,002144_indextts_happy.wav,/srv/RL_project/repo/outputs/wav/002144_indextts_happy.wav,gua tso lau su lang,gua2 tso3 san2 lau7 tshi1 tsian3 su1 lang5,gua tso lau su lang,gua tso san lau tshi tsian su lang,0.6,5,5,0,0,3,zh,1,ok
2145,indextts,neutral,002145_indextts_neutral.wav,/srv/RL_project/repo/outputs/wav/002145_indextts_neutral.wav,bo hit e khuan li mai tshap i,bo5 hit4 si3 e7 khuann3 u7 jian5 li2 li7 bin5 tshi7 mai3 tshap4 si3 jian3 gi7,bo hit e khuan li mai tshap i,bo hit si e khuann u jian li li bin tshi mai tshap si jian gi,1.25,8,6,2,0,8,zh,1,ok
2146,indextts,sad,002146_indextts_sad.wav,/srv/RL_project/repo/outputs/wav_by_model/indextts/002146_indextts_sad.wav,tshian bin e siok tsu kin me tshih tiau,tshian3 bin5 e5 siok4 tsu1 kin2 me2 tshi7 tiau7,tshian bin e siok tsu kin me tshih tiau,tshian bin e siok tsu kin me tshi tiau,0.1111111111111111,9,8,1,0,0,zh,1,ok
2147,indextts,happy,002147_indextts_happy.wav,/srv/RL_project/repo/outputs/wav/002147_indextts_happy.wav,siok tsu hian khui hak tsik tsu liau,siok8 si2 him1 tsu1 i1 hian1 jian3 khui1 gong7 khin3 khe1 pa1 tsing3 ki2 ba5 tsu1 i5 jian3 liau5 tsi1,siok tsu hian khui hak tsik tsu liau,siok si him tsu i hian jian khui gong khin khe pa tsing ki ba tsu i jian liau tsi,1.75,8,6,2,0,12,zh,1,ok
2148,indextts,happy,002148_indextts_happy.wav,/srv/RL_project/repo/outputs/wav_by_model/indextts/002148_indextts_happy.wav,siunn beh kha tian ue hoo bun tsing e si tua lang,siunn7 beh4 kha3 tian7 ue7 hoo7 bun5 tsing1 e5 si7 tua7 lang5,siunn beh kha tian ue hoo bun tsing e si tua lang,siunn beh kha tian ue hoo bun tsing e si tua lang,0.0,12,12,0,0,0,zh,1,ok
2149,indextts,fearful,002149_indextts_fearful.wav,/srv/RL_project/repo/outputs/wav_by_model/indextts/002149_indextts_fearful.wav,ting bin suah bo lau puann ki tian ue huan,ting2 bin7 suah4 bo5 lau5 puann3 ki1 tian7 ue7 huan1,ting bin suah bo lau puann ki tian ue huan,ting bin suah bo lau puann ki tian ue huan,0.0,10,10,0,0,0,zh,1,ok
2150,indextts,fearful,002150_indextts_fearful.wav,/srv/RL_project/repo/outputs/wav_by_model/indextts/002150_indextts_fearful.wav,hit lit suann oh,hit4 lit8 suann3 oh8,hit lit suann oh,hit lit suann oh,0.0,4,4,0,0,0,zh,1,ok
2151,indextts,sad,002151_indextts_sad.wav,/srv/RL_project/repo/outputs/wav_by_model/indextts/002151_indextts_sad.wav,soo u hak sing li khui kau sik liau au,soo2 u7 hak8 sing1 li7 khui1 kau3 sik4 liau2 au7,soo u hak sing li khui kau sik liau au,soo u hak sing li khui kau sik liau au,0.0,10,10,0,0,0,zh,1,ok
2152,indextts,sad,002152_indextts_sad.wav,/srv/RL_project/repo/outputs/wav_by_model/indextts/002152_indextts_sad.wav,i ka bun tsing in tau e te tsi tshau tiam tshiu tsi phoo a,i1 ka7 bun5 tsing1 in1 tau1 e5 te7 tsi2 tshau1 tiam3 tshiu2 tsi2 phoo1 a2,i ka bun tsing in tau e te tsi tshau tiam tshiu tsi phoo a,i ka bun tsing in tau e te tsi tshau tiam tshiu tsi phoo a,0.0,15,15,0,0,0,zh,1,ok
2153,indextts,sad,002153_indextts_sad.wav,/srv/RL_project/repo/outputs/wav_by_model/indextts/002153_indextts_sad.wav,thinn loh sap sap a hoo,thinn1 loh8 sa1 sa1 bak8 ho7,thinn loh sap sap a hoo,thinn loh sa sa bak ho,0.6666666666666666,6,2,4,0,0,zh,1,ok
2154,indextts,happy,002154_indextts_happy.wav,/srv/RL_project/repo/outputs/wav_by_model/indextts/002154_indextts_happy.wav,siok tsu thian khui hit ki hun ang sik e nng tsat hoo suann,sioh4 tsu1 thian2 khui1 hit4 ki1 hun2 ang5 si7 e5 nng7 tsap8 hoo7 suann3,siok tsu thian khui hit ki hun ang sik e nng tsat hoo suann,sioh tsu thian khui hit ki hun ang si e nng tsap hoo suann,0.21428571428571427,14,11,3,0,0,zh,1,ok
2155,indextts,fearful,002155_indextts_fearful.wav,/srv/RL_project/repo/outputs/wav/002155_indextts_fearful.wav,iong poo lian e kiann tshut hau mng,iong7 tsi1 poo1 tsi1 jian3 lian3 jian3 e7 kiann1 u7 jian3 tshut4 tsi3 kong1 tshing7 u1 tsi1 jian3 mng5 u7,iong poo lian e kiann tshut hau mng,iong tsi poo tsi jian lian jian e kiann u jian tshut tsi kong tshing u tsi jian mng u,1.625,8,7,1,0,12,zh,1,ok
2156,indextts,surprised,002156_indextts_surprised.wav,/srv/RL_project/repo/outputs/wav_by_model/indextts/002156_indextts_surprised.wav,i ti hau mng khau tng tioh the tai ik tsun lam,i1 ti7 hau7 mng5 khau2 tng7 tioh8 the3 tai7 i1 tsun3 lam5,i ti hau mng khau tng tioh the tai ik tsun lam,i ti hau mng khau tng tioh the tai i tsun lam,0.08333333333333333,12,11,1,0,0,zh,1,ok
2157,indextts,disgusted,002157_indextts_disgusted.wav,/srv/RL_project/repo/outputs/wav/002157_indextts_disgusted.wav,i lu tshui se tshiu bin kua tshing sann khoo,i1 lu2 tshui1 san1 i1 long2 tshi5 kua2 tshing7 tsinn5 e5 su1 a1 i1 tsian3 khoo1 san1,i lu tshui se tshiu bin kua tshing sann khoo,i lu tshui san i long tshi kua tshing tsinn e su a i tsian khoo san,1.1,10,6,4,0,7,zh,1,ok
2158,indextts,fearful,002158_indextts_fearful.wav,/srv/RL_project/repo/outputs/wav_by_model/indextts/002158_indextts_fearful.wav,tsun lam ho le sio tsioh mng,tsun3 lan7 ho2 le2 sio1 tsioh4 mng7,tsun lam ho le sio tsioh mng,tsun lan ho le sio tsioh mng,0.14285714285714285,7,6,1,0,0,zh,1,ok
2159,indextts,happy,002159_indextts_happy.wav,/srv/RL_project/repo/outputs/wav_by_model/indextts/002159_indextts_happy.wav,siok tsu lau su kin a jit bo khia oo too bai,siok4 tsu2 lau7 su1 kin1 a2 lit8 bo5 khia5 oo1 too2 bai2,siok tsu lau su kin a jit bo khia oo too bai,siok tsu lau su kin a lit bo khia oo too bai,0.08333333333333333,12,11,1,0,0,zh,1,ok
2160,indextts,fearful,002160_indextts_fearful.wav,/srv/RL_project/repo/outputs/wav_by_model/indextts/002160_indextts_fearful.wav,gua beh khi hak sing in tau ka ting hong bun,gua2 beh4 khi3 hak8 sing1 in1 tau3 ka1 ting5 hong2 bun7,gua beh khi hak sing in tau ka ting hong bun,gua beh khi hak sing in tau ka ting hong bun,0.0,11,11,0,0,0,zh,1,ok
2161,indextts,surprised,002161_indextts_surprised.wav,/srv/RL_project/repo/outputs/wav_by_model/indextts/002161_indextts_surprised.wav,siok tsu tshio tshio a hue ing,siok4 tsu1 tshio3 tshio3 a2 hue5 ing3,siok tsu tshio tshio a hue ing,siok tsu tshio tshio a hue ing,0.0,7,7,0,0,0,zh,1,ok
2162,indextts,disgusted,002162_indextts_disgusted.wav,/srv/RL_project/repo/outputs/wav_by_model/indextts/002162_indextts_disgusted.wav,kiann tshut hau mng,kiann1 tshut4 hau7 mng5,kiann tshut hau mng,kiann tshut hau mng,0.0,4,4,0,0,0,zh,1,ok
2163,indextts,happy,002163_indextts_happy.wav,/srv/RL_project/repo/outputs/wav_by_model/indextts/002163_indextts_happy.wav,tsiau tshiu tsi phoo a ting bin e te tsi,tsiau3 tshiu2 tsi2 phoo7 a2 ting2 bin7 e5 te7 tsi2,tsiau tshiu tsi phoo a ting bin e te tsi,tsiau tshiu tsi phoo a ting bin e te tsi,0.0,10,10,0,0,0,zh,1,ok
2164,indextts,happy,002164_indextts_happy.wav,/srv/RL_project/repo/outputs/wav/002164_indextts_happy.wav,liong iok tsap thong hun tsing,liong7 tsi2 tsu3 oo7 tshit4 tsap8 a2 tsian3 thong1 o3 hun1 tsian3 tsing1 it4,liong iok tsap thong hun tsing,liong tsi tsu oo tshit tsap a tsian thong o hun tsian tsing it,1.5,6,5,1,0,8,zh,1,ok
2165,indextts,angry,002165_indextts_angry.wav,/srv/RL_project/repo/outputs/wav_by_model/indextts/002165_indextts_angry.wav,siok tsu tio tshe tioh bun tsing in tau hit tiau hang a,siok4 tsu1 tioh8 tsheh4 tioh8 bun5 tsing1 in1 tau1 hit4 tiau5 ham7 a2,siok tsu tio tshe tioh bun tsing in tau hit tiau hang a,siok tsu tioh tsheh tioh bun tsing in tau hit tiau ham a,0.23076923076923078,13,10,3,0,0,zh,1,ok
2166,indextts,fearful,002166_indextts_fearful.wav,/srv/RL_project/repo/outputs/wav_by_model/indextts/002166_indextts_fearful.wav,hit tiau hang a uan uan uat uat am sam am sam,hit4 tiau5 hang7 a2 uan1 uan1 uat4 uat4 am3 sam3 am3 sam3,hit tiau hang a uan uan uat uat am sam am sam,hit tiau hang a uan uan uat uat am sam am sam,0.0,12,12,0,0,0,zh,1,ok
2167,indextts,happy,002167_indextts_happy.wav,/srv/RL_project/repo/outputs/wav_by_model/indextts/002167_indextts_happy.wav,nng pai tshu long bo tshiau kue sann tsan lau,nng7 pai2 tshu3 long2 bo5 tshiau1 kue3 sann1 tsan3 lau5,nng pai tshu long bo tshiau kue sann tsan lau,nng pai tshu long bo tshiau kue sann tsan lau,0.0,10,10,0,0,0,zh,1,ok
2168,indextts,neutral,002168_indextts_neutral.wav,/srv/RL_project/repo/outputs/wav_by_model/indextts/002168_indextts_neutral.wav,tsap hun tsing lai ho se liu liu,tsap8 hun1 tsing1 lai5 ho2 se3 liu1 liu1,tsap hun tsing lai ho se liu liu,tsap hun tsing lai ho se liu liu,0.0,8,8,0,0,0,zh,1,ok
2169,indextts,angry,002169_indextts_angry.wav,/srv/RL_project/repo/outputs/wav_by_model/indextts/002169_indextts_angry.wav,khuann e tshut lai tua tiam tsia e tsu hoo,khuann3 e7 tshut4 lai5 tua3 lan2 tiam3 tsia1 e5 tsu7 hoo7,khuann e tshut lai tua tiam tsia e tsu hoo,khuann e tshut lai tua lan tiam tsia e tsu hoo,0.1,10,10,0,0,1,zh,1,ok
2170,indextts,disgusted,002170_indextts_disgusted.wav,/srv/RL_project/repo/outputs/wav_by_model/indextts/002170_indextts_disgusted.wav,tiann tioh tiong ha kai tsan tsiam khah tua bin,tiann7 tioh8 tiong1 hak8 kai1 tsan5 tsiam3 khah4 tua7 bin7,tiann tioh tiong ha kai tsan tsiam khah tua bin,tiann tioh tiong hak kai tsan tsiam khah tua bin,0.1,10,9,1,0,0,zh,1,ok
2171,indextts,happy,002171_indextts_happy.wav,/srv/RL_project/repo/outputs/wav_by_model/indextts/002171_indextts_happy.wav,siok tsu kiann kau tsit tiau hang a e tiong tuann tng uat,siok4 tsu1 kia7 kau3 tsit4 tiau5 hang7 a2 e5 tiong7 tuann7 tng2 uah8,siok tsu kiann kau tsit tiau hang a e tiong tuann tng uat,siok tsu kia kau tsit tiau hang a e tiong tuann tng uah,0.15384615384615385,13,11,2,0,0,zh,1,ok
2172,indextts,neutral,002172_indextts_neutral.wav,/srv/RL_project/repo/outputs/wav_by_model/indextts/002172_indextts_neutral.wav,khuann tioh tsit ui e koo e koo thau mng sam sam e lau hu lin lang,khuann3 tioh8 tsit8 ui7 e2 koo2 e2 koo2 thau5 mng5 sam3 sam3 e5 lau7 hu7 lin5 lang5,khuann tioh tsit ui e koo e koo thau mng sam sam e lau hu lin lang,khuann tioh tsit ui e koo e koo thau mng sam sam e lau hu lin lang,0.0,17,17,0,0,0,zh,1,ok
2173,indextts,surprised,002173_indextts_surprised.wav,/srv/RL_project/repo/outputs/wav_by_model/indextts/002173_indextts_surprised.wav,ann io ti mng khau tiann leh khuan phainn tang ku siah kah phoo a tsua,ah4 io1 ti3 mng5 khau2 tiann5 leh4 khuan2 phai2 tang5 ku3 sia2 kah4 phoo2 a2 tsua2,ann io ti mng khau tiann leh khuan phainn tang ku siah kah phoo a tsua,ah io ti mng khau tiann leh khuan phai tang ku sia kah phoo a tsua,0.1875,16,13,3,0,0,zh,1,ok
2174,indextts,neutral,002174_indextts_neutral.wav,/srv/RL_project/repo/outputs/wav_by_model/indextts/002174_indextts_neutral.wav,tsit bak nih,tsit8 pah4 ni2,tsit bak nih,tsit pah ni,0.6666666666666666,3,1,2,0,0,zh,1,ok
2175,indextts,fearful,002175_indextts_fearful.wav,/srv/RL_project/repo/outputs/wav_by_model/indextts/002175_indextts_fearful.wav,khuann tioh bun tsing tui tshu nih kiann tshut lai,khuann3 tioh8 bun5 tsing1 tui3 tshu3 nih4 kiann5 tshut4 lai5,khuann tioh bun tsing tui tshu nih kiann tshut lai,khuann tioh bun tsing tui tshu nih kiann tshut lai,0.0,10,10,0,0,0,zh,1,ok
2176,indextts,happy,002176_indextts_happy.wav,/srv/RL_project/repo/outputs/wav_by_model/indextts/002176_indextts_happy.wav,i sin khu ting e tse hok i king uann tiau,i1 sin1 khu1 ting2 e5 tse3 hok4 i2 king1 uah8 tiau7,i sin khu ting e tse hok i king uann tiau,i sin khu ting e tse hok i king uah tiau,0.09090909090909091,11,10,1,0,0,zh,1,ok
2177,indextts,surprised,002177_indextts_surprised.wav,/srv/RL_project/repo/outputs/wav/002177_indextts_surprised.wav,tiam tiam leh ka lau hu jin lang tau tsing li tsua phe,tiam7 tshi2 jian3 tiam7 tshi2 leh4 si3 ka1 tshi7 lau5 tshi2 siau1 si5 u1 tsi1 jian7 jin5 tsian3 lang5 tau2 san1 tsian3 o3 jian3 li7 tsua2 2 tsian3 phue3 i1,tiam tiam leh ka lau hu jin lang tau tsing li tsua phe,tiam tshi jian tiam tshi leh si ka tshi lau tshi siau si u tsi jian jin tsian lang tau san tsian o jian li tsua tsian phue i,1.4615384615384615,13,10,3,0,16,zh,1,ok
2178,indextts,fearful,002178_indextts_fearful.wav,/srv/RL_project/repo/outputs/wav_by_model/indextts/002178_indextts_fearful.wav,lai tsing tshiu kok sio tsiann le pai ah,lai5 tshin1 tshiunn7 kok4 sio2 tsiann5 le2 pai3 ah4,lai tsing tshiu kok sio tsiann le pai ah,lai tshin tshiunn kok sio tsiann le pai ah,0.2222222222222222,9,7,2,0,0,zh,1,ok
2179,indextts,neutral,002179_indextts_neutral.wav,/srv/RL_project/repo/outputs/wav_by_model/indextts/002179_indextts_neutral.wav,siok tsu iah bo sann kuan si,sioh4 tsu1 iah4 bo5 sann2 kuan3 si3,siok tsu iah bo sann kuan si,sioh tsu iah bo sann kuan si,0.14285714285714285,7,6,1,0,0,zh,1,ok
2180,indextts,happy,002180_indextts_happy.wav,/srv/RL_project/repo/outputs/wav_by_model/indextts/002180_indextts_happy.wav,bun tsiong si,bun5 tsiong1 si3,bun tsiong si,bun tsiong si,0.0,3,3,0,0,0,zh,1,ok
2181,indextts,sad,002181_indextts_sad.wav,/srv/RL_project/repo/outputs/wav/002181_indextts_sad.wav,siok tsu khuann kah tua tshui khui hann hann,shok4 phoo2 tsu2 un2 khuann3 thui2 kah4 phoo3 tua7 se1 bun7 tshui3 khui1 uan2 hah8 se1 bun5 hah8,siok tsu khuann kah tua tshui khui hann hann,shok phoo tsu un khuann thui kah phoo tua se bun tshui khui uan hah se bun hah,1.3333333333333333,9,6,3,0,9,zh,1,ok
2182,indextts,happy,002182_indextts_happy.wav,/srv/RL_project/repo/outputs/wav_by_model/indextts/002182_indextts_happy.wav,sua loh bun tsing e a ma tshiann siok tsu lip khi tshu nih tse,sua3 loh8 bun5 tsing1 e5 a1 ma2 tshiann2 siok4 tsu1 jip8 khi3 tshu3 ni5 tse7,sua loh bun tsing e a ma tshiann siok tsu lip khi tshu nih tse,sua loh bun tsing e a ma tshiann siok tsu jip khi tshu ni tse,0.13333333333333333,15,13,2,0,0,zh,1,ok
2183,indextts,surprised,002183_indextts_surprised.wav,/srv/RL_project/repo/outputs/wav_by_model/indextts/002183_indextts_surprised.wav,kiann lip tshu lai,kiann5 lip8 tshu3 lai7,kiann lip tshu lai,kiann lip tshu lai,0.0,4,4,0,0,0,zh,1,ok
2184,indextts,sad,002184_indextts_sad.wav,/srv/RL_project/repo/outputs/wav_by_model/indextts/002184_indextts_sad.wav,siok tsu khuann tioh lang kheh thiann kan na nng tsiah ku au ku tshau e tsha i a,siok4 tsu1 khuann3 tioh8 lang5 kheh4 thiann1 kan1 na1 nng7 tsiah4 ku7 au2 ku7 tshau3 e5 tsha5 i2 a2,siok tsu khuann tioh lang kheh thiann kan na nng tsiah ku au ku tshau e tsha i a,siok tsu khuann tioh lang kheh thiann kan na nng tsiah ku au ku tshau e tsha i a,0.0,19,19,0,0,0,zh,1,ok
2185,indextts,sad,002185_indextts_sad.wav,/srv/RL_project/repo/outputs/wav_by_model/indextts/002185_indextts_sad.wav,tsit te si kak toh a phua sam phua sam,tsit8 te3 sit4 kah4 toh4 a2 phua3 sam3 phua3 sam3,tsit te si kak toh a phua sam phua sam,tsit te sit kah toh a phua sam phua sam,0.2,10,8,2,0,0,zh,1,ok
2186,indextts,happy,002186_indextts_happy.wav,/srv/RL_project/repo/outputs/wav_by_model/indextts/002186_indextts_happy.wav,piah kak tsit thah tsit thah ku po tsua kah tsua phe,piah4 ka7 tsit8 thann3 tsit8 thann3 ku7 po3 tsua2 kah4 tsua2 phe1,piah kak tsit thah tsit thah ku po tsua kah tsua phe,piah ka tsit thann tsit thann ku po tsua kah tsua phe,0.25,12,9,3,0,0,zh,1,ok
2187,indextts,angry,002187_indextts_angry.wav,/srv/RL_project/repo/outputs/wav_by_model/indextts/002187_indextts_angry.wav,bun tsing khu ti hia leh tsing li,gun2 tsin1 khu1 ti7 hia1 leh4 tsing3 li2,bun tsing khu ti hia leh tsing li,gun tsin khu ti hia leh tsing li,0.25,8,6,2,0,0,zh,1,ok
2188,indextts,fearful,002188_indextts_fearful.wav,/srv/RL_project/repo/outputs/wav_by_model/indextts/002188_indextts_fearful.wav,tsit e gin a,tsit4 e5 kin1 a2,tsit e gin a,tsit e kin a,0.25,4,3,1,0,0,zh,1,ok
2189,indextts,disgusted,002189_indextts_disgusted.wav,/srv/RL_project/repo/outputs/wav_by_model/indextts/002189_indextts_disgusted.wav,ah be hiau thin te hoo lau su lim,ah4 be7 hiau2 thing5 te7 hoo7 lau7 su1 lim1,ah be hiau thin te hoo lau su lim,ah be hiau thing te hoo lau su lim,0.1111111111111111,9,8,1,0,0,zh,1,ok
2190,indextts,sad,002190_indextts_sad.wav,/srv/RL_project/repo/outputs/wav_by_model/indextts/002190_indextts_sad.wav,a ma liah bun tsing khuann tsit e,a1 ma2 liah8 bun5 tsing1 khuann3 tsit8 e7,a ma liah bun tsing khuann tsit e,a ma liah bun tsing khuann tsit e,0.0,8,8,0,0,0,zh,1,ok
2191,indextts,fearful,002191_indextts_fearful.wav,/srv/RL_project/repo/outputs/wav_by_model/indextts/002191_indextts_fearful.wav,a ma bo iau kin lah,a1 ma2 bo5 iau3 kin2 lah4,a ma bo iau kin lah,a ma bo iau kin lah,0.0,6,6,0,0,0,zh,1,ok
2192,indextts,neutral,002192_indextts_neutral.wav,/srv/RL_project/repo/outputs/wav_by_model/indextts/002192_indextts_neutral.wav,tun tenn kui bio tsing tsiah tah tsin tsing,tun3 tenn1 kui1 bio2 tsing1 tsiah4 tah8 tsin3 tsing5,tun tenn kui bio tsing tsiah tah tsin tsing,tun tenn kui bio tsing tsiah tah tsin tsing,0.0,9,9,0,0,0,zh,1,ok
2193,indextts,sad,002193_indextts_sad.wav,/srv/RL_project/repo/outputs/wav_by_model/indextts/002193_indextts_sad.wav,siunn be kau,siunn7 bue7 kau2,siunn be kau,siunn bue kau,0.3333333333333333,3,2,1,0,0,zh,1,ok
2194,indextts,fearful,002194_indextts_fearful.wav,/srv/RL_project/repo/outputs/wav_by_model/indextts/002194_indextts_fearful.wav,siok tsu ue tiau ti na au ti a,siok4 tsu2 ue7 tiau5 ti7 na5 oo5 ti1 a2,siok tsu ue tiau ti na au ti a,siok tsu ue tiau ti na oo ti a,0.1111111111111111,9,8,1,0,0,zh,1,ok
2195,indextts,disgusted,002195_indextts_disgusted.wav,/srv/RL_project/repo/outputs/wav_by_model/indextts/002195_indextts_disgusted.wav,siunn be kau gun tau tsiah ni san tshiah tioh bo,siunn7 bue7 kau3 gun2 tau1 tsiah4 ni7 san2 tshiah4 tioh8 bo5,siunn be kau gun tau tsiah ni san tshiah tioh bo,siunn bue kau gun tau tsiah ni san tshiah tioh bo,0.09090909090909091,11,10,1,0,0,zh,1,ok
2196,indextts,fearful,002196_indextts_fearful.wav,/srv/RL_project/repo/outputs/wav/002196_indextts_fearful.wav,a ma na kong na bak khoo ang,ap4 tsian3 ma2 na2 kong2 na2 bak8 ba2 koh4 bak8 tsian3 khoo2 i5,a ma na kong na bak khoo ang,ap tsian ma na kong na bak ba koh bak tsian khoo i,0.875,8,6,2,0,5,zh,1,ok
2197,indextts,happy,002197_indextts_happy.wav,/srv/RL_project/repo/outputs/wav_by_model/indextts/002197_indextts_happy.wav,siok tsu khuann a ma an ne,siok4 tsu1 khuann3 a1 ma2 an2 ne1,siok tsu khuann a ma an ne,siok tsu khuann a ma an ne,0.0,7,7,0,0,0,zh,1,ok
2198,indextts,neutral,002198_indextts_neutral.wav,/srv/RL_project/repo/outputs/wav_by_model/indextts/002198_indextts_neutral.wav,kiann ua kha tsiah phiann ka luah luah leh,kiann1 gua2 kha1 tsiah4 phiann1 ka7 lua3 lua3 leh4,kiann ua kha tsiah phiann ka luah luah leh,kiann gua kha tsiah phiann ka lua lua leh,0.3333333333333333,9,6,3,0,0,zh,1,ok
2199,indextts,surprised,002199_indextts_surprised.wav,/srv/RL_project/repo/outputs/wav_by_model/indextts/002199_indextts_surprised.wav,sua loh a ma ka siok tsu kong bun tsing e koo su,sua3 loh8 a1 ma2 ka7 siok4 tsu1 kong2 bun5 tsing1 e5 koo3 su7,sua loh a ma ka siok tsu kong bun tsing e koo su,sua loh a ma ka siok tsu kong bun tsing e koo su,0.0,13,13,0,0,0,zh,1,ok
2200,indextts,sad,002200_indextts_sad.wav,/srv/RL_project/repo/outputs/wav/002200_indextts_sad.wav,kong khi lai,kong2 jian3 jian7 khi2 iok8 jian3 tai5,kong khi lai,kong jian jian khi iok jian tai,1.6666666666666667,3,2,1,0,4,zh,1,ok
2201,indextts,sad,002201_indextts_sad.wav,/srv/RL_project/repo/outputs/wav_by_model/indextts/002201_indextts_sad.wav,a tsing tsit e gin a phainn mia lah,a1 tsin1 tsit4 e5 gin2 a2 phainn2 mia5 lah4,a tsing tsit e gin a phainn mia lah,a tsin tsit e gin a phainn mia lah,0.1111111111111111,9,8,1,0,0,zh,1,ok
2202,indextts,happy,002202_indextts_happy.wav,/srv/RL_project/repo/outputs/wav_by_model/indextts/002202_indextts_happy.wav,tshut si hinn khang tio thiann bo,tshut4 si3 hi5 khang1 tio7 thiann1 bo5,tshut si hinn khang tio thiann bo,tshut si hi khang tio thiann bo,0.14285714285714285,7,6,1,0,0,zh,1,ok
2203,indextts,sad,002203_indextts_sad.wav,/srv/RL_project/repo/outputs/wav_by_model/indextts/002203_indextts_sad.wav,bun tsing tann thau kinn tioh siok tsu,bun5 tsing1 tah4 thau5 kinn3 tioh8 siok4 tsu1,bun tsing tann thau kinn tioh siok tsu,bun tsing tah thau kinn tioh siok tsu,0.125,8,7,1,0,0,zh,1,ok
2204,indextts,fearful,002204_indextts_fearful.wav,/srv/RL_project/repo/outputs/wav_by_model/indextts/002204_indextts_fearful.wav,sann hue e si,sann1 hue3 e5 si5,sann hue e si,sann hue e si,0.0,4,4,0,0,0,zh,1,ok
2205,indextts,angry,002205_indextts_angry.wav,/srv/RL_project/repo/outputs/wav_by_model/indextts/002205_indextts_angry.wav,lau bu tshia eh kue sin,lau7 bu2 tshiah4 e5 kue3 sin1,lau bu tshia eh kue sin,lau bu tshiah e kue sin,0.3333333333333333,6,4,2,0,0,zh,1,ok
2206,indextts,angry,002206_indextts_angry.wav,/srv/RL_project/repo/outputs/wav_by_model/indextts/002206_indextts_angry.wav,lau pe ti leh pak poo tso tshoo kang,lau7 pe7 ti7 leh4 pak4 poo7 tso3 tshoo1 kang1,lau pe ti leh pak poo tso tshoo kang,lau pe ti leh pak poo tso tshoo kang,0.0,9,9,0,0,0,zh,1,ok
2207,indextts,happy,002207_indextts_happy.wav,/srv/RL_project/repo/outputs/wav_by_model/indextts/002207_indextts_happy.wav,ku ku a tng lai tsit tsua,ku2 ku2 a2 tng2 lai5 tsit8 tsua7,ku ku a tng lai tsit tsua,ku ku a tng lai tsit tsua,0.0,7,7,0,0,0,zh,1,ok
2208,indextts,sad,002208_indextts_sad.wav,/srv/RL_project/repo/outputs/wav_by_model/indextts/002208_indextts_sad.wav,pang gua tsit e lau e leh thua sai lian,pang3 gua2 tsit4 e5 lau7 e5 leh4 thua1 sai2 lian5,pang gua tsit e lau e leh thua sai lian,pang gua tsit e lau e leh thua sai lian,0.0,10,10,0,0,0,zh,1,ok
2209,indextts,sad,002209_indextts_sad.wav,/srv/RL_project/repo/outputs/wav/002209_indextts_sad.wav,gua u hue ah,gua2 u7 tsi2 tsian3 hue7 tsian3 lian5 a2 su2,gua u hue ah,gua u tsi tsian hue tsian lian a su,1.5,4,3,1,0,5,zh,1,ok
2210,indextts,disgusted,002210_indextts_disgusted.wav,/srv/RL_project/repo/outputs/wav_by_model/indextts/002210_indextts_disgusted.wav,than bo tsiah,than3 bo5 tsiah8,than bo tsiah,than bo tsiah,0.0,3,3,0,0,0,zh,1,ok
2211,indextts,surprised,002211_indextts_surprised.wav,/srv/RL_project/repo/outputs/wav_by_model/indextts/002211_indextts_surprised.wav,koo put ji tsiong phainn tang ku siah ji tsua bong khioh,kok4 bu2 li7 tsiong1 phainn2 tang7 ku7 sia2 li7 tsua2 bong2 thio3,koo put ji tsiong phainn tang ku siah ji tsua bong khioh,kok bu li tsiong phainn tang ku sia li tsua bong thio,0.5,12,6,6,0,0,zh,1,ok
2212,indextts,sad,002212_indextts_sad.wav,/srv/RL_project/repo/outputs/wav/002212_indextts_sad.wav,lai tshiann iong tsit e kho lian sun,lai5 tshiann2 u7 jin7 iong7 tsit8 si3 e5 khoo2 e2 jian7 lian5 sun1,lai tshiann iong tsit e kho lian sun,lai tshiann u jin iong tsit si e khoo e jian lian sun,0.75,8,7,1,0,5,zh,1,ok
2213,indextts,fearful,002213_indextts_fearful.wav,/srv/RL_project/repo/outputs/wav/002213_indextts_fearful.wav,tsit e khiap se sun,tsit8 si3 e5 khia7 si3 lian2 se3 sun1,tsit e khiap se sun,tsit si e khia si lian se sun,0.8,5,4,1,0,3,zh,1,ok
2214,indextts,fearful,002214_indextts_fearful.wav,/srv/RL_project/repo/outputs/wav_by_model/indextts/002214_indextts_fearful.wav,sui uat thau kiann lip tshu nih,sui5 uat8 thau5 kiann1 li2 tshu3 nih4,sui uat thau kiann lip tshu nih,sui uat thau kiann li tshu nih,0.14285714285714285,7,6,1,0,0,zh,1,ok
2215,indextts,happy,002215_indextts_happy.wav,/srv/RL_project/repo/outputs/wav_by_model/indextts/002215_indextts_happy.wav,tsu se han tio hoo tsiong lang khuann bo bak te,tsu7 se3 han3 tio7 hoo7 tsiong3 lang5 khuann3 bo5 bak8 te7,tsu se han tio hoo tsiong lang khuann bo bak te,tsu se han tio hoo tsiong lang khuann bo bak te,0.0,11,11,0,0,0,zh,1,ok
2216,indextts,happy,002216_indextts_happy.wav,/srv/RL_project/repo/outputs/wav_by_model/indextts/002216_indextts_happy.wav,tshu pinn thau bue e gin a long bo puann e beh tsham i sio pang phuann,tshu3 pinn1 thau5 bue2 e5 gin2 a2 long2 bo5 puann3 e5 beh4 tsham1 i1 sio1 pang3 phuann7,tshu pinn thau bue e gin a long bo puann e beh tsham i sio pang phuann,tshu pinn thau bue e gin a long bo puann e beh tsham i sio pang phuann,0.0,17,17,0,0,0,zh,1,ok
2217,indextts,fearful,002217_indextts_fearful.wav,/srv/RL_project/repo/outputs/wav_by_model/indextts/002217_indextts_fearful.wav,huan se a an ne,huan7 se3 a2 an2 ne1,huan se a an ne,huan se a an ne,0.0,5,5,0,0,0,zh,1,ok
2218,indextts,angry,002218_indextts_angry.wav,/srv/RL_project/repo/outputs/wav_by_model/indextts/002218_indextts_angry.wav,tsiah e pian kah na lai na koo lau,tsiah4 e7 pian3 kah4 na2 lai5 na2 ko1 liau2,tsiah e pian kah na lai na koo lau,tsiah e pian kah na lai na ko liau,0.2222222222222222,9,7,2,0,0,zh,1,ok
2219,indextts,sad,002219_indextts_sad.wav,/srv/RL_project/repo/outputs/wav_by_model/indextts/002219_indextts_sad.wav,lau su ah,lau7 su1 ue7,lau su ah,lau su ue,0.3333333333333333,3,2,1,0,0,zh,1,ok
2220,indextts,fearful,002220_indextts_fearful.wav,/srv/RL_project/repo/outputs/wav_by_model/indextts/002220_indextts_fearful.wav,tshiann li m ho kian kuai,tshiann2 li2 m7 ho2 kian3 kuai3,tshiann li m ho kian kuai,tshiann li m ho kian kuai,0.0,6,6,0,0,0,zh,1,ok
2221,indextts,neutral,002221_indextts_neutral.wav,/srv/RL_project/repo/outputs/wav_by_model/indextts/002221_indextts_neutral.wav,tsit e gin a ti hak hau na u tit tsue e soo tsai,tsit4 e5 gin2 a2 ti7 hak8 hau7 na7 u7 tit4 tsue7 soo2 tsai7,tsit e gin a ti hak hau na u tit tsue e soo tsai,tsit e gin a ti hak hau na u tit tsue soo tsai,0.07142857142857142,14,13,0,1,0,zh,1,ok
2222,indextts,fearful,002222_indextts_fearful.wav,/srv/RL_project/repo/outputs/wav_by_model/indextts/002222_indextts_fearful.wav,lau sin e tiam tsia ka li hue sit le,lau7 sin1 e5 thiam2 tsia1 ka7 li2 hue7 sit4 le2,lau sin e tiam tsia ka li hue sit le,lau sin e thiam tsia ka li hue sit le,0.1,10,9,1,0,0,zh,1,ok
2223,indextts,surprised,002223_indextts_surprised.wav,/srv/RL_project/repo/outputs/wav_by_model/indextts/002223_indextts_surprised.wav,siok tsu kiann tshut bun tsing in tshu e si,siok4 tsu1 kiann5 tshut4 bun5 tsing1 in1 tshu3 e5 si5,siok tsu kiann tshut bun tsing in tshu e si,siok tsu kiann tshut bun tsing in tshu e si,0.0,10,10,0,0,0,zh,1,ok
2224,indextts,happy,002224_indextts_happy.wav,/srv/RL_project/repo/outputs/wav_by_model/indextts/002224_indextts_happy.wav,thinn sik i king am oo,thinn1 sik4 i2 king1 am3 oo1,thinn sik i king am oo,thinn sik i king am oo,0.0,6,6,0,0,0,zh,1,ok
2225,indextts,disgusted,002225_indextts_disgusted.wav,/srv/RL_project/repo/outputs/wav_by_model/indextts/002225_indextts_disgusted.wav,a tsing a li tsit e gin a si an tsuann,a1 tsing5 a2 li2 tsit4 e5 gin2 a2 si7 an2 tsuann2,a tsing a li tsit e gin a si an tsuann,a tsing a li tsit e gin a si an tsuann,0.0,11,11,0,0,0,zh,1,ok
2226,indextts,happy,002226_indextts_happy.wav,/srv/RL_project/repo/outputs/wav_by_model/indextts/002226_indextts_happy.wav,hoo tsa tio tng tiam,hoo7 tsa2 tioh8 tng3 tiam2,hoo tsa tio tng tiam,hoo tsa tioh tng tiam,0.2,5,4,1,0,0,zh,1,ok
2227,indextts,sad,002227_indextts_sad.wav,/srv/RL_project/repo/outputs/wav/002227_indextts_sad.wav,kiann kau hak hau tshia penn beh khan oo too bai,kiann1 u7 kau1 san1 kong1 tshing7 ke1 ba2 lian5 hau2 tsi2 tshiah4 i1 tsian3 pe2 bu2 be7 si3 tshing1 kong1 tsing3 ian5 i1 oo1 i1 tsian3 tok4 a2 lian3 bai5,kiann kau hak hau tshia penn beh khan oo too bai,kiann u kau san kong tshing ke ba lian hau tsi tshiah i tsian pe bu be si tshing kong tsing ian i oo i tsian tok a lian bai,2.272727272727273,11,5,6,0,19,zh,1,ok
2228,indextts,fearful,002228_indextts_fearful.wav,/srv/RL_project/repo/outputs/wav/002228_indextts_fearful.wav,huat kak hun ang hoo suann be ki tsah tng lai,huat4 si2 lian2 kak4 si2 hun2 lian2 ang5 hoo7 tsi1 lian2 suann1 san1 be2 tshi2 lian2 ki2 tsah4 si3 lian2 tng2 erh4 jian5 lai5,huat kak hun ang hoo suann be ki tsah tng lai,huat si lian kak si hun lian ang hoo tsi lian suann san be tshi lian ki tsah si lian tng erh jian lai,1.1818181818181819,11,11,0,0,13,zh,1,ok
2229,indextts,neutral,002229_indextts_neutral.wav,/srv/RL_project/repo/outputs/wav_by_model/indextts/002229_indextts_neutral.wav,i huat tong oo too bai,i1 huat4 tong7 oo1 too2 bai2,i huat tong oo too bai,i huat tong oo too bai,0.0,6,6,0,0,0,zh,1,ok
2230,indextts,surprised,002230_indextts_surprised.wav,/srv/RL_project/repo/outputs/wav_by_model/indextts/002230_indextts_surprised.wav,bo siann e bak sai un liau a lian loh lai,bo5 sia7 e5 bak8 sai2 un1 liau5 a2 lian3 loh8 lai5,bo siann e bak sai un liau a lian loh lai,bo sia e bak sai un liau a lian loh lai,0.09090909090909091,11,10,1,0,0,zh,1,ok
2231,indextts,disgusted,002231_indextts_disgusted.wav,/srv/RL_project/repo/outputs/wav_by_model/indextts/002231_indextts_disgusted.wav,hit me beh khun e si,hit4 me5 beh4 khun3 e5 si5,hit me beh khun e si,hit me beh khun e si,0.0,6,6,0,0,0,zh,1,ok
2232,indextts,happy,002232_indextts_happy.wav,/srv/RL_project/repo/outputs/wav_by_model/indextts/002232_indextts_happy.wav,siok tsu am siunn keh tng jit khi,siok8 tsu7 an3 siunn3 keh4 tng2 jip8 khi3,siok tsu am siunn keh tng jit khi,siok tsu an siunn keh tng jip khi,0.25,8,6,2,0,0,zh,1,ok
2233,indextts,neutral,002233_indextts_neutral.wav,/srv/RL_project/repo/outputs/wav_by_model/indextts/002233_indextts_neutral.wav,i tik khak ai iong koh khah tua e nai sim tui thai bun tsing,i1 tik4 khak4 ai3 iong7 koh4 khah4 tua7 e5 nai7 sim1 tui3 thai5 bun5 tsing1,i tik khak ai iong koh khah tua e nai sim tui thai bun tsing,i tik khak ai iong koh khah tua e nai sim tui thai bun tsing,0.0,15,15,0,0,0,zh,1,ok
2234,indextts,disgusted,002234_indextts_disgusted.wav,/srv/RL_project/repo/outputs/wav_by_model/indextts/002234_indextts_disgusted.wav,u iann tsit mi kau thinn kng,u7 iann2 tsit8 mi5 kau3 thinn1 kng1,u iann tsit mi kau thinn kng,u iann tsit mi kau thinn kng,0.0,7,7,0,0,0,zh,1,ok
2235,indextts,happy,002235_indextts_happy.wav,/srv/RL_project/repo/outputs/wav_by_model/indextts/002235_indextts_happy.wav,liang liang liang,liang5 liang5 liang5 liang5,liang liang liang,liang liang liang liang,0.3333333333333333,3,3,0,0,1,zh,1,ok
2236,indextts,happy,002236_indextts_happy.wav,/srv/RL_project/repo/outputs/wav_by_model/indextts/002236_indextts_happy.wav,a sang gua si bun tsing e lau su li si,a1 sang2 gua2 si7 bun5 tsing1 e5 lau7 su1 ti1 si7,a sang gua si bun tsing e lau su li si,a sang gua si bun tsing e lau su ti si,0.09090909090909091,11,10,1,0,0,zh,1,ok
2237,indextts,happy,002237_indextts_happy.wav,/srv/RL_project/repo/outputs/wav_by_model/indextts/002237_indextts_happy.wav,luan tsing a tan sann siann,ban7 tsing1 a2 tan5 sann1 siann1,luan tsing a tan sann siann,ban tsing a tan sann siann,0.16666666666666666,6,5,1,0,0,zh,1,ok
2238,indextts,happy,002238_indextts_happy.wav,/srv/RL_project/repo/outputs/wav/002238_indextts_happy.wav,siok tsu kin me tshih tiau,siok4 si2 jian7 tsu7 i1 king2 jian7 meh8 tshi3 ba2 tiau5 tsi1,siok tsu kin me tshih tiau,siok si jian tsu i king jian meh tshi ba tiau tsi,1.5,6,3,3,0,6,zh,1,ok
2239,indextts,angry,002239_indextts_angry.wav,/srv/RL_project/repo/outputs/wav_by_model/indextts/002239_indextts_angry.wav,i peh khi lai tshun un,i1 peh4 khi2 lai5 tshun1 lun7,i peh khi lai tshun un,i peh khi lai tshun lun,0.16666666666666666,6,5,1,0,0,zh,1,ok
2240,indextts,surprised,002240_indextts_surprised.wav,/srv/RL_project/repo/outputs/wav_by_model/indextts/002240_indextts_surprised.wav,tann thau khuann tioh poh poh e jit tshiu,tah4 thau5 khuann3 tioh8 poo7 poo7 e5 jit8 tshiu1,tann thau khuann tioh poh poh e jit tshiu,tah thau khuann tioh poo poo e jit tshiu,0.3333333333333333,9,6,3,0,0,zh,1,ok
2241,indextts,neutral,002241_indextts_neutral.wav,/srv/RL_project/repo/outputs/wav_by_model/indextts/002241_indextts_neutral.wav,thau kue thang a un jiu nng jip lai,thau3 kue3 thang1 a2 un1 liu5 nng7 lip8 lai5,thau kue thang a un jiu nng jip lai,thau kue thang a un liu nng lip lai,0.2222222222222222,9,7,2,0,0,zh,1,ok
2242,indextts,angry,002242_indextts_angry.wav,/srv/RL_project/repo/outputs/wav_by_model/indextts/002242_indextts_angry.wav,si lau su ooh,si7 lau5 su1 ooh4,si lau su ooh,si lau su ooh,0.0,4,4,0,0,0,zh,1,ok
2243,indextts,happy,002243_indextts_happy.wav,/srv/RL_project/repo/outputs/wav_by_model/indextts/002243_indextts_happy.wav,phainn se gua si i e a ma lah,phainn2 se3 gua2 si7 i1 e5 a1 ma2 lah4,phainn se gua si i e a ma lah,phainn se gua si i e a ma lah,0.0,9,9,0,0,0,zh,1,ok
2244,indextts,angry,002244_indextts_angry.wav,/srv/RL_project/repo/outputs/wav_by_model/indextts/002244_indextts_angry.wav,lau hu lin lang ka siok tsu tam thau kiann le,lau7 hu7 lin5 lang5 ka7 siok4 tsu1 tam3 thau5 kiann5 leh4,lau hu lin lang ka siok tsu tam thau kiann le,lau hu lin lang ka siok tsu tam thau kiann leh,0.09090909090909091,11,10,1,0,0,zh,1,ok
2245,indextts,fearful,002245_indextts_fearful.wav,/srv/RL_project/repo/outputs/wav_by_model/indextts/002245_indextts_fearful.wav,soo ji,sio2 ji7,soo ji,sio ji,0.5,2,1,1,0,0,zh,1,ok
2246,indextts,surprised,002246_indextts_surprised.wav,/srv/RL_project/repo/outputs/wav_by_model/indextts/002246_indextts_surprised.wav,sua loh lai khuann tai pak tshi bin a tsai tsap tshit ho e thinn khi,sua3 loh8 lai5 khuann3 tai5 pak4 tshi7 bin5 a2 tsai3 tsap8 tshit4 ho7 e5 thinn1 khi3,sua loh lai khuann tai pak tshi bin a tsai tsap tshit ho e thinn khi,sua loh lai khuann tai pak tshi bin a tsai tsap tshit ho e thinn khi,0.0,16,16,0,0,0,zh,1,ok
2247,indextts,fearful,002247_indextts_fearful.wav,/srv/RL_project/repo/outputs/wav_by_model/indextts/002247_indextts_fearful.wav,un too ji tsap tshit tsi sann tsap ji too loh hoo ki lut tsap,un1 too7 tsit8 tsap8 tshit4 tsi3 sann1 tsap8 li7 too7 loh8 hoo7 ki1 lu2 tsap8%,un too ji tsap tshit tsi sann tsap ji too loh hoo ki lut tsap,un too tsit tsap tshit tsi sann tsap li too loh hoo ki lu tsap,0.2,15,12,3,0,0,zh,1,ok
2248,indextts,sad,002248_indextts_sad.wav,/srv/RL_project/repo/outputs/wav_by_model/indextts/002248_indextts_sad.wav,lai pin nng pah tshit tsap lak ho tshiann lai tsap ji ho kui tai pan li,lai5 pin1 nng7 pah4 tshit4 tsap8 lak8 ho7 tshiann2 lai5 tsap8 ji7 ho7 kui7 tai5 pan7 li2,lai pin nng pah tshit tsap lak ho tshiann lai tsap ji ho kui tai pan li,lai pin nng pah tshit tsap lak ho tshiann lai tsap ji ho kui tai pan li,0.0,17,17,0,0,0,zh,1,ok
2249,indextts,fearful,002249_indextts_fearful.wav,/srv/RL_project/repo/outputs/wav_by_model/indextts/002249_indextts_fearful.wav,long tsong tshit pah si tsap lak khoo tsau li goo tsap si khoo,long2 tsong2 tshit4 pah4 si3 tsap8 lak8 khoo1 tsau7 li2 goo7 tsap8 si3 khoo1,long tsong tshit pah si tsap lak khoo tsau li goo tsap si khoo,long tsong tshit pah si tsap lak khoo tsau li goo tsap si khoo,0.0,14,14,0,0,0,zh,1,ok
2250,indextts,happy,002250_indextts_happy.wav,/srv/RL_project/repo/outputs/wav_by_model/indextts/002250_indextts_happy.wav,kin a jit si sann gueh tshe it pai lak,kin1 a2 jit8 si7 sann1 gueh8 tshe1 it4 pai3 lak8,kin a jit si sann gueh tshe it pai lak,kin a jit si sann gueh tshe it pai lak,0.0,10,10,0,0,0,zh,1,ok
2251,indextts,happy,002251_indextts_happy.wav,/srv/RL_project/repo/outputs/wav/002251_indextts_happy.wav,gua e hoo tsiau ho be si kiu tshit pat ji pat ji khong kiu khong,gua2 e5 hoo7 tshi7 jian2 tsiau2 sann1 siau1 si3 oo1 tshi7 jian3 be2 SDG kiu2 tshit4 tshi3 pak4 si1 kha2 tih4 tsih4 ji7 phah4 si1 kha2 tih4 tsih4 ji7 tshian1 siau1 si5 ong2 san1 kiu2 khong1 san1,gua e hoo tsiau ho be si kiu tshit pat ji pat ji khong kiu khong,gua e hoo tshi jian tsiau sann siau si oo tshi jian be sdg kiu tshit tshi pak si kha tih tsih ji phah si kha tih tsih ji tshian siau si ong san kiu khong san,1.625,16,11,5,0,21,zh,1,ok
2252,indextts,happy,002252_indextts_happy.wav,/srv/RL_project/repo/outputs/wav_by_model/indextts/002252_indextts_happy.wav,gun tau e tian ue ho be si khong su su ji ji kiu khong su tshit,gun2 tau1 e5 tian7 ue7 ho7 be2 si7 khong3 su3 su3 li7 li7 kiu2 khong3 su3 tshit4,gun tau e tian ue ho be si khong su su ji ji kiu khong su tshit,gun tau e tian ue ho be si khong su su li li kiu khong su tshit,0.11764705882352941,17,15,2,0,0,zh,1,ok
2253,indextts,disgusted,002253_indextts_disgusted.wav,/srv/RL_project/repo/outputs/wav_by_model/indextts/002253_indextts_disgusted.wav,i ti it kiu tshit ngoo ni tshut si,i1 ti7 it4 kiu2 tshit4 ngoo2 ni5 tshut4 si3,i ti it kiu tshit ngoo ni tshut si,i ti it kiu tshit ngoo ni tshut si,0.0,9,9,0,0,0,zh,1,ok
2254,indextts,happy,002254_indextts_happy.wav,/srv/RL_project/repo/outputs/wav_by_model/indextts/002254_indextts_happy.wav,tshiann pang gua tsuan hun ki ngoo ji pat ji,tshiann2 pang1 gua2 suan2 hun1 ki1 ngoo2 ji7 pat4 ji7,tshiann pang gua tsuan hun ki ngoo ji pat ji,tshiann pang gua suan hun ki ngoo ji pat ji,0.1,10,9,1,0,0,zh,1,ok
2255,indextts,sad,002255_indextts_sad.wav,/srv/RL_project/repo/outputs/wav_by_model/indextts/002255_indextts_sad.wav,sing uah tui ue,sing1 uah8 tui3 ue7,sing uah tui ue,sing uah tui ue,0.0,4,4,0,0,0,zh,1,ok
2256,indextts,disgusted,002256_indextts_disgusted.wav,/srv/RL_project/repo/outputs/wav_by_model/indextts/002256_indextts_disgusted.wav,su tshuan tshai khah hiam li kann tsiah bo,su3 tshuan1 tshai3 khah4 hiam1 li2 kann2 tsiah8 bo5,su tshuan tshai khah hiam li kann tsiah bo,su tshuan tshai khah hiam li kann tsiah bo,0.0,9,9,0,0,0,zh,1,ok
2257,indextts,sad,002257_indextts_sad.wav,/srv/RL_project/repo/outputs/wav_by_model/indextts/002257_indextts_sad.wav,li iah ai tiam siann mih bo,li2 ia7 ai3 tiam2 siann2 mih4 bo5,li iah ai tiam siann mih bo,li ia ai tiam siann mih bo,0.14285714285714285,7,6,1,0,0,zh,1,ok
2258,indextts,fearful,002258_indextts_fearful.wav,/srv/RL_project/repo/outputs/wav_by_model/indextts/002258_indextts_fearful.wav,koh tsit uann thng siann mih thng khah ho,koh4 tsit8 uann2 thng1 siann2 mih4 thng1 khah4 ho2,koh tsit uann thng siann mih thng khah ho,koh tsit uann thng siann mih thng khah ho,0.0,9,9,0,0,0,zh,1,ok
2259,indextts,happy,002259_indextts_happy.wav,/srv/RL_project/repo/outputs/wav_by_model/indextts/002259_indextts_happy.wav,tshenn tshai tau hu thng be bai,tshenn1 tshai3 tau7 hu7 thng1 be7 bai2,tshenn tshai tau hu thng be bai,tshenn tshai tau hu thng be bai,0.0,7,7,0,0,0,zh,1,ok
2260,indextts,surprised,002260_indextts_surprised.wav,/srv/RL_project/repo/outputs/wav_by_model/indextts/002260_indextts_surprised.wav,thau ke koh tsit puann ang sio tau hu,thau5 ke1 koh4 tsit8 puann5 ang5 sio1 tau7 hu7,thau ke koh tsit puann ang sio tau hu,thau ke koh tsit puann ang sio tau hu,0.0,9,9,0,0,0,zh,1,ok
2261,indextts,fearful,002261_indextts_fearful.wav,/srv/RL_project/repo/outputs/wav_by_model/indextts/002261_indextts_fearful.wav,gua siunn beh lim te,gua2 siunn7 beh4 lim1 te5,gua siunn beh lim te,gua siunn beh lim te,0.0,5,5,0,0,0,zh,1,ok
2262,indextts,surprised,002262_indextts_surprised.wav,/srv/RL_project/repo/outputs/wav_by_model/indextts/002262_indextts_surprised.wav,hit te pue a lah sap lah sap,hitapuea la7 sap4 la7 sap4,hit te pue a lah sap lah sap,hitapuea la sap la sap,0.75,8,2,3,3,0,zh,1,ok
2263,indextts,sad,002263_indextts_sad.wav,/srv/RL_project/repo/outputs/wav_by_model/indextts/002263_indextts_sad.wav,gua theh tsit te khah tshing khi e hoo li,gua2 theh8 tsit8 te3 khah4 tshing1 khi3 e5 hoo7 li2,gua theh tsit te khah tshing khi e hoo li,gua theh tsit te khah tshing khi e hoo li,0.0,10,10,0,0,0,zh,1,ok
2264,indextts,fearful,002264_indextts_fearful.wav,/srv/RL_project/repo/outputs/wav_by_model/indextts/002264_indextts_fearful.wav,tshai lai ah,tshai3 lai5 ah4,tshai lai ah,tshai lai ah,0.0,3,3,0,0,0,zh,1,ok
2265,indextts,disgusted,002265_indextts_disgusted.wav,/srv/RL_project/repo/outputs/wav_by_model/indextts/002265_indextts_disgusted.wav,tsit puann si siann mih tshai,tsit4 puann5 si7 siann2 mih4 tshai3,tsit puann si siann mih tshai,tsit puann si siann mih tshai,0.0,6,6,0,0,0,zh,1,ok
2266,indextts,happy,002266_indextts_happy.wav,/srv/RL_project/repo/outputs/wav_by_model/indextts/002266_indextts_happy.wav,tsit puann kio tso ang sio tau hu,tsit4 puann1 kio3 tso3 ang5 sio1 tau7 hu7,tsit puann kio tso ang sio tau hu,tsit puann kio tso ang sio tau hu,0.0,8,8,0,0,0,zh,1,ok
2267,indextts,disgusted,002267_indextts_disgusted.wav,/srv/RL_project/repo/outputs/wav_by_model/indextts/002267_indextts_disgusted.wav,kann,kann2,kann,kann,0.0,1,1,0,0,0,zh,1,ok
2268,indextts,fearful,002268_indextts_fearful.wav,/srv/RL_project/repo/outputs/wav_by_model/indextts/002268_indextts_fearful.wav,lai bin u siann mih mih kiann,lai7 bin7 u7 siann2 mih8 mih8 kiann7,lai bin u siann mih mih kiann,lai bin u siann mih mih kiann,0.0,7,7,0,0,0,zh,1,ok
2269,indextts,disgusted,002269_indextts_disgusted.wav,/srv/RL_project/repo/outputs/wav_by_model/indextts/002269_indextts_disgusted.wav,u bah tau hu kah tsin tse mih kiann li tsiah khuann mai leh,u7 bah4 tau7 hu7 kah4 tsin1 tse7 mih8 kiann7 li2 tsiah8 khuann3 mai7 leh4,u bah tau hu kah tsin tse mih kiann li tsiah khuann mai leh,u bah tau hu kah tsin tse mih kiann li tsiah khuann mai leh,0.0,14,14,0,0,0,zh,1,ok
2270,indextts,neutral,002270_indextts_neutral.wav,/srv/RL_project/repo/outputs/wav_by_model/indextts/002270_indextts_neutral.wav,to sia gua ka ki lai,to1 sia7 gua2 ka1 ki7 lai5,to sia gua ka ki lai,to sia gua ka ki lai,0.0,6,6,0,0,0,zh,1,ok
2271,indextts,disgusted,002271_indextts_disgusted.wav,/srv/RL_project/repo/outputs/wav_by_model/indextts/002271_indextts_disgusted.wav,li tsiah hiah ni tsio kam tsiah u pa,li2 tsiah8 hiah4 ni7 tsio2 kam2 tsiah8 u7 pa2,li tsiah hiah ni tsio kam tsiah u pa,li tsiah hiah ni tsio kam tsiah u pa,0.0,9,9,0,0,0,zh,1,ok
2272,indextts,angry,002272_indextts_angry.wav,/srv/RL_project/repo/outputs/wav_by_model/indextts/002272_indextts_angry.wav,gua pak too u tsit tiam a bo song khuai,gua2 pak4 too2 u7 tsit8 tiam2 a2 bo5 song2 khuai2,gua pak too u tsit tiam a bo song khuai,gua pak too u tsit tiam a bo song khuai,0.0,10,10,0,0,0,zh,1,ok
2273,indextts,angry,002273_indextts_angry.wav,/srv/RL_project/repo/outputs/wav_by_model/indextts/002273_indextts_angry.wav,beh tsiah ioh a bo,beh4 tsiah8 ioh8 a2 bo5,beh tsiah ioh a bo,beh tsiah ioh a bo,0.0,5,5,0,0,0,zh,1,ok
2274,indextts,sad,002274_indextts_sad.wav,/srv/RL_project/repo/outputs/wav_by_model/indextts/002274_indextts_sad.wav,m bian to sia,m7 bian2 to1 sia7,m bian to sia,m bian to sia,0.0,4,4,0,0,0,zh,1,ok
2275,indextts,fearful,002275_indextts_fearful.wav,/srv/RL_project/repo/outputs/wav_by_model/indextts/002275_indextts_fearful.wav,tsit king tsin tsan gua siong siong lai in e tshai long tsin ho tsiah,tsit4 king1 tsin1 tsan2 gua2 siong5 siong5 lai5 in1 e5 tshai3 long2 tsin1 ho2 tsiah8,tsit king tsin tsan gua siong siong lai in e tshai long tsin ho tsiah,tsit king tsin tsan gua siong siong lai in e tshai long tsin ho tsiah,0.0,15,15,0,0,0,zh,1,ok
2276,indextts,sad,002276_indextts_sad.wav,/srv/RL_project/repo/outputs/wav_by_model/indextts/002276_indextts_sad.wav,bo an ne lan tua tsia tsiah,bo5 an2 ne1 lan2 tua3 tsiah4 tsiah8,bo an ne lan tua tsia tsiah,bo an ne lan tua tsiah tsiah,0.14285714285714285,7,6,1,0,0,zh,1,ok
2277,indextts,neutral,002277_indextts_neutral.wav,/srv/RL_project/repo/outputs/wav_by_model/indextts/002277_indextts_neutral.wav,lan beh kio siann mih tshai,lan2 beh4 kioh4 siann2 mih4 tshai3,lan beh kio siann mih tshai,lan beh kioh siann mih tshai,0.16666666666666666,6,5,1,0,0,zh,1,ok
2278,indextts,neutral,002278_indextts_neutral.wav,/srv/RL_project/repo/outputs/wav/002278_indextts_neutral.wav,li ka gua kio ho bo tshai tuann gua khuann bo,li2 ka7 tsi1 ua2 kio3 san1 ho2 jian2 jian3 bo5 tshai7 san1 jian3 tuann1 inn7 gua2 khuann3 san3 bo5,li ka gua kio ho bo tshai tuann gua khuann bo,li ka tsi ua kio san ho jian jian bo tshai san jian tuann inn gua khuann san bo,0.8181818181818182,11,10,1,0,8,zh,1,ok
2279,indextts,sad,002279_indextts_sad.wav,/srv/RL_project/repo/outputs/wav_by_model/indextts/002279_indextts_sad.wav,thau ke gua ai thng tshoo pai kut,thau5 ke1 gua2 ai3 thng1 tshoo2 pai5 kut4,thau ke gua ai thng tshoo pai kut,thau ke gua ai thng tshoo pai kut,0.0,8,8,0,0,0,zh,1,ok
2280,indextts,neutral,002280_indextts_neutral.wav,/srv/RL_project/repo/outputs/wav_by_model/indextts/002280_indextts_neutral.wav,in tsia u ang sio hi bo,in1 tsiah4 u7 ang5 sio1 hi5 bo5,in tsia u ang sio hi bo,in tsiah u ang sio hi bo,0.14285714285714285,7,6,1,0,0,zh,1,ok
2281,indextts,disgusted,002281_indextts_disgusted.wav,/srv/RL_project/repo/outputs/wav_by_model/indextts/002281_indextts_disgusted.wav,thau ke tsit bue ang sio hi tsit puann tsha tshenn tshai,thau5 ke1 tsit8 bue2 ang5 sio1 hi5 tsit8 puann5 tsha2 tshe1 tshai3,thau ke tsit bue ang sio hi tsit puann tsha tshenn tshai,thau ke tsit bue ang sio hi tsit puann tsha tshe tshai,0.08333333333333333,12,11,1,0,0,zh,1,ok
2282,indextts,happy,002282_indextts_happy.wav,/srv/RL_project/repo/outputs/wav_by_model/indextts/002282_indextts_happy.wav,bun tsiong it,bun5 tsiong1 it4,bun tsiong it,bun tsiong it,0.0,3,3,0,0,0,zh,1,ok
2283,indextts,neutral,002283_indextts_neutral.wav,/srv/RL_project/repo/outputs/wav_by_model/indextts/002283_indextts_neutral.wav,tshit gueh si a e sim tsing,tshit4 gueh8 si5 a2 e5 sim1 tsing5,tshit gueh si a e sim tsing,tshit gueh si a e sim tsing,0.0,7,7,0,0,0,zh,1,ok
2284,indextts,disgusted,002284_indextts_disgusted.wav,/srv/RL_project/repo/outputs/wav_by_model/indextts/002284_indextts_disgusted.wav,bu sit tian hian kam un e tsing i,but8 si7 tian2 hian7 kam2 un1 e5 tsing5 gi7,bu sit tian hian kam un e tsing i,but si tian hian kam un e tsing gi,0.3333333333333333,9,6,3,0,0,zh,1,ok
2285,indextts,sad,002285_indextts_sad.wav,/srv/RL_project/repo/outputs/wav/002285_indextts_sad.wav,gun i tai uan e tsu the sing su kho,gun2 i2 tai5 tsian3 uan5 e5 tsu2 o3 tsian3 the2 o3 tsian3 sing3 su1 tsian3 kho2 o2,gun i tai uan e tsu the sing su kho,gun i tai tsian uan e tsu o tsian the o tsian sing su tsian kho o,0.7,10,10,0,0,7,zh,1,ok
2286,indextts,happy,002286_indextts_happy.wav,/srv/RL_project/repo/outputs/wav_by_model/indextts/002286_indextts_happy.wav,si ui siann mih beh pai pai,si7 ui7 siann2 mih4 beh4 pai3 pai3,si ui siann mih beh pai pai,si ui siann mih beh pai pai,0.0,7,7,0,0,0,zh,1,ok
2287,indextts,neutral,002287_indextts_neutral.wav,/srv/RL_project/repo/outputs/wav_by_model/indextts/002287_indextts_neutral.wav,ke siok tshiau tshue tsoo sian e kha jiah,ke3 siok8 tshiau1 tshue7 tsoo2 sian1 e5 kha1 jiah4,ke siok tshiau tshue tsoo sian e kha jiah,ke siok tshiau tshue tsoo sian e kha jiah,0.0,9,9,0,0,0,zh,1,ok
2288,indextts,fearful,002288_indextts_fearful.wav,/srv/RL_project/repo/outputs/wav_by_model/indextts/002288_indextts_fearful.wav,tshit gueh it ting m nia ho hiann ti tsia e i bin lik su nia,tshit4 gueh8 it4 ting7 bu7 nia5 ho2 hiann1 ti7 tsia1 e5 i5 bin5 tioh8 suh4 nia5,tshit gueh it ting m nia ho hiann ti tsia e i bin lik su nia,tshit gueh it ting bu nia ho hiann ti tsia e i bin tioh suh nia,0.1875,16,13,3,0,0,zh,1,ok
2289,indextts,fearful,002289_indextts_fearful.wav,/srv/RL_project/repo/outputs/wav_by_model/indextts/002289_indextts_fearful.wav,koh khah su iau tshim jip tsai iann siong tsa e tai uan lang kin te lik su,koh4 khah4 su1 iau3 tshing1 li2 tsai1 iann2 siong7 tsa2 e5 tai5 uan5 lang5 king1 te2 lik8 su2,koh khah su iau tshim jip tsai iann siong tsa e tai uan lang kin te lik su,koh khah su iau tshing li tsai iann siong tsa e tai uan lang king te lik su,0.16666666666666666,18,15,3,0,0,zh,1,ok
2290,indextts,surprised,002290_indextts_surprised.wav,/srv/RL_project/repo/outputs/wav_by_model/indextts/002290_indextts_surprised.wav,penn poo tsok kah ko suann tsok tse pai kam un e sing keh,peh8 poo1 tsok8 kah4 ko1 suann1 tsok8 tse3 pai2 kam1 gun2 e5 sing3 keh4,penn poo tsok kah ko suann tsok tse pai kam un e sing keh,peh poo tsok kah ko suann tsok tse pai kam gun e sing keh,0.14285714285714285,14,12,2,0,0,zh,1,ok
2291,indextts,disgusted,002291_indextts_disgusted.wav,/srv/RL_project/repo/outputs/wav_by_model/indextts/002291_indextts_disgusted.wav,ti tai uan tshit gueh si a si kui gueh,ti7 tai5 uan5 tshit4 gueh8 si5 a2 si7 kui2 gueh8,ti tai uan tshit gueh si a si kui gueh,ti tai uan tshit gueh si a si kui gueh,0.0,10,10,0,0,0,zh,1,ok
2292,indextts,angry,002292_indextts_angry.wav,/srv/RL_project/repo/outputs/wav_by_model/indextts/002292_indextts_angry.wav,u phoo too kah u lan phun hue e tsong kau gi sik,u7 phoo2 too7 kah4 u1 lam5 pun1 hue7 e5 tsong1 kau3 gi2 sik4,u phoo too kah u lan phun hue e tsong kau gi sik,u phoo too kah u lam pun hue e tsong kau gi sik,0.15384615384615385,13,11,2,0,0,zh,1,ok
2293,indextts,fearful,002293_indextts_fearful.wav,/srv/RL_project/repo/outputs/wav_by_model/indextts/002293_indextts_fearful.wav,bin kan tua poo hun pai mng khau,bin5 kan1 tua7 poo7 hun7 pai3 mng5 khau2,bin kan tua poo hun pai mng khau,bin kan tua poo hun pai mng khau,0.0,8,8,0,0,0,zh,1,ok
2294,indextts,sad,002294_indextts_sad.wav,/srv/RL_project/repo/outputs/wav_by_model/indextts/002294_indextts_sad.wav,tsok tsia tan kim hua,tsok4 tsia2 tan5 kim1 hua1,tsok tsia tan kim hua,tsok tsia tan kim hua,0.0,5,5,0,0,0,zh,1,ok
2295,indextts,fearful,002295_indextts_fearful.wav,/srv/RL_project/repo/outputs/wav_by_model/indextts/002295_indextts_fearful.wav,kong si an tah hia e tng suann kue tai uan sim kuann kiat kui uan e ho hiann ti,kong2 si7 an1 tah4 hia1 e5 tng5 suann1 kue3 tai5 uan5 sin1 kuann1 kiat4 kui1 uan5 e5 ho2 hiann1 ti7,kong si an tah hia e tng suann kue tai uan sim kuann kiat kui uan e ho hiann ti,kong si an tah hia e tng suann kue tai uan sin kuann kiat kui uan e ho hiann ti,0.05,20,19,1,0,0,zh,1,ok
2296,indextts,disgusted,002296_indextts_disgusted.wav,/srv/RL_project/repo/outputs/wav/002296_indextts_disgusted.wav,su sit siong ma si an tah phoo lo tai tsiong e sim,su7 tsi2 tsian3 sit8 ba7 ian3 siong5 tshi7 in1 a1 tshit4 s i1 tshiah4 tsiau3 tshi2 phoo1 ah4 jian3 lo5 tai1 tshi5 tsian3 tsian3 san1 e5 sim1 i1,su sit siong ma si an tah phoo lo tai tsiong e sim,su tsi tsian sit ba ian siong tshi in a tshit s i tshiah tsiau tshi phoo ah jian lo tai tshi tsian tsian san e sim i,1.5384615384615385,13,8,5,0,15,zh,1,ok
2297,indextts,sad,002297_indextts_sad.wav,/srv/RL_project/repo/outputs/wav_by_model/indextts/002297_indextts_sad.wav,it puann jin ke kiu khia ke ping an,it4 puann1 jin5 ke1 kiu5 khia7 ke1 ping5 an1,it puann jin ke kiu khia ke ping an,it puann jin ke kiu khia ke ping an,0.0,9,9,0,0,0,zh,1,ok
2298,indextts,angry,002298_indextts_angry.wav,/srv/RL_project/repo/outputs/wav_by_model/indextts/002298_indextts_angry.wav,tshut jip sun li,tshut4 jip8 sun7 li7,tshut jip sun li,tshut jip sun li,0.0,4,4,0,0,0,zh,1,ok
2299,indextts,sad,002299_indextts_sad.wav,/srv/RL_project/repo/outputs/wav_by_model/indextts/002299_indextts_sad.wav,kok hang kok giap ma long e tshuan lai pai pai kiu tsai li,kok4 hang7 kok4 giap8 ma7 long2 e7 tshuan5 lai5 pai3 pai3 kiu5 tsai1 li7,kok hang kok giap ma long e tshuan lai pai pai kiu tsai li,kok hang kok giap ma long e tshuan lai pai pai kiu tsai li,0.0,14,14,0,0,0,zh,1,ok
2300,indextts,surprised,002300_indextts_surprised.wav,/srv/RL_project/repo/outputs/wav_by_model/indextts/002300_indextts_surprised.wav,tsit khuan u sio hiunn u po pi e bun hua,tsit4 khuan2 u7 sio1 hiunn1 u7 po2 pi3 e5 bun5 hua1,tsit khuan u sio hiunn u po pi e bun hua,tsit khuan u sio hiunn u po pi e bun hua,0.0,11,11,0,0,0,zh,1,ok
2301,indextts,neutral,002301_indextts_neutral.wav,/srv/RL_project/repo/outputs/wav_by_model/indextts/002301_indextts_neutral.wav,i king si tai uan tsin koo ting e hong siok ah,i2 king1 si7 tai5 uan5 tsin1 koo3 ting7 e5 hong1 siok8 ah4,i king si tai uan tsin koo ting e hong siok ah,i king si tai uan tsin koo ting e hong siok ah,0.0,12,12,0,0,0,zh,1,ok
2302,indextts,angry,002302_indextts_angry.wav,/srv/RL_project/repo/outputs/wav_by_model/indextts/002302_indextts_angry.wav,in ui tai uan i bin sia hue hia e than u tsiah e lang,in1 ui7 tai5 uan5 i5 bin5 sia7 hue7 hia1 e5 than3 kue3 tsiah8 e5 lang5,in ui tai uan i bin sia hue hia e than u tsiah e lang,in ui tai uan i bin sia hue hia e than kue tsiah e lang,0.06666666666666667,15,14,1,0,0,zh,1,ok
2303,indextts,neutral,002303_indextts_neutral.wav,/srv/RL_project/repo/outputs/wav_by_model/indextts/002303_indextts_neutral.wav,sian sim ka kue ong e lo han kha a,sian7 sin1 ka7 kue3 ong2 e5 lo5 han3 kha1 a2,sian sim ka kue ong e lo han kha a,sian sin ka kue ong e lo han kha a,0.1,10,9,1,0,0,zh,1,ok
2304,indextts,happy,002304_indextts_happy.wav,/srv/RL_project/repo/outputs/wav_by_model/indextts/002304_indextts_happy.wav,tshai ti iu ing kong su,tshai7 ti7 iu2 ing3 kong1 su1,tshai ti iu ing kong su,tshai ti iu ing kong su,0.0,6,6,0,0,0,zh,1,ok
2305,indextts,neutral,002305_indextts_neutral.wav,/srv/RL_project/repo/outputs/wav_by_model/indextts/002305_indextts_neutral.wav,tshit gueh puann pai pai si tai uan i bin sia hue e tian hing,tshit4 gueh8 puann3 pai3 pai3 si7 tai5 uan5 i5 bin5 sia7 hue7 e5 tian2 hing5,tshit gueh puann pai pai si tai uan i bin sia hue e tian hing,tshit gueh puann pai pai si tai uan i bin sia hue e tian hing,0.0,15,15,0,0,0,zh,1,ok
2306,indextts,neutral,002306_indextts_neutral.wav,/srv/RL_project/repo/outputs/wav_by_model/indextts/002306_indextts_neutral.wav,ban ing kong bio tse pai,ma7 ing7 kong2 bio7 tse3 pai7,ban ing kong bio tse pai,ma ing kong bio tse pai,0.16666666666666666,6,5,1,0,0,zh,1,ok
2307,indextts,disgusted,002307_indextts_disgusted.wav,/srv/RL_project/repo/outputs/wav_by_model/indextts/002307_indextts_disgusted.wav,lang kong hau koo e siok gan,lang5 kong1 hau3 koo3 e5 siok8 kan1,lang kong hau koo e siok gan,lang kong hau koo e siok kan,0.14285714285714285,7,6,1,0,0,zh,1,ok
2308,indextts,neutral,002308_indextts_neutral.wav,/srv/RL_project/repo/outputs/wav/002308_indextts_neutral.wav,si leh hau pai koo hun ka phoo too,si5 tsi2 leh4 si2 kong1 tsing5 u7 sam1 pai7 kok4 gi2 lian5 hun5 kah4 tsi2 phoo2 i2 lian7 too5 tsi1,si leh hau pai koo hun ka phoo too,si tsi leh si kong tsing u sam pai kok gi lian hun kah tsi phoo i lian too tsi,1.5555555555555556,9,6,3,0,11,zh,1,ok
2309,indextts,disgusted,002309_indextts_disgusted.wav,/srv/RL_project/repo/outputs/wav_by_model/indextts/002309_indextts_disgusted.wav,gua senn ti tsian au ang enn a tiau,gua2 senn1 ti7 tsing3 au7 ang5 enn1 a2 tiau5,gua senn ti tsian au ang enn a tiau,gua senn ti tsing au ang enn a tiau,0.1111111111111111,9,8,1,0,0,zh,1,ok
2310,indextts,sad,002310_indextts_sad.wav,/srv/RL_project/repo/outputs/wav_by_model/indextts/002310_indextts_sad.wav,ti gua e sing tiong kue thing tiong,ti7 gua2 e5 sin1 tiong7 kue3 thinn1 tiong1,ti gua e sing tiong kue thing tiong,ti gua e sin tiong kue thinn tiong,0.25,8,6,2,0,0,zh,1,ok
2311,indextts,surprised,002311_indextts_surprised.wav,/srv/RL_project/repo/outputs/wav_by_model/indextts/002311_indextts_surprised.wav,tshit gueh puann pai pai it tit long si gua huai siunn tshin lang e lit tsi,tshit4 gueh8 puann3 pai3 pai3 it4 tit8 long2 si7 gua2 huai5 siu1 tshin1 lang5 e5 lit8 tsi2,tshit gueh puann pai pai it tit long si gua huai siunn tshin lang e lit tsi,tshit gueh puann pai pai it tit long si gua huai siu tshin lang e lit tsi,0.058823529411764705,17,16,1,0,0,zh,1,ok
2312,indextts,happy,002312_indextts_happy.wav,/srv/RL_project/repo/outputs/wav_by_model/indextts/002312_indextts_happy.wav,pe bu sin khoo tshiann gun pueh e hiann ti tsi mue sing uah,pe7 bu2 sin1 khoo2 tshiann2 gun2 peh8 e7 hiann1 ti7 tsi2 mue7 sing1 uah8,pe bu sin khoo tshiann gun pueh e hiann ti tsi mue sing uah,pe bu sin khoo tshiann gun peh e hiann ti tsi mue sing uah,0.07142857142857142,14,13,1,0,0,zh,1,ok
2313,indextts,fearful,002313_indextts_fearful.wav,/srv/RL_project/repo/outputs/wav_by_model/indextts/002313_indextts_fearful.wav,tu ho long giap si tai tsuan uann kang giap si tai e kue thing,tu2 ho2 long5 giap8 si5 tai7 e5 tsuan2 uann7 kang7 giap8 si7 tai7 e5 kue3 thing5,tu ho long giap si tai tsuan uann kang giap si tai e kue thing,tu ho long giap si tai e tsuan uann kang giap si tai e kue thing,0.06666666666666667,15,15,0,0,1,zh,1,ok
2314,indextts,surprised,002314_indextts_surprised.wav,/srv/RL_project/repo/outputs/wav_by_model/indextts/002314_indextts_surprised.wav,hiann tse tshut gua thak tsheh kah than tsinn,hiann1 tse1 e5 tshu3 a2 thak8 tsheh4 kah4 than3 tsinn5,hiann tse tshut gua thak tsheh kah than tsinn,hiann tse e tshu a thak tsheh kah than tsinn,0.3333333333333333,9,7,2,0,1,zh,1,ok
2315,indextts,happy,002315_indextts_happy.wav,/srv/RL_project/repo/outputs/wav_by_model/indextts/002315_indextts_happy.wav,lang tan kau tua tseh jit tsiah u thang tng lai,lang5 tng2 kau3 tua7 tse3 lit8 tsiah4 u7 thang1 tng2 lai5,lang tan kau tua tseh jit tsiah u thang tng lai,lang tng kau tua tse lit tsiah u thang tng lai,0.2727272727272727,11,8,3,0,0,zh,1,ok
2316,indextts,surprised,002316_indextts_surprised.wav,/srv/RL_project/repo/outputs/wav_by_model/indextts/002316_indextts_surprised.wav,u han bun hua tsham lam,u7 han3 bun5 hua3 tsham1 lan2,u han bun hua tsham lam,u han bun hua tsham lan,0.16666666666666666,6,5,1,0,0,zh,1,ok
2317,indextts,disgusted,002317_indextts_disgusted.wav,/srv/RL_project/repo/outputs/wav_by_model/indextts/002317_indextts_disgusted.wav,hit tsun e khuan king tsin bai,hit4 tsun7 e5 khuan5 king2 tsin1 bai2,hit tsun e khuan king tsin bai,hit tsun e khuan king tsin bai,0.0,7,7,0,0,0,zh,1,ok
2318,indextts,neutral,002318_indextts_neutral.wav,/srv/RL_project/repo/outputs/wav_by_model/indextts/002318_indextts_neutral.wav,tioh ai ku ku ah tsiah u tsit nia sin sann thang tshing,tioh8 ai3 ku2 ku2 ah4 tsiah4 u7 tsit8 nia2 sin1 sann1 thang1 tshing1,tioh ai ku ku ah tsiah u tsit nia sin sann thang tshing,tioh ai ku ku ah tsiah u tsit nia sin sann thang tshing,0.0,13,13,0,0,0,zh,1,ok
2319,indextts,happy,002319_indextts_happy.wav,/srv/RL_project/repo/outputs/wav_by_model/indextts/002319_indextts_happy.wav,e ki tit a bu ka gua kah sio ti tshuan e sin sann,e7 khi3 tit4 a1 bu2 ka7 gua2 kah4 sio2 ti7 tshuan5 e5 sin1 sann1,e ki tit a bu ka gua kah sio ti tshuan e sin sann,e khi tit a bu ka gua kah sio ti tshuan e sin sann,0.07142857142857142,14,13,1,0,0,zh,1,ok
2320,indextts,angry,002320_indextts_angry.wav,/srv/RL_project/repo/outputs/wav_by_model/indextts/002320_indextts_angry.wav,long e ka guan tsham siong kong ai tan kau tshit gueh puann e si,long2 e7 ka7 guan2 tsham1 siong5 kong2 ai3 tan2 kau3 tshit4 gueh8 puann3 e5 si5,long e ka guan tsham siong kong ai tan kau tshit gueh puann e si,long e ka guan tsham siong kong ai tan kau tshit gueh puann e si,0.0,15,15,0,0,0,zh,1,ok
2321,indextts,fearful,002321_indextts_fearful.wav,/srv/RL_project/repo/outputs/wav_by_model/indextts/002321_indextts_fearful.wav,gun tshut gua e hiann tse pang ka tng lai,gun2 tshu2 kua1 e5 hiann1 tse3 pang3 kah4 tng2 lai5,gun tshut gua e hiann tse pang ka tng lai,gun tshu kua e hiann tse pang kah tng lai,0.3,10,7,3,0,0,zh,1,ok
2322,indextts,sad,002322_indextts_sad.wav,/srv/RL_project/repo/outputs/wav_by_model/indextts/002322_indextts_sad.wav,tsiah theh tshut lai tshing hoo in khuann,tsiah4 theh8 tshut4 lai5 tshing7 hoo7 in1 khuann3,tsiah theh tshut lai tshing hoo in khuann,tsiah theh tshut lai tshing hoo in khuann,0.0,8,8,0,0,0,zh,1,ok
2323,indextts,neutral,002323_indextts_neutral.wav,/srv/RL_project/repo/outputs/wav_by_model/indextts/002323_indextts_neutral.wav,a bu koh ka gun kah sio ti ai ka lai bin piann hoo tshing khi,a1 bu2 koh4 ka3 gun2 kah4 sio2 ti7 ai3 ka7 lai7 bin7 piann3 hoo7 tshing1 khi3,a bu koh ka gun kah sio ti ai ka lai bin piann hoo tshing khi,a bu koh ka gun kah sio ti ai ka lai bin piann hoo tshing khi,0.0,16,16,0,0,0,zh,1,ok
2324,indextts,fearful,002324_indextts_fearful.wav,/srv/RL_project/repo/outputs/wav/002324_indextts_fearful.wav,huan ging hiann tse tng lai,huan1 jian2 gin5 hiann1 i1 tsian3 tse2 o3 tng2 o3 jian3 jian5 lai5,huan ging hiann tse tng lai,huan jian gin hiann i tsian tse o tng o jian jian lai,1.3333333333333333,6,5,1,0,7,zh,1,ok
2325,indextts,happy,002325_indextts_happy.wav,/srv/RL_project/repo/outputs/wav/002325_indextts_happy.wav,gun a bu sit tsai tsiok khiau,gun2 a1 jian3 bu2 si7 bak8 lian2 tsai5 tsi2 tsiok4 si3 tsian1 siau1 si5 iau2 a2,gun a bu sit tsai tsiok khiau,gun a jian bu si bak lian tsai tsi tsiok si tsian siau si iau a,1.5714285714285714,7,5,2,0,9,zh,1,ok
2326,indextts,surprised,002326_indextts_surprised.wav,/srv/RL_project/repo/outputs/wav_by_model/indextts/002326_indextts_surprised.wav,m nia hoo gun oh tso khang khue,m7 liann5 hoo7 gun2 oh8 tso3 khang1 khue3,m nia hoo gun oh tso khang khue,m liann hoo gun oh tso khang khue,0.125,8,7,1,0,0,zh,1,ok
2327,indextts,neutral,002327_indextts_neutral.wav,/srv/RL_project/repo/outputs/wav_by_model/indextts/002327_indextts_neutral.wav,m ko ti i bin tsin tsing e thoo tu tai uan lang,m7 koh4 ti7 i1 bin5 tsin3 tsing5 e5 thoo2 tu3 tai5 uan5 lang5,m ko ti i bin tsin tsing e thoo tu tai uan lang,m koh ti i bin tsin tsing e thoo tu tai uan lang,0.07692307692307693,13,12,1,0,0,zh,1,ok
2328,indextts,happy,002328_indextts_happy.wav,/srv/RL_project/repo/outputs/wav_by_model/indextts/002328_indextts_happy.wav,koh hoo gun hak sip tshin tsiann sann liam kah tsun tiong hiann tse e kau iok,koh4 hoo7 gun2 hak8 sip8 tshin1 tsiann5 sann1 liam7 kah4 tsun1 tiong7 hiann5 tse3 e5 kau3 iok8,koh hoo gun hak sip tshin tsiann sann liam kah tsun tiong hiann tse e kau iok,koh hoo gun hak sip tshin tsiann sann liam kah tsun tiong hiann tse e kau iok,0.0,17,17,0,0,0,zh,1,ok
2329,indextts,neutral,002329_indextts_neutral.wav,/srv/RL_project/repo/outputs/wav_by_model/indextts/002329_indextts_neutral.wav,ma tshong tso gun tinn bit e tan thai,ma7 tshong3 tso7 gun2 tinn1 bit8 e5 tan2 thai7,ma tshong tso gun tinn bit e tan thai,ma tshong tso gun tinn bit e tan thai,0.0,9,9,0,0,0,zh,1,ok
2330,indextts,surprised,002330_indextts_surprised.wav,/srv/RL_project/repo/outputs/wav_by_model/indextts/002330_indextts_surprised.wav,si lam to gi tsok e penn poo tsok kah ko suann tsok,si7 lam5 tok8 it4 tsok8 e5 pe5 poo1 tsok8 kah4 ko1 suann1 tsok8,si lam to gi tsok e penn poo tsok kah ko suann tsok,si lam tok it tsok e pe poo tsok kah ko suann tsok,0.23076923076923078,13,10,3,0,0,zh,1,ok
2331,indextts,happy,002331_indextts_happy.wav,/srv/RL_project/repo/outputs/wav_by_model/indextts/002331_indextts_happy.wav,tsok jin huan ling sin iong king siong ko tsan e tsoo ling alid,tsok4 lin5 huan3 lin5 sin3 iong2 kinn3 siong7 koo1 tsan5 e5 tsoo2 lin5 a1 li2 ti3,tsok jin huan ling sin iong king siong ko tsan e tsoo ling alid,tsok lin huan lin sin iong kinn siong koo tsan e tsoo lin a li ti,0.5714285714285714,14,8,6,0,2,zh,1,ok
2332,indextts,surprised,002332_indextts_surprised.wav,/srv/RL_project/repo/outputs/wav_by_model/indextts/002332_indextts_surprised.wav,u su hoo bun hua,u7 su7 hau7 bun5 hua3,u su hoo bun hua,u su hau bun hua,0.2,5,4,1,0,0,zh,1,ok
2333,indextts,happy,002333_indextts_happy.wav,/srv/RL_project/repo/outputs/wav_by_model/indextts/002333_indextts_happy.wav,kah pai tsioh thau kong khe thau hiann thoo gu hiann,kah4 pai2 tsioh8 thau5 kong2 khe1 thau5 hiann1 thoo5 gu5 hiann1,kah pai tsioh thau kong khe thau hiann thoo gu hiann,kah pai tsioh thau kong khe thau hiann thoo gu hiann,0.0,11,11,0,0,0,zh,1,ok
2334,indextts,neutral,002334_indextts_neutral.wav,/srv/RL_project/repo/outputs/wav_by_model/indextts/002334_indextts_neutral.wav,su bun tsiong ji,su3 mi5 bun5 tsiong1 ji7,su bun tsiong ji,su mi bun tsiong ji,0.25,4,4,0,0,1,zh,1,ok
2335,indextts,fearful,002335_indextts_fearful.wav,/srv/RL_project/repo/outputs/wav_by_model/indextts/002335_indextts_fearful.wav,kau tann gua ua kin hue kah ni hue ah,kau3 tann1 gua2 kin2 hue2 ka7 ni5 hueh4 ah4,kau tann gua ua kin hue kah ni hue ah,kau tann gua kin hue ka ni hueh ah,0.3,10,7,2,1,0,zh,1,ok
2336,indextts,angry,002336_indextts_angry.wav,/srv/RL_project/repo/outputs/wav_by_model/indextts/002336_indextts_angry.wav,si in ui su liam pe bu,si7 in1 ui7 su1 liam7 peh8 bu2,si in ui su liam pe bu,si in ui su liam peh bu,0.14285714285714285,7,6,1,0,0,zh,1,ok
2337,indextts,sad,002337_indextts_sad.wav,/srv/RL_project/repo/outputs/wav_by_model/indextts/002337_indextts_sad.wav,sui jian gua bo tik piat e tsong kau,sui1 lian5 gua2 bo5 tik8 piat8 e5 tsong1 kau3,sui jian gua bo tik piat e tsong kau,sui lian gua bo tik piat e tsong kau,0.1111111111111111,9,8,1,0,0,zh,1,ok
2338,indextts,disgusted,002338_indextts_disgusted.wav,/srv/RL_project/repo/outputs/wav_by_model/indextts/002338_indextts_disgusted.wav,iu guan ti tshuan pai pai leh hiang siu tshit gueh si a tshin tsiann am am liu tong e kam kak,iu1 guan5 ti7 tshuan5 pai3 pai3 leh4 hiang2 siu7 tshit4 gueh8 si5 a2 tshin1 tsiann5 am3 am3 liu5 tong7 e5 kam2 kak4,iu guan ti tshuan pai pai leh hiang siu tshit gueh si a tshin tsiann am am liu tong e kam kak,iu guan ti tshuan pai pai leh hiang siu tshit gueh si a tshin tsiann am am liu tong e kam kak,0.0,22,22,0,0,0,zh,1,ok
2339,indextts,happy,002339_indextts_happy.wav,/srv/RL_project/repo/outputs/wav_by_model/indextts/002339_indextts_happy.wav,si kan kue tioh tsin kin,si5 kan1 kue3 tioh8 tsin1 kin2,si kan kue tioh tsin kin,si kan kue tioh tsin kin,0.0,6,6,0,0,0,zh,1,ok
2340,indextts,surprised,002340_indextts_surprised.wav,/srv/RL_project/repo/outputs/wav_by_model/indextts/002340_indextts_surprised.wav,siunn khi gua se han e si,siunn7 khi2 gua2 se3 han3 e5 si5,siunn khi gua se han e si,siunn khi gua se han e si,0.0,7,7,0,0,0,zh,1,ok
2341,indextts,angry,002341_indextts_angry.wav,/srv/RL_project/repo/outputs/wav_by_model/indextts/002341_indextts_angry.wav,kah hiann ti tsi mue ti pe bu sin pinn tau sio kim tsua e jit tsi,kah4 hiann1 ti7 tsi2 mue7 ti7 pe7 bu2 sin1 pinn1 tau3 sio1 kim1 tsua2 e5 lit8 tsi2,kah hiann ti tsi mue ti pe bu sin pinn tau sio kim tsua e jit tsi,kah hiann ti tsi mue ti pe bu sin pinn tau sio kim tsua e lit tsi,0.058823529411764705,17,16,1,0,0,zh,1,ok
2342,indextts,surprised,002342_indextts_surprised.wav,/srv/RL_project/repo/outputs/wav_by_model/indextts/002342_indextts_surprised.wav,kau gua huann ke e si,kah4 gua2 hua5 ke1 e5 si5,kau gua huann ke e si,kah gua hua ke e si,0.3333333333333333,6,4,2,0,0,zh,1,ok
2343,indextts,surprised,002343_indextts_surprised.wav,/srv/RL_project/repo/outputs/wav_by_model/indextts/002343_indextts_surprised.wav,gua ma tsiau pe bu soo thuan e hong sik,gua2 ma7 tsiau3 pe7 bu2 soo2 thuan5 e5 hong1 sik4,gua ma tsiau pe bu soo thuan e hong sik,gua ma tsiau pe bu soo thuan e hong sik,0.0,10,10,0,0,0,zh,1,ok
2344,indextts,angry,002344_indextts_angry.wav,/srv/RL_project/repo/outputs/wav_by_model/indextts/002344_indextts_angry.wav,tak ni tshit gueh puann tshua gun sann e kiann,tak8 ni5 tshit4 gueh8 puann3 tshua7 gun2 sann1 e5 kiann2,tak ni tshit gueh puann tshua gun sann e kiann,tak ni tshit gueh puann tshua gun sann e kiann,0.0,10,10,0,0,0,zh,1,ok
2345,indextts,fearful,002345_indextts_fearful.wav,/srv/RL_project/repo/outputs/wav_by_model/indextts/002345_indextts_fearful.wav,ti tsio in pai pai e si tso hue khai kang,ti7 tsio2 in1 pai3 pai3 e5 si5 tso3 hue2 khai1 kang2,ti tsio in pai pai e si tso hue khai kang,ti tsio in pai pai e si tso hue khai kang,0.0,11,11,0,0,0,zh,1,ok
2346,indextts,surprised,002346_indextts_surprised.wav,/srv/RL_project/repo/outputs/wav/002346_indextts_surprised.wav,iau e ki tit hit khuan un luan e ki thai,iau5 a2 e7 tshi7 jian3 ki2 tsian5 jit8 tsi2 siau1 si5 i1 tshit4 tsian7 siau1 si5 uan1 ah4 gun2 jian3 luan2 e5 ki1 jian3 thai3 tsi1,iau e ki tit hit khuan un luan e ki thai,iau a e tshi jian ki tsian jit tsi siau si i tshit tsian siau si uan ah gun jian luan e ki jian thai tsi,1.7272727272727273,11,7,4,0,15,zh,1,ok
2347,indextts,sad,002347_indextts_sad.wav,/srv/RL_project/repo/outputs/wav_by_model/indextts/002347_indextts_sad.wav,tann in tua han ah,tann1 in1 tua7 han3 ah4,tann in tua han ah,tann in tua han ah,0.0,5,5,0,0,0,zh,1,ok
2348,indextts,disgusted,002348_indextts_disgusted.wav,/srv/RL_project/repo/outputs/wav/002348_indextts_disgusted.wav,guan tak ni long u tso hue tshuan pai pai kah tau sio kim tsua e hue ik,guan2 tap8 pah4 tsiat4 ni5 long2 u7 tsi2 tso7 san2 tsian3 hue2 tshuan2 u7 pai3 tsian3 pai3 kah4 si3 tau1 san2 io1 i1 kim1 gi7 tsian3 tsua2 a2 e5 hue7 tsian3 ik4 su2,guan tak ni long u tso hue tshuan pai pai kah tau sio kim tsua e hue ik,guan tap pah tsiat ni long u tsi tso san tsian hue tshuan u pai tsian pai kah si tau san io i kim gi tsian tsua a e hue tsian ik su,0.9444444444444444,18,16,2,0,15,zh,1,ok
2349,indextts,happy,002349_indextts_happy.wav,/srv/RL_project/repo/outputs/wav_by_model/indextts/002349_indextts_happy.wav,tai uan tshit gueh e thinn khi tiann tiann u kiong e khi liu pho tuann tso sing hong thai,tai5 uan5 tshit4 gueh8 e5 thinn1 khi3 tiann7 tiann7 u7 kiong5 e5 khi3 liu5 phoo1 tuann1 tso7 sing5 hong7 thai1,tai uan tshit gueh e thinn khi tiann tiann u kiong e khi liu pho tuann tso sing hong thai,tai uan tshit gueh e thinn khi tiann tiann u kiong e khi liu phoo tuann tso sing hong thai,0.05,20,19,1,0,0,zh,1,ok
2350,indextts,surprised,002350_indextts_surprised.wav,/srv/RL_project/repo/outputs/wav_by_model/indextts/002350_indextts_surprised.wav,tsit pai inn a hong thai tua lai tua hoo tik po,tsit4 pai2 inn2 a2 hong1 thai1 tua3 lai5 tua7 hoo7 tit8 poo7,tsit pai inn a hong thai tua lai tua hoo tik po,tsit pai inn a hong thai tua lai tua hoo tit poo,0.16666666666666666,12,10,2,0,0,zh,1,ok
2351,indextts,surprised,002351_indextts_surprised.wav,/srv/RL_project/repo/outputs/wav_by_model/indextts/002351_indextts_surprised.wav,tua hoo i king loh kui lo kang ah,tua7 hoo7 i2 king1 loh8 kui2 lo7 kang1 a2,tua hoo i king loh kui lo kang ah,tua hoo i king loh kui lo kang a,0.1111111111111111,9,8,1,0,0,zh,1,ok
2352,indextts,disgusted,002352_indextts_disgusted.wav,/srv/RL_project/repo/outputs/wav_by_model/indextts/002352_indextts_disgusted.wav,tsiok tse soo tsai leh im tsui,tsiok4 tse7 soo2 tsai7 leh4 in1 tsui2,tsiok tse soo tsai leh im tsui,tsiok tse soo tsai leh in tsui,0.14285714285714285,7,6,1,0,0,zh,1,ok
2353,indextts,disgusted,002353_indextts_disgusted.wav,/srv/RL_project/repo/outputs/wav_by_model/indextts/002353_indextts_disgusted.wav,hak hau ki kuan long pang hong thai ka,hak8 hau7 ki1 kuan1 long2 pang3 hong1 thai1 ka2,hak hau ki kuan long pang hong thai ka,hak hau ki kuan long pang hong thai ka,0.0,9,9,0,0,0,zh,1,ok
2354,indextts,sad,002354_indextts_sad.wav,/srv/RL_project/repo/outputs/wav_by_model/indextts/002354_indextts_sad.wav,gua than hong thai hoo lang phang sio khua thing e si,gua2 than3 hong1 thai1 hoo7 lang3 phang1 sio2 khua2 thing5 e5 si5,gua than hong thai hoo lang phang sio khua thing e si,gua than hong thai hoo lang phang sio khua thing e si,0.0,12,12,0,0,0,zh,1,ok
2355,indextts,neutral,002355_indextts_neutral.wav,/srv/RL_project/repo/outputs/wav_by_model/indextts/002355_indextts_neutral.wav,kin tshuan pai,kin2 tshuan2 pai2,kin tshuan pai,kin tshuan pai,0.0,3,3,0,0,0,zh,1,ok
2356,indextts,angry,002356_indextts_angry.wav,/srv/RL_project/repo/outputs/wav_by_model/indextts/002356_indextts_angry.wav,kin ni nng e tshut gua e tsa boo kiann long bo tng lai,kin1 ni5 nng7 e5 tshut4 gua7 e5 tsa1 boo2 kiann2 long2 bo5 ting2 lai5,kin ni nng e tshut gua e tsa boo kiann long bo tng lai,kin ni nng e tshut gua e tsa boo kiann long bo ting lai,0.07142857142857142,14,13,1,0,0,zh,1,ok
2357,indextts,disgusted,002357_indextts_disgusted.wav,/srv/RL_project/repo/outputs/wav/002357_indextts_disgusted.wav,hue siong gua kah sio ti ti hia khok khok tan,hui7 jian5 siong2 gua2 kah4 su2 hu7 bui1 jian3 ti3 tshit4 ti3 hia1 khoo2 ba7 ian3 khoo2 ba7 jian3 tan2,hue siong gua kah sio ti ti hia khok khok tan,hui jian siong gua kah su hu bui jian ti tshit ti hia khoo ba ian khoo ba jian tan,1.1818181818181819,11,7,4,0,9,zh,1,ok
2358,indextts,sad,002358_indextts_sad.wav,/srv/RL_project/repo/outputs/wav_by_model/indextts/002358_indextts_sad.wav,se kiann ma u ka ki e khia ke ah,se3 kiann2 ma7 u7 ka1 ki7 e5 khia7 ke1 ah4,se kiann ma u ka ki e khia ke ah,se kiann ma u ka ki e khia ke ah,0.0,10,10,0,0,0,zh,1,ok
2359,indextts,angry,002359_indextts_angry.wav,/srv/RL_project/repo/outputs/wav_by_model/indextts/002359_indextts_angry.wav,kan ta tshun gun nng lau e leh pai nia,kan1 tann1 tshun1 gu2 nng7 lau7 e5 le2 pai3 nia5,kan ta tshun gun nng lau e leh pai nia,kan tann tshun gu nng lau e le pai nia,0.3,10,7,3,0,0,zh,1,ok
2360,indextts,angry,002360_indextts_angry.wav,/srv/RL_project/repo/outputs/wav_by_model/indextts/002360_indextts_angry.wav,gun ing kan tan e soo sing le puann kue tsi puann tua mi phau mi kuan thau kiam piann bih luh pai,gun2 ing3 kan2 tan1 e5 soo3 sing1 le2 puann5 kue2 tsi2 puann5 tua7 mi7 phau3 mi7 kuan3 thau5 kiam5 piann2 pi3 lu2 pai3,gun ing kan tan e soo sing le puann kue tsi puann tua mi phau mi kuan thau kiam piann bih luh pai,gun ing kan tan e soo sing le puann kue tsi puann tua mi phau mi kuan thau kiam piann pi lu pai,0.08695652173913043,23,21,2,0,0,zh,1,ok
2361,indextts,sad,002361_indextts_sad.wav,/srv/RL_project/repo/outputs/wav_by_model/indextts/002361_indextts_sad.wav,king i bo kiam,king3 gi2 bo5 kiam2,king i bo kiam,king gi bo kiam,0.25,4,3,1,0,0,zh,1,ok
2362,indextts,angry,002362_indextts_angry.wav,/srv/RL_project/repo/outputs/wav_by_model/indextts/002362_indextts_angry.wav,huai siong i jian,huai5 siong2 i5 jian5,huai siong i jian,huai siong i jian,0.0,4,4,0,0,0,zh,1,ok
2363,indextts,angry,002363_indextts_angry.wav,/srv/RL_project/repo/outputs/wav_by_model/indextts/002363_indextts_angry.wav,gua tsiau le hip tsit tiunn siong phinn tso ki liam,gua2 tsiah4 leh4 hit4 tsit8 tiunn1 siau3 phinn3 tso3 ki3 liam7,gua tsiau le hip tsit tiunn siong phinn tso ki liam,gua tsiah leh hit tsit tiunn siau phinn tso ki liam,0.36363636363636365,11,7,4,0,0,zh,1,ok
2364,indextts,sad,002364_indextts_sad.wav,/srv/RL_project/repo/outputs/wav_by_model/indextts/002364_indextts_sad.wav,siunn beh lau ha tshin tsing,siunn7 beh4 lau5 hap8 tshin1 tsing5,siunn beh lau ha tshin tsing,siunn beh lau hap tshin tsing,0.16666666666666666,6,5,1,0,0,zh,1,ok
2365,indextts,sad,002365_indextts_sad.wav,/srv/RL_project/repo/outputs/wav_by_model/indextts/002365_indextts_sad.wav,ti tshit gueh si a pai koo hun ia kui soo hing sing e kui gueh,ti7 tshit4 gueh8 si5 a2 pai3 ko3 hun1 ia2 kui2 soo2 hing5 sing5 e5 kui2 gueh8,ti tshit gueh si a pai koo hun ia kui soo hing sing e kui gueh,ti tshit gueh si a pai ko hun ia kui soo hing sing e kui gueh,0.0625,16,15,1,0,0,zh,1,ok
2366,indextts,fearful,002366_indextts_fearful.wav,/srv/RL_project/repo/outputs/wav_by_model/indextts/002366_indextts_fearful.wav,ma u lang iong bok lian kiu bo e koo su lai suan to hau sun e hau tshin gueh,ma2 u7 lang5 iong7 bok8 lian5 kiu3 bo2 e5 koo3 su7 lai5 suan2 toh8 hau3 sun5 e5 hau3 tshing1 ue2,ma u lang iong bok lian kiu bo e koo su lai suan to hau sun e hau tshin gueh,ma u lang iong bok lian kiu bo e koo su lai suan toh hau sun e hau tshing ue,0.15,20,17,3,0,0,zh,1,ok
2367,indextts,happy,002367_indextts_happy.wav,/srv/RL_project/repo/outputs/wav_by_model/indextts/002367_indextts_happy.wav,long si tsok kun bun hua e sia hue kau iok,long2 si7 tsok8 khun5 bun5 hua3 e5 sia7 hue7 kau3 iok8,long si tsok kun bun hua e sia hue kau iok,long si tsok khun bun hua e sia hue kau iok,0.09090909090909091,11,10,1,0,0,zh,1,ok
2368,indextts,neutral,002368_indextts_neutral.wav,/srv/RL_project/repo/outputs/wav_by_model/indextts/002368_indextts_neutral.wav,tan beh kinn tsin ku bo kinn bin e hiann tse,tan2 beh4 kinn3 tsin1 ku2 bo5 kinn3 bin7 e5 hiann1 tse2,tan beh kinn tsin ku bo kinn bin e hiann tse,tan beh kinn tsin ku bo kinn bin e hiann tse,0.0,11,11,0,0,0,zh,1,ok
2369,indextts,fearful,002369_indextts_fearful.wav,/srv/RL_project/repo/outputs/wav_by_model/indextts/002369_indextts_fearful.wav,gua ti hu bu iunn siunn tsi ha,gua2 ti7 hu7 bu2 in1 siunn1 tsi1 ha7,gua ti hu bu iunn siunn tsi ha,gua ti hu bu in siunn tsi ha,0.125,8,7,1,0,0,zh,1,ok
2370,indextts,sad,002370_indextts_sad.wav,/srv/RL_project/repo/outputs/wav_by_model/indextts/002370_indextts_sad.wav,ping bo lo han kha a kah bok lian kiu bo e koo su,ping7 bo5 loh8 han3 kha1 a2 kah4 bok8 lian5 kiu3 bo2 e5 koo3 su7,ping bo lo han kha a kah bok lian kiu bo e koo su,ping bo loh han kha a kah bok lian kiu bo e koo su,0.07142857142857142,14,13,1,0,0,zh,1,ok
2371,indextts,happy,002371_indextts_happy.wav,/srv/RL_project/repo/outputs/wav_by_model/indextts/002371_indextts_happy.wav,kan tann u gun tik piat e ka ting tsing i e khi bi kah kau kau e tshin tsing,kan1 na1 u7 gun2 tik8 piat8 e5 ka1 ting5 tsing5 gi7 e5 khi3 bi7 kah4 kau7 kau7 e5 tshin1 tsing5,kan tann u gun tik piat e ka ting tsing i e khi bi kah kau kau e tshin tsing,kan na u gun tik piat e ka ting tsing gi e khi bi kah kau kau e tshin tsing,0.1,20,18,2,0,0,zh,1,ok
2372,indextts,fearful,002372_indextts_fearful.wav,/srv/RL_project/repo/outputs/wav/002372_indextts_fearful.wav,m koh tsu gua tsai iann penn poo tsok liau au,m7 tshi5 lian2 koh4 si2 tsu7 tshi7 gua2 tsai7 i1 tsian3 iann2 a2 peh8 bu7 tsian3 poo7 i1 tsian3 tsok8 pa1 liau2 o3 jian5 au7 tshi7,m koh tsu gua tsai iann penn poo tsok liau au,m tshi lian koh si tsu tshi gua tsai i tsian iann a peh bu tsian poo i tsian tsok pa liau o jian au tshi,1.4545454545454546,11,10,1,0,15,zh,1,ok
2373,indextts,sad,002373_indextts_sad.wav,/srv/RL_project/repo/outputs/wav_by_model/indextts/002373_indextts_sad.wav,tshit gueh si a pai pai hoo gua siong pang bue li e iau si hong khi biat e penn poo tsok kah tai uan tsoo ling alid,tshit4 gueh8 si5 a2 pai3 pai3 hoo7 gua2 siong7 pang3 gueh8 li7 e5 iah4 si7 hong5 khi1 bit8 e5 pe5 poo1 tsok8 kah4 tai5 uan5 tsoo2 ling5 e5 li2,tshit gueh si a pai pai hoo gua siong pang bue li e iau si hong khi biat e penn poo tsok kah tai uan tsoo ling alid,tshit gueh si a pai pai hoo gua siong pang gueh li e iah si hong khi bit e pe poo tsok kah tai uan tsoo ling e li,0.21428571428571427,28,23,5,0,1,zh,1,ok
2374,indextts,happy,002374_indextts_happy.wav,/srv/RL_project/repo/outputs/wav_by_model/indextts/002374_indextts_happy.wav,gua put si leh siunn,gua2 put4 si5 leh4 siunn7,gua put si leh siunn,gua put si leh siunn,0.0,5,5,0,0,0,zh,1,ok
2375,indextts,disgusted,002375_indextts_disgusted.wav,/srv/RL_project/repo/outputs/wav/002375_indextts_disgusted.wav,kam kan tann ti penn poo ia tse tsiah e tang tshiau tshue tioh hit sut a penn poo tai uan lang e kin ku,kam2 a2 ka7 tsng3 tah8 it4 tit8 tshi2 penn7 u7 tsian3 poo7 i1 e5 gi2 tshi2 gian5 tse3 san2 tsap8 si3 e7 tshi1 ian7 tang3 tshiau1 i1 tsian3 tshue1 tsi1 liok8 pah4 siau3 si5 it4 tshit4 pah4 u7 tsian3 poo7 e7 lian5 lang5 e5 lang5 tsian3 lang5 e7 king1 jian2 kai3,kam kan tann ti penn poo ia tse tsiah e tang tshiau tshue tioh hit sut a penn poo tai uan lang e kin ku,kam a ka tsng tah it tit tshi penn u tsian poo i e gi tshi gian tse san tsap si e tshi ian tang tshiau i tsian tshue tsi liok pah siau si it tshit pah u tsian poo e lian lang e lang tsian lang e king jian kai,1.6,25,11,14,0,26,zh,1,ok
2376,indextts,fearful,002376_indextts_fearful.wav,/srv/RL_project/repo/outputs/wav_by_model/indextts/002376_indextts_fearful.wav,gua su iau u li sing e kok ka jin tong,gua2 su1 iau3 u7 li2 sing3 e5 kok4 ka1 jin7 tong5,gua su iau u li sing e kok ka jin tong,gua su iau u li sing e kok ka jin tong,0.0,11,11,0,0,0,zh,1,ok
2377,indextts,disgusted,002377_indextts_disgusted.wav,/srv/RL_project/repo/outputs/wav_by_model/indextts/002377_indextts_disgusted.wav,penn poo tai uan lang tsiah u khah tua e un sim,peh8 po3 tai5 uan5 lang5 tsiah4 u7 khah4 tua7 e5 un2 sim1,penn poo tai uan lang tsiah u khah tua e un sim,peh po tai uan lang tsiah u khah tua e un sim,0.16666666666666666,12,10,2,0,0,zh,1,ok
2378,indextts,surprised,002378_indextts_surprised.wav,/srv/RL_project/repo/outputs/wav_by_model/indextts/002378_indextts_surprised.wav,kah tan beh tshing hit nia sin sann e sim tsing,kah4 tan2 beh4 tshing7 hit4 nia2 sin1 sai3 e5 sim1 tsing5,kah tan beh tshing hit nia sin sann e sim tsing,kah tan beh tshing hit nia sin sai e sim tsing,0.09090909090909091,11,10,1,0,0,zh,1,ok
2379,indextts,angry,002379_indextts_angry.wav,/srv/RL_project/repo/outputs/wav/002379_indextts_angry.wav,tann khuan king hu ju ah,tah4 it4 tsian1 siau1 si5 uan5 u7 tsian3 kin1 khu3 ian3 ju2 tshi2 tsian3 a2 si2,tann khuan king hu ju ah,tah it tsian siau si uan u tsian kin khu ian ju tshi tsian a si,2.5,6,1,5,0,10,zh,1,ok
2380,indextts,fearful,002380_indextts_fearful.wav,/srv/RL_project/repo/outputs/wav_by_model/indextts/002380_indextts_fearful.wav,tshing sin sann i king bo siann hi han,tshin3 sin1 sann1 i2 king1 bo5 siann2 hi1 han2,tshing sin sann i king bo siann hi han,tshin sin sann i king bo siann hi han,0.1111111111111111,9,8,1,0,0,zh,1,ok
2381,indextts,happy,002381_indextts_happy.wav,/srv/RL_project/repo/outputs/wav_by_model/indextts/002381_indextts_happy.wav,gua e pe bu ma bo ti leh ah,gua2 e5 pe7 bu2 ma7 bo5 ti7 leh4 ah4,gua e pe bu ma bo ti leh ah,gua e pe bu ma bo ti leh ah,0.0,9,9,0,0,0,zh,1,ok
2382,indextts,neutral,002382_indextts_neutral.wav,/srv/RL_project/repo/outputs/wav_by_model/indextts/002382_indextts_neutral.wav,m koh tak ni gua long iau leh pai,m7 koh4 tak8 ni5 gua2 long2 iau2 leh4 pai3,m koh tak ni gua long iau leh pai,m koh tak ni gua long iau leh pai,0.0,9,9,0,0,0,zh,1,ok
2383,indextts,fearful,002383_indextts_fearful.wav,/srv/RL_project/repo/outputs/wav_by_model/indextts/002383_indextts_fearful.wav,goo bun tsiong sann,goo7 pun1 tsiong1 sann1,goo bun tsiong sann,goo pun tsiong sann,0.25,4,3,1,0,0,zh,1,ok
2384,indextts,disgusted,002384_indextts_disgusted.wav,/srv/RL_project/repo/outputs/wav_by_model/indextts/002384_indextts_disgusted.wav,luan tsing a,luan7 tsing1 a2,luan tsing a,luan tsing a,0.0,3,3,0,0,0,zh,1,ok
2385,indextts,neutral,002385_indextts_neutral.wav,/srv/RL_project/repo/outputs/wav_by_model/indextts/002385_indextts_neutral.wav,tso to su m si bo king giam,tso3 to7 su1 m7 si7 bo5 king1 giam7,tso to su m si bo king giam,tso to su m si bo king giam,0.0,8,8,0,0,0,zh,1,ok
2386,indextts,happy,002386_indextts_happy.wav,/srv/RL_project/repo/outputs/wav_by_model/indextts/002386_indextts_happy.wav,put ji ko,put4 li2 ko2,put ji ko,put li ko,0.3333333333333333,3,2,1,0,0,zh,1,ok
2387,indextts,fearful,002387_indextts_fearful.wav,/srv/RL_project/repo/outputs/wav/002387_indextts_fearful.wav,ka tsheh goo lak tang thau pai tng tioh lim bun tsing tsit khuan gin a,ka3 tsing2 tsheh4 si1 goo7 tshi7 lak8 pah4 tang1 thau5 u1 tsian3 pai2 tng2 tshi2 jian3 tioh8 pa1 ling1 u5 bun5 jian3 tsing1 i2 tsit4 si3 tshing1 siau3 si5 uan1 o3 kin1 tsian3 ah4,ka tsheh goo lak tang thau pai tng tioh lim bun tsing tsit khuan gin a,ka tsing tsheh si goo tshi lak pah tang thau u tsian pai tng tshi jian tioh pa ling u bun jian tsing i tsit si tshing siau si uan o kin tsian ah,1.375,16,12,4,0,18,zh,1,ok
2388,indextts,neutral,002388_indextts_neutral.wav,/srv/RL_project/repo/outputs/wav_by_model/indextts/002388_indextts_neutral.wav,tsit e si ni e tsa poo gin a,tsit4 e5 si3 ni5 e5 tsa1 poo1 gin2 a2,tsit e si ni e tsa poo gin a,tsit e si ni e tsa poo gin a,0.0,9,9,0,0,0,zh,1,ok
2389,indextts,happy,002389_indextts_happy.wav,/srv/RL_project/repo/outputs/wav_by_model/indextts/002389_indextts_happy.wav,lang senn tso su bun su bun,lang5 senn1 tso3 su1 bun5 su1 bun5,lang senn tso su bun su bun,lang senn tso su bun su bun,0.0,7,7,0,0,0,zh,1,ok
2390,indextts,neutral,002390_indextts_neutral.wav,/srv/RL_project/repo/outputs/wav_by_model/indextts/002390_indextts_neutral.wav,phinn bak tshui ling ling ling,phinn7 ma1 tshui3 ling5 ling5 ling5,phinn bak tshui ling ling ling,phinn ma tshui ling ling ling,0.16666666666666666,6,5,1,0,0,zh,1,ok
2391,indextts,angry,002391_indextts_angry.wav,/srv/RL_project/repo/outputs/wav/002391_indextts_angry.wav,kan tann tsit poo bai,kan1 tsiat4 tann1 i1 tsip4 a2 jian3 phoo1 tshit4 bai2,kan tann tsit poo bai,kan tsiat tann i tsip a jian phoo tshit bai,1.4,5,3,2,0,5,zh,1,ok
2392,indextts,disgusted,002392_indextts_disgusted.wav,/srv/RL_project/repo/outputs/wav_by_model/indextts/002392_indextts_disgusted.wav,hinn a tau tsoo thiann khi,hinn5 a2 tau2 tso3 thiann1 khi3,hinn a tau tsoo thiann khi,hinn a tau tso thiann khi,0.16666666666666666,6,5,1,0,0,zh,1,ok
2393,indextts,disgusted,002393_indextts_disgusted.wav,/srv/RL_project/repo/outputs/wav_by_model/indextts/002393_indextts_disgusted.wav,tsit khuan senn tiunn e gin a,tsit4 khuan2 senn1 tiu7 e5 gin2 a2,tsit khuan senn tiunn e gin a,tsit khuan senn tiu e gin a,0.14285714285714285,7,6,1,0,0,zh,1,ok
2394,indextts,fearful,002394_indextts_fearful.wav,/srv/RL_project/repo/outputs/wav_by_model/indextts/002394_indextts_fearful.wav,thau pai khuann tioh,thau5 pai2 khuann3 tioh8,thau pai khuann tioh,thau pai khuann tioh,0.0,4,4,0,0,0,zh,1,ok
2395,indextts,disgusted,002395_indextts_disgusted.wav,/srv/RL_project/repo/outputs/wav_by_model/indextts/002395_indextts_disgusted.wav,tsok tsia tan kim sun,tsok4 tsia2 tan5 kim1 sun7,tsok tsia tan kim sun,tsok tsia tan kim sun,0.0,5,5,0,0,0,zh,1,ok
2396,indextts,happy,002396_indextts_happy.wav,/srv/RL_project/repo/outputs/wav/002396_indextts_happy.wav,han leh u lang bo kah i,han2 leh4 si3 u7 tsit8 lang5 bo5 kah4 si3 lian7 li7,han leh u lang bo kah i,han leh si u tsit lang bo kah si lian li,0.7142857142857143,7,6,1,0,4,zh,1,ok
2397,indextts,angry,002397_indextts_angry.wav,/srv/RL_project/repo/outputs/wav_by_model/indextts/002397_indextts_angry.wav,sua loh lai m bian sann hun tsing,sua3 loh8 lai5 m7 bian2 sann1 hun1 tsing1,sua loh lai m bian sann hun tsing,sua loh lai m bian sann hun tsing,0.0,8,8,0,0,0,zh,1,ok
2398,indextts,angry,002398_indextts_angry.wav,/srv/RL_project/repo/outputs/wav_by_model/indextts/002398_indextts_angry.wav,i sui hian tshut guan hing,i1 sui5 hian3 tshut4 guan5 hing5,i sui hian tshut guan hing,i sui hian tshut guan hing,0.0,6,6,0,0,0,zh,1,ok
2399,indextts,surprised,002399_indextts_surprised.wav,/srv/RL_project/repo/outputs/wav_by_model/indextts/002399_indextts_surprised.wav,liam mi ka tsuan pan tsit puann khah ke e tsa boo gin a giu thau tsang,liam5 mi1 ka3 tsuan5 pan1 tsit8 puann3 khah4 ke1 e5 tsa1 boo2 gin2 a2 kiu2 thau5 tsang1,liam mi ka tsuan pan tsit puann khah ke e tsa boo gin a giu thau tsang,liam mi ka tsuan pan tsit puann khah ke e tsa boo gin a kiu thau tsang,0.058823529411764705,17,16,1,0,0,zh,1,ok
2400,indextts,sad,002400_indextts_sad.wav,/srv/RL_project/repo/outputs/wav_by_model/indextts/002400_indextts_sad.wav,liam mi ka tsheh pun ia kah kui thoo kha,liam5 mi1 kah4 tshe2 pun2 iah8 kah4 kui1 thoo5 kha1,liam mi ka tsheh pun ia kah kui thoo kha,liam mi kah tshe pun iah kah kui thoo kha,0.3,10,7,3,0,0,zh,1,ok
2401,indextts,disgusted,002401_indextts_disgusted.wav,/srv/RL_project/repo/outputs/wav/002401_indextts_disgusted.wav,kio i ka tong oh hue sit le,kio5 san2 it4 kah4 tshi7 tong5 tsian3 o3 ba2 siau3 si5 ui7 tsi1 jian7 si3 jian7 leh4,kio i ka tong oh hue sit le,kio san it kah tshi tong tsian o ba siau si ui tsi jian si jian leh,1.875,8,2,6,0,9,zh,1,ok
2402,indextts,sad,002402_indextts_sad.wav,/srv/RL_project/repo/outputs/wav_by_model/indextts/002402_indextts_sad.wav,i tsau hoo li jiok,i1 tsau2 hoo7 li2 lioh4,i tsau hoo li jiok,i tsau hoo li lioh,0.2,5,4,1,0,0,zh,1,ok
2403,indextts,happy,002403_indextts_happy.wav,/srv/RL_project/repo/outputs/wav_by_model/indextts/002403_indextts_happy.wav,huah i ka tsheh khioh khi lai pai hoo tse tsing,huah4 i1 ka7 tsheh4 khioh4 khi2 lai5 pai5 hoo7 tse7 tsing2,huah i ka tsheh khioh khi lai pai hoo tse tsing,huah i ka tsheh khioh khi lai pai hoo tse tsing,0.0,11,11,0,0,0,zh,1,ok
2404,indextts,fearful,002404_indextts_fearful.wav,/srv/RL_project/repo/outputs/wav/002404_indextts_fearful.wav,i kui khi onn onn kio,i1 kui1 tsian3 khi3 san1 oo1 i1 tsian3 oo1 i1 tsian3 kio3 san1,i kui khi onn onn kio,i kui tsian khi san oo i tsian oo i tsian kio san,1.5,6,4,2,0,7,zh,1,ok
2405,indextts,happy,002405_indextts_happy.wav,/srv/RL_project/repo/outputs/wav_by_model/indextts/002405_indextts_happy.wav,tshiunn he m tsiann siann tiau e kua hoo li thiann,tshiu2 he1 m7 tsiann5 sia5 tiau5 e5 kua1 hoo7 li2 thiann1,tshiunn he m tsiann siann tiau e kua hoo li thiann,tshiu he m tsiann sia tiau e kua hoo li thiann,0.18181818181818182,11,9,2,0,0,zh,1,ok
2406,indextts,sad,002406_indextts_sad.wav,/srv/RL_project/repo/outputs/wav_by_model/indextts/002406_indextts_sad.wav,liang liang liang,liang1 liang1 liang1,liang liang liang,liang liang liang,0.0,3,3,0,0,0,zh,1,ok
2407,indextts,disgusted,002407_indextts_disgusted.wav,/srv/RL_project/repo/outputs/wav_by_model/indextts/002407_indextts_disgusted.wav,khai hak kui le pai,khai1 hak8 kui2 le2 pai3,khai hak kui le pai,khai hak kui le pai,0.0,5,5,0,0,0,zh,1,ok
2408,indextts,surprised,002408_indextts_surprised.wav,/srv/RL_project/repo/outputs/wav_by_model/indextts/002408_indextts_surprised.wav,bun tsing tak jit to ti to puann tiam tsing khah ke,bun5 tsing1 tak8 jit8 to1 ti7 to3 puann3 tiam2 tsing1 khah4 ke7,bun tsing tak jit to ti to puann tiam tsing khah ke,bun tsing tak jit to ti to puann tiam tsing khah ke,0.0,12,12,0,0,0,zh,1,ok
2409,indextts,angry,002409_indextts_angry.wav,/srv/RL_project/repo/outputs/wav_by_model/indextts/002409_indextts_angry.wav,siok tsu ho tshui mng i guan in,siok4 tsu1 ho2 tshui3 mng7 i1 guan5 in1,siok tsu ho tshui mng i guan in,siok tsu ho tshui mng i guan in,0.0,8,8,0,0,0,zh,1,ok
2410,indextts,surprised,002410_indextts_surprised.wav,/srv/RL_project/repo/outputs/wav_by_model/indextts/002410_indextts_surprised.wav,i e tua lui bak tsiu tiam tiam liah siok tsu khuann sann bio tsing,i1 e5 tua7 lui2 bak8 tsiu1 tiam7 tiam7 liah8 siok4 tsu1 khuann3 sann1 bio2 tsing1,i e tua lui bak tsiu tiam tiam liah siok tsu khuann sann bio tsing,i e tua lui bak tsiu tiam tiam liah siok tsu khuann sann bio tsing,0.0,15,15,0,0,0,zh,1,ok
2411,indextts,disgusted,002411_indextts_disgusted.wav,/srv/RL_project/repo/outputs/wav_by_model/indextts/002411_indextts_disgusted.wav,sua loh phak tam tsheh toh a ting ke khun,sua3 loh8 phak8 kam2 tsheh4 toh4 a2 ting2 ke2 khun3,sua loh phak tam tsheh toh a ting ke khun,sua loh phak kam tsheh toh a ting ke khun,0.1,10,9,1,0,0,zh,1,ok
2412,indextts,fearful,002412_indextts_fearful.wav,/srv/RL_project/repo/outputs/wav_by_model/indextts/002412_indextts_fearful.wav,m thang liah tsun i hinn khang u khah su,m7 thang1 liah8 tsun2 i1 hinn7 khang1 u7 khak4 su1,m thang liah tsun i hinn khang u khah su,m thang liah tsun i hinn khang u khak su,0.1,10,9,1,0,0,zh,1,ok
2413,indextts,fearful,002413_indextts_fearful.wav,/srv/RL_project/repo/outputs/wav_by_model/indextts/002413_indextts_fearful.wav,pian na e poo si tiam,pian7 na7 e7 poo1 si3 tiam2,pian na e poo si tiam,pian na e poo si tiam,0.0,6,6,0,0,0,zh,1,ok
2414,indextts,angry,002414_indextts_angry.wav,/srv/RL_project/repo/outputs/wav_by_model/indextts/002414_indextts_angry.wav,suann oh tsing a siann tan,suah4 oh8 tsing5 a2 sia2 tan5,suann oh tsing a siann tan,suah oh tsing a sia tan,0.3333333333333333,6,4,2,0,0,zh,1,ok
2415,indextts,surprised,002415_indextts_surprised.wav,/srv/RL_project/repo/outputs/wav_by_model/indextts/002415_indextts_surprised.wav,tan bo sann siann,tan7 bo5 sann1 siann1,tan bo sann siann,tan bo sann siann,0.0,4,4,0,0,0,zh,1,ok
2416,indextts,angry,002416_indextts_angry.wav,/srv/RL_project/repo/outputs/wav_by_model/indextts/002416_indextts_angry.wav,i bo kong bo tann sui tsau kah bo khuann lang iann,i1 bo5 kong2 bo5 tau3 sui5 tsau2 kau3 bo5 khuann3 lang5 iann2,i bo kong bo tann sui tsau kah bo khuann lang iann,i bo kong bo tau sui tsau kau bo khuann lang iann,0.16666666666666666,12,10,2,0,0,zh,1,ok
2417,indextts,angry,002417_indextts_angry.wav,/srv/RL_project/repo/outputs/wav_by_model/indextts/002417_indextts_angry.wav,luan tsing a tan sann siann,luan7 tsing1 a2 tan5 sann1 sia7,luan tsing a tan sann siann,luan tsing a tan sann sia,0.16666666666666666,6,5,1,0,0,zh,1,ok
2418,indextts,happy,002418_indextts_happy.wav,/srv/RL_project/repo/outputs/wav_by_model/indextts/002418_indextts_happy.wav,siok tsu mng hak sing,sioh4 tsu1 mng5 hak8 sing1,siok tsu mng hak sing,sioh tsu mng hak sing,0.2,5,4,1,0,0,zh,1,ok
2419,indextts,sad,002419_indextts_sad.wav,/srv/RL_project/repo/outputs/wav_by_model/indextts/002419_indextts_sad.wav,kam u lang tsai iann bun tsing tshu lai e tsing hing,kam2 u7 lang5 tsai1 iann2 bun5 tsing1 tshu3 lai7 e5 tsing1 hing5,kam u lang tsai iann bun tsing tshu lai e tsing hing,kam u lang tsai iann bun tsing tshu lai e tsing hing,0.0,12,12,0,0,0,zh,1,ok
2420,indextts,surprised,002420_indextts_surprised.wav,/srv/RL_project/repo/outputs/wav_by_model/indextts/002420_indextts_surprised.wav,tit tioh tsit khuan hue ing,tit4 tioh8 tsit4 khuan2 hue1 ing3,tit tioh tsit khuan hue ing,tit tioh tsit khuan hue ing,0.0,6,6,0,0,0,zh,1,ok
2421,indextts,neutral,002421_indextts_neutral.wav,/srv/RL_project/repo/outputs/wav_by_model/indextts/002421_indextts_neutral.wav,lau su hit e luan tsing a siau siau,lau7 su1 hit4 e5 luan7 tsing5 a2 siau2 siau2,lau su hit e luan tsing a siau siau,lau su hit e luan tsing a siau siau,0.0,9,9,0,0,0,zh,1,ok
2422,indextts,sad,002422_indextts_sad.wav,/srv/RL_project/repo/outputs/wav_by_model/indextts/002422_indextts_sad.wav,mai tshap i lah,mai3 tshap4 i1 lah4,mai tshap i lah,mai tshap i lah,0.0,4,4,0,0,0,zh,1,ok
2423,indextts,fearful,002423_indextts_fearful.wav,/srv/RL_project/repo/outputs/wav_by_model/indextts/002423_indextts_fearful.wav,beh an tsuann mai tshap i,beh4 an2 tsuann2 mai3 tshah4 bih4,beh an tsuann mai tshap i,beh an tsuann mai tshah bih,0.3333333333333333,6,4,2,0,0,zh,1,ok
2424,indextts,disgusted,002424_indextts_disgusted.wav,/srv/RL_project/repo/outputs/wav_by_model/indextts/002424_indextts_disgusted.wav,siok tsu am siunn,sioh4 tso3 an3 siunn7,siok tsu am siunn,sioh tso an siunn,0.75,4,1,3,0,0,zh,1,ok
2425,indextts,sad,002425_indextts_sad.wav,/srv/RL_project/repo/outputs/wav/002425_indextts_sad.wav,lin tsia e gin a e tang mai tshap i,lin2 tsia1 i1 tsi2 ian2 e7 kin2 tsian3 na2 e5 tshi5 jian2 tang3 mai3 tshap4 si2 jian7 i1,lin tsia e gin a e tang mai tshap i,lin tsia i tsi ian e kin tsian na e tshi jian tang mai tshap si jian i,1.0,10,8,2,0,8,zh,1,ok
2426,indextts,angry,002426_indextts_angry.wav,/srv/RL_project/repo/outputs/wav/002426_indextts_angry.wav,gua tso lau su lang,gua2 tso3 san2 lau7 tshi7 tsian3 su2 lang5,gua tso lau su lang,gua tso san lau tshi tsian su lang,0.6,5,5,0,0,3,zh,1,ok
2427,indextts,neutral,002427_indextts_neutral.wav,/srv/RL_project/repo/outputs/wav_by_model/indextts/002427_indextts_neutral.wav,bo hit e khuan li mai tshap i,bo5 hit4 e5 khuan5 li7 mai3 tshap4 i1,bo hit e khuan li mai tshap i,bo hit e khuan li mai tshap i,0.0,8,8,0,0,0,zh,1,ok
2428,indextts,disgusted,002428_indextts_disgusted.wav,/srv/RL_project/repo/outputs/wav_by_model/indextts/002428_indextts_disgusted.wav,tshian bin e siok tsu kin me jih tiau,tshenn2 ping5 e5 siok4 tsu1 kin2 be2 ji7 tiau7,tshian bin e siok tsu kin me jih tiau,tshenn ping e siok tsu kin be ji tiau,0.4444444444444444,9,5,4,0,0,zh,1,ok
2429,indextts,disgusted,002429_indextts_disgusted.wav,/srv/RL_project/repo/outputs/wav_by_model/indextts/002429_indextts_disgusted.wav,siok tsu hian khui hak tsik tsu liau,siok4 tsu1 hian7 khui1 hak8 tsik4 tsu1 liau7,siok tsu hian khui hak tsik tsu liau,siok tsu hian khui hak tsik tsu liau,0.0,8,8,0,0,0,zh,1,ok
2430,indextts,sad,002430_indextts_sad.wav,/srv/RL_project/repo/outputs/wav_by_model/indextts/002430_indextts_sad.wav,siunn beh kha tian ue hoo bun tsing e si tua lang,siunn7 beh4 kha3 tian7 ue7 hoo7 bun5 tsing1 e5 si7 tua7 lang5,siunn beh kha tian ue hoo bun tsing e si tua lang,siunn beh kha tian ue hoo bun tsing e si tua lang,0.0,12,12,0,0,0,zh,1,ok
2431,indextts,happy,002431_indextts_happy.wav,/srv/RL_project/repo/outputs/wav_by_model/indextts/002431_indextts_happy.wav,ting bin suah bo lau puann ki tian ue huan,ting2 bin7 suah4 bo5 lau5 puann3 ki1 tian7 ue7 huan1,ting bin suah bo lau puann ki tian ue huan,ting bin suah bo lau puann ki tian ue huan,0.0,10,10,0,0,0,zh,1,ok
2432,indextts,fearful,002432_indextts_fearful.wav,/srv/RL_project/repo/outputs/wav_by_model/indextts/002432_indextts_fearful.wav,hit jit suann oh,hit4 tit8 suann3 oh8,hit jit suann oh,hit tit suann oh,0.25,4,3,1,0,0,zh,1,ok
2433,indextts,surprised,002433_indextts_surprised.wav,/srv/RL_project/repo/outputs/wav_by_model/indextts/002433_indextts_surprised.wav,soo u hak sing li khui kau sik liau au,soo2 u7 hak8 sing1 li7 khui1 kau3 sik4 liau2 au7,soo u hak sing li khui kau sik liau au,soo u hak sing li khui kau sik liau au,0.0,10,10,0,0,0,zh,1,ok
2434,indextts,disgusted,002434_indextts_disgusted.wav,/srv/RL_project/repo/outputs/wav_by_model/indextts/002434_indextts_disgusted.wav,i ka bun tsing in tau e te tsi tshau tiam tshiu tsi phoo a,i1 ka7 bun5 tsing1 in1 tau1 e5 te7 tsi3 tshau1 tiam3 tshiu2 tsi2 phoo7 a2,i ka bun tsing in tau e te tsi tshau tiam tshiu tsi phoo a,i ka bun tsing in tau e te tsi tshau tiam tshiu tsi phoo a,0.0,15,15,0,0,0,zh,1,ok
2435,indextts,fearful,002435_indextts_fearful.wav,/srv/RL_project/repo/outputs/wav/002435_indextts_fearful.wav,thinn loh sap sap a hoo,thinn1 loh8 su1 pa1 e5 phi5 ba7 jian5 seh8 ba2 jian5 e5 tsiah4 ha2 tshi7,thinn loh sap sap a hoo,thinn loh su pa e phi ba jian seh ba jian e tsiah ha tshi,2.1666666666666665,6,2,4,0,9,zh,1,ok
2436,indextts,disgusted,002436_indextts_disgusted.wav,/srv/RL_project/repo/outputs/wav_by_model/indextts/002436_indextts_disgusted.wav,siok tsu tian khui hit ki hun ang sik e nng tsat hoo suann,siok4 tsu7 tian2 khui1 hit4 ki1 hun2 ang5 sik4 e5 nng7 tsat4 hoo7 suann3,siok tsu tian khui hit ki hun ang sik e nng tsat hoo suann,siok tsu tian khui hit ki hun ang sik e nng tsat hoo suann,0.0,14,14,0,0,0,zh,1,ok
2437,indextts,fearful,002437_indextts_fearful.wav,/srv/RL_project/repo/outputs/wav/002437_indextts_fearful.wav,iong poo lian e kiann tshut hau mng,iong7 tsit8 poo7 tsi1 tsian7 lian2 tsian7 e5 kiann1 u7 tsian3 tshut4 tsi2 kong1 tshing7 u1 tsi1 tsian3 mng5 u7,iong poo lian e kiann tshut hau mng,iong tsit poo tsi tsian lian tsian e kiann u tsian tshut tsi kong tshing u tsi tsian mng u,1.625,8,7,1,0,12,zh,1,ok
2438,indextts,neutral,002438_indextts_neutral.wav,/srv/RL_project/repo/outputs/wav/002438_indextts_neutral.wav,i ti hau mng khau tng tioh the tai ik tsun lam,i1 ti1 kong1 tshing3 u7 tshi2 jian3 mng5 u7 jian3 khau2 a2 tng5 tshi2 jian3 tioh8 ba5 the5 san1 jian3 tai7 tshi1 jian3 i1 a2 e5 pa1 tsun5 san1 jian3 lam5 u7,i ti hau mng khau tng tioh the tai ik tsun lam,i ti kong tshing u tshi jian mng u jian khau a tng tshi jian tioh ba the san jian tai tshi jian i a e pa tsun san jian lam u,1.8333333333333333,12,10,2,0,20,zh,1,ok
2439,indextts,angry,002439_indextts_angry.wav,/srv/RL_project/repo/outputs/wav_by_model/indextts/002439_indextts_angry.wav,i lu tshui se tshiu bin kua tshing sann khoo,i1 lu3 tshui3 se2 tshiu2 bin7 kua2 tshing3 sang3 khoo2,i lu tshui se tshiu bin kua tshing sann khoo,i lu tshui se tshiu bin kua tshing sang khoo,0.1,10,9,1,0,0,zh,1,ok
2440,indextts,surprised,002440_indextts_surprised.wav,/srv/RL_project/repo/outputs/wav_by_model/indextts/002440_indextts_surprised.wav,tsun lam ho le sio tsioh mng,tsun3 lam5 ho2 le2 sio1 tsioh4 mng7,tsun lam ho le sio tsioh mng,tsun lam ho le sio tsioh mng,0.0,7,7,0,0,0,zh,1,ok
2441,indextts,happy,002441_indextts_happy.wav,/srv/RL_project/repo/outputs/wav/002441_indextts_happy.wav,siok tsu lau su kin a jit bo khia oo too bai,siok4 si2 jian3 tsu1 lau5 tshi3 lian7 su1 king1 lian3 a2 lian3 li2 ma2 bo5 khia5 u7 e5 e5 toh4 al3 tsian3 bai2,siok tsu lau su kin a jit bo khia oo too bai,siok si jian tsu lau tshi lian su king lian a lian li ma bo khia u e e toh al tsian bai,1.25,12,8,4,0,11,zh,1,ok
2442,indextts,surprised,002442_indextts_surprised.wav,/srv/RL_project/repo/outputs/wav/002442_indextts_surprised.wav,gua beh khi hak sing in tau ka ting hong bun,gua2 beh4 si3 tshian1 siau1 si5 i1 san1 kong1 tshing3 khe1 pa1 lian3 sing5 in1 tau3 i1 ka1 tsian3 thing5 hong7 jian3 bun5 tsi1,gua beh khi hak sing in tau ka ting hong bun,gua beh si tshian siau si i san kong tshing khe pa lian sing in tau i ka tsian thing hong jian bun tsi,1.4545454545454546,11,8,3,0,13,zh,1,ok
2443,indextts,neutral,002443_indextts_neutral.wav,/srv/RL_project/repo/outputs/wav_by_model/indextts/002443_indextts_neutral.wav,siok tsu tshio tshio a hue ing,sioh4 tsu1 tshio3 tshio3 a2 hue5 ing3,siok tsu tshio tshio a hue ing,sioh tsu tshio tshio a hue ing,0.14285714285714285,7,6,1,0,0,zh,1,ok
2444,indextts,disgusted,002444_indextts_disgusted.wav,/srv/RL_project/repo/outputs/wav/002444_indextts_disgusted.wav,kiann tshut hau mng,khia5 five tshu1 hua5 hau7 seven mng5 phainn2,kiann tshut hau mng,khia five tshu hua hau seven mng phainn,1.5,4,2,2,0,4,zh,1,ok
2445,indextts,disgusted,002445_indextts_disgusted.wav,/srv/RL_project/repo/outputs/wav_by_model/indextts/002445_indextts_disgusted.wav,tsiau tshiu tsi phoo a ting bin e te tsi,tsiau3 tshiu2 tsit4 pho7 a2 ting2 bin7 e5 te7 tsi2,tsiau tshiu tsi phoo a ting bin e te tsi,tsiau tshiu tsit pho a ting bin e te tsi,0.2,10,8,2,0,0,zh,1,ok
2446,indextts,angry,002446_indextts_angry.wav,/srv/RL_project/repo/outputs/wav_by_model/indextts/002446_indextts_angry.wav,liong iok tsap thong hun tsing,liong7 iok4 tsap8 thong2 hun1 tsing1,liong iok tsap thong hun tsing,liong iok tsap thong hun tsing,0.0,6,6,0,0,0,zh,1,ok
2447,indextts,sad,002447_indextts_sad.wav,/srv/RL_project/repo/outputs/wav_by_model/indextts/002447_indextts_sad.wav,siok tsu tio tshe tioh bun tsing in tau hit tiau hang a,siok4 tsu1 tioh8 tshe7 tioh8 bun5 tsing1 in1 tau1 hit4 tiau5 hang7 a2,siok tsu tio tshe tioh bun tsing in tau hit tiau hang a,siok tsu tioh tshe tioh bun tsing in tau hit tiau hang a,0.07692307692307693,13,12,1,0,0,zh,1,ok
2448,indextts,neutral,002448_indextts_neutral.wav,/srv/RL_project/repo/outputs/wav_by_model/indextts/002448_indextts_neutral.wav,hit tiau hang a uan uan uat uat am sam am sam,hi2 si7 tiau5 hang7 a2 uan1 uan1 uat4 uat4 am3 san3 am3 san3,hit tiau hang a uan uan uat uat am sam am sam,hi si tiau hang a uan uan uat uat am san am san,0.3333333333333333,12,9,3,0,1,zh,1,ok
2449,indextts,fearful,002449_indextts_fearful.wav,/srv/RL_project/repo/outputs/wav_by_model/indextts/002449_indextts_fearful.wav,nng pai tshu long bo tshiau kue sann tsan lau,nng7 pai5 tshu3 long2 bo5 tshiau1 kue3 sann1 tsan3 lau5,nng pai tshu long bo tshiau kue sann tsan lau,nng pai tshu long bo tshiau kue sann tsan lau,0.0,10,10,0,0,0,zh,1,ok
2450,indextts,happy,002450_indextts_happy.wav,/srv/RL_project/repo/outputs/wav_by_model/indextts/002450_indextts_happy.wav,tsap hun tsing lai ho se liu liu,tsap8 hun1 tsing1 lai5 ho2 se3 liu1 liu1,tsap hun tsing lai ho se liu liu,tsap hun tsing lai ho se liu liu,0.0,8,8,0,0,0,zh,1,ok
2451,indextts,disgusted,002451_indextts_disgusted.wav,/srv/RL_project/repo/outputs/wav_by_model/indextts/002451_indextts_disgusted.wav,khuann e tshut lai tua tiam tsia e tsu hoo,khuann3 e7 tshut4 lai5 tua3 tiam3 tsia1 e5 tsu7 hoo7,khuann e tshut lai tua tiam tsia e tsu hoo,khuann e tshut lai tua tiam tsia e tsu hoo,0.0,10,10,0,0,0,zh,1,ok
2452,indextts,fearful,002452_indextts_fearful.wav,/srv/RL_project/repo/outputs/wav_by_model/indextts/002452_indextts_fearful.wav,tiann tioh tiong ha kai tsan tsiam khah tua bin,tiann7 tioh8 tiong1 hak8 kai1 tsan2 tsiang3 khah4 tua7 bin7,tiann tioh tiong ha kai tsan tsiam khah tua bin,tiann tioh tiong hak kai tsan tsiang khah tua bin,0.2,10,8,2,0,0,zh,1,ok
2453,indextts,disgusted,002453_indextts_disgusted.wav,/srv/RL_project/repo/outputs/wav_by_model/indextts/002453_indextts_disgusted.wav,siok tsu kiann kau tsit tiau hang a e tiong tuann tng uat,siok4 tsu1 kiann5 kau3 tsit4 tiau5 hang7 a2 e5 tiong1 tuann7 tng5 uat4,siok tsu kiann kau tsit tiau hang a e tiong tuann tng uat,siok tsu kiann kau tsit tiau hang a e tiong tuann tng uat,0.0,13,13,0,0,0,zh,1,ok
2454,indextts,surprised,002454_indextts_surprised.wav,/srv/RL_project/repo/outputs/wav_by_model/indextts/002454_indextts_surprised.wav,khuann tioh tsit ui e koo e koo thau mng sam sam e lau hu jin lang,khuann3 tioh8 tsit8 ui7 e2 koo2 e2 koo2 thau1 mng5 sam3 sam3 e5 lau7 hu7 jin5 lang5,khuann tioh tsit ui e koo e koo thau mng sam sam e lau hu jin lang,khuann tioh tsit ui e koo e koo thau mng sam sam e lau hu jin lang,0.0,17,17,0,0,0,zh,1,ok
2455,indextts,happy,002455_indextts_happy.wav,/srv/RL_project/repo/outputs/wav_by_model/indextts/002455_indextts_happy.wav,ann io ti mng khau tiann leh khuan phainn tang ku siah kah phoo a tsua,ah4 ioh4 ti7 mng5 khau2 tiann5 leh4 khuan2 phainn2 tang5 ku3 sia2 kah4 pho7 a2 tsua2,ann io ti mng khau tiann leh khuan phainn tang ku siah kah phoo a tsua,ah ioh ti mng khau tiann leh khuan phainn tang ku sia kah pho a tsua,0.25,16,12,4,0,0,zh,1,ok
2456,indextts,happy,002456_indextts_happy.wav,/srv/RL_project/repo/outputs/wav/002456_indextts_happy.wav,tsit bak nih,tsit8 ai1 pa2 any4,tsit bak nih,tsit ai pa any,1.0,3,1,2,0,1,zh,1,ok
2457,indextts,happy,002457_indextts_happy.wav,/srv/RL_project/repo/outputs/wav_by_model/indextts/002457_indextts_happy.wav,khuann tioh bun tsing tui tshu li kiann tshut lai,khuann3 tioh8 bun5 tsing1 tui3 tshu3 li2 kiann5 tshut4 lai5,khuann tioh bun tsing tui tshu li kiann tshut lai,khuann tioh bun tsing tui tshu li kiann tshut lai,0.0,10,10,0,0,0,zh,1,ok
2458,indextts,surprised,002458_indextts_surprised.wav,/srv/RL_project/repo/outputs/wav_by_model/indextts/002458_indextts_surprised.wav,i sin khu ting e tse hok i king uann tiau,i1 sin1 khu1 ting2 e5 tse3 hok4 i2 king1 uah8 tiau7,i sin khu ting e tse hok i king uann tiau,i sin khu ting e tse hok i king uah tiau,0.09090909090909091,11,10,1,0,0,zh,1,ok
2459,indextts,disgusted,002459_indextts_disgusted.wav,/srv/RL_project/repo/outputs/wav_by_model/indextts/002459_indextts_disgusted.wav,tiam tiam leh ka lau hu jin lang tau tsing li tsua phue,tiam7 tiam7 leh4 ka7 lau7 hu7 lin5 lang5 tau3 tsing2 li2 tsua2 phue1,tiam tiam leh ka lau hu jin lang tau tsing li tsua phue,tiam tiam leh ka lau hu lin lang tau tsing li tsua phue,0.07692307692307693,13,12,1,0,0,zh,1,ok
2460,indextts,angry,002460_indextts_angry.wav,/srv/RL_project/repo/outputs/wav_by_model/indextts/002460_indextts_angry.wav,lai tsing tshiu kok sio tsiann le pai ah,lai5 tsing1 tshiu7 kok4 sio2 tsiann5 le2 pai3 a2,lai tsing tshiu kok sio tsiann le pai ah,lai tsing tshiu kok sio tsiann le pai a,0.1111111111111111,9,8,1,0,0,zh,1,ok
2461,indextts,surprised,002461_indextts_surprised.wav,/srv/RL_project/repo/outputs/wav_by_model/indextts/002461_indextts_surprised.wav,siok tsu iah bo sann kuan si,siok4 tsu1 iah4 bo5 sann2 kuan3 si3,siok tsu iah bo sann kuan si,siok tsu iah bo sann kuan si,0.0,7,7,0,0,0,zh,1,ok
2462,indextts,neutral,002462_indextts_neutral.wav,/srv/RL_project/repo/outputs/wav_by_model/indextts/002462_indextts_neutral.wav,lak bun tsiong si,lak8 bun7 tsiong1 si3,lak bun tsiong si,lak bun tsiong si,0.0,4,4,0,0,0,zh,1,ok
2463,indextts,surprised,002463_indextts_surprised.wav,/srv/RL_project/repo/outputs/wav_by_model/indextts/002463_indextts_surprised.wav,siok tsu khuann kah tua tshui khui hann hann,siok4 tsu1 khuann3 kah4 tua7 tshui3 khui1 hah4 hah4,siok tsu khuann kah tua tshui khui hann hann,siok tsu khuann kah tua tshui khui hah hah,0.2222222222222222,9,7,2,0,0,zh,1,ok
2464,indextts,surprised,002464_indextts_surprised.wav,/srv/RL_project/repo/outputs/wav/002464_indextts_surprised.wav,sua loh bun tsing e a ma tshiann siok tsu jip khi tshu li tse,suah4 lin2 lian5 loh8 pa1 bun5 tsian3 tsing3 i1 e5 a1 tsiann3 ma2 tshia1 liang5 bio2 i1 oo1 iu3 tshit4 li2 ba7 tsian3 thinn1 san1 tshu2 san1 jian5 li2 tse3 tsi1,sua loh bun tsing e a ma tshiann siok tsu jip khi tshu li tse,suah lin lian loh pa bun tsian tsing i e a tsiann ma tshia liang bio i oo iu tshit li ba tsian thinn san tshu san jian li tse tsi,1.4666666666666666,15,9,6,0,16,zh,1,ok
2465,indextts,surprised,002465_indextts_surprised.wav,/srv/RL_project/repo/outputs/wav_by_model/indextts/002465_indextts_surprised.wav,kiann jip tshu lai,kiann1 li2 tshu3 lai7,kiann jip tshu lai,kiann li tshu lai,0.25,4,3,1,0,0,zh,1,ok
2466,indextts,disgusted,002466_indextts_disgusted.wav,/srv/RL_project/repo/outputs/wav/002466_indextts_disgusted.wav,siok tsu khuann tioh lang kheh thiann kan tann nng tsiah ku au ku tshau e tsha i a,siok4 si2 tsian2 tsu2 i3 tsian2 siau3 si5 uann7 san1 tsian3 tioh8 ba7 lang5 kheh4 si2 tsian3 thiann1 i1 kan2 tsian3 tann1 i1 nng7 tsi2 tsiah4 si3 ku7 tsi2 jian2 au5 san1 tsian3 ku7 tsi2 jian2 tshau1 san1 e5 tsha5 u7 jian3 i1 tsian3 a2,siok tsu khuann tioh lang kheh thiann kan tann nng tsiah ku au ku tshau e tsha i a,siok si tsian tsu i tsian siau si uann san tsian tioh ba lang kheh si tsian thiann i kan tsian tann i nng tsi tsiah si ku tsi jian au san tsian ku tsi jian tshau san e tsha u jian i tsian a,1.4210526315789473,19,18,1,0,26,zh,1,ok
2467,indextts,angry,002467_indextts_angry.wav,/srv/RL_project/repo/outputs/wav_by_model/indextts/002467_indextts_angry.wav,tsit te si kak toh a phua sam phua sam,tsit4 te3 si3 khak4 too7 a2 phua3 sam3 phua3 sam3,tsit te si kak toh a phua sam phua sam,tsit te si khak too a phua sam phua sam,0.2,10,8,2,0,0,zh,1,ok
2468,indextts,neutral,002468_indextts_neutral.wav,/srv/RL_project/repo/outputs/wav_by_model/indextts/002468_indextts_neutral.wav,piah kak tsit thah tsit thah ku po tsua kah tsua phue,piann3 ka7 tsit8 thann1 tsit8 thann1 ku1 poo3 tsua2 kah4 tsua2 phue1,piah kak tsit thah tsit thah ku po tsua kah tsua phue,piann ka tsit thann tsit thann ku poo tsua kah tsua phue,0.4166666666666667,12,7,5,0,0,zh,1,ok
2469,indextts,surprised,002469_indextts_surprised.wav,/srv/RL_project/repo/outputs/wav/002469_indextts_surprised.wav,bun tsing khu ti hia leh tsing li,bun5 jian3 tsing3 it4 tshian1 siau3 si5 u1 u1 ti7 tshi5 hia1 li2 sui2 tsin1 er2 tsian3 li2,bun tsing khu ti hia leh tsing li,bun jian tsing it tshian siau si u u ti tshi hia li sui tsin er tsian li,1.625,8,5,3,0,10,zh,1,ok
2470,indextts,happy,002470_indextts_happy.wav,/srv/RL_project/repo/outputs/wav_by_model/indextts/002470_indextts_happy.wav,tsit e gin a,tsit8 e5 gin2 a2,tsit e gin a,tsit e gin a,0.0,4,4,0,0,0,zh,1,ok
2471,indextts,neutral,002471_indextts_neutral.wav,/srv/RL_project/repo/outputs/wav_by_model/indextts/002471_indextts_neutral.wav,ah bue hiau thin te hoo lau su lim,ah4 bue7 hiau2 thing5 te5 hoo7 lau7 su1 lim1,ah bue hiau thin te hoo lau su lim,ah bue hiau thing te hoo lau su lim,0.1111111111111111,9,8,1,0,0,zh,1,ok
2472,indextts,disgusted,002472_indextts_disgusted.wav,/srv/RL_project/repo/outputs/wav_by_model/indextts/002472_indextts_disgusted.wav,a ma liah bun tsing khuann tsit e,a1 ma2 liah8 bun5 tsing1 khuann3 tsit8 e7,a ma liah bun tsing khuann tsit e,a ma liah bun tsing khuann tsit e,0.0,8,8,0,0,0,zh,1,ok
2473,indextts,angry,002473_indextts_angry.wav,/srv/RL_project/repo/outputs/wav_by_model/indextts/002473_indextts_angry.wav,a ma bo iau kin lah,a1 ma2 bo5 iau2 kin2 a2,a ma bo iau kin lah,a ma bo iau kin a,0.16666666666666666,6,5,1,0,0,zh,1,ok
2474,indextts,fearful,002474_indextts_fearful.wav,/srv/RL_project/repo/outputs/wav_by_model/indextts/002474_indextts_fearful.wav,tun tenn kui bio tsing tsiah tah tsin tsing,tng2 tenn7 kui2 bio2 tsin1 tsiah4 tah8 tsin3 tsing5,tun tenn kui bio tsing tsiah tah tsin tsing,tng tenn kui bio tsin tsiah tah tsin tsing,0.2222222222222222,9,7,2,0,0,zh,1,ok
2475,indextts,fearful,002475_indextts_fearful.wav,/srv/RL_project/repo/outputs/wav_by_model/indextts/002475_indextts_fearful.wav,siunn be kau,siunn7 beh4 kau3,siunn be kau,siunn beh kau,0.3333333333333333,3,2,1,0,0,zh,1,ok
2476,indextts,happy,002476_indextts_happy.wav,/srv/RL_project/repo/outputs/wav_by_model/indextts/002476_indextts_happy.wav,siok tsu ue tiau ti na au ti a,siok4 tsu2 u7 e5 tiau5 ti7 na5 au5 ti3 a2,siok tsu ue tiau ti na au ti a,siok tsu u e tiau ti na au ti a,0.2222222222222222,9,8,1,0,1,zh,1,ok
2477,indextts,neutral,002477_indextts_neutral.wav,/srv/RL_project/repo/outputs/wav_by_model/indextts/002477_indextts_neutral.wav,siunn be kau gun tau tsiah ni san tsiah tioh bo,siunn7 be7 kau3 gun2 tau1 tsiah4 ni7 san3 tsiah8 tioh8 bo5,siunn be kau gun tau tsiah ni san tsiah tioh bo,siunn be kau gun tau tsiah ni san tsiah tioh bo,0.0,11,11,0,0,0,zh,1,ok
2478,indextts,surprised,002478_indextts_surprised.wav,/srv/RL_project/repo/outputs/wav_by_model/indextts/002478_indextts_surprised.wav,a ma na kong na bak khoo ang,a1 ma2 na2 kong2 na2 bak8 khoo1 ang5,a ma na kong na bak khoo ang,a ma na kong na bak khoo ang,0.0,8,8,0,0,0,zh,1,ok
2479,indextts,sad,002479_indextts_sad.wav,/srv/RL_project/repo/outputs/wav/002479_indextts_sad.wav,siok tsu khuann a ma an ne,siok4 si2 tsiam3 tsu3 it4 tsian1 siau1 si5 uann7 san2 na7 tsian5 ma2 an3 tsian3 e5,siok tsu khuann a ma an ne,siok si tsiam tsu it tsian siau si uann san na tsian ma an tsian e,1.7142857142857142,7,4,3,0,9,zh,1,ok
2480,indextts,surprised,002480_indextts_surprised.wav,/srv/RL_project/repo/outputs/wav_by_model/indextts/002480_indextts_surprised.wav,kiann ua kha tsiah phiann ka luah luah leh,kiann1 gua2 kha1 tsiah4 phiann1 ka7 lua3 lua3 leh4,kiann ua kha tsiah phiann ka luah luah leh,kiann gua kha tsiah phiann ka lua lua leh,0.3333333333333333,9,6,3,0,0,zh,1,ok
2481,indextts,sad,002481_indextts_sad.wav,/srv/RL_project/repo/outputs/wav_by_model/indextts/002481_indextts_sad.wav,sua loh a ma ka siok tsu kong bun tsing e koo su,sua3 loh8 a1 ma2 ka7 siok4 tsu1 kong2 bun5 tsing1 e5 koo3 su7,sua loh a ma ka siok tsu kong bun tsing e koo su,sua loh a ma ka siok tsu kong bun tsing e koo su,0.0,13,13,0,0,0,zh,1,ok
2482,indextts,sad,002482_indextts_sad.wav,/srv/RL_project/repo/outputs/wav_by_model/indextts/002482_indextts_sad.wav,kong khi lai,kong2 khi2 lai5,kong khi lai,kong khi lai,0.0,3,3,0,0,0,zh,1,ok
2483,indextts,happy,002483_indextts_happy.wav,/srv/RL_project/repo/outputs/wav_by_model/indextts/002483_indextts_happy.wav,a tsing tsit e gin a phainn mia lah,a1 tsin1 tsit4 e5 gin2 a2 phainn2 mia5 lah4,a tsing tsit e gin a phainn mia lah,a tsin tsit e gin a phainn mia lah,0.1111111111111111,9,8,1,0,0,zh,1,ok
2484,indextts,disgusted,002484_indextts_disgusted.wav,/srv/RL_project/repo/outputs/wav/002484_indextts_disgusted.wav,tshut si hinn khang tio thiann bo,tshut4 tsi2 tsian3 si3 hi7 tsit8 tsian3 khang1 i1 tio7 tsi2 thiann1 i1 bo5,tshut si hinn khang tio thiann bo,tshut tsi tsian si hi tsit tsian khang i tio tsi thiann i bo,1.1428571428571428,7,6,1,0,7,zh,1,ok
2485,indextts,happy,002485_indextts_happy.wav,/srv/RL_project/repo/outputs/wav_by_model/indextts/002485_indextts_happy.wav,bun tsing tann thau kinn tioh siok tsu,bun5 tsing1 tah4 thau5 ki3 tioh8 siok4 tsu1,bun tsing tann thau kinn tioh siok tsu,bun tsing tah thau ki tioh siok tsu,0.25,8,6,2,0,0,zh,1,ok
2486,indextts,happy,002486_indextts_happy.wav,/srv/RL_project/repo/outputs/wav_by_model/indextts/002486_indextts_happy.wav,sann hue e si,sann1 hue3 e5 si5,sann hue e si,sann hue e si,0.0,4,4,0,0,0,zh,1,ok
2487,indextts,surprised,002487_indextts_surprised.wav,/srv/RL_project/repo/outputs/wav_by_model/indextts/002487_indextts_surprised.wav,lau bu tshia eh kue sin,lau7 bu2 tshiann2 e7 kue3 sin1,lau bu tshia eh kue sin,lau bu tshiann e kue sin,0.3333333333333333,6,4,2,0,0,zh,1,ok
2488,indextts,fearful,002488_indextts_fearful.wav,/srv/RL_project/repo/outputs/wav_by_model/indextts/002488_indextts_fearful.wav,lau pe ti leh pak poo tso tshoo kang,lau7 pe7 ti7 leh4 pak4 poo7 tsoh4 tshoo1 kang1,lau pe ti leh pak poo tso tshoo kang,lau pe ti leh pak poo tsoh tshoo kang,0.1111111111111111,9,8,1,0,0,zh,1,ok
2489,indextts,disgusted,002489_indextts_disgusted.wav,/srv/RL_project/repo/outputs/wav/002489_indextts_disgusted.wav,ku ku a tng lai tsit tsua,ku2 jian5 ku2 jian5 a2 tng5 a2 jian5 lai5 tsit8 ba2 tsua2 tsi1,ku ku a tng lai tsit tsua,ku jian ku jian a tng a jian lai tsit ba tsua tsi,0.8571428571428571,7,7,0,0,6,zh,1,ok
2490,indextts,disgusted,002490_indextts_disgusted.wav,/srv/RL_project/repo/outputs/wav/002490_indextts_disgusted.wav,pang gua tsit e lau e leh thua sai lian,pang3 gua2 tsit8 si3 e5 lau7 tsi1 tsian3 jian5 e7 leh4 si3 thuann3 i1 tsian3 sai2 jian7 lian5,pang gua tsit e lau e leh thua sai lian,pang gua tsit si e lau tsi tsian jian e leh si thuann i tsian sai jian lian,0.9,10,9,1,0,8,zh,1,ok
2491,indextts,happy,002491_indextts_happy.wav,/srv/RL_project/repo/outputs/wav_by_model/indextts/002491_indextts_happy.wav,gua u hue ah,gua2 u7 hue3 ah4,gua u hue ah,gua u hue ah,0.0,4,4,0,0,0,zh,1,ok
2492,indextts,happy,002492_indextts_happy.wav,/srv/RL_project/repo/outputs/wav/002492_indextts_happy.wav,than bo tsiah,than3 san1 bo5 tsiah4 ba7,than bo tsiah,than san bo tsiah ba,0.6666666666666666,3,3,0,0,2,zh,1,ok
2493,indextts,angry,002493_indextts_angry.wav,/srv/RL_project/repo/outputs/wav_by_model/indextts/002493_indextts_angry.wav,koo put ji tsiong phainn tang ku siah ji tsua bong khioh,koo1 put4 ji7 tsiong2 phainn2 tang7 ku7 sia2 ji7 tsua2 bong2 khioh4,koo put ji tsiong phainn tang ku siah ji tsua bong khioh,koo put ji tsiong phainn tang ku sia ji tsua bong khioh,0.08333333333333333,12,11,1,0,0,zh,1,ok
2494,indextts,sad,002494_indextts_sad.wav,/srv/RL_project/repo/outputs/wav_by_model/indextts/002494_indextts_sad.wav,lai tshiann iong tsit e kho lian sun,lai5 tshiann5 iong7 tsit4 e5 kho2 lian5 sun1,lai tshiann iong tsit e kho lian sun,lai tshiann iong tsit e kho lian sun,0.0,8,8,0,0,0,zh,1,ok
2495,indextts,neutral,002495_indextts_neutral.wav,/srv/RL_project/repo/outputs/wav_by_model/indextts/002495_indextts_neutral.wav,tsit e khiap se sun,tsit4 e5 kiap4 se3 sun1,tsit e khiap se sun,tsit e kiap se sun,0.2,5,4,1,0,0,zh,1,ok
2496,indextts,surprised,002496_indextts_surprised.wav,/srv/RL_project/repo/outputs/wav_by_model/indextts/002496_indextts_surprised.wav,sui uat thau kiann jip tshu li,sui5 uat8 thau5 kiann1 lip8 tshu3 li2,sui uat thau kiann jip tshu li,sui uat thau kiann lip tshu li,0.14285714285714285,7,6,1,0,0,zh,1,ok
2497,indextts,happy,002497_indextts_happy.wav,/srv/RL_project/repo/outputs/wav/002497_indextts_happy.wav,tsu se han tio hoo tsing lang khuann bo bak te,tsu2 tsi2 seh8 lian2 han2 tioh8 tshit4 siau1 si3 oo2 tshi3 tsing3 san1 ian3 lang5 khuann3 san1 bo5 bah4 pa1 lian2 te5 tsi1,tsu se han tio hoo tsing lang khuann bo bak te,tsu tsi seh lian han tioh tshit siau si oo tshi tsing san ian lang khuann san bo bah pa lian te tsi,1.4545454545454546,11,7,4,0,12,zh,1,ok
2498,indextts,neutral,002498_indextts_neutral.wav,/srv/RL_project/repo/outputs/wav_by_model/indextts/002498_indextts_neutral.wav,tshu pinn thau bue e gin a long bo puann e beh tsham i sio pang phuann,tshu3 pinn1 thau5 bue2 e5 gin2 a2 long2 bo5 puann3 e5 beh4 tsham1 i1 sio1 pang3 phuann7,tshu pinn thau bue e gin a long bo puann e beh tsham i sio pang phuann,tshu pinn thau bue e gin a long bo puann e beh tsham i sio pang phuann,0.0,17,17,0,0,0,zh,1,ok
2499,indextts,disgusted,002499_indextts_disgusted.wav,/srv/RL_project/repo/outputs/wav_by_model/indextts/002499_indextts_disgusted.wav,huan se a an ne,huan7 se3 a2 an2 ne1,huan se a an ne,huan se a an ne,0.0,5,5,0,0,0,zh,1,ok
2500,indextts,angry,002500_indextts_angry.wav,/srv/RL_project/repo/outputs/wav_by_model/indextts/002500_indextts_angry.wav,tsiah e pian kah na lai na koo lau,tsiah4 e7 pian3 kah4 na2 lai5 na2 koo1 lauh4,tsiah e pian kah na lai na koo lau,tsiah e pian kah na lai na koo lauh,0.1111111111111111,9,8,1,0,0,zh,1,ok
2501,indextts,angry,002501_indextts_angry.wav,/srv/RL_project/repo/outputs/wav/002501_indextts_angry.wav,lau su ah,lau7 a2 jian7 su1 tsian5 jian7 a2 si2,lau su ah,lau a jian su tsian jian a si,2.0,3,2,1,0,5,zh,1,ok
2502,indextts,neutral,002502_indextts_neutral.wav,/srv/RL_project/repo/outputs/wav/002502_indextts_neutral.wav,tshiann li m ho kian kuai,tshiann2 a2 li2 m7 tshi5 tsian3 ho2 kian3 lian2 kuai3,tshiann li m ho kian kuai,tshiann a li m tshi tsian ho kian lian kuai,0.6666666666666666,6,6,0,0,4,zh,1,ok
2503,indextts,angry,002503_indextts_angry.wav,/srv/RL_project/repo/outputs/wav_by_model/indextts/002503_indextts_angry.wav,tsit e gin a ti hak hau na u tik tsue e soo tsai,tsit4 e5 kin1 a2 ti7 hak8 hau7 na7 u7 tik4 tsue7 e5 soo2 tsai7,tsit e gin a ti hak hau na u tik tsue e soo tsai,tsit e kin a ti hak hau na u tik tsue e soo tsai,0.07142857142857142,14,13,1,0,0,zh,1,ok
2504,indextts,angry,002504_indextts_angry.wav,/srv/RL_project/repo/outputs/wav/002504_indextts_angry.wav,lau sin e tiam tsia ka li hue sit le,lau7 tsi2 jian2 sin1 lian2 jian3 e5 tiam2 san2 tsia2 i2 kah4 tshi7 li2 hue2 tsi1 tsian3 si2 si3 jian3 neh4,lau sin e tiam tsia ka li hue sit le,lau tsi jian sin lian jian e tiam san tsia i kah tshi li hue tsi tsian si si jian neh,1.4,10,7,3,0,11,zh,1,ok
2505,indextts,angry,002505_indextts_angry.wav,/srv/RL_project/repo/outputs/wav_by_model/indextts/002505_indextts_angry.wav,siok tsu kiann tshut bun tsing in tshu e si,siok4 tsu1 kiann5 tshut4 bun5 tsing1 in1 tshu3 e5 si5,siok tsu kiann tshut bun tsing in tshu e si,siok tsu kiann tshut bun tsing in tshu e si,0.0,10,10,0,0,0,zh,1,ok
2506,indextts,sad,002506_indextts_sad.wav,/srv/RL_project/repo/outputs/wav_by_model/indextts/002506_indextts_sad.wav,thinn sik i king am oo,thinn1 siu3 i2 king1 am3 oo1,thinn sik i king am oo,thinn siu i king am oo,0.16666666666666666,6,5,1,0,0,zh,1,ok
2507,indextts,happy,002507_indextts_happy.wav,/srv/RL_project/repo/outputs/wav_by_model/indextts/002507_indextts_happy.wav,a tsing a li tsit e gin a si an tsuann,a1 tsing1 a2 li2 tsit4 e5 gin2 a2 si7 an2 tsuann2,a tsing a li tsit e gin a si an tsuann,a tsing a li tsit e gin a si an tsuann,0.0,11,11,0,0,0,zh,1,ok
2508,indextts,disgusted,002508_indextts_disgusted.wav,/srv/RL_project/repo/outputs/wav_by_model/indextts/002508_indextts_disgusted.wav,hoo tsa to tng tiam,hoo7 tsa2 to7 tng3 tiam2,hoo tsa to tng tiam,hoo tsa to tng tiam,0.0,5,5,0,0,0,zh,1,ok
2509,indextts,happy,002509_indextts_happy.wav,/srv/RL_project/repo/outputs/wav_by_model/indextts/002509_indextts_happy.wav,kiann kau hak hau tshia penn beh khan oo too bai,kiann5 kau3 hak8 hau7 tshia1 peh8 be2 khiam3 oo1 too2 pai2,kiann kau hak hau tshia penn beh khan oo too bai,kiann kau hak hau tshia peh be khiam oo too pai,0.36363636363636365,11,7,4,0,0,zh,1,ok
2510,indextts,happy,002510_indextts_happy.wav,/srv/RL_project/repo/outputs/wav_by_model/indextts/002510_indextts_happy.wav,huat kak hun ang hoo suann be ki tsah tng lai,huat4 ka3 hun2 ang1 hoo7 suann3 be7 ki3 tsah4 tng2 lai5,huat kak hun ang hoo suann be ki tsah tng lai,huat ka hun ang hoo suann be ki tsah tng lai,0.09090909090909091,11,10,1,0,0,zh,1,ok
2511,indextts,angry,002511_indextts_angry.wav,/srv/RL_project/repo/outputs/wav_by_model/indextts/002511_indextts_angry.wav,i huat tong oo too bai,i1 huat4 tong7 oo1 too2 bai2,i huat tong oo too bai,i huat tong oo too bai,0.0,6,6,0,0,0,zh,1,ok
2512,indextts,disgusted,002512_indextts_disgusted.wav,/srv/RL_project/repo/outputs/wav_by_model/indextts/002512_indextts_disgusted.wav,bo siann e bak sai un liau a lian loh lai,bo5 siann1 e5 bak8 sai2 un7 liau5 a2 lian7 loh8 lai5,bo siann e bak sai un liau a lian loh lai,bo siann e bak sai un liau a lian loh lai,0.0,11,11,0,0,0,zh,1,ok
2513,indextts,neutral,002513_indextts_neutral.wav,/srv/RL_project/repo/outputs/wav_by_model/indextts/002513_indextts_neutral.wav,hit me beh khun e si,him1 me5 beh4 khun3 e5 si5,hit me beh khun e si,him me beh khun e si,0.16666666666666666,6,5,1,0,0,zh,1,ok
2514,indextts,surprised,002514_indextts_surprised.wav,/srv/RL_project/repo/outputs/wav/002514_indextts_surprised.wav,siok tsu am siunn keh tng jit khi,siok8 foo2 tsu1 guan7 am3 thui1 sin1 se1 bun7 ke3 poo2 tng7 to2 jit8 khi2 tu2,siok tsu am siunn keh tng jit khi,siok foo tsu guan am thui sin se bun ke poo tng to jit khi tu,1.25,8,6,2,0,8,zh,1,ok
2515,indextts,fearful,002515_indextts_fearful.wav,/srv/RL_project/repo/outputs/wav_by_model/indextts/002515_indextts_fearful.wav,i tik khak ai iong koh khah tua e nai sim tui thai bun tsing,i1 tik8 khak4 ai3 iong7 koh4 khah4 tua7 e5 nai7 sin1 tui3 thai7 bun5 tsing1,i tik khak ai iong koh khah tua e nai sim tui thai bun tsing,i tik khak ai iong koh khah tua e nai sin tui thai bun tsing,0.06666666666666667,15,14,1,0,0,zh,1,ok
2516,indextts,sad,002516_indextts_sad.wav,/srv/RL_project/repo/outputs/wav_by_model/indextts/002516_indextts_sad.wav,u iann tsit me kau thinn kng,u7 iann2 tsit8 me5 kau3 thinn1 kng1,u iann tsit me kau thinn kng,u iann tsit me kau thinn kng,0.0,7,7,0,0,0,zh,1,ok
2517,indextts,happy,002517_indextts_happy.wav,/srv/RL_project/repo/outputs/wav_by_model/indextts/002517_indextts_happy.wav,liang liang liang,liang1 liang1 liang2,liang liang liang,liang liang liang,0.0,3,3,0,0,0,zh,1,ok
2518,indextts,surprised,002518_indextts_surprised.wav,/srv/RL_project/repo/outputs/wav_by_model/indextts/002518_indextts_surprised.wav,a sang gua si bun tsing e lau su li si,a1 sang2 gua2 si7 bun5 tsing1 e5 lau7 su1 li2 si7,a sang gua si bun tsing e lau su li si,a sang gua si bun tsing e lau su li si,0.0,11,11,0,0,0,zh,1,ok
2519,indextts,fearful,002519_indextts_fearful.wav,/srv/RL_project/repo/outputs/wav/002519_indextts_fearful.wav,luan tsing a tan sann siann,luan7 tsi2 tsian7 tsing5 i1 tsian3 a2 tan5 sann1 inn1 miau7 iann2 inn1,luan tsing a tan sann siann,luan tsi tsian tsing i tsian a tan sann inn miau iann inn,1.3333333333333333,6,5,1,0,7,zh,1,ok
2520,indextts,angry,002520_indextts_angry.wav,/srv/RL_project/repo/outputs/wav_by_model/indextts/002520_indextts_angry.wav,siok tsu kin me jih tiau,siok4 tsu2 kin2 beh4 ji7 tiau7,siok tsu kin me jih tiau,siok tsu kin beh ji tiau,0.3333333333333333,6,4,2,0,0,zh,1,ok
2521,indextts,disgusted,002521_indextts_disgusted.wav,/srv/RL_project/repo/outputs/wav/002521_indextts_disgusted.wav,i peh khi lai tshun un,it4 peh4 si3 tshian1 siau1 si5 it4 ho7 jian5 lai5 kik8 tshun1 i1 tsian3 un5,i peh khi lai tshun un,it peh si tshian siau si it ho jian lai kik tshun i tsian un,1.8333333333333333,6,4,2,0,9,zh,1,ok
2522,indextts,surprised,002522_indextts_surprised.wav,/srv/RL_project/repo/outputs/wav_by_model/indextts/002522_indextts_surprised.wav,tann thau khuann tioh poh poh e jit tshiu,tah4 thau5 khuann3 tioh8 poh8 poh8 e5 jit8 tshiu1,tann thau khuann tioh poh poh e jit tshiu,tah thau khuann tioh poh poh e jit tshiu,0.1111111111111111,9,8,1,0,0,zh,1,ok
2523,indextts,happy,002523_indextts_happy.wav,/srv/RL_project/repo/outputs/wav_by_model/indextts/002523_indextts_happy.wav,thau kue thang a un jiu nng jip lai,thau1 kue3 thang1 a2 un1 liu5 nng7 li2 lai5,thau kue thang a un jiu nng jip lai,thau kue thang a un liu nng li lai,0.2222222222222222,9,7,2,0,0,zh,1,ok
2524,indextts,disgusted,002524_indextts_disgusted.wav,/srv/RL_project/repo/outputs/wav_by_model/indextts/002524_indextts_disgusted.wav,si lau su ooh,si7 lau7 su1 ooh4,si lau su ooh,si lau su ooh,0.0,4,4,0,0,0,zh,1,ok
2525,indextts,fearful,002525_indextts_fearful.wav,/srv/RL_project/repo/outputs/wav_by_model/indextts/002525_indextts_fearful.wav,phainn se gua si i e a ma lah,phainn2 se3 gua2 si7 i1 e5 a1 ma2 lah4,phainn se gua si i e a ma lah,phainn se gua si i e a ma lah,0.0,9,9,0,0,0,zh,1,ok
2526,indextts,fearful,002526_indextts_fearful.wav,/srv/RL_project/repo/outputs/wav_by_model/indextts/002526_indextts_fearful.wav,lau hu jin lang ka siok tsu tim thau kiann le,lau7 hu7 lin5 lang5 ka7 siok4 tsu1 ting3 thau5 kiann5 le2,lau hu jin lang ka siok tsu tim thau kiann le,lau hu lin lang ka siok tsu ting thau kiann le,0.18181818181818182,11,9,2,0,0,zh,1,ok
2527,indextts,happy,002527_indextts_happy.wav,/srv/RL_project/repo/outputs/wav_by_model/indextts/002527_indextts_happy.wav,soo li,soo3 li7,soo li,soo li,0.0,2,2,0,0,0,zh,1,ok
2528,indextts,angry,002528_indextts_angry.wav,/srv/RL_project/repo/outputs/wav_by_model/indextts/002528_indextts_angry.wav,sua loh lai khuann hua lian kuan bin a tsai peh ho e thinn khi,sua3 loh8 lai5 khuann3 hua1 lian5 kuan7 pi2 gua2 tsai3 peh4 ho7 e5 thinn1 khi3,sua loh lai khuann hua lian kuan bin a tsai peh ho e thinn khi,sua loh lai khuann hua lian kuan pi gua tsai peh ho e thinn khi,0.13333333333333333,15,13,2,0,0,zh,1,ok
2529,indextts,sad,002529_indextts_sad.wav,/srv/RL_project/repo/outputs/wav_by_model/indextts/002529_indextts_sad.wav,un too ji tsap lak tsi sann tsap it too loh hoo ki lut sann tsap,un1 too7 ji7 tsap8 lak8 tsi3 sann1 tsap8 it4 too7 loh8 hoo7 ki1 lu7 sann1 tsap8%,un too ji tsap lak tsi sann tsap it too loh hoo ki lut sann tsap,un too ji tsap lak tsi sann tsap it too loh hoo ki lu sann tsap,0.0625,16,15,1,0,0,zh,1,ok
2530,indextts,happy,002530_indextts_happy.wav,/srv/RL_project/repo/outputs/wav_by_model/indextts/002530_indextts_happy.wav,lai pin peh pah tshit tsap lak ho tshiann lai tsap ji ho kui tai pan li,lai5 pin1 peh4 pah4 tshit4 tsap8 lak8 ho7 tshiann2 lai5 tsap8 tsit8 ho7 kui7 tai5 pan7 li2,lai pin peh pah tshit tsap lak ho tshiann lai tsap ji ho kui tai pan li,lai pin peh pah tshit tsap lak ho tshiann lai tsap tsit ho kui tai pan li,0.058823529411764705,17,16,1,0,0,zh,1,ok
2531,indextts,angry,002531_indextts_angry.wav,/srv/RL_project/repo/outputs/wav_by_model/indextts/002531_indextts_angry.wav,long tsong lak pah tshit tsap tshit khoo tsau li ji tsap sann khoo,long2 tsong2 lak8 pah4 tshit4 tsap8 tshit4 khoo1 tsau7 li2 ji7 tsap8 sann1 khoo1,long tsong lak pah tshit tsap tshit khoo tsau li ji tsap sann khoo,long tsong lak pah tshit tsap tshit khoo tsau li ji tsap sann khoo,0.0,14,14,0,0,0,zh,1,ok
2532,indextts,neutral,002532_indextts_neutral.wav,/srv/RL_project/repo/outputs/wav_by_model/indextts/002532_indextts_neutral.wav,kin a lit si goo gueh li goo pai sann,kin1 a2 lit8 si7 goo7 gueh8 ji7 goo7 pai3 sann1,kin a lit si goo gueh li goo pai sann,kin a lit si goo gueh ji goo pai sann,0.1,10,9,1,0,0,zh,1,ok
2533,indextts,fearful,002533_indextts_fearful.wav,/srv/RL_project/repo/outputs/wav_by_model/indextts/002533_indextts_fearful.wav,gua e hoo tsiau ho be si pat li khong sam khong sam tshit kiu pat,gua2 e5 hoo7 tsiau3 ho7 be2 si7 pat4 lit8 khong3 sam1 khong3 sam1 tshit4 kiu2 pat4,gua e hoo tsiau ho be si pat li khong sam khong sam tshit kiu pat,gua e hoo tsiau ho be si pat lit khong sam khong sam tshit kiu pat,0.0625,16,15,1,0,0,zh,1,ok
2534,indextts,surprised,002534_indextts_surprised.wav,/srv/RL_project/repo/outputs/wav_by_model/indextts/002534_indextts_surprised.wav,gun tau e tian ue ho be si khong ngoo su liok su kiu kiu liok ngoo,gun2 tau1 e5 tian7 ue7 ho7 be2 si7 khong3 ngoo2 su3 liok8 su3 kiu2 kiu2 liok8 ngoo2,gun tau e tian ue ho be si khong ngoo su liok su kiu kiu liok ngoo,gun tau e tian ue ho be si khong ngoo su liok su kiu kiu liok ngoo,0.0,17,17,0,0,0,zh,1,ok
2535,indextts,fearful,002535_indextts_fearful.wav,/srv/RL_project/repo/outputs/wav_by_model/indextts/002535_indextts_fearful.wav,i ti li khong khong khong ni tshut si,i1 ti7 ji7 khong3 khong3 khong3 ni5 tshut4 si3,i ti li khong khong khong ni tshut si,i ti ji khong khong khong ni tshut si,0.1111111111111111,9,8,1,0,0,zh,1,ok
2536,indextts,fearful,002536_indextts_fearful.wav,/srv/RL_project/repo/outputs/wav_by_model/indextts/002536_indextts_fearful.wav,tshiann pang gua tsuan hun ki liok li liok it,tshiann2 pang1 gua2 tsuan2 hun1 ki1 liok8 li2 liok8 it4,tshiann pang gua tsuan hun ki liok li liok it,tshiann pang gua tsuan hun ki liok li liok it,0.0,10,10,0,0,0,zh,1,ok
2537,indextts,disgusted,002537_indextts_disgusted.wav,/srv/RL_project/repo/outputs/wav_by_model/indextts/002537_indextts_disgusted.wav,sing uah tui ue,sing1 uah8 tui3 ue7,sing uah tui ue,sing uah tui ue,0.0,4,4,0,0,0,zh,1,ok
2538,indextts,happy,002538_indextts_happy.wav,/srv/RL_project/repo/outputs/wav_by_model/indextts/002538_indextts_happy.wav,put si tua piann sau tshu lai tsin tshing khi,put4 si5 tua7 piann3 sau3 tshu3 lai7 tsin1 tshing1 khi3,put si tua piann sau tshu lai tsin tshing khi,put si tua piann sau tshu lai tsin tshing khi,0.0,10,10,0,0,0,zh,1,ok
2539,indextts,disgusted,002539_indextts_disgusted.wav,/srv/RL_project/repo/outputs/wav_by_model/indextts/002539_indextts_disgusted.wav,hann li kong siann,hah4 li2 kong2 siann2,hann li kong siann,hah li kong siann,0.25,4,3,1,0,0,zh,1,ok
2540,indextts,surprised,002540_indextts_surprised.wav,/srv/RL_project/repo/outputs/wav_by_model/indextts/002540_indextts_surprised.wav,he khong khi tshing tsing ki li a sio uann tsit e to ho ah lah,he1 khong1 khi3 tshin1 tsit8 ki1 li7 a2 sio1 uann7 tsit8 e7 to7 huah4 ah4 lah4,he khong khi tshing tsing ki li a sio uann tsit e to ho ah lah,he khong khi tshin tsit ki li a sio uann tsit e to huah ah lah,0.1875,16,13,3,0,0,zh,1,ok
2541,indextts,sad,002541_indextts_sad.wav,/srv/RL_project/repo/outputs/wav_by_model/indextts/002541_indextts_sad.wav,honnh he bo kang lah lang kong tshing tshu tsiah e hu neh,hoo7 he1 bo5 kang5 lah4 lang5 kong2 tshing1 tshu3 tsiah4 e7 hu7 neh4,honnh he bo kang lah lang kong tshing tshu tsiah e hu neh,hoo he bo kang lah lang kong tshing tshu tsiah e hu neh,0.07692307692307693,13,12,1,0,0,zh,1,ok
2542,indextts,happy,002542_indextts_happy.wav,/srv/RL_project/repo/outputs/wav_by_model/indextts/002542_indextts_happy.wav,gua khuann lan kheh thiann si ke ing ia,gua2 khuann3 lan2 kheh4 thiann1 si3 ke3 inn1 ah4,gua khuann lan kheh thiann si ke ing ia,gua khuann lan kheh thiann si ke inn ah,0.2222222222222222,9,7,2,0,0,zh,1,ok
2543,indextts,disgusted,002543_indextts_disgusted.wav,/srv/RL_project/repo/outputs/wav_by_model/indextts/002543_indextts_disgusted.wav,gua e poo tshit tian si tu thau tsing thoo hun gua kau li tsai bo,gua2 e7 poo1 tshit4 tian7 si7 tu5 thau5 tsing5 thoo5 hun2 gua7 kau5 li2 tsai1 bo5,gua e poo tshit tian si tu thau tsing thoo hun gua kau li tsai bo,gua e poo tshit tian si tu thau tsing thoo hun gua kau li tsai bo,0.0,16,16,0,0,0,zh,1,ok
2544,indextts,angry,002544_indextts_angry.wav,/srv/RL_project/repo/outputs/wav_by_model/indextts/002544_indextts_angry.wav,li si ka tsia long tong tso thiann thau tsit ni tshing thun tsiah piann tsit kai sioh,li2 si7 ka7 tsia1 long2 tong3 tso3 thiann1 thau5 tsit8 ni5 tshing2 thun5 tsiah4 piah4 tsit8 kai2 sioh4,li si ka tsia long tong tso thiann thau tsit ni tshing thun tsiah piann tsit kai sioh,li si ka tsia long tong tso thiann thau tsit ni tshing thun tsiah piah tsit kai sioh,0.05555555555555555,18,17,1,0,0,zh,1,ok
2545,indextts,disgusted,002545_indextts_disgusted.wav,/srv/RL_project/repo/outputs/wav_by_model/indextts/002545_indextts_disgusted.wav,eh li na e tsai gua kam kak an ne tsin ho ah,eh4 li2 na2 e7 tsai1 gua2 kam2 kak4 an2 ne1 tsin1 ho2 ah4,eh li na e tsai gua kam kak an ne tsin ho ah,eh li na e tsai gua kam kak an ne tsin ho ah,0.0,13,13,0,0,0,zh,1,ok
2546,indextts,happy,002546_indextts_happy.wav,/srv/RL_project/repo/outputs/wav/002546_indextts_happy.wav,ping siong si mai khi kiau liau tioh ki tha pang kheh,ping1 nng2 siong1 nng2 si5 mai3 khi3 san1 kiau1 a2 jian3 liau2 a2 tio3 ba2 ki5 jian3 thah8 i7 pang5 tsian3 the3 si7,ping siong si mai khi kiau liau tioh ki tha pang kheh,ping nng siong nng si mai khi san kiau a jian liau a tio ba ki jian thah i pang tsian the si,1.1666666666666667,12,9,3,0,11,zh,1,ok
2547,indextts,angry,002547_indextts_angry.wav,/srv/RL_project/repo/outputs/wav_by_model/indextts/002547_indextts_angry.wav,li m tsai he ti tu ah hoo sin hoo sian thang a ah,li2 m7 tsai1 he1 ti1 tu2 a2 hoo7 sin1 ho2 sian7 thang1 a2,li m tsai he ti tu ah hoo sin hoo sian thang a ah,li m tsai he ti tu a hoo sin ho sian thang a,0.21428571428571427,14,11,2,1,0,zh,1,ok
2548,indextts,happy,002548_indextts_happy.wav,/srv/RL_project/repo/outputs/wav_by_model/indextts/002548_indextts_happy.wav,long gua tshi lai tau liah bang thang e,long2 ua2 tshi7 lai5 tau3 liah8 bang7 thang5 e5,long gua tshi lai tau liah bang thang e,long ua tshi lai tau liah bang thang e,0.1111111111111111,9,8,1,0,0,zh,1,ok
2549,indextts,surprised,002549_indextts_surprised.wav,/srv/RL_project/repo/outputs/wav_by_model/indextts/002549_indextts_surprised.wav,tso ka bu e tui ue,tso3 ka1 bu7 e5 tui3 ue7,tso ka bu e tui ue,tso ka bu e tui ue,0.0,6,6,0,0,0,zh,1,ok
2550,indextts,fearful,002550_indextts_fearful.wav,/srv/RL_project/repo/outputs/wav_by_model/indextts/002550_indextts_fearful.wav,kau hia ma e the lan puann tsit kua iu sap a,kau2 hiah8 ma7 e7 the3 lan2 puann1 tsit8 kua2 iu3 sap4 a2,kau hia ma e the lan puann tsit kua iu sap a,kau hiah ma e the lan puann tsit kua iu sap a,0.08333333333333333,12,11,1,0,0,zh,1,ok
2551,indextts,neutral,002551_indextts_neutral.wav,/srv/RL_project/repo/outputs/wav_by_model/indextts/002551_indextts_neutral.wav,eh gua kam kak li tsue kin tiann tiann lau phinn phah kha tshiunn,eh4 gua2 kam2 kak4 li2 tsue3 kin7 tiann7 tiann7 lau5 phinn7 phah4 kha1 tshiunn3,eh gua kam kak li tsue kin tiann tiann lau phinn phah kha tshiunn,eh gua kam kak li tsue kin tiann tiann lau phinn phah kha tshiunn,0.0,14,14,0,0,0,zh,1,ok
2552,indextts,neutral,002552_indextts_neutral.wav,/srv/RL_project/repo/outputs/wav_by_model/indextts/002552_indextts_neutral.wav,kam si tshu lai siunn lap sap a tsa ah,kam2 si7 tshu3 lai7 siunn1 lak4 sat4 a1 tsa1,kam si tshu lai siunn lap sap a tsa ah,kam si tshu lai siunn lak sat a tsa,0.3,10,7,2,1,0,zh,1,ok
2553,indextts,neutral,002553_indextts_neutral.wav,/srv/RL_project/repo/outputs/wav_by_model/indextts/002553_indextts_neutral.wav,gua kin a lit si ke sun sun huat kian lan thian pong piah kak long u ti tu si neh,gua2 kin1 a2 lit8 si3 ke3 sun5 sun5 huat4 kian3 lan2 thian1 pong7 piah4 kah4 long2 u7 ti1 tu1 si1 neh4,gua kin a lit si ke sun sun huat kian lan thian pong piah kak long u ti tu si neh,gua kin a lit si ke sun sun huat kian lan thian pong piah kah long u ti tu si neh,0.047619047619047616,21,20,1,0,0,zh,1,ok
2554,indextts,fearful,002554_indextts_fearful.wav,/srv/RL_project/repo/outputs/wav_by_model/indextts/002554_indextts_fearful.wav,ji tshiann lan tsu kiat hun liau kan na long bo se kue kha tian koh u mng ni,li5 tshiann2 lan2 tsu7 kiat4 hun1 liau2 kan1 na1 long2 bo5 se3 kue3 kha1 tian2 koh4 u7 mng5 ni5,ji tshiann lan tsu kiat hun liau kan na long bo se kue kha tian koh u mng ni,li tshiann lan tsu kiat hun liau kan na long bo se kue kha tian koh u mng ni,0.05263157894736842,19,18,1,0,0,zh,1,ok
2555,indextts,surprised,002555_indextts_surprised.wav,/srv/RL_project/repo/outputs/wav_by_model/indextts/002555_indextts_surprised.wav,lan u ing kam beh lai piann sau tsit e,lan2 u7 ing5 kam2 beh4 lai5 piah4 sau3 tsit8 e7,lan u ing kam beh lai piann sau tsit e,lan u ing kam beh lai piah sau tsit e,0.1,10,9,1,0,0,zh,1,ok
2556,indextts,surprised,002556_indextts_surprised.wav,/srv/RL_project/repo/outputs/wav_by_model/indextts/002556_indextts_surprised.wav,hannh ke bo thiann—e,hannh4 koh4 bo5 thiann1 e5,hannh ke bo thiann—e,hannh koh bo thiann e,0.75,4,2,2,0,1,zh,1,ok
2557,indextts,disgusted,002557_indextts_disgusted.wav,/srv/RL_project/repo/outputs/wav_by_model/indextts/002557_indextts_disgusted.wav,an ne gua lai be tsit tai sau thoo kha e ki khi lang,an2 ne1 gua2 lai5 be2 tsit8 tai5 sau3 thoo5 kha1 e5 ki1 khi3 lang5,an ne gua lai be tsit tai sau thoo kha e ki khi lang,an ne gua lai be tsit tai sau thoo kha e ki khi lang,0.0,14,14,0,0,0,zh,1,ok
2558,indextts,happy,002558_indextts_happy.wav,/srv/RL_project/repo/outputs/wav/002558_indextts_happy.wav,bun tsiunn it,bun5 tsian3 tiong1 gi7 it4 tshi3,bun tsiunn it,bun tsian tiong gi it tshi,1.3333333333333333,3,2,1,0,3,zh,1,ok
2559,indextts,fearful,002559_indextts_fearful.wav,/srv/RL_project/repo/outputs/wav_by_model/indextts/002559_indextts_fearful.wav,tshoo hui kah iu hui,tshoo1 hui5 kah4 iu3 hui5,tshoo hui kah iu hui,tshoo hui kah iu hui,0.0,5,5,0,0,0,zh,1,ok
2560,indextts,surprised,002560_indextts_surprised.wav,/srv/RL_project/repo/outputs/wav_by_model/indextts/002560_indextts_surprised.wav,lan to ka kio tso iu hui,lan2 to7 ka7 kio3 tso3 iu3 hui5,lan to ka kio tso iu hui,lan to ka kio tso iu hui,0.0,7,7,0,0,0,zh,1,ok
2561,indextts,fearful,002561_indextts_fearful.wav,/srv/RL_project/repo/outputs/wav_by_model/indextts/002561_indextts_fearful.wav,it puann hua gu na si tshing hoo tso 陶瓷,it4 puann1 hua5 gu2 na7 si7 tshing1 ho2 tso3 tau3 tsi2,it puann hua gu na si tshing hoo tso 陶瓷,it puann hua gu na si tshing ho tso tau tsi,0.3,10,8,2,0,1,zh,1,ok
2562,indextts,disgusted,002562_indextts_disgusted.wav,/srv/RL_project/repo/outputs/wav_by_model/indextts/002562_indextts_disgusted.wav,lan to tit tsiap ka kio tso hui a tio ho,lan2 tioh8 tit8 tsiap4 ka7 kio3 tso3 hui5 a2 tio7 ho2,lan to tit tsiap ka kio tso hui a tio ho,lan tioh tit tsiap ka kio tso hui a tio ho,0.09090909090909091,11,10,1,0,0,zh,1,ok
2563,indextts,angry,002563_indextts_angry.wav,/srv/RL_project/repo/outputs/wav_by_model/indextts/002563_indextts_angry.wav,m ko,m7 koh4,m ko,m koh,0.5,2,1,1,0,0,zh,1,ok
2564,indextts,happy,002564_indextts_happy.wav,/srv/RL_project/repo/outputs/wav_by_model/indextts/002564_indextts_happy.wav,tshoo hui kah iu hui beh an tsuann lai khu piat,tshoo1 hui5 khah4 iu3 hui5 beh4 an2 tsuann2 lai5 khu1 piat8,tshoo hui kah iu hui beh an tsuann lai khu piat,tshoo hui khah iu hui beh an tsuann lai khu piat,0.09090909090909091,11,10,1,0,0,zh,1,ok
2565,indextts,surprised,002565_indextts_surprised.wav,/srv/RL_project/repo/outputs/wav_by_model/indextts/002565_indextts_surprised.wav,lan tsi iau kan tan pa ak hong hue tsui thoo si li,lan2 tsi2 iau3 kan1 tan1 pat4 a2 khong1 hue2 tsui2 thoo3 si7 li7,lan tsi iau kan tan pa ak hong hue tsui thoo si li,lan tsi iau kan tan pat a khong hue tsui thoo si li,0.23076923076923078,13,10,3,0,0,zh,1,ok
2566,indextts,surprised,002566_indextts_surprised.wav,/srv/RL_project/repo/outputs/wav_by_model/indextts/002566_indextts_surprised.wav,tio e sai khin khin sang sang u kua kai liam oo,tio7 e7 sai2 khin1 khin1 sang1 sang1 u7 kua2 kai3 liam7 ooh4,tio e sai khin khin sang sang u kua kai liam oo,tio e sai khin khin sang sang u kua kai liam ooh,0.08333333333333333,12,11,1,0,0,zh,1,ok
2567,indextts,sad,002567_indextts_sad.wav,/srv/RL_project/repo/outputs/wav/002567_indextts_sad.wav,sing lai khuann thoo e tsha piat,sing1 lai5 khuann3 san2 thoo5 u7 e5 tsha5 i1 ian3 peh8 pa1,sing lai khuann thoo e tsha piat,sing lai khuann san thoo u e tsha i ian peh pa,0.8571428571428571,7,6,1,0,5,zh,1,ok
2568,indextts,sad,002568_indextts_sad.wav,/srv/RL_project/repo/outputs/wav_by_model/indextts/002568_indextts_sad.wav,na beh sio tshut iu hui,na2 beh4 sio1 tshut4 iu3 hui5,na beh sio tshut iu hui,na beh sio tshut iu hui,0.0,6,6,0,0,0,zh,1,ok
2569,indextts,angry,002569_indextts_angry.wav,/srv/RL_project/repo/outputs/wav_by_model/indextts/002569_indextts_angry.wav,it ting toh ai iong ko nia thoo,it4 ting7 toh8 ai3 iong7 ko1 nia2 thoo5,it ting toh ai iong ko nia thoo,it ting toh ai iong ko nia thoo,0.0,8,8,0,0,0,zh,1,ok
2570,indextts,sad,002570_indextts_sad.wav,/srv/RL_project/repo/outputs/wav/002570_indextts_sad.wav,tsok tsia lim tshong bing,tsok4 si2 jian3 tsia2 er2 lim2 u7 tshong1 i1 tsian3 bing5,tsok tsia lim tshong bing,tsok si jian tsia er lim u tshong i tsian bing,1.2,5,5,0,0,6,zh,1,ok
2571,indextts,happy,002571_indextts_happy.wav,/srv/RL_project/repo/outputs/wav_by_model/indextts/002571_indextts_happy.wav,in ui ko nia thoo lai te tsha put to bo thih a ting ting e tsap tsit,in1 ui7 koo1 nia2 thoo5 lai7 te2 tsha1 put4 to1 bo5 thih4 a2 ting2 ting2 e5 tsap8 tsit4,in ui ko nia thoo lai te tsha put to bo thih a ting ting e tsap tsit,in ui koo nia thoo lai te tsha put to bo thih a ting ting e tsap tsit,0.05555555555555555,18,17,1,0,0,zh,1,ok
2572,indextts,happy,002572_indextts_happy.wav,/srv/RL_project/repo/outputs/wav_by_model/indextts/002572_indextts_happy.wav,soo i na si uan tsuan bo kap iu,soo2 i2 na7 si7 uan5 tsuan5 bo5 kah4 iu7,soo i na si uan tsuan bo kap iu,soo i na si uan tsuan bo kah iu,0.1111111111111111,9,8,1,0,0,zh,1,ok
2573,indextts,angry,002573_indextts_angry.wav,/srv/RL_project/repo/outputs/wav_by_model/indextts/002573_indextts_angry.wav,sio tshut lai e iu hui e tsin ua kin peh sik,sia2 tshut4 lai5 iu5 hui5 e7 tsin1 gua2 kin7 peh8 sik4,sio tshut lai e iu hui e tsin ua kin peh sik,sia tshut lai iu hui e tsin gua kin peh sik,0.25,12,9,2,1,0,zh,1,ok
2574,indextts,fearful,002574_indextts_fearful.wav,/srv/RL_project/repo/outputs/wav/002574_indextts_fearful.wav,ti koo tsa e se iunn se kai,ti7 tsi2 koo2 a2 tsng3 tsa1 oh8 e5 se1 tsian3 iunn7 u7 se1 tsian3 kai3,ti koo tsa e se iunn se kai,ti tsi koo a tsng tsa oh e se tsian iunn u se tsian kai,0.875,8,8,0,0,7,zh,1,ok
2575,indextts,sad,002575_indextts_sad.wav,/srv/RL_project/repo/outputs/wav_by_model/indextts/002575_indextts_sad.wav,in bo huat too sio tshut tsit tsiong iu hui,in1 bo5 huat4 too7 sio1 tshut4 tsit4 tsiong2 iu3 hui5,in bo huat too sio tshut tsit tsiong iu hui,in bo huat too sio tshut tsit tsiong iu hui,0.0,10,10,0,0,0,zh,1,ok
2576,indextts,fearful,002576_indextts_fearful.wav,/srv/RL_project/repo/outputs/wav_by_model/indextts/002576_indextts_fearful.wav,long e ka i kio tsue peh kim,long2 e7 ka7 i1 kio3 tsue3 peh8 kin1,long e ka i kio tsue peh kim,long e ka i kio tsue peh kin,0.125,8,7,1,0,0,zh,1,ok
2577,indextts,angry,002577_indextts_angry.wav,/srv/RL_project/repo/outputs/wav_by_model/indextts/002577_indextts_angry.wav,na si it puann tshoo hui e thoo tsit,na7 si7 it4 puann1 tsho1 hui3 e5 thoo2 tsi3,na si it puann tshoo hui e thoo tsit,na si it puann tsho hui e thoo tsi,0.2222222222222222,9,7,2,0,0,zh,1,ok
2578,indextts,sad,002578_indextts_sad.wav,/srv/RL_project/repo/outputs/wav_by_model/indextts/002578_indextts_sad.wav,na bo kap iu,na7 bo5 kap4 iunn7,na bo kap iu,na bo kap iunn,0.25,4,3,1,0,0,zh,1,ok
2579,indextts,surprised,002579_indextts_surprised.wav,/srv/RL_project/repo/outputs/wav_by_model/indextts/002579_indextts_surprised.wav,sio tshut lai tio be si peh sik e,sio1 tshut4 lai5 tio7 be7 si7 peh8 sik4 e5,sio tshut lai tio be si peh sik e,sio tshut lai tio be si peh sik e,0.0,9,9,0,0,0,zh,1,ok
2580,indextts,happy,002580_indextts_happy.wav,/srv/RL_project/repo/outputs/wav_by_model/indextts/002580_indextts_happy.wav,koh lai si tsui e kai liam,koh4 lai5 si7 tsui2 e5 kai3 liam7,koh lai si tsui e kai liam,koh lai si tsui e kai liam,0.0,7,7,0,0,0,zh,1,ok
2581,indextts,happy,002581_indextts_happy.wav,/srv/RL_project/repo/outputs/wav_by_model/indextts/002581_indextts_happy.wav,lan sing uah tang tiong u tsiok tse hui a e tse phin,lan2 sing1 uah8 tang1 tiong1 u7 tsiok4 tse7 hui5 a2 e5 tse3 phin2,lan sing uah tang tiong u tsiok tse hui a e tse phin,lan sing uah tang tiong u tsiok tse hui a e tse phin,0.0,13,13,0,0,0,zh,1,ok
2582,indextts,fearful,002582_indextts_fearful.wav,/srv/RL_project/repo/outputs/wav_by_model/indextts/002582_indextts_fearful.wav,tiau kiann si ai sio ho kiam bo kap iu e hui a,tiau5 kiann7 si7 ai3 sio1 ho2 kiam1 bo5 kak4 iu5 e5 hui5 a2,tiau kiann si ai sio ho kiam bo kap iu e hui a,tiau kiann si ai sio ho kiam bo kak iu e hui a,0.07692307692307693,13,12,1,0,0,zh,1,ok
2583,indextts,happy,002583_indextts_happy.wav,/srv/RL_project/repo/outputs/wav_by_model/indextts/002583_indextts_happy.wav,lan na si ka iu hui te tsui,lan2 na7 si7 ka7 iu3 hui5 te2 tsui2,lan na si ka iu hui te tsui,lan na si ka iu hui te tsui,0.0,8,8,0,0,0,zh,1,ok
2584,indextts,happy,002584_indextts_happy.wav,/srv/RL_project/repo/outputs/wav_by_model/indextts/002584_indextts_happy.wav,i si be siap tsui tshut lai e,i1 si7 beh4 siap8 tsui2 tshut4 lai5 e5,i si be siap tsui tshut lai e,i si beh siap tsui tshut lai e,0.125,8,7,1,0,0,zh,1,ok
2585,indextts,disgusted,002585_indextts_disgusted.wav,/srv/RL_project/repo/outputs/wav_by_model/indextts/002585_indextts_disgusted.wav,siong tui na si tshoo hui theh lai te tsui,siong1 tui3 na7 si7 tshoo1 hui5 theh8 lai5 te2 tsui2,siong tui na si tshoo hui theh lai te tsui,siong tui na si tshoo hui theh lai te tsui,0.0,10,10,0,0,0,zh,1,ok
2586,indextts,disgusted,002586_indextts_disgusted.wav,/srv/RL_project/repo/outputs/wav_by_model/indextts/002586_indextts_disgusted.wav,i tio e ban ban a ban ban a siap tsui tshut lai,i1 tio7 e7 ban7 ban7 a2 ban7 ban7 a2 siap8 tsui2 tshut4 lai5,i tio e ban ban a ban ban a siap tsui tshut lai,i tio e ban ban a ban ban a siap tsui tshut lai,0.0,13,13,0,0,0,zh,1,ok
2587,indextts,disgusted,002587_indextts_disgusted.wav,/srv/RL_project/repo/outputs/wav_by_model/indextts/002587_indextts_disgusted.wav,li tshiann iu hui e khip tsui lut tsuat tui ai ke kue sann pha i ha tsiah e sai,li5 tshiann2 iu3 hui5 e5 khip4 tsui2 lut8 tsuat8 tui3 ai3 ke7 kue3 sann1 pha1 i2 ha7 tsiah4 e7 sai2,li tshiann iu hui e khip tsui lut tsuat tui ai ke kue sann pha i ha tsiah e sai,li tshiann iu hui e khip tsui lut tsuat tui ai ke kue sann pha i ha tsiah e sai,0.0,20,20,0,0,0,zh,1,ok
2588,indextts,disgusted,002588_indextts_disgusted.wav,/srv/RL_project/repo/outputs/wav_by_model/indextts/002588_indextts_disgusted.wav,iah e ki tit nng tang tsing,iah4 e7 ki3 tit4 nng7 tang7 tsing5,iah e ki tit nng tang tsing,iah e ki tit nng tang tsing,0.0,7,7,0,0,0,zh,1,ok
2589,indextts,disgusted,002589_indextts_disgusted.wav,/srv/RL_project/repo/outputs/wav_by_model/indextts/002589_indextts_disgusted.wav,thiann tit tioh phau ka pi se kai kuan kun e tai uan suan tshiu kong,thiann1 tit4 tioh8 phau3 ka1 pi1 se3 kai3 kuan1 kun1 e5 tai5 uan5 suan2 tshiu2 kong2,thiann tit tioh phau ka pi se kai kuan kun e tai uan suan tshiu kong,thiann tit tioh phau ka pi se kai kuan kun e tai uan suan tshiu kong,0.0,16,16,0,0,0,zh,1,ok
2590,indextts,disgusted,002590_indextts_disgusted.wav,/srv/RL_project/repo/outputs/wav_by_model/indextts/002590_indextts_disgusted.wav,i tioh tsiong e ki tiong tsit e tiong iau in soo,i1 tio7 tsiong2 e7 ki5 tiong1 tsit8 e5 tiong7 iau3 in1 soo3,i tioh tsiong e ki tiong tsit e tiong iau in soo,i tio tsiong e ki tiong tsit e tiong iau in soo,0.08333333333333333,12,11,1,0,0,zh,1,ok
2591,indextts,happy,002591_indextts_happy.wav,/srv/RL_project/repo/outputs/wav_by_model/indextts/002591_indextts_happy.wav,tio si ti ing ko be e ka pi pue a,tio7 si7 ti7 ing5 ko2 be2 e5 ka1 pi1 pue1 a2,tio si ti ing ko be e ka pi pue a,tio si ti ing ko be e ka pi pue a,0.0,11,11,0,0,0,zh,1,ok
2592,indextts,happy,002592_indextts_happy.wav,/srv/RL_project/repo/outputs/wav/002592_indextts_happy.wav,m ko he tau te si siann mih khuan tsai tsit leh,m7 tshi5 lian3 koh4 he1 tau5 san1 lian3 ti7 e5 si5 tshi7 nia2 e5 jian7 mih8 si3 lian7 khuann3 oh4 tsai1 u7 lian2 tsit8 si2 lian7 leh4 si2,m ko he tau te si siann mih khuan tsai tsit leh,m tshi lian koh he tau san lian ti e si tshi nia e jian mih si lian khuann oh tsai u lian tsit si lian leh si,1.6666666666666667,12,8,4,0,16,zh,1,ok
2593,indextts,happy,002593_indextts_happy.wav,/srv/RL_project/repo/outputs/wav_by_model/indextts/002593_indextts_happy.wav,i tiau kang king suan khip tsui lut tsok ke e iu hui pue a,i1 tiau1 kang1 kin2 suan2 khit4 tsui2 lut8 tsok4 ke3 e5 iu3 hui5 pue1 a2,i tiau kang king suan khip tsui lut tsok ke e iu hui pue a,i tiau kang kin suan khit tsui lut tsok ke e iu hui pue a,0.13333333333333333,15,13,2,0,0,zh,1,ok
2594,indextts,angry,002594_indextts_angry.wav,/srv/RL_project/repo/outputs/wav_by_model/indextts/002594_indextts_angry.wav,hoo phau tshut lai e ka pi,hoo7 phau3 tshut4 lai5 e5 ka1 pi1,hoo phau tshut lai e ka pi,hoo phau tshut lai e ka pi,0.0,7,7,0,0,0,zh,1,ok
2595,indextts,disgusted,002595_indextts_disgusted.wav,/srv/RL_project/repo/outputs/wav_by_model/indextts/002595_indextts_disgusted.wav,lai te e hue phang kah kue tsi phang khi,lai7 te2 e5 hue1 phang1 kah4 kue2 tsit4 phang1 khi3,lai te e hue phang kah kue tsi phang khi,lai te e hue phang kah kue tsit phang khi,0.1,10,9,1,0,0,zh,1,ok
2596,indextts,angry,002596_indextts_angry.wav,/srv/RL_project/repo/outputs/wav_by_model/indextts/002596_indextts_angry.wav,uan tsuan be hoo pue a ing hiong lai khip siu khi,uan5 tsuan5 be7 hoo7 pue1 a2 ing2 hiong2 lai5 khi2 siu1 khi3,uan tsuan be hoo pue a ing hiong lai khip siu khi,uan tsuan be hoo pue a ing hiong lai khi siu khi,0.08333333333333333,12,11,1,0,0,zh,1,ok
2597,indextts,neutral,002597_indextts_neutral.wav,/srv/RL_project/repo/outputs/wav_by_model/indextts/002597_indextts_neutral.wav,phing sim e tang phinn tioh tsap tsiok e phang khi,phing5 sin3 e7 tang3 phinn7 tioh8 tsap8 tsioh8 e5 phang1 khi3,phing sim e tang phinn tioh tsap tsiok e phang khi,phing sin e tang phinn tioh tsap tsioh e phang khi,0.18181818181818182,11,9,2,0,0,zh,1,ok
2598,indextts,surprised,002598_indextts_surprised.wav,/srv/RL_project/repo/outputs/wav_by_model/indextts/002598_indextts_surprised.wav,hoo i e ka pi tsok phin,hoo7 i1 e5 ka1 pi1 tsok4 phin2,hoo i e ka pi tsok phin,hoo i e ka pi tsok phin,0.0,7,7,0,0,0,zh,1,ok
2599,indextts,fearful,002599_indextts_fearful.wav,/srv/RL_project/repo/outputs/wav_by_model/indextts/002599_indextts_fearful.wav,e sai uan tsuan tian hian tshut guan lai e khi bi,e7 sai2 uan5 tsuan5 tian2 hian7 tshu2 kuan5 lai5 e5 khi3 bi7,e sai uan tsuan tian hian tshut guan lai e khi bi,e sai uan tsuan tian hian tshu kuan lai e khi bi,0.16666666666666666,12,10,2,0,0,zh,1,ok
2600,indextts,neutral,002600_indextts_neutral.wav,/srv/RL_project/repo/outputs/wav_by_model/indextts/002600_indextts_neutral.wav,m tsiah u ki hue lai tioh tsiong,m7 tsiah4 u7 ki1 hue7 lai5 tioh8 tsiong2,m tsiah u ki hue lai tioh tsiong,m tsiah u ki hue lai tioh tsiong,0.0,8,8,0,0,0,zh,1,ok
2601,indextts,surprised,002601_indextts_surprised.wav,/srv/RL_project/repo/outputs/wav_by_model/indextts/002601_indextts_surprised.wav,sua loh si hue e in soo,sua3 loh8 si3 hue1 e5 in1 soo3,sua loh si hue e in soo,sua loh si hue e in soo,0.0,7,7,0,0,0,zh,1,ok
2602,indextts,sad,002602_indextts_sad.wav,/srv/RL_project/repo/outputs/wav/002602_indextts_sad.wav,hue soo tai piau e si un too kah thang kng sing,hue2 soo3 o2 tai7 tsi3 jian3 piau2 er3 tsian3 jian3 e5 SIG un7 jian2 to1 tshi7 ka1 si2 thang1 san1 jian5 kng1 i1 jian3 sing3,hue soo tai piau e si un too kah thang kng sing,hue soo o tai tsi jian piau er tsian jian e sig un jian to tshi ka si thang san jian kng i jian sing,1.3333333333333333,12,9,3,0,13,zh,1,ok
2603,indextts,happy,002603_indextts_happy.wav,/srv/RL_project/repo/outputs/wav_by_model/indextts/002603_indextts_happy.wav,tsiok tse lang sa bo tsang,tsiok4 tse7 lang5 sa1 bo5 tsang2,tsiok tse lang sa bo tsang,tsiok tse lang sa bo tsang,0.0,6,6,0,0,0,zh,1,ok
2604,indextts,surprised,002604_indextts_surprised.wav,/srv/RL_project/repo/outputs/wav_by_model/indextts/002604_indextts_surprised.wav,tai sing si un too ai sio kah tsha put to tsit tshing nng pah sann tsap kau tsit tshing nng pah peh tsap too tso iu e kuan un i siong,tai7 sing1 si7 un1 too7 ai3 sio1 kah4 tsha1 put4 to1 tsit8 tshing1 nng7 pah4 sann1 tsap8 kau3 tsit8 tshing1 nng7 pah4 peh4 tsap8 too7 tsoo1 iu5 e5 kuan5 un7 i2 siong7,tai sing si un too ai sio kah tsha put to tsit tshing nng pah sann tsap kau tsit tshing nng pah peh tsap too tso iu e kuan un i siong,tai sing si un too ai sio kah tsha put to tsit tshing nng pah sann tsap kau tsit tshing nng pah peh tsap too tsoo iu e kuan un i siong,0.03125,32,31,1,0,0,zh,1,ok
2605,indextts,fearful,002605_indextts_fearful.wav,/srv/RL_project/repo/outputs/wav_by_model/indextts/002605_indextts_fearful.wav,i tsiah e lai tsiann tso iu hui e tiau kiann tsi it,i1 tsiah4 e7 lai5 tsiann5 tso3 iu3 ui5 e5 tiau5 kiann7 tsi1 it4,i tsiah e lai tsiann tso iu hui e tiau kiann tsi it,i tsiah e lai tsiann tso iu ui e tiau kiann tsi it,0.07692307692307693,13,12,1,0,0,zh,1,ok
2606,indextts,fearful,002606_indextts_fearful.wav,/srv/RL_project/repo/outputs/wav_by_model/indextts/002606_indextts_fearful.wav,na si it puann tshoo hui e thoo tsit,na7 si7 it4 puann1 tshoo1 hui7 e5 thoo5 tsit4,na si it puann tshoo hui e thoo tsit,na si it puann tshoo hui e thoo tsit,0.0,9,9,0,0,0,zh,1,ok
2607,indextts,neutral,002607_indextts_neutral.wav,/srv/RL_project/repo/outputs/wav_by_model/indextts/002607_indextts_neutral.wav,nge beh sio kah tsit tsiong kuan un,nge7 beh4 sio1 kah4 tsit4 tsiong2 kuan5 un7,nge beh sio kah tsit tsiong kuan un,nge beh sio kah tsit tsiong kuan un,0.0,8,8,0,0,0,zh,1,ok
2608,indextts,angry,002608_indextts_angry.wav,/srv/RL_project/repo/outputs/wav/002608_indextts_angry.wav,na m si sio kah phua phua khi,na7 se1 bun7 se1 bun7 si7 se1 bun7 sioh4 guan5 ka7 hai2 uann2 phua3 thui1 phua3 thui1 khi3,na m si sio kah phua phua khi,na se bun se bun si se bun sioh guan ka hai uann phua thui phua thui khi,1.625,8,5,3,0,10,zh,1,ok
2609,indextts,angry,002609_indextts_angry.wav,/srv/RL_project/repo/outputs/wav_by_model/indextts/002609_indextts_angry.wav,bo tio si tsok phin e lai khu kha khi,bo5 tioh8 si7 tsok4 phin2 e7 lai5 khu1 kha1 khi3,bo tio si tsok phin e lai khu kha khi,bo tioh si tsok phin e lai khu kha khi,0.1,10,9,1,0,0,zh,1,ok
2610,indextts,happy,002610_indextts_happy.wav,/srv/RL_project/repo/outputs/wav_by_model/indextts/002610_indextts_happy.wav,koh lai si hue soo tai piau e thang kng sing,koh4 lai5 si7 hue7 soo2 tai7 piau2 e5 thang3 kng1 sinn3,koh lai si hue soo tai piau e thang kng sing,koh lai si hue soo tai piau e thang kng sinn,0.09090909090909091,11,10,1,0,0,zh,1,ok
2611,indextts,disgusted,002611_indextts_disgusted.wav,/srv/RL_project/repo/outputs/wav_by_model/indextts/002611_indextts_disgusted.wav,tshoo hui ka theh lai tsio kng si tsuat tui be thang kng,tshoo1 hui1 ka7 theh8 lai5 tsioh4 kng1 si7 tsuat8 tui3 be7 thang3 kng1,tshoo hui ka theh lai tsio kng si tsuat tui be thang kng,tshoo hui ka theh lai tsioh kng si tsuat tui be thang kng,0.07692307692307693,13,12,1,0,0,zh,1,ok
2612,indextts,neutral,002612_indextts_neutral.wav,/srv/RL_project/repo/outputs/wav_by_model/indextts/002612_indextts_neutral.wav,na si uan tsuan bo kap iu e iu hui ka theh lai tsio kng,na7 si7 uan5 tsuan5 bo5 kap4 iu7 e5 iu3 hui7 ka7 theh8 lai5 tsioh4 kng1,na si uan tsuan bo kap iu e iu hui ka theh lai tsio kng,na si uan tsuan bo kap iu e iu hui ka theh lai tsioh kng,0.06666666666666667,15,14,1,0,0,zh,1,ok
2613,indextts,neutral,002613_indextts_neutral.wav,/srv/RL_project/repo/outputs/wav_by_model/indextts/002613_indextts_neutral.wav,i tio e sio khua thang kng,i1 tio7 e7 sio2 khua2 thang3 kng1,i tio e sio khua thang kng,i tio e sio khua thang kng,0.0,7,7,0,0,0,zh,1,ok
2614,indextts,disgusted,002614_indextts_disgusted.wav,/srv/RL_project/repo/outputs/wav_by_model/indextts/002614_indextts_disgusted.wav,koh khah mai kong beh an tsuann lai khu piat ooh,koh4 khah4 mai3 kong2 beh4 an2 tsuann2 lai5 khu1 peh8 looh4,koh khah mai kong beh an tsuann lai khu piat ooh,koh khah mai kong beh an tsuann lai khu peh looh,0.18181818181818182,11,9,2,0,0,zh,1,ok
2615,indextts,sad,002615_indextts_sad.wav,/srv/RL_project/repo/outputs/wav_by_model/indextts/002615_indextts_sad.wav,tsue au si hong e tsok iong,tsue3 iau3 si7 hong2 e5 tsok4 iong7,tsue au si hong e tsok iong,tsue iau si hong e tsok iong,0.14285714285714285,7,6,1,0,0,zh,1,ok
2616,indextts,surprised,002616_indextts_surprised.wav,/srv/RL_project/repo/outputs/wav_by_model/indextts/002616_indextts_surprised.wav,tse si in ui hong u huat too thuan sang siann im,tse1 si7 in1 ui7 hong1 u7 huat4 too7 thuan5 sang3 siann1 im1,tse si in ui hong u huat too thuan sang siann im,tse si in ui hong u huat too thuan sang siann im,0.0,12,12,0,0,0,zh,1,ok
2617,indextts,happy,002617_indextts_happy.wav,/srv/RL_project/repo/outputs/wav_by_model/indextts/002617_indextts_happy.wav,na si iu hui iong tshiu ka tiak khuann mai a,na7 si7 iu3 hui5 iong7 tshiu2 ka7 tiak8 khuann3 mai7 a2,na si iu hui iong tshiu ka tiak khuann mai a,na si iu hui iong tshiu ka tiak khuann mai a,0.0,11,11,0,0,0,zh,1,ok
2618,indextts,happy,002618_indextts_happy.wav,/srv/RL_project/repo/outputs/wav_by_model/indextts/002618_indextts_happy.wav,i e siann im e pi tiak tshoo hui e siann im koh khah tshe tsit kua,i1 e5 siann1 im1 e7 pi2 tiak8 tshoo1 hu5 e5 siann1 im1 koh4 khah4 tsheh4 tsit8 kua2,i e siann im e pi tiak tshoo hui e siann im koh khah tshe tsit kua,i e siann im e pi tiak tshoo hu e siann im koh khah tsheh tsit kua,0.11764705882352941,17,15,2,0,0,zh,1,ok
2619,indextts,happy,002619_indextts_happy.wav,/srv/RL_project/repo/outputs/wav/002619_indextts_happy.wav,siong tui tshoo hui e siann im e khah tun,siong1 lun2 tui3 tshoo1 i2 tsian3 hu3 i1 e5 siann1 i1 jian2 ing2 i1 e5 tshi7 tshian1 kong1 tshing3 si3 tun2 tsi1,siong tui tshoo hui e siann im e khah tun,siong lun tui tshoo i tsian hu i e siann i jian ing i e tshi tshian kong tshing si tun tsi,1.5,10,7,3,0,12,zh,1,ok
2620,indextts,sad,002620_indextts_sad.wav,/srv/RL_project/repo/outputs/wav_by_model/indextts/002620_indextts_sad.wav,m tsai an ni sinn tshoo hui kah iu hui e kan tan khu piat,m7 tsai1 an2 ne1 sinn1 tshoo1 hui5 kah4 iu3 hui5 e5 kan2 tan1 khu1 piat8,m tsai an ni sinn tshoo hui kah iu hui e kan tan khu piat,m tsai an ne sinn tshoo hui kah iu hui e kan tan khu piat,0.06666666666666667,15,14,1,0,0,zh,1,ok
2621,indextts,neutral,002621_indextts_neutral.wav,/srv/RL_project/repo/outputs/wav_by_model/indextts/002621_indextts_neutral.wav,si m si tsin sim sik,si7 m7 si7 tsin1 sim1 siat4,si m si tsin sim sik,si m si tsin sim siat,0.16666666666666666,6,5,1,0,0,zh,1,ok
2622,indextts,neutral,002622_indextts_neutral.wav,/srv/RL_project/repo/outputs/wav_by_model/indextts/002622_indextts_neutral.wav,ban it na si tu tioh u lang kok pih tiau kang beh sit giam,ban7 it4 na7 si7 tu2 tioh8 u7 lang5 kok4 pi7 tiau1 kang1 beh4 sit8 giam7,ban it na si tu tioh u lang kok pih tiau kang beh sit giam,ban it na si tu tioh u lang kok pi tiau kang beh sit giam,0.06666666666666667,15,14,1,0,0,zh,1,ok
2623,indextts,angry,002623_indextts_angry.wav,/srv/RL_project/repo/outputs/wav_by_model/indextts/002623_indextts_angry.wav,iong ko nia thoo kah tshoo hui a thoo lam lam tso hue khi sio,iong7 ko1 nia2 tho5 ka7 tshoo1 hui5 a2 tho5 lam7 lam7 tso3 hue2 khi3 sio1,iong ko nia thoo kah tshoo hui a thoo lam lam tso hue khi sio,iong ko nia tho ka tshoo hui a tho lam lam tso hue khi sio,0.2,15,12,3,0,0,zh,1,ok
2624,indextts,happy,002624_indextts_happy.wav,/srv/RL_project/repo/outputs/wav_by_model/indextts/002624_indextts_happy.wav,koh sio tshut ua beh tsit tshing nng pah too tso iu kuan un e tsok phin,koh4 sio1 tshu3 gua2 be2 tsit8 tshing1 nng7 pah4 too7 tsoo1 iu5 kuan5 un2 e5 tsok4 phin2,koh sio tshut ua beh tsit tshing nng pah too tso iu kuan un e tsok phin,koh sio tshu gua be tsit tshing nng pah too tsoo iu kuan un e tsok phin,0.23529411764705882,17,13,4,0,0,zh,1,ok
2625,indextts,angry,002625_indextts_angry.wav,/srv/RL_project/repo/outputs/wav_by_model/indextts/002625_indextts_angry.wav,tai sing hua gu kong e 陶,tai7 sian1 hua5 gu2 kang2 e5 tau3 si5,tai sing hua gu kong e 陶,tai sian hua gu kang e tau si,0.5714285714285714,7,4,3,0,1,zh,1,ok
2626,indextts,angry,002626_indextts_angry.wav,/srv/RL_project/repo/outputs/wav_by_model/indextts/002626_indextts_angry.wav,tio m tsai iann beh an tsuann tshing hoo,tio7 m7 tsai1 iann2 beh4 an2 tsuann2 tshing1 hoo1,tio m tsai iann beh an tsuann tshing hoo,tio m tsai iann beh an tsuann tshing hoo,0.0,9,9,0,0,0,zh,1,ok
2627,indextts,disgusted,002627_indextts_disgusted.wav,/srv/RL_project/repo/outputs/wav_by_model/indextts/002627_indextts_disgusted.wav,si tshoo hui iah si iu hui,si7 tshoo1 hui5 iah8 si7 iu3 hui5,si tshoo hui iah si iu hui,si tshoo hui iah si iu hui,0.0,7,7,0,0,0,zh,1,ok
2628,indextts,neutral,002628_indextts_neutral.wav,/srv/RL_project/repo/outputs/wav_by_model/indextts/002628_indextts_neutral.wav,bo iau kin lan to tit tsiap kio i hui a tio ho,bo5 iau3 kin2 lan2 to7 tit8 tsiap4 kio3 i3 hui5 a2 tio7 ho2,bo iau kin lan to tit tsiap kio i hui a tio ho,bo iau kin lan to tit tsiap kio i hui a tio ho,0.0,13,13,0,0,0,zh,1,ok
2629,indextts,sad,002629_indextts_sad.wav,/srv/RL_project/repo/outputs/wav_by_model/indextts/002629_indextts_sad.wav,lan to ka kio tso tshoo hui,lan2 to7 ka7 kio3 tso3 tshoo1 hui5,lan to ka kio tso tshoo hui,lan to ka kio tso tshoo hui,0.0,7,7,0,0,0,zh,1,ok
2630,indextts,disgusted,002630_indextts_disgusted.wav,/srv/RL_project/repo/outputs/wav_by_model/indextts/002630_indextts_disgusted.wav,na si hua gu kong e 瓷,na7 si7 hua5 gu2 kong2 e7 tsi1,na si hua gu kong e 瓷,na si hua gu kong e tsi,0.14285714285714285,7,6,1,0,0,zh,1,ok
2631,indextts,surprised,002631_indextts_surprised.wav,/srv/RL_project/repo/outputs/wav_by_model/indextts/002631_indextts_surprised.wav,bun tsiunn li,bun5 tsiunn1 li7,bun tsiunn li,bun tsiunn li,0.0,3,3,0,0,0,zh,1,ok
2632,indextts,sad,002632_indextts_sad.wav,/srv/RL_project/repo/outputs/wav_by_model/indextts/002632_indextts_sad.wav,tiong kok beh hoo lan kok bin thai gu liok ui hue bo pian poo,tiong1 kok4 beh4 hoo7 lan2 kok4 bin5 thai7 gu7 liok8 ui2 hue7 bo5 pian3 poo7,tiong kok beh hoo lan kok bin thai gu liok ui hue bo pian poo,tiong kok beh hoo lan kok bin thai gu liok ui hue bo pian poo,0.0,15,15,0,0,0,zh,1,ok
2633,indextts,disgusted,002633_indextts_disgusted.wav,/srv/RL_project/repo/outputs/wav_by_model/indextts/002633_indextts_disgusted.wav,ng bang tiong kok ti tui kiu sit lik the sing e si,ng3 bang7 tiong1 kok4 ti7 tui1 kiu5 sit8 lik8 the5 sing1 e5 si5,ng bang tiong kok ti tui kiu sit lik the sing e si,ng bang tiong kok ti tui kiu sit lik the sing e si,0.0,13,13,0,0,0,zh,1,ok
2634,indextts,happy,002634_indextts_happy.wav,/srv/RL_project/repo/outputs/wav/002634_indextts_happy.wav,ma ai iong sin li loo lai khuann thai liong huann kuan he,ma7 tsi2 ai3 iong7 tshi2 sing1 li2 lian5 loo7 tsi1 lai5 khuann3 san2 tsian3 thai3 tsit8 liong2 tsian3 huann7 tsit8 kuan1 jian3 he7 tshi1,ma ai iong sin li loo lai khuann thai liong huann kuan he,ma tsi ai iong tshi sing li lian loo tsi lai khuann san tsian thai tsit liong tsian huann tsit kuan jian he tshi,0.9230769230769231,13,12,1,0,11,zh,1,ok
2635,indextts,surprised,002635_indextts_surprised.wav,/srv/RL_project/repo/outputs/wav_by_model/indextts/002635_indextts_surprised.wav,tiong kiong tsap kau tai ui tsa khi kau tiam khai si,tiong1 kiong7 tsap8 kau2 tai3 ui3 tsa2 khi2 kau2 tiam2 khai1 si2,tiong kiong tsap kau tai ui tsa khi kau tiam khai si,tiong kiong tsap kau tai ui tsa khi kau tiam khai si,0.0,12,12,0,0,0,zh,1,ok
2636,indextts,disgusted,002636_indextts_disgusted.wav,/srv/RL_project/repo/outputs/wav_by_model/indextts/002636_indextts_disgusted.wav,習近平 ti kang tsok po ko lai te,tsing5 ping2 ti7 kang1 tsok4 po3 ko3 lai7 te2,習近平 ti kang tsok po ko lai te,tsing ping ti kang tsok po ko lai te,0.25,8,7,1,0,1,zh,1,ok
2637,indextts,happy,002637_indextts_happy.wav,/srv/RL_project/repo/outputs/wav_by_model/indextts/002637_indextts_happy.wav,u si pai kong tioh kiu li kiong sik,u7 si3 bai2 kong2 tioh8 kiu2 li7 kiong7 sit4,u si pai kong tioh kiu li kiong sik,u si bai kong tioh kiu li kiong sit,0.2222222222222222,9,7,2,0,0,zh,1,ok
2638,indextts,fearful,002638_indextts_fearful.wav,/srv/RL_project/repo/outputs/wav_by_model/indextts/002638_indextts_fearful.wav,piau si tsit e tiong kok guan tsik si liong huann kuan he e tsing ti kin te,piau2 si7 tsit8 e5 tiong1 kok4 guan5 tsip4 si3 liong2 hua3 kuan1 he7 e5 tsing3 ti7 king1 te2,piau si tsit e tiong kok guan tsik si liong huann kuan he e tsing ti kin te,piau si tsit e tiong kok guan tsip si liong hua kuan he e tsing ti king te,0.16666666666666666,18,15,3,0,0,zh,1,ok
2639,indextts,happy,002639_indextts_happy.wav,/srv/RL_project/repo/outputs/wav_by_model/indextts/002639_indextts_happy.wav,sing lin kiu ji kiong sik lin tong liong huann kang siok tsit e tiong kok,sing5 lian5 kiu2 li7 kiong7 sit8 lin5 tong1 liong2 huann7 kang7 siok8 tsit8 e5 tiong1 kok4,sing lin kiu ji kiong sik lin tong liong huann kang siok tsit e tiong kok,sing lian kiu li kiong sit lin tong liong huann kang siok tsit e tiong kok,0.1875,16,13,3,0,0,zh,1,ok
2640,indextts,angry,002640_indextts_angry.wav,/srv/RL_project/repo/outputs/wav_by_model/indextts/002640_indextts_angry.wav,siang hong e tui ue tio thang khi kiann,siang1 hong1 e5 tui3 ue7 tioh8 thang1 khi2 kiann5,siang hong e tui ue tio thang khi kiann,siang hong e tui ue tioh thang khi kiann,0.1111111111111111,9,8,1,0,0,zh,1,ok
2641,indextts,angry,002641_indextts_angry.wav,/srv/RL_project/repo/outputs/wav_by_model/indextts/002641_indextts_angry.wav,tai uan lim ho tsing tong kah thuan the beh ham tiong kok lai khi ma be u tsoo gai,tai5 uan5 lim5 ho5 tsing3 tong2 kah4 thuan5 the2 beh4 ham7 tiong1 kok4 lai5 khi3 ma7 be7 u7 tsoo2 kai7,tai uan lim ho tsing tong kah thuan the beh ham tiong kok lai khi ma be u tsoo gai,tai uan lim ho tsing tong kah thuan the beh ham tiong kok lai khi ma be u tsoo kai,0.05,20,19,1,0,0,zh,1,ok
2642,indextts,sad,002642_indextts_sad.wav,/srv/RL_project/repo/outputs/wav_by_model/indextts/002642_indextts_sad.wav,tat tit tsu i e si,tat8 tit4 tsu3 i3 e5 si5,tat tit tsu i e si,tat tit tsu i e si,0.0,6,6,0,0,0,zh,1,ok
2643,indextts,sad,002643_indextts_sad.wav,/srv/RL_project/repo/outputs/wav_by_model/indextts/002643_indextts_sad.wav,tsok tsia lua tsiau lam,tsok4 tsia2 lua7 tsiau1 lam5,tsok tsia lua tsiau lam,tsok tsia lua tsiau lam,0.0,5,5,0,0,0,zh,1,ok
2644,indextts,surprised,002644_indextts_surprised.wav,/srv/RL_project/repo/outputs/wav_by_model/indextts/002644_indextts_surprised.wav,習近平 koh kong,khah4 lim5 pin1 ting5 koh4 kong2,習近平 koh kong,khah lim pin ting koh kong,1.3333333333333333,3,2,1,0,3,zh,1,ok
2645,indextts,fearful,002645_indextts_fearful.wav,/srv/RL_project/repo/outputs/wav_by_model/indextts/002645_indextts_fearful.wav,beh tsiau 兩岸一家親 e li liam,beh4 tsiau5 e7 an3 i3 tsia1 e5 li2 liam5,beh tsiau 兩岸一家親 e li liam,beh tsiau e an i tsia e li liam,0.6666666666666666,6,5,1,0,3,zh,1,ok
2646,indextts,fearful,002646_indextts_fearful.wav,/srv/RL_project/repo/outputs/wav_by_model/indextts/002646_indextts_fearful.wav,tauh tauh a hoo tai uan tong pau ti tai liok hak sip tshong giap sing uah,tauh8 tauh8 a2 hoo7 tai5 uan5 tong5 pau1 ti7 tai7 liok8 hak8 sip8 tshong3 giap8 sing1 uah8,tauh tauh a hoo tai uan tong pau ti tai liok hak sip tshong giap sing uah,tauh tauh a hoo tai uan tong pau ti tai liok hak sip tshong giap sing uah,0.0,17,17,0,0,0,zh,1,ok
2647,indextts,happy,002647_indextts_happy.wav,/srv/RL_project/repo/outputs/wav_by_model/indextts/002647_indextts_happy.wav,the kiong kah tai liok tong pau kang khuan e thai gu,the5 kiong1 kah4 tai7 liok8 tong5 pau1 kang7 khuan2 e5 thai7 gu7,the kiong kah tai liok tong pau kang khuan e thai gu,the kiong kah tai liok tong pau kang khuan e thai gu,0.0,12,12,0,0,0,zh,1,ok
2648,indextts,disgusted,002648_indextts_disgusted.wav,/srv/RL_project/repo/outputs/wav_by_model/indextts/002648_indextts_disgusted.wav,u hun sik in sut bing thuan tai hak liong huann gian kiu tiong sim tsu lim kiam kau siu iunn khai hong e kai suat,u7 hun1 sik4 in2 su2 bin5 thuan5 tai7 hak8 liong2 huann7 gian2 kiu3 tiong1 sin1 tsu2 lin5 kiam1 kau3 siu7 iunn5 khai1 hong5 e5 kai3 suat4,u hun sik in sut bing thuan tai hak liong huann gian kiu tiong sim tsu lim kiam kau siu iunn khai hong e kai suat,u hun sik in su bin thuan tai hak liong huann gian kiu tiong sin tsu lin kiam kau siu iunn khai hong e kai suat,0.15384615384615385,26,22,4,0,0,zh,1,ok
2649,indextts,neutral,002649_indextts_neutral.wav,/srv/RL_project/repo/outputs/wav_by_model/indextts/002649_indextts_neutral.wav,tiong kiong tsit kui tang ka liong huann kau liu e tiong tiam ui tai uan sua kau tiong kok,tiong1 kiong7 tsit4 kui2 tang1 ka7 liong2 huann7 kau1 liu5 e5 tiong7 tiam2 ui3 tai5 uan5 sua2 kau3 tiong1 kok4,tiong kiong tsit kui tang ka liong huann kau liu e tiong tiam ui tai uan sua kau tiong kok,tiong kiong tsit kui tang ka liong huann kau liu e tiong tiam ui tai uan sua kau tiong kok,0.0,20,20,0,0,0,zh,1,ok
2650,indextts,disgusted,002650_indextts_disgusted.wav,/srv/RL_project/repo/outputs/wav_by_model/indextts/002650_indextts_disgusted.wav,beh siann tai uan e siau lian lang kau tiong kok tshong giap un thau loo,beh4 siann5 tai5 uan5 e5 siau3 lian5 lang5 kau3 tiong1 kok4 tshok4 giap8 un2 thau5 loo7,beh siann tai uan e siau lian lang kau tiong kok tshong giap un thau loo,beh siann tai uan e siau lian lang kau tiong kok tshok giap un thau loo,0.0625,16,15,1,0,0,zh,1,ok
2651,indextts,happy,002651_indextts_happy.wav,/srv/RL_project/repo/outputs/wav_by_model/indextts/002651_indextts_happy.wav,bi lai tai pau tsing e ho be,bi7 lai5 tai5 pau1 tsing3 e5 ho7 be2,bi lai tai pau tsing e ho be,bi lai tai pau tsing e ho be,0.0,8,8,0,0,0,zh,1,ok
2652,indextts,fearful,002652_indextts_fearful.wav,/srv/RL_project/repo/outputs/wav_by_model/indextts/002652_indextts_fearful.wav,phah sng beh kai kah kah tiong kok kong bin kang khuan,phah4 sng3 beh4 kai2 ka2 kah4 tiong1 kok4 kong1 bin5 kang7 khuan2,phah sng beh kai kah kah tiong kok kong bin kang khuan,phah sng beh kai ka kah tiong kok kong bin kang khuan,0.08333333333333333,12,11,1,0,0,zh,1,ok
2653,indextts,fearful,002653_indextts_fearful.wav,/srv/RL_project/repo/outputs/wav_by_model/indextts/002653_indextts_fearful.wav,hoo tai uan lang ti tiong kok be ko thih phio thang kah tiong kok lang kang khuan,hoo7 tai5 uan5 lang5 ti7 tiong1 kok4 be2 ko1 thih4 phio3 thang1 kah4 tiong1 kok4 lang5 kang7 khuan2,hoo tai uan lang ti tiong kok be ko thih phio thang kah tiong kok lang kang khuan,hoo tai uan lang ti tiong kok be ko thih phio thang kah tiong kok lang kang khuan,0.0,18,18,0,0,0,zh,1,ok
2654,indextts,disgusted,002654_indextts_disgusted.wav,/srv/RL_project/repo/outputs/wav_by_model/indextts/002654_indextts_disgusted.wav,tiong kok kiong san tong te tsap kau tshu tsuan kok tai piau tai hue tsap gueh tsap peh khai boo,tiong1 kok4 kiong7 san2 tong2 te7 tsap8 kau2 tshu3 tsuan5 kok4 tai7 piau2 tai7 hue7 tsap8 bue2 tsap8 peh4 khai1 boo7,tiong kok kiong san tong te tsap kau tshu tsuan kok tai piau tai hue tsap gueh tsap peh khai boo,tiong kok kiong san tong te tsap kau tshu tsuan kok tai piau tai hue tsap bue tsap peh khai boo,0.047619047619047616,21,20,1,0,0,zh,1,ok
2655,indextts,happy,002655_indextts_happy.wav,/srv/RL_project/repo/outputs/wav_by_model/indextts/002655_indextts_happy.wav,bian pai tui tit tsiap lu kha lip tsam ka thiam li pian sing,bian2 pai5 tui7 tit4 tsiah8 lu2 kha2 li7 tsam7 kah4 thiam2 li7 pian7 sing3,bian pai tui tit tsiap lu kha lip tsam ka thiam li pian sing,bian pai tui tit tsiah lu kha li tsam kah thiam li pian sing,0.21428571428571427,14,11,3,0,0,zh,1,ok
2656,indextts,sad,002656_indextts_sad.wav,/srv/RL_project/repo/outputs/wav/002656_indextts_sad.wav,iunn khai hong lin ui,iunn5 u7 tsian2 kong1 tsing7 i1 i1 tsian3 hong5 lim5 tshi7 jian3 ui5,iunn khai hong lin ui,iunn u tsian kong tsing i i tsian hong lim tshi jian ui,2.0,5,3,2,0,8,zh,1,ok
2657,indextts,sad,002657_indextts_sad.wav,/srv/RL_project/repo/outputs/wav/002657_indextts_sad.wav,tse huan se piau si tiong kiong tui ka ti e huat tian tsin u sin sim,tse7 it4 siau1 si5 guan5 tsi1 jian3 se3 piau2 erh4 jian3 si5 tsi1 tiong1 jian3 kiong7 tsi1 tui3 ka1 jian3 ti1 tshih8 e5 huat4 si2 jian5 ting7 i1 u7 tshi1 sin3 jian7 sim1 i1,tse huan se piau si tiong kiong tui ka ti e huat tian tsin u sin sim,tse it siau si guan tsi jian se piau erh jian si tsi tiong jian kiong tsi tui ka jian ti tshih e huat si jian ting i u tshi sin jian sim i,1.1764705882352942,17,14,3,0,17,zh,1,ok
2658,indextts,sad,002658_indextts_sad.wav,/srv/RL_project/repo/outputs/wav_by_model/indextts/002658_indextts_sad.wav,tsun si tai uan lang lai kau tiong kok sia hue,tsun2 si7 tai5 uan5 lang5 lai5 kau3 tiong1 kok4 sia7 hue7,tsun si tai uan lang lai kau tiong kok sia hue,tsun si tai uan lang lai kau tiong kok sia hue,0.0,11,11,0,0,0,zh,1,ok
2659,indextts,neutral,002659_indextts_neutral.wav,/srv/RL_project/repo/outputs/wav_by_model/indextts/002659_indextts_neutral.wav,tio e tang ka liong huann e kha poo giu khah ua leh,tio7 e7 tang3 ka7 liong2 huann7 e5 kha1 poo1 giu2 khah4 ua2 leh4,tio e tang ka liong huann e kha poo giu khah ua leh,tio e tang ka liong huann e kha poo giu khah ua leh,0.0,13,13,0,0,0,zh,1,ok
2660,indextts,happy,002660_indextts_happy.wav,/srv/RL_project/repo/outputs/wav_by_model/indextts/002660_indextts_happy.wav,liok ui hue e siann bing tsi tshut,liok8 ui2 hue7 sia2 bing5 tsi2 tshut4,liok ui hue e siann bing tsi tshut,liok ui hue sia bing tsi tshut,0.25,8,6,1,1,0,zh,1,ok
2661,indextts,sad,002661_indextts_sad.wav,/srv/RL_project/repo/outputs/wav_by_model/indextts/002661_indextts_sad.wav,tiong kiong tsap kau tai po ko tui tai tsing tshik uan na bo pian poo,tiong1 kiong7 tsap8 kau2 tai7 po3 ko3 tui3 tai5 tsing3 tshit4 uan1 na2 bo5 pian3 poo7,tiong kiong tsap kau tai po ko tui tai tsing tshik uan na bo pian poo,tiong kiong tsap kau tai po ko tui tai tsing tshit uan na bo pian poo,0.0625,16,15,1,0,0,zh,1,ok
2662,indextts,angry,002662_indextts_angry.wav,/srv/RL_project/repo/outputs/wav_by_model/indextts/002662_indextts_angry.wav,koh thiau kang kik tshut the hong nua tsah e thai too,koh4 thiau1 kang1 kip4 tshut4 the5 hong5 nua5 tsa2 e5 thai7 too7,koh thiau kang kik tshut the hong nua tsah e thai too,koh thiau kang kip tshut the hong nua tsa e thai too,0.16666666666666666,12,10,2,0,0,zh,1,ok
2663,indextts,disgusted,002663_indextts_disgusted.wav,/srv/RL_project/repo/outputs/wav_by_model/indextts/002663_indextts_disgusted.wav,liok ui hue hoo iok tui huann tsin bak khuann tiong tsit e su sit,liok8 ui2 hue7 ho5 iok8 tui3 huann7 tsin1 bak8 khuann3 tiong7 tsit8 e5 su7 sit8,liok ui hue hoo iok tui huann tsin bak khuann tiong tsit e su sit,liok ui hue ho iok tui huann tsin bak khuann tiong tsit e su sit,0.06666666666666667,15,14,1,0,0,zh,1,ok
2664,indextts,fearful,002664_indextts_fearful.wav,/srv/RL_project/repo/outputs/wav_by_model/indextts/002664_indextts_fearful.wav,koo tsit ping nge beh tsiann e it tiong guan tsik kah tsit kok nng tse,koo3 tsit8 ping5 ge5 beh4 tsiann5 e5 it4 tiong2 guan5 tsik4 kah4 tsit8 kok4 nng7 tseh4,koo tsit ping nge beh tsiann e it tiong guan tsik kah tsit kok nng tse,koo tsit ping ge beh tsiann e it tiong guan tsik kah tsit kok nng tseh,0.125,16,14,2,0,0,zh,1,ok
2665,indextts,surprised,002665_indextts_surprised.wav,/srv/RL_project/repo/outputs/wav_by_model/indextts/002665_indextts_surprised.wav,tiong kiong tsong su ki 習近平 leh po ko e si,tiong1 kiong7 tsong2 su1 ki1 tsiong1 put4 tsin7 pinn1 leh4 po3 ko3 e5 si5,tiong kiong tsong su ki 習近平 leh po ko e si,tiong kiong tsong su ki tsiong put tsin pinn leh po ko e si,0.36363636363636365,11,10,1,0,3,zh,1,ok
2666,indextts,fearful,002666_indextts_fearful.wav,/srv/RL_project/repo/outputs/wav_by_model/indextts/002666_indextts_fearful.wav,tsin oh hann kue bin sim e tshim kau,tsin1 oh4 ha7 kue3 bin5 sin1 e5 tshim1 kau1,tsin oh hann kue bin sim e tshim kau,tsin oh ha kue bin sin e tshim kau,0.2222222222222222,9,7,2,0,0,zh,1,ok
2667,indextts,neutral,002667_indextts_neutral.wav,/srv/RL_project/repo/outputs/wav_by_model/indextts/002667_indextts_neutral.wav,liok ui hue kiong tiau,liok8 ui3 hue7 kiong5 tiau7,liok ui hue kiong tiau,liok ui hue kiong tiau,0.0,5,5,0,0,0,zh,1,ok
2668,indextts,fearful,002668_indextts_fearful.wav,/srv/RL_project/repo/outputs/wav_by_model/indextts/002668_indextts_fearful.wav,tshua tsing hu u tsam tsat bo jia khang,tshua3 tsing3 hu2 u7 tsat8 tsat8 bo5 tsiah4 khang1,tshua tsing hu u tsam tsat bo jia khang,tshua tsing hu u tsat tsat bo tsiah khang,0.2222222222222222,9,7,2,0,0,zh,1,ok
2669,indextts,disgusted,002669_indextts_disgusted.wav,/srv/RL_project/repo/outputs/wav_by_model/indextts/002669_indextts_disgusted.wav,ui tshi hian hong tsun tiong it kiu kiu ji ni liong hue hue tam lik su su sit e lip tiunn bo pian,ui2 tshi5 sing3 hian7 hong2 tsun1 tiong7 it4 kiu2 kiu2 ji7 ni5 liong2 hue7 hue7 tan5 lik8 su2 su7 sit8 e5 lit8 tiunn5 bo5 pian3,ui tshi hian hong tsun tiong it kiu kiu ji ni liong hue hue tam lik su su sit e lip tiunn bo pian,ui tshi sing hian hong tsun tiong it kiu kiu ji ni liong hue hue tan lik su su sit e lit tiunn bo pian,0.125,24,22,2,0,1,zh,1,ok
2670,indextts,disgusted,002670_indextts_disgusted.wav,/srv/RL_project/repo/outputs/wav_by_model/indextts/002670_indextts_disgusted.wav,m koh tiong hua bin kok si tsu kuan kok ka,m7 koh4 tiong1 hua5 bin5 kok4 si7 tsu2 kuan1 kok4 ka1,m koh tiong hua bin kok si tsu kuan kok ka,m koh tiong hua bin kok si tsu kuan kok ka,0.0,11,11,0,0,0,zh,1,ok
2671,indextts,disgusted,002671_indextts_disgusted.wav,/srv/RL_project/repo/outputs/wav/002671_indextts_disgusted.wav,tai uan e bi lai kap liong huann kuan he si nng tshing sann pah ban lang e kiong tong suan tik,tai5 ling2 uan5 e5 pi1 a2 tshi7 tsian3 e5 ka1 si1 liong2 tsian3 hua1 tsi1 kuan1 tsian2 he5 tshi7 SA tshi7 nng7 tsi2 tsian3 tshing3 i2 me7 senn1 bak8 i1 tsian3 pa2 si7 lan5 lan5 tsi1 lang5 e5 kiong2 tsi1 tsian3 thong1 suan1 tsian3 tik8 pa1,tai uan e bi lai kap liong huann kuan he si nng tshing sann pah ban lang e kiong tong suan tik,tai ling uan e pi a tshi tsian e ka si liong tsian hua tsi kuan tsian he tshi sa tshi nng tsi tsian tshing i me senn bak i tsian pa si lan lan tsi lang e kiong tsi tsian thong suan tsian tik pa,1.5,22,13,9,0,24,zh,1,ok
2672,indextts,neutral,002672_indextts_neutral.wav,/srv/RL_project/repo/outputs/wav_by_model/indextts/002672_indextts_neutral.wav,liong huann ai tso hue tshiau tshue sio kau tshap e sin loo,liong2 huann7 ai3 tso3 hue2 tshiau1 tshue7 sio1 kau1 tshap4 e5 sin1 loo7,liong huann ai tso hue tshiau tshue sio kau tshap e sin loo,liong huann ai tso hue tshiau tshue sio kau tshap e sin loo,0.0,13,13,0,0,0,zh,1,ok
2673,indextts,angry,002673_indextts_angry.wav,/srv/RL_project/repo/outputs/wav/002673_indextts_angry.wav,tsiam tui tiong kiong tsap kau tai e po ko,tsiam3 ik8 gian5 tui3 tiong1 ian3 kiong5 ki1 tsit4 tsa1 pa1 tsing3 kau1 er2 tsian3 tai7 tsi3 e5 po3 gian3 koo3,tsiam tui tiong kiong tsap kau tai e po ko,tsiam ik gian tui tiong ian kiong ki tsit tsa pa tsing kau er tsian tai tsi e po gian koo,1.3,10,8,2,0,11,zh,1,ok
2674,indextts,fearful,002674_indextts_fearful.wav,/srv/RL_project/repo/outputs/wav_by_model/indextts/002674_indextts_fearful.wav,si tai lik liong piau si,si5 tai7 jit8 liong7 piau2 si7,si tai lik liong piau si,si tai jit liong piau si,0.16666666666666666,6,5,1,0,0,zh,1,ok
2675,indextts,neutral,002675_indextts_neutral.wav,/srv/RL_project/repo/outputs/wav/002675_indextts_neutral.wav,tsi tshi tshua tsong thong tsun tiong kiu ji hue tam lik su su sit e tsing tshik te tiau,tsi2 i1 tsian3 tshi3 u7 tshua1 san1 tsuang1 o3 lian3 thong1 o2 tsun1 i1 lian3 tiong1 tsi1 kiu2 lian3 ji7 tshi7 lian3 hue5 tsi1 tan2 u7 lik8 pa1 tsian3 su1 su1 tsi1 lian3 si3 pa1 e7 tsing1 san1 tsian3 tshit4 tshit4 te2 tiau5 tsi1 lak8 thing3 gu7,tsi tshi tshua tsong thong tsun tiong kiu ji hue tam lik su su sit e tsing tshik te tiau,tsi i tsian tshi u tshua san tsuang o lian thong o tsun i lian tiong tsi kiu lian ji tshi lian hue tsi tan u lik pa tsian su su tsi lian si pa e tsing san tsian tshit tshit te tiau tsi lak thing gu,1.55,20,16,4,0,27,zh,1,ok
2676,indextts,fearful,002676_indextts_fearful.wav,/srv/RL_project/repo/outputs/wav/002676_indextts_fearful.wav,tu liau koh kiong tiau kian kuat huan tui ping ap tse tai tok se lik,tu5 tsian3 liau2 oh8 koh4 si3 kiong5 tsian3 tiau5 tsi1 kian1 tsian3 kuat4 tshi2 huan2 tsian3 tui3 pin7 tsi2 APC tsian3 tse3 tai5 tsian3 too7 ba7 seh8 jian5 lik8 ba7,tu liau koh kiong tiau kian kuat huan tui ping ap tse tai tok se lik,tu tsian liau oh koh si kiong tsian tiau tsi kian tsian kuat tshi huan tsian tui pin tsi apc tsian tse tai tsian too ba seh jian lik ba,1.125,16,12,4,0,14,zh,1,ok
2677,indextts,happy,002677_indextts_happy.wav,/srv/RL_project/repo/outputs/wav_by_model/indextts/002677_indextts_happy.wav,ma hoo iok tiong kiong ti tsit e tiong kok tsit e tai uan e ki tshoo siong,ma7 ho2 iok8 tiong1 kiong7 ti7 tsit8 e5 tiong1 kok4 tsit8 e5 tai5 uan5 e5 ki1 tshoo2 siong7,ma hoo iok tiong kiong ti tsit e tiong kok tsit e tai uan e ki tshoo siong,ma ho iok tiong kiong ti tsit e tiong kok tsit e tai uan e ki tshoo siong,0.05555555555555555,18,17,1,0,0,zh,1,ok
2678,indextts,disgusted,002678_indextts_disgusted.wav,/srv/RL_project/repo/outputs/wav/002678_indextts_disgusted.wav,kap tai uan tsing hu tui ue khi tso liong huann tsing siong liong sing e kau tshap kuan he,kap4 si7 tai7 jian3 uan5 tsin3 tsing3 hu2 tui3 jian3 ue7 ji7 khia5 jian3 tso3 tshi7 liong2 tsian3 huat4 tsi1 tsing3 jian3 siong1 liong5 tsian3 sing5 e5 kau1 ui1 tsian3 tshat4 si2 kuan1 tsian2 he5 tsi1,kap tai uan tsing hu tui ue khi tso liong huann tsing siong liong sing e kau tshap kuan he,kap si tai jian uan tsin tsing hu tui jian ue ji khia jian tso tshi liong tsian huat tsi tsing jian siong liong tsian sing e kau ui tsian tshat si kuan tsian he tsi,0.95,20,17,3,0,16,zh,1,ok
2679,indextts,happy,002679_indextts_happy.wav,/srv/RL_project/repo/outputs/wav/002679_indextts_happy.wav,ling gua tsit hong bin,lim5 tsi2 lian3 uah8 tshi7 tsit8 ba2 tsian3 hong1 jian3 bin7 tsi1,ling gua tsit hong bin,lim tsi lian uah tshi tsit ba tsian hong jian bin tsi,1.8,5,3,2,0,7,zh,1,ok
2680,indextts,disgusted,002680_indextts_disgusted.wav,/srv/RL_project/repo/outputs/wav_by_model/indextts/002680_indextts_disgusted.wav,kok bin tong tsu sik ngoo tun gi kong,kok4 bin5 tong2 tsu2 sik4 ngoo5 tun1 gi7 kong2,kok bin tong tsu sik ngoo tun gi kong,kok bin tong tsu sik ngoo tun gi kong,0.0,9,9,0,0,0,zh,1,ok
2681,indextts,surprised,002681_indextts_surprised.wav,/srv/RL_project/repo/outputs/wav/002681_indextts_surprised.wav,ai u it tiong kok piau e kiu ji kiong sik,ai3 u7 tsi2 it4 tshit4 tiong1 kok4 si2 piau2 oh8 e5 kiu2 jian3 ji7 tshi1 jian3 kiong5 tsi1 jian3 sik4 si2,ai u it tiong kok piau e kiu ji kiong sik,ai u tsi it tshit tiong kok si piau oh e kiu jian ji tshi jian kiong tsi jian sik si,0.9090909090909091,11,11,0,0,10,zh,1,ok
2682,indextts,sad,002682_indextts_sad.wav,/srv/RL_project/repo/outputs/wav_by_model/indextts/002682_indextts_sad.wav,tsiah thang po tsing tiong hua bin kok e tsu kuan kah tsun giam,tsiah4 thang1 po2 tsing3 tiong1 hua5 bin5 kok4 e5 tsu2 kuan5 kah4 tsun1 giam5,tsiah thang po tsing tiong hua bin kok e tsu kuan kah tsun giam,tsiah thang po tsing tiong hua bin kok e tsu kuan kah tsun giam,0.0,14,14,0,0,0,zh,1,ok
2683,indextts,sad,002683_indextts_sad.wav,/srv/RL_project/repo/outputs/wav_by_model/indextts/002683_indextts_sad.wav,ma kong tioh tui tai khang khue e tiong tiam,ma7 kong2 tioh8 tui3 tai5 khang1 khue3 e5 tiong7 tiam2,ma kong tioh tui tai khang khue e tiong tiam,ma kong tioh tui tai khang khue e tiong tiam,0.0,10,10,0,0,0,zh,1,ok
2684,indextts,angry,002684_indextts_angry.wav,/srv/RL_project/repo/outputs/wav_by_model/indextts/002684_indextts_angry.wav,the kiong tai uan lang ti tiong kok e kok bin thai gu,thai3 kiong1 tai5 uan5 lang5 ti7 tiong1 kok4 e5 kok4 bin5 thai3 u7,the kiong tai uan lang ti tiong kok e kok bin thai gu,thai kiong tai uan lang ti tiong kok e kok bin thai u,0.15384615384615385,13,11,2,0,0,zh,1,ok
2685,indextts,fearful,002685_indextts_fearful.wav,/srv/RL_project/repo/outputs/wav_by_model/indextts/002685_indextts_fearful.wav,hing tsing inn tai liok ui guan hue lin ui,hing5 tsing3 inn7 tai7 liok8 ui2 uan5 hue7 lin7 ui5,hing tsing inn tai liok ui guan hue lin ui,hing tsing inn tai liok ui uan hue lin ui,0.1,10,9,1,0,0,zh,1,ok
2686,indextts,fearful,002686_indextts_fearful.wav,/srv/RL_project/repo/outputs/wav_by_model/indextts/002686_indextts_fearful.wav,tiong kok tui tai tsing tshik bo pian poo tsin phah sng,tiong1 kok4 tui3 tai5 tsin3 tshioh4 bo5 pian3 poo7 tsin1 phah4 sng2,tiong kok tui tai tsing tshik bo pian poo tsin phah sng,tiong kok tui tai tsin tshioh bo pian poo tsin phah sng,0.16666666666666666,12,10,2,0,0,zh,1,ok
2687,indextts,surprised,002687_indextts_surprised.wav,/srv/RL_project/repo/outputs/wav_by_model/indextts/002687_indextts_surprised.wav,goo bun tsiong sam,goo7 peh4 bun5 tsiong1 sam1,goo bun tsiong sam,goo peh bun tsiong sam,0.25,4,4,0,0,1,zh,1,ok
2688,indextts,fearful,002688_indextts_fearful.wav,/srv/RL_project/repo/outputs/wav_by_model/indextts/002688_indextts_fearful.wav,jiau sia e ge sut,liau2 sia2 e5 ke3 sut8,jiau sia e ge sut,liau sia e ke sut,0.4,5,3,2,0,0,zh,1,ok
2689,indextts,fearful,002689_indextts_fearful.wav,/srv/RL_project/repo/outputs/wav_by_model/indextts/002689_indextts_fearful.wav,lian kah u tsit kang tat kau hit e tsi kuan e king kai,lian5 kah4 u7 tsit8 kang1 tak8 kau3 hit4 e5 tsi3 kuan5 e5 king2 kak4,lian kah u tsit kang tat kau hit e tsi kuan e king kai,lian kah u tsit kang tak kau hit e tsi kuan e king kak,0.14285714285714285,14,12,2,0,0,zh,1,ok
2690,indextts,fearful,002690_indextts_fearful.wav,/srv/RL_project/repo/outputs/wav_by_model/indextts/002690_indextts_fearful.wav,kio tsue ge sut,kio3 tsue3 ke3 sut8,kio tsue ge sut,kio tsue ke sut,0.25,4,3,1,0,0,zh,1,ok
2691,indextts,disgusted,002691_indextts_disgusted.wav,/srv/RL_project/repo/outputs/wav_by_model/indextts/002691_indextts_disgusted.wav,na si e tang sng tshut guan liong kui pian,na7 si7 e7 tang3 sng3 tshut4 guan5 liong5 kui2 pian3,na si e tang sng tshut guan liong kui pian,na si e tang sng tshut guan liong kui pian,0.0,10,10,0,0,0,zh,1,ok
2692,indextts,sad,002692_indextts_sad.wav,/srv/RL_project/repo/outputs/wav/002692_indextts_sad.wav,an ne tio si iah bue guan liong,an2 tsian5 e7 tio7 tsi3 e7 si7 i1 iah8 si7 tsian3 bue7 tshi1 guan5 lian2 liong5 tsi1,an ne tio si iah bue guan liong,an tsian e tio tsi e si i iah si tsian bue tshi guan lian liong tsi,1.25,8,7,1,0,9,zh,1,ok
2693,indextts,neutral,002693_indextts_neutral.wav,/srv/RL_project/repo/outputs/wav_by_model/indextts/002693_indextts_neutral.wav,ia soo kong e tshit tsap e tshit pian,ia5 soo2 kong2 e5 tshit4 tsap8 e7 tshit4 pian3,ia soo kong e tshit tsap e tshit pian,ia soo kong e tshit tsap e tshit pian,0.0,9,9,0,0,0,zh,1,ok
2694,indextts,fearful,002694_indextts_fearful.wav,/srv/RL_project/repo/outputs/wav_by_model/indextts/002694_indextts_fearful.wav,tio si tshin tshiunn lan kong e tshit tshit si tsap kau pian,tio7 si7 tshin1 tshiunn7 lan2 kong2 e5 tshit4 tshit4 si3 tsap8 kau2 pian3,tio si tshin tshiunn lan kong e tshit tshit si tsap kau pian,tio si tshin tshiunn lan kong e tshit tshit si tsap kau pian,0.0,13,13,0,0,0,zh,1,ok
2695,indextts,neutral,002695_indextts_neutral.wav,/srv/RL_project/repo/outputs/wav_by_model/indextts/002695_indextts_neutral.wav,tio si m tsai iann kui pian,tio7 si7 m7 tsai1 iann2 kui2 pian3,tio si m tsai iann kui pian,tio si m tsai iann kui pian,0.0,7,7,0,0,0,zh,1,ok
2696,indextts,fearful,002696_indextts_fearful.wav,/srv/RL_project/repo/outputs/wav_by_model/indextts/002696_indextts_fearful.wav,it tit kau uan tsuan bo teh ti i,it4 tit8 kau3 uan5 tsuan5 bo5 teh4 ti3 i3,it tit kau uan tsuan bo teh ti i,it tit kau uan tsuan bo teh ti i,0.0,9,9,0,0,0,zh,1,ok
2697,indextts,sad,002697_indextts_sad.wav,/srv/RL_project/repo/outputs/wav_by_model/indextts/002697_indextts_sad.wav,bo koh khioh hun,bo5 koh4 khioh4 hun1,bo koh khioh hun,bo koh khioh hun,0.0,4,4,0,0,0,zh,1,ok
2698,indextts,surprised,002698_indextts_surprised.wav,/srv/RL_project/repo/outputs/wav_by_model/indextts/002698_indextts_surprised.wav,m koh lan thak bi kok jin bun tsu gi tai su pang liong e khuan iong,m7 koh4 lan2 thak8 pi2 kok4 jin5 bun5 tsu2 gi7 tai7 su1 pang1 liong5 e5 khuan5 iong7,m koh lan thak bi kok jin bun tsu gi tai su pang liong e khuan iong,m koh lan thak pi kok jin bun tsu gi tai su pang liong e khuan iong,0.058823529411764705,17,16,1,0,0,zh,1,ok
2699,indextts,neutral,002699_indextts_neutral.wav,/srv/RL_project/repo/outputs/wav_by_model/indextts/002699_indextts_neutral.wav,tsok tsia li khin huann,tsok4 tsia2 li2 khin5 huann7,tsok tsia li khin huann,tsok tsia li khin huann,0.0,5,5,0,0,0,zh,1,ok
2700,indextts,surprised,002700_indextts_surprised.wav,/srv/RL_project/repo/outputs/wav_by_model/indextts/002700_indextts_surprised.wav,thak liau tit tioh kah tsok tsia kang khuan e kiat lun,thak8 liau2 tit4 tioh8 kah4 tsok4 tsia2 kang7 khuan2 e5 kiat4 lun7,thak liau tit tioh kah tsok tsia kang khuan e kiat lun,thak liau tit tioh kah tsok tsia kang khuan e kiat lun,0.0,12,12,0,0,0,zh,1,ok
2701,indextts,happy,002701_indextts_happy.wav,/srv/RL_project/repo/outputs/wav_by_model/indextts/002701_indextts_happy.wav,jin lui e lik su tio si tsit pho put khuan iong su,lin5 lui7 e5 lik8 su2 tio7 si7 tsit8 phoo7 put4 khuan2 iong7 su2,jin lui e lik su tio si tsit pho put khuan iong su,lin lui e lik su tio si tsit phoo put khuan iong su,0.15384615384615385,13,11,2,0,0,zh,1,ok
2702,indextts,neutral,002702_indextts_neutral.wav,/srv/RL_project/repo/outputs/wav_by_model/indextts/002702_indextts_neutral.wav,jin lui put tuan tiong hok sim kuann kheh eh,jin5 lui5 put4 tuan7 tiong1 hoo7 sin1 kuann1 kheh4 e5,jin lui put tuan tiong hok sim kuann kheh eh,jin lui put tuan tiong hoo sin kuann kheh e,0.3,10,7,3,0,0,zh,1,ok
2703,indextts,sad,002703_indextts_sad.wav,/srv/RL_project/repo/outputs/wav_by_model/indextts/002703_indextts_sad.wav,bo huat too tsiap lap kah ka ki bo kang khuan siunn huat e tsok ui,bo5 huat4 too7 tsiap4 lat8 kah4 ka1 ki7 bo5 kang5 khuan2 siunn7 huat4 e5 tsok4 ui5,bo huat too tsiap lap kah ka ki bo kang khuan siunn huat e tsok ui,bo huat too tsiap lat kah ka ki bo kang khuan siunn huat e tsok ui,0.0625,16,15,1,0,0,zh,1,ok
2704,indextts,disgusted,002704_indextts_disgusted.wav,/srv/RL_project/repo/outputs/wav_by_model/indextts/002704_indextts_disgusted.wav,na si kah gua bo sio kang,na7 si7 kau3 gua2 bo5 sio1 kang5,na si kah gua bo sio kang,na si kau gua bo sio kang,0.14285714285714285,7,6,1,0,0,zh,1,ok
2705,indextts,disgusted,002705_indextts_disgusted.wav,/srv/RL_project/repo/outputs/wav_by_model/indextts/002705_indextts_disgusted.wav,tio si li si gua uah,tio7 si7 li2 si3 ua2 ua2,tio si li si gua uah,tio si li si ua ua,0.3333333333333333,6,4,2,0,0,zh,1,ok
2706,indextts,neutral,002706_indextts_neutral.wav,/srv/RL_project/repo/outputs/wav_by_model/indextts/002706_indextts_neutral.wav,tse pau kuat tse tse soo ui ia soo tai gian jin e jin lui,tse1 pau1 kuat4 tse7 tse7 soo2 ui7 ia2 soo2 tai7 gian5 jin5 e5 jin5 lui7,tse pau kuat tse tse soo ui ia soo tai gian jin e jin lui,tse pau kuat tse tse soo ui ia soo tai gian jin e jin lui,0.0,15,15,0,0,0,zh,1,ok
2707,indextts,sad,002707_indextts_sad.wav,/srv/RL_project/repo/outputs/wav_by_model/indextts/002707_indextts_sad.wav,jin lui kau tann e lik su,jin5 lui5 kau3 tann1 e5 lik8 su2,jin lui kau tann e lik su,jin lui kau tann e lik su,0.0,7,7,0,0,0,zh,1,ok
2708,indextts,surprised,002708_indextts_surprised.wav,/srv/RL_project/repo/outputs/wav_by_model/indextts/002708_indextts_surprised.wav,tshit tsap e tshit pian long si bo jiau sia bo khuan iong bo guan liong,tshit4 tsap8 e5 tshit4 pian3 long2 si7 bo5 jiau5 sia3 bo5 khuan5 iong5 bo5 guan5 liong7,tshit tsap e tshit pian long si bo jiau sia bo khuan iong bo guan liong,tshit tsap e tshit pian long si bo jiau sia bo khuan iong bo guan liong,0.0,16,16,0,0,0,zh,1,ok
2709,indextts,disgusted,002709_indextts_disgusted.wav,/srv/RL_project/repo/outputs/wav_by_model/indextts/002709_indextts_disgusted.wav,jin lui ko jian si kau tse thian pian e,lin5 lui7 koh4 lian5 si7 kau1 tse7 thian1 pian3 e5,jin lui ko jian si kau tse thian pian e,lin lui koh lian si kau tse thian pian e,0.3,10,7,3,0,0,zh,1,ok
2710,indextts,surprised,002710_indextts_surprised.wav,/srv/RL_project/repo/outputs/wav_by_model/indextts/002710_indextts_surprised.wav,pi tik mng ia soo kong,pi2 tit4 mng7 gia5 soo2 kong2,pi tik mng ia soo kong,pi tit mng gia soo kong,0.3333333333333333,6,4,2,0,0,zh,1,ok
2711,indextts,neutral,002711_indextts_neutral.wav,/srv/RL_project/repo/outputs/wav_by_model/indextts/002711_indextts_neutral.wav,kau tse thian tshit tsap tshit pian,kau1 tse5 thian1 tshit4 tsap8 tshit4 pian3,kau tse thian tshit tsap tshit pian,kau tse thian tshit tsap tshit pian,0.0,7,7,0,0,0,zh,1,ok
2712,indextts,sad,002712_indextts_sad.wav,/srv/RL_project/repo/outputs/wav_by_model/indextts/002712_indextts_sad.wav,pian lai pian khi ma si kau,pian2 lai5 pian2 thinn1 ma7 si7 kau5,pian lai pian khi ma si kau,pian lai pian thinn ma si kau,0.14285714285714285,7,6,1,0,0,zh,1,ok
2713,indextts,sad,002713_indextts_sad.wav,/srv/RL_project/repo/outputs/wav_by_model/indextts/002713_indextts_sad.wav,loo sin lim tsiong e si,loo2 sin3 lim5 tsiong1 e5 si5,loo sin lim tsiong e si,loo sin lim tsiong e si,0.0,6,6,0,0,0,zh,1,ok
2714,indextts,surprised,002714_indextts_surprised.wav,/srv/RL_project/repo/outputs/wav_by_model/indextts/002714_indextts_surprised.wav,siunn tioh se hong jin e thuan thong,siunn7 tioh8 se1 hong1 jin5 e5 thuan5 thong2,siunn tioh se hong jin e thuan thong,siunn tioh se hong jin e thuan thong,0.0,8,8,0,0,0,zh,1,ok
2715,indextts,fearful,002715_indextts_fearful.wav,/srv/RL_project/repo/outputs/wav_by_model/indextts/002715_indextts_fearful.wav,thiann kong si tsin tsing ai guan liong tsit si lang tik tsue lan e lang,thiann1 kong1 si1 tsin3 tsing5 ai3 guan5 liong7 tsit4 si3 lang5 tit4 tsue3 lan2 e5 lang5,thiann kong si tsin tsing ai guan liong tsit si lang tik tsue lan e lang,thiann kong si tsin tsing ai guan liong tsit si lang tit tsue lan e lang,0.0625,16,15,1,0,0,zh,1,ok
2716,indextts,sad,002716_indextts_sad.wav,/srv/RL_project/repo/outputs/wav_by_model/indextts/002716_indextts_sad.wav,thang ho ong sing,thang1 ho2 ong2 sing1,thang ho ong sing,thang ho ong sing,0.0,4,4,0,0,0,zh,1,ok
2717,indextts,sad,002717_indextts_sad.wav,/srv/RL_project/repo/outputs/wav/002717_indextts_sad.wav,m koh i it tit siunn suah ju siunn ju tse guan liong be liau,m7 tshi5 tsian7 koh4 si7 i1 i1 si3 jian3 ti7 pa1 iu2 tsi3 suah4 si3 tsui1 siunn1 tsi2 tsui2 tse3 tsi1 kuan5 tsian3 liong7 tsi1 be2 tshi5 liau2 oh8,m koh i it tit siunn suah ju siunn ju tse guan liong be liau,m tshi tsian koh si i i si jian ti pa iu tsi suah si tsui siunn tsi tsui tse tsi kuan tsian liong tsi be tshi liau oh,1.3333333333333333,15,9,6,0,14,zh,1,ok
2718,indextts,fearful,002718_indextts_fearful.wav,/srv/RL_project/repo/outputs/wav_by_model/indextts/002718_indextts_fearful.wav,tio kong tit tsue gua e lang sit tsai siunn tse ah,tio7 kong2 tit4 tsue7 gua2 e5 lang5 sit8 tsai7 siunn1 tse7 ah4,tio kong tit tsue gua e lang sit tsai siunn tse ah,tio kong tit tsue gua e lang sit tsai siunn tse ah,0.0,12,12,0,0,0,zh,1,ok
2719,indextts,neutral,002719_indextts_neutral.wav,/srv/RL_project/repo/outputs/wav_by_model/indextts/002719_indextts_neutral.wav,bo in ma mai guan liong gua lah,bo5 in1 ma7 mai3 uan1 liong5 gua2 lah4,bo in ma mai guan liong gua lah,bo in ma mai uan liong gua lah,0.125,8,7,1,0,0,zh,1,ok
2720,indextts,surprised,002720_indextts_surprised.wav,/srv/RL_project/repo/outputs/wav_by_model/indextts/002720_indextts_surprised.wav,an ne tak ke tshe penn tsun suah,an2 ne1 tak8 ke1 tshe2 be5 tsun2 suah4,an ne tak ke tshe penn tsun suah,an ne tak ke tshe be tsun suah,0.125,8,7,1,0,0,zh,1,ok
2721,indextts,sad,002721_indextts_sad.wav,/srv/RL_project/repo/outputs/wav_by_model/indextts/002721_indextts_sad.wav,gua i king guan liong tui hong tshit pian ah,huah4 i2 king1 guan5 liong5 tui3 hong1 tshit4 pian3 ah4,gua i king guan liong tui hong tshit pian ah,huah i king guan liong tui hong tshit pian ah,0.1,10,9,1,0,0,zh,1,ok
2722,indextts,surprised,002722_indextts_surprised.wav,/srv/RL_project/repo/outputs/wav_by_model/indextts/002722_indextts_surprised.wav,gua siunn tan beh tng khui tsiah lai jiau sia,gua2 siunn7 tam2 beh4 tng2 khui3 tsiah4 lai5 liau5 sia2,gua siunn tan beh tng khui tsiah lai jiau sia,gua siunn tam beh tng khui tsiah lai liau sia,0.2,10,8,2,0,0,zh,1,ok
2723,indextts,disgusted,002723_indextts_disgusted.wav,/srv/RL_project/repo/outputs/wav_by_model/indextts/002723_indextts_disgusted.wav,kiam tshai u si bo kau si kan,kiam2 tshai2 u7 si5 bo5 kau3 si5 kan1,kiam tshai u si bo kau si kan,kiam tshai u si bo kau si kan,0.0,8,8,0,0,0,zh,1,ok
2724,indextts,sad,002724_indextts_sad.wav,/srv/RL_project/repo/outputs/wav/002724_indextts_sad.wav,be hu thang uan sing,be2 tshi7 jian2 hu3 thang2 ki3 uan5 jian3 sing5 an1 tsu3 tsiann5 lak8 tshut4 tsing1 hu3 tshut4 tsing1 lak8 tshut4 tsing1 ma7 hut4 tshut4 tshut4 ma7 ut4 tshut4 tshut4 kong1 tsit8 ku2,be hu thang uan sing,be tshi jian hu thang ki uan jian sing an tsu tsiann lak tshut tsing hu tshut tsing lak tshut tsing ma hut tshut tshut ma ut tshut tshut kong tsit ku,5.4,5,5,0,0,27,zh,1,ok
2725,indextts,disgusted,002725_indextts_disgusted.wav,/srv/RL_project/repo/outputs/wav_by_model/indextts/002725_indextts_disgusted.wav,in ui jiau sia su iau tsit tuann si kan,in1 ui7 jiau5 sia3 su1 iau3 tsit8 tuann7 si5 kan1,in ui jiau sia su iau tsit tuann si kan,in ui jiau sia su iau tsit tuann si kan,0.0,10,10,0,0,0,zh,1,ok
2726,indextts,neutral,002726_indextts_neutral.wav,/srv/RL_project/repo/outputs/wav_by_model/indextts/002726_indextts_neutral.wav,tshin tshiunn lian tan an ne,tshin1 tshiunn7 lian5 tan1 an2 ne1,tshin tshiunn lian tan an ne,tshin tshiunn lian tan an ne,0.0,6,6,0,0,0,zh,1,ok
2727,indextts,surprised,002727_indextts_surprised.wav,/srv/RL_project/repo/outputs/wav_by_model/indextts/002727_indextts_surprised.wav,su iau tshit tshit si tsap kau kang leh,su1 iau3 tshit4 tshit4 si3 tsap8 kau2 kang1 leh4,su iau tshit tshit si tsap kau kang leh,su iau tshit tshit si tsap kau kang leh,0.0,9,9,0,0,0,zh,1,ok
2728,indextts,sad,002728_indextts_sad.wav,/srv/RL_project/repo/outputs/wav_by_model/indextts/002728_indextts_sad.wav,li kam khai si tui kiu jiau sia tsit mng ge sut ah,li2 kam2 khai1 si2 tui1 kiu5 liau5 sia7 tsit4 mng5 ge7 sut8 ah4,li kam khai si tui kiu jiau sia tsit mng ge sut ah,li kam khai si tui kiu liau sia tsit mng ge sut ah,0.07692307692307693,13,12,1,0,0,zh,1,ok
2729,indextts,happy,002729_indextts_happy.wav,/srv/RL_project/repo/outputs/wav_by_model/indextts/002729_indextts_happy.wav,tioh ai liong tsa ooh,tioh8 ai3 liong7 tsa2 ooh4,tioh ai liong tsa ooh,tioh ai liong tsa ooh,0.0,5,5,0,0,0,zh,1,ok
2730,indextts,fearful,002730_indextts_fearful.wav,/srv/RL_project/repo/outputs/wav_by_model/indextts/002730_indextts_fearful.wav,an ne kam bo kau,an2 ne1 kam2 bo5 kau3,an ne kam bo kau,an ne kam bo kau,0.0,5,5,0,0,0,zh,1,ok
2731,indextts,fearful,002731_indextts_fearful.wav,/srv/RL_project/repo/outputs/wav_by_model/indextts/002731_indextts_fearful.wav,ia soo kong bo kau ai guan liong tshit tsap e tshit pian,iah8 soo2 kong2 bo5 kau3 ai3 guan5 liong7 tshit4 tsap8 e5 tshit4 pian3,ia soo kong bo kau ai guan liong tshit tsap e tshit pian,iah soo kong bo kau ai guan liong tshit tsap e tshit pian,0.07692307692307693,13,12,1,0,0,zh,1,ok
2732,indextts,surprised,002732_indextts_surprised.wav,/srv/RL_project/repo/outputs/wav_by_model/indextts/002732_indextts_surprised.wav,tse tio si jiau sia e ge sut,tse1 tioh8 si7 jiau5 sia3 e5 ge7 sut8,tse tio si jiau sia e ge sut,tse tioh si jiau sia e ge sut,0.125,8,7,1,0,0,zh,1,ok
2733,indextts,happy,002733_indextts_happy.wav,/srv/RL_project/repo/outputs/wav_by_model/indextts/002733_indextts_happy.wav,huan na si ge sut,huat4 lak8 si7 ge7 sut8,huan na si ge sut,huat lak si ge sut,0.4,5,3,2,0,0,zh,1,ok
2734,indextts,surprised,002734_indextts_surprised.wav,/srv/RL_project/repo/outputs/wav/002734_indextts_surprised.wav,tio si su iau tsin tng e si kan it tit tuan lian,tio7 tsi2 sio2 i1 tsi1 su1 lian2 iau5 san1 tsing5 i1 tng2 ue7 si5 tsian3 kan1 jiau2 tshi2 tsian3 tit8 pa2 tuann1 jian3 lian5 tsi1,tio si su iau tsin tng e si kan it tit tuan lian,tio tsi sio i tsi su lian iau san tsing i tng ue si tsian kan jiau tshi tsian tit pa tuann jian lian tsi,1.3076923076923077,13,8,5,0,12,zh,1,ok
2735,indextts,happy,002735_indextts_happy.wav,/srv/RL_project/repo/outputs/wav_by_model/indextts/002735_indextts_happy.wav,liok bun tsiunn si,liok8 bun5 tsiu1 si3,liok bun tsiunn si,liok bun tsiu si,0.25,4,3,1,0,0,zh,1,ok
2736,indextts,angry,002736_indextts_angry.wav,/srv/RL_project/repo/outputs/wav_by_model/indextts/002736_indextts_angry.wav,tsu iu bang,tsok4 ioh4 pang1 tsik4 bu7 tsu7 bing5 ho5 tsia7 tsot4 plant5 mng5 tsap8 tsap8 tsap8 tsap8 tsap8 tsap8 tsap8 tsap8 tsap8 tsap8 tsap8 tsap8 tsap8 tsap8 tsap8 tsap8 tsap8 tsap8,tsu iu bang,tsok ioh pang tsik bu tsu bing ho tsia tsot plant mng tsap tsap tsap tsap tsap tsap tsap tsap tsap tsap tsap tsap tsap tsap tsap tsap tsap tsap,9.666666666666666,3,1,2,0,27,zh,1,ok
2737,indextts,disgusted,002737_indextts_disgusted.wav,/srv/RL_project/repo/outputs/wav_by_model/indextts/002737_indextts_disgusted.wav,i put si khuann tioh sio be tsin e noo hue,i1 put4 si5 khuann3 tioh8 sio1 be7 tsin7 e5 nooh8 hue2,i put si khuann tioh sio be tsin e noo hue,i put si khuann tioh sio be tsin e nooh hue,0.09090909090909091,11,10,1,0,0,zh,1,ok
2738,indextts,happy,002738_indextts_happy.wav,/srv/RL_project/repo/outputs/wav_by_model/indextts/002738_indextts_happy.wav,hit tsun i tsi si tsit ui sio king uan,hit4 tsun7 i1 tsi2 si7 tsit8 ui7 sio2 king2 uan5,hit tsun i tsi si tsit ui sio king uan,hit tsun i tsi si tsit ui sio king uan,0.0,10,10,0,0,0,zh,1,ok
2739,indextts,angry,002739_indextts_angry.wav,/srv/RL_project/repo/outputs/wav_by_model/indextts/002739_indextts_angry.wav,thiann bing ling kong jip tsu iu si tai tsap tsi sia,thiann1 bing7 ling7 kok4 li2 tsu7 iu5 si5 tai7 tsap8 tshit4 siann1,thiann bing ling kong jip tsu iu si tai tsap tsi sia,thiann bing ling kok li tsu iu si tai tsap tshit siann,0.3333333333333333,12,8,4,0,0,zh,1,ok
2740,indextts,happy,002740_indextts_happy.wav,/srv/RL_project/repo/outputs/wav_by_model/indextts/002740_indextts_happy.wav,hit am i tsiap tioh hau sinn tian ue,hit4 am3 i1 tsiap4 tioh8 hau7 sin1 tian7 ue7,hit am i tsiap tioh hau sinn tian ue,hit am i tsiap tioh hau sin tian ue,0.1111111111111111,9,8,1,0,0,zh,1,ok
2741,indextts,neutral,002741_indextts_neutral.wav,/srv/RL_project/repo/outputs/wav_by_model/indextts/002741_indextts_neutral.wav,pa gun kong jip lip huat inn,pa5 gun2 kong2 gi7 li7 huat4 inn7,pa gun kong jip lip huat inn,pa gun kong gi li huat inn,0.2857142857142857,7,5,2,0,0,zh,1,ok
2742,indextts,surprised,002742_indextts_surprised.wav,/srv/RL_project/repo/outputs/wav_by_model/indextts/002742_indextts_surprised.wav,bo gua ku,bo5 gua7 ku2,bo gua ku,bo gua ku,0.0,3,3,0,0,0,zh,1,ok
2743,indextts,surprised,002743_indextts_surprised.wav,/srv/RL_project/repo/outputs/wav_by_model/indextts/002743_indextts_surprised.wav,i kui sin oo sann kiann tsiunn ke thau,i1 kui1 sin1 oo2 sann1 kiann5 tsiunn7 ke1 thau5,i kui sin oo sann kiann tsiunn ke thau,i kui sin oo sann kiann tsiunn ke thau,0.0,9,9,0,0,0,zh,1,ok
2744,indextts,surprised,002744_indextts_surprised.wav,/srv/RL_project/repo/outputs/wav/002744_indextts_surprised.wav,tshiu giah tsit lui ng iam lit thau hue,tshiu7 a2 giah8 ba7 tsit8 pa2 lui2 m7 tsian3 iam2 tsi2 li2 ba5 jian3 thau2 u7 tsian3 hue7,tshiu giah tsit lui ng iam lit thau hue,tshiu a giah ba tsit pa lui m tsian iam tsi li ba jian thau u tsian hue,1.2222222222222223,9,7,2,0,9,zh,1,ok
2745,indextts,disgusted,002745_indextts_disgusted.wav,/srv/RL_project/repo/outputs/wav_by_model/indextts/002745_indextts_disgusted.wav,tsok tsia tan kim sun,tsok4 tsia2 tan5 kim1 sun7,tsok tsia tan kim sun,tsok tsia tan kim sun,0.0,5,5,0,0,0,zh,1,ok
2746,indextts,angry,002746_indextts_angry.wav,/srv/RL_project/repo/outputs/wav_by_model/indextts/002746_indextts_angry.wav,hit lit tshi tiunn lai tsu iu hang khia pai,hit4 lit8 tshi7 tiunn2 lai5 tsu7 iu5 hang5 khia7 pai5,hit lit tshi tiunn lai tsu iu hang khia pai,hit lit tshi tiunn lai tsu iu hang khia pai,0.0,10,10,0,0,0,zh,1,ok
2747,indextts,disgusted,002747_indextts_disgusted.wav,/srv/RL_project/repo/outputs/wav_by_model/indextts/002747_indextts_disgusted.wav,tshun ong tu ho tiam ti jin kun li,tshun1 ong7 tu2 ho2 tiam3 ti7 lin5 kun1 li2,tshun ong tu ho tiam ti jin kun li,tshun ong tu ho tiam ti lin kun li,0.1111111111111111,9,8,1,0,0,zh,1,ok
2748,indextts,angry,002748_indextts_angry.wav,/srv/RL_project/repo/outputs/wav_by_model/indextts/002748_indextts_angry.wav,i the hiu keh tng lit,i1 the3 hiu1 kiat4 tong1 li2,i the hiu keh tng lit,i the hiu kiat tong li,0.5,6,3,3,0,0,zh,1,ok
2749,indextts,neutral,002749_indextts_neutral.wav,/srv/RL_project/repo/outputs/wav_by_model/indextts/002749_indextts_neutral.wav,sui lai ki kim hue tso tsi kang,sui5 lai5 ki1 king1 hue7 tso3 tsi3 kang1,sui lai ki kim hue tso tsi kang,sui lai ki king hue tso tsi kang,0.125,8,7,1,0,0,zh,1,ok
2750,indextts,fearful,002750_indextts_fearful.wav,/srv/RL_project/repo/outputs/wav_by_model/indextts/002750_indextts_fearful.wav,tak hue to lam kau nylon tsu hun tiunn king,tak8 hue5 to1 lan2 kau7 ni7 long3 tsu7 hun5 tiunn5 king2,tak hue to lam kau nylon tsu hun tiunn king,tak hue to lan kau ni long tsu hun tiunn king,0.3,10,8,2,0,1,zh,1,ok
2751,indextts,surprised,002751_indextts_surprised.wav,/srv/RL_project/repo/outputs/wav/002751_indextts_surprised.wav,i long bak sai si lam sui,i1 long2 bah4 bah4 jian3 sai2 si7 jian5 lam5 u7 jian3 sui5,i long bak sai si lam sui,i long bah bah jian sai si jian lam u jian sui,0.8571428571428571,7,6,1,0,5,zh,1,ok
2752,indextts,happy,002752_indextts_happy.wav,/srv/RL_project/repo/outputs/wav/002752_indextts_happy.wav,ji tsap goo tang lai ti bang li,tsit8 tsi2 tsian3 tsap8 a2 tsian3 loo7 tsi1 tang1 lai5 ti1 tsi1 bong2 tshi1 tsian3 jit8,ji tsap goo tang lai ti bang li,tsit tsi tsian tsap a tsian loo tsi tang lai ti tsi bong tshi tsian jit,1.5,8,4,4,0,8,zh,1,ok
