index,wav_path,ground_truth,emotion,prediction,lev_distance
1,./data/wav_gen/wav/000001_indextts_disgusted.wav,sua loh lai khuann sin tik tshi bin a tsai it ho e thinn khi,disgusted,sua lok lai，khuann sin tik tshi mi a tsai，i ho e thi khi,8
2,./data/wav_gen/wav/000002_indextts_neutral.wav,un too li tsap sann too tsi ji tsap tshit too loh hoo ki lut li tsap%,neutral,un too li tsa sann too tsi li tsa tshi too，loo hoo ki lu li tsap pha,11
3,./data/wav_gen/wav/000003_indextts_happy.wav,lai pin goo pah goo tsap kau ho tshiann lai tsap sann ho kui tai pan li,happy,lai pin，goo pah goo tsap kau ho tshiann lai tsah sann ho kui tai pan li,2
4,./data/wav_gen/wav/000004_indextts_disgusted.wav,long tsong peh pah khong ji khoo tsau li kau tsap peh khoo,disgusted,long tsong peh pah khong ji khoo，tsau li kau tsap peh khoo,1
5,./data/wav_gen/wav/000005_indextts_happy.wav,kin a lit si sann gueh tsap sann pai lak,happy,kin a li si sann ue tsap sann，pai lah,5
6,./data/wav_gen/wav/000006_indextts_disgusted.wav,gua e hoo tsiau ho be si sam liok ji ji su it khong it su,disgusted,gua e hoo tsiau hoo be si，sam liok，ji ji su it khong it su,3
7,./data/wav_gen/wav/000007_indextts_angry.wav,gun tau e tian ue ho be si khong liok sam kiu ji sam ngoo it sam,angry,gun tau e tian ue ho be si，thong liok sam kiu ji sam ngoo it sam,2
8,./data/wav_gen/wav/000008_indextts_fearful.wav,i ti it kiu su it ni tshut si,fearful,i ti it kiu su it ni tshut si,0
9,./data/wav_gen/wav/000009_indextts_angry.wav,tshiann pang gua tsuan hun ki it liok kiu ngoo,angry,tshiann pang gua tsuan hun ki，it liau kiu ngoo,3
10,./data/wav_gen/wav/000010_indextts_disgusted.wav,bun peh a li khuann hia u sann ki hiunn,disgusted,bun peh a，li khuann hia u sann ki hiu,3
11,./data/wav_gen/wav/000011_indextts_sad.wav,bo m tioh koh khah khi si tua tun suann,sad,bo m tioh，koh khah khi si tua tun suann,1
12,./data/wav_gen/wav/000012_indextts_sad.wav,ke lang sik tsi tshau suann u kau phann e pi khuann te too khah tsim tsiok,sad,ke e lang sik tsi，tshau suann u kau pha e，pi khuann te too khah tsim tsiok,6
13,./data/wav_gen/wav/000013_indextts_disgusted.wav,tse si pak ping nia li uat thau khuann lam khi,disgusted,tse si pak pin ngia，li uah thau khuann lam khi,4
14,./data/wav_gen/wav/000014_indextts_happy.wav,kong king sit tsai tsan ang ang he si siann,happy,kong kin sit tsai tsan，ang ang he si siann,2
15,./data/wav_gen/wav/000015_indextts_surprised.wav,gua khuann mai leh he ping khe lah,surprised,uah khuann mai leh，he pin khe lah,4
16,./data/wav_gen/wav/000016_indextts_neutral.wav,gua tsai ah hit thau uat lai uat khi na tsit bue peh tsua e si sik tsi thang ping khe e sik ping kong loo,neutral,gua tsai a，hit thau gua lai gua khi na tsit bue peh tsuai si tsi thang ping khe e sit ping kong loo,12
17,./data/wav_gen/wav/000017_indextts_disgusted.wav,kok tiong khah kue lai to si tsioh sun tsiam,disgusted,kok tiong khah kue lai to si tsioh sun tsiam,0
18,./data/wav_gen/wav/000018_indextts_fearful.wav,bo siann sing tik sun neh,fearful,bo sia sing tik sun neh,2
19,./data/wav_gen/wav/000019_indextts_disgusted.wav,ui ping khe hit ping khuann kue lai toh tsin sing,disgusted,hui ping khe hit ping khuann kue lai，to tsin sing,3
20,./data/wav_gen/wav/000020_indextts_angry.wav,tan thinn khi khah liang e si lan e sai lai khi hia tshit tho,angry,tan thinn khi khah liang e si，lan e sai lai khi hia tshit tho,1
21,./data/wav_gen/wav/000021_indextts_surprised.wav,li u kau gua hang siann mih sann ki hiunn he si hiap ho huat tian tshiunn,surprised,li u kau kua hang siann mih sa ki hiunn，he si hiah pho hua tian tshiunn,7
22,./data/wav_gen/wav/000022_indextts_surprised.wav,lang teh kong tshio e lah bian hiah ting tsin,surprised,lang leh kong tshio e lah，bian hiah ting tsin,2
23,./data/wav_gen/wav/000023_indextts_angry.wav,bun peh a tsiann tshiu ping hit liap,angry,gun pe a，tsiah tshiu ping hit liap,5
24,./data/wav_gen/wav/000024_indextts_surprised.wav,hit liap kio tso ke lang khit koh khah kue lai hit liap to si ke lang suann,surprised,hit liap kio tsoo，ke lang khit koh khah kue lai hit liap to si，ke lang suann,3
25,./data/wav_gen/wav/000025_indextts_neutral.wav,to si ti kau hun a hu kin mah kin ni sann gueh gun u khi hia tshit tho,neutral,too si ti kau hun a hu kin mah，kin ni sann ue，un u khi hia tshit thoo,7
26,./data/wav_gen/wav/000026_indextts_disgusted.wav,tsit khuan thinn peh ke lang suann pau nia li phak kah pinn poo,disgusted,tsit khuan thi peh ke lang suann，pau nia li pha copy poo,11
27,./data/wav_gen/wav/000027_indextts_angry.wav,kui liap suann bo kui tsang tshiu a thang jia lit thau,angry,kui liap suann，bo kui tsang tshiu a thang jiah lit thau,2
28,./data/wav_gen/wav/000028_indextts_surprised.wav,to ping hng hng siong kuan hit liap suann si m si tshit tshenn suann,surprised,too pin hng hng siong kuan khi liah sua si m si tshit tshenn sua,9
29,./data/wav_gen/wav/000029_indextts_fearful.wav,iong siang kha ai tai uan,fearful,iong siang kha ai tai uan,0
30,./data/wav_gen/wav/000030_indextts_surprised.wav,koh tui tai uan bue kiann kau tai uan thau,surprised,kok tui tai uan bueh kiann kau tai uan thau,2
31,./data/wav_gen/wav/000031_indextts_sad.wav,tsit poo tsit kha in,sad,tsit poo tsit kha in,0
32,./data/wav_gen/wav/000032_indextts_neutral.wav,iong siong khiam pi e thai too,neutral,iong siong khiam B e thai too,2
33,./data/wav_gen/wav/000033_indextts_disgusted.wav,khi tshin kin tsit te tshiann iong ka ti e thoo te,disgusted,khi tshin king tsit te tshiann iong ka ti e thoo te,1
34,./data/wav_gen/wav/000034_indextts_neutral.wav,khuann tioh lik sik e suann meh uan lai uat khi e ho liu sik sai e tshan hng,neutral,khuann tioh liok sioh e suann me，uan ai ua ki e hoo liu，sioh sai e than hng,13
35,./data/wav_gen/wav/000035_indextts_fearful.wav,sun phok e hiong tin be lang e hai huann hiong tshin tshin tshiat e tshio iong,fearful,sun phok e hiong tin peh lang e hai hua，hiong tshin tshiat e tshio iong,11
36,./data/wav_gen/wav/000036_indextts_surprised.wav,sim kuann thau tiann tioh u mua mua e kam tshiok kah kam tong,surprised,sin kuann thau tiann tioh u mua mua e kam tshiok，ka kam tong,3
37,./data/wav_gen/wav/000037_indextts_surprised.wav,terry si tsit e tsin u li siong kah tsu kian e tshing tshun siau lian hiann,surprised,Tary si tsit e tsin u li siong kah tsu kian e tshin tshun siau lian hia,6
38,./data/wav_gen/wav/000038_indextts_disgusted.wav,i kam guan tsiam si hong ha kho ki kong si lang lang him sian e khang khue,disgusted,i kam guan tsiam si hong ha khoo ki kong si，lang lang him sian eh khang khue,3
39,./data/wav_gen/wav/000039_indextts_disgusted.wav,hoo ka ti tsit e a khong kan,disgusted,hoo ka ti tsit e a khong kan,0
40,./data/wav_gen/wav/000040_indextts_neutral.wav,tsok tsia iunn tsin ju,neutral,soo tsia，iunn tsin lu,4
41,./data/wav_gen/wav/000041_indextts_neutral.wav,khi tiong sin jin bat tai uan,neutral,khi tiong sin jin bat tai uan,0
42,./data/wav_gen/wav/000042_indextts_neutral.wav,ping tshiann su kho lin sing e tsin gi,neutral,ping tshiann su kho lin sing e tsin i,1
43,./data/wav_gen/wav/000043_indextts_angry.wav,i beh tsit poo a tsit poo a,angry,i be tsit poo a tsit poo a,1
44,./data/wav_gen/wav/000044_indextts_happy.wav,iong ka ti e siang kha kiann tai uan tsit lian,happy,iong ka ti e siang kha kiann tai uan tsit lian,0
45,./data/wav_gen/wav/000045_indextts_sad.wav,in tsing ka ti e siunn huat,sad,in tsin ka ti e siu huat,3
46,./data/wav_gen/wav/000046_indextts_fearful.wav,ma tshue tshut sinn mia tsing khak e hong hiong kah ting ui,fearful,ma tshue tshu si mia tsin khak e hong hiong kah tin ui,5
47,./data/wav_gen/wav/000047_indextts_happy.wav,i tsit e sim guan toh tsiong kin beh uan sing ah,happy,i tsi e sin gua to tsiong kin peh uan sin a,7
48,./data/wav_gen/wav/000048_indextts_sad.wav,ku ni tsap it gueh ji ji i tui tai tiong tshut huat,sad,ku ni tsa it kue ji ji，i tui tai tiong tshut huat,4
49,./data/wav_gen/wav/000049_indextts_surprised.wav,i sun si tsiam e hong sik sing tsiunn pak,surprised,i sun si tsiah me hong sip sing tsiunn pak,3
50,./data/wav_gen/wav/000050_indextts_surprised.wav,kiann kau ke lang liau au tsiah loh lam,surprised,kia kau ke lang liau au tsiah loh lam,2
51,./data/wav_gen/wav/000051_indextts_sad.wav,tai uan u gua sui,sad,tai uan u gua sui,0
52,./data/wav_gen/wav/000052_indextts_neutral.wav,king kue hua lian tai tang,neutral,kin kue hua lian tai tang,1
53,./data/wav_gen/wav/000053_indextts_surprised.wav,jim nai tioh kha kut e sng thiann kah tsit loo e koo tuann,surprised,gim lai tiok kha kut e sng thiann kah tsit loo e koo tuann,3
54,./data/wav_gen/wav/000054_indextts_disgusted.wav,tsit loo it tit kiann kau tai uan siong lam ping e go luan phinn,disgusted,tsit loo it ti kiann kau tai uan siong lam ping e goo luan phi,4
55,./data/wav_gen/wav/000055_indextts_sad.wav,tsiah koh tsiunn pak,sad,tsiah koh tsiu pah,3
56,./data/wav_gen/wav/000056_indextts_disgusted.wav,hian tsu si i i king kiann kau tai lam tshi kiam tsui khu e guat tin kang ah,disgusted,hian tsu si i i king kiann kau tai lam tshi，kiam tsui ku e gua tin kang a,4
57,./data/wav_gen/wav/000057_indextts_fearful.wav,tng ti tai uan si loo hu kin teh tsiah tau gim si phue ka pi ah,fearful,tng ti tai uan si loo hu kin teh tsiah tau，kim si phue ka pi a,3
58,./data/wav_gen/wav/000058_indextts_angry.wav,siong kai lan tit e si,angry,siong kai lan tik e si,1
59,./data/wav_gen/wav/000059_indextts_disgusted.wav,terry u tsit tui khai bing e pe bu,disgusted,Tary u tsit tui khai bing e pe bu,3
60,./data/wav_gen/wav/000060_indextts_angry.wav,tui i tsit khuan long ban kah u tam poh a bo hu hap sit tse e siunn huat ping bo huan tui,angry,tui tsit khuan dong buan ka u tam poo a boo hu hap sit tse e siu huat ping boo huan tui,10
61,./data/wav_gen/wav/000061_indextts_neutral.wav,tian to tsuan lik tsi tshi,neutral,tian to tsuan lik ji tshi,2
62,./data/wav_gen/wav/000062_indextts_angry.wav,li kam tsai iann,angry,li kam tsai iann,0
63,./data/wav_gen/wav/000063_indextts_angry.wav,ping tshiann ti i khuan to poo lian i king tsiong kin beh uan sing e bue tsam a,angry,ping tshiann ti i khuan too poo lian，i kin tshiong kin be uan sing e bue tsam a,5
64,./data/wav_gen/wav/000064_indextts_surprised.wav,tik piat puah si kan pue i kiann tsit tuann,surprised,tik piat puah si kan pue i kiann tsit tuann,0
65,./data/wav_gen/wav/000065_indextts_surprised.wav,hoo i tsing sin siong siong tua e koo bu,surprised,hoo i tsin sin siong siong tua e koo bu,1
66,./data/wav_gen/wav/000066_indextts_disgusted.wav,u bang siong sui,disgusted,u bang siong sui,0
67,./data/wav_gen/wav/000067_indextts_happy.wav,u li siong tioh ai iong kam khi tui kiu,happy,u li siong tioh ai iong kam khi tui kiu,0
68,./data/wav_gen/wav/000068_indextts_neutral.wav,lan lang sing uah ti tsit e se kan,neutral,lan lang si uann ti tsit e se kan,4
69,./data/wav_gen/wav/000069_indextts_fearful.wav,tu liau it tsai tiong hok e lit siong tsiah tshing i gua,fearful,tu liau it tsai tiong hok e li siong tsiah tshin i ua,3
70,./data/wav_gen/wav/000070_indextts_angry.wav,iau u tsan tshu koh khah kuan e li siong,angry,iau u tsan tshu koh khah kua ne li siong,2
71,./data/wav_gen/wav/000071_indextts_fearful.wav,su iau khi tui kiu khi sit hian,fearful,su iau khi tui kiu khi sit hian,0
72,./data/wav_gen/wav/000072_indextts_happy.wav,ti lan ling lik iau tso e kau e si tsun,happy,ti lan lin li ia tso e kau e si tsun,3
73,./data/wav_gen/wav/000073_indextts_neutral.wav,tai uan lang kau kau kau e lin tsing bi,neutral,tai uan lang kauh kauh kauh e lin tsing bi,3
74,./data/wav_gen/wav/000074_indextts_surprised.wav,na si kiann khun lan,surprised,na si kiann khun lan,0
75,./data/wav_gen/wav/000075_indextts_neutral.wav,tshin tshai tioh hong khi tui kiu bang siong e ki hue,neutral,tshin tshai tioh hong khi tui kiu bang siong e ki hue,0
76,./data/wav_gen/wav/000076_indextts_neutral.wav,tan kau au pai tsiah lai huan hue,neutral,tan kau au pai tsiah lai huan hue,0
77,./data/wav_gen/wav/000077_indextts_surprised.wav,he tioh siunn ban ah,surprised,he tioh siunn ban a,1
78,./data/wav_gen/wav/000078_indextts_sad.wav,khuan to poo lian si tsit kiann sin khoo e tai tsi,sad,khuan to poo lian si tsit kiann sin khoo e tai tsi,0
79,./data/wav_gen/wav/000079_indextts_angry.wav,tu liau ai u tsiu tsuan e ke ue the lat ai ho i gua,angry,tu liau ai u tsiu tsuan e ke ue，the lat ai ho i ua,2
80,./data/wav_gen/wav/000080_indextts_disgusted.wav,siong tiong iau e si ai u kian kiong e i tsi lat,disgusted,siong tiong iau e si，ai u kian kiong e i tsit lah,3
81,./data/wav_gen/wav/000081_indextts_neutral.wav,tsiah thang khik hok ian loo tu tioh e kok tsiong siunn be kau e lan te,neutral,tsiah thang khio hoo ian loo tu tioh e，kok tsiong tshiunn be kau e lan te,5
82,./data/wav_gen/wav/000082_indextts_angry.wav,kiong hi terry khuan to poo lian,angry,kiong hi the lih，khuan tau poo lian,8
83,./data/wav_gen/wav/000083_indextts_fearful.wav,iong siang kha ai tai uan e bong siong tih beh uan sing ah,fearful,iong siang kha ai tai uan e mng siong，ti pe uan sing a,7
84,./data/wav_gen/wav/000084_indextts_sad.wav,li kam bat kam siu tioh,sad,li kam bah kam siu tioh,1
85,./data/wav_gen/wav/000085_indextts_fearful.wav,kian tshi loh khi,fearful,kian tshi too khi,2
86,./data/wav_gen/wav/000086_indextts_neutral.wav,siong sin it ting e sing kong,neutral,siong sin it ting e sin kong,1
87,./data/wav_gen/wav/000087_indextts_surprised.wav,lim ping tik sin sinn kah i e pe bu kang khuan,surprised,lin pin tik sin sinn，kah i e pe bu kang khuan,3
88,./data/wav_gen/wav/000088_indextts_surprised.wav,long si jin tsin phah piann kha tah sit te,surprised,long si jin tsin phah piann，kha tah si te,2
89,./data/wav_gen/wav/000089_indextts_happy.wav,iong sit tse e hing tong thiann tai uan e lang,happy,iong sit tse hin tong thiah tai uan e lang,5
90,./data/wav_gen/wav/000090_indextts_happy.wav,iong tshim tsing e bak tsiu,happy,iong tshin tsing e bak tsiu,1
91,./data/wav_gen/wav/000091_indextts_happy.wav,khuann tai uan tsit liap bi le e to su,happy,khuah tai uan tsit liap bi le e to su,2
92,./data/wav_gen/wav/000092_indextts_neutral.wav,iong nng ki kha tui tai uan thau kiann kau tai uan bue,neutral,iong nng ki kha，tui tai uan thau kiann kau tai uan bue,1
93,./data/wav_gen/wav/000093_indextts_sad.wav,tai uan e kiau ngoo,sad,tai uan e kiau moo,2
94,./data/wav_gen/wav/000094_indextts_happy.wav,se kai kip e to ian li an kah gui tik sing,happy,tse kai kit e too ian li an kah gui tik sit,5
95,./data/wav_gen/wav/000095_indextts_disgusted.wav,kian tshi thau bue e o un suan tshiu soo le bun,disgusted,kian tshi thau bue e oh un suan tshiu，tsoo le bun,3
96,./data/wav_gen/wav/000096_indextts_sad.wav,suann kiu ko tshiu tsan nga ni ting ting,sad,suann kiu ko tshiu tsan ga ni，tim ting,4
97,./data/wav_gen/wav/000097_indextts_happy.wav,in tsiah si lan sio sio e tai uan tshiann iong tshut lai,happy,in tsiah si lan siok siok e tai uan tshia iong tshut lai,4
98,./data/wav_gen/wav/000098_indextts_sad.wav,ti se kai bu tai ting huat kng huat jiat,sad,ti se kai bu tai ting huat kng huat tsi,4
99,./data/wav_gen/wav/000099_indextts_fearful.wav,si tat tit lan kam kak kiau ngoo e jin but,fearful,si tat tit lan kang kah kiau ngoo e lin but,4
100,./data/wav_gen/wav/000100_indextts_neutral.wav,na kong tioh tai uan e kiau ngoo,neutral,na kong tioh tai uan e kiau ngoo,0
101,./data/wav_gen/wav/000101_indextts_sad.wav,li te li e siunn tioh e,sad,li te li e siunn tioh e,0
102,./data/wav_gen/wav/000102_indextts_sad.wav,it ting si tai uan phong phai e but tsu,sad,it ting si tai uan phong phai e bu tsu,1
103,./data/wav_gen/wav/000103_indextts_fearful.wav,in ui tai uan lang thau nau khiau gau pian khiau,fearful,in ui tai uan lang thau nau khiau，kau pian khiau,2
104,./data/wav_gen/wav/000104_indextts_neutral.wav,tsok tsia lim siu hua,neutral,tsok tsia，lin tshiu hua,4
105,./data/wav_gen/wav/000105_indextts_fearful.wav,bo lun kue tsi lan hue iah tsui san,fearful,bo lun kue tsi，lang hue iah tsui san,2
106,./data/wav_gen/wav/000106_indextts_neutral.wav,tsi iau king kue tai uan lang e kai liong,neutral,tsi iau kin kue tai uan lang e kai liu,4
107,./data/wav_gen/wav/000107_indextts_surprised.wav,long e gian huat tshut it too tsan e phin tsing,surprised,long e gin huah tshu，it too tsan e phin tsing,4
108,./data/wav_gen/wav/000108_indextts_fearful.wav,hoo tsuan se kai o lo lan e kue tsi tua koh tinn,fearful,hoo tsuan se kai，o loo lan e kue tsi tua kok tinn,3
109,./data/wav_gen/wav/000109_indextts_fearful.wav,lan hue phang koh sui,fearful,lang hue phang koh sui,1
110,./data/wav_gen/wav/000110_indextts_sad.wav,tsui san tshinn koh ho tsiah,sad,tsui san tshi，koh ho tsiah,3
111,./data/wav_gen/wav/000111_indextts_disgusted.wav,ma in ui an ne,disgusted,ma in ui an ne,0
112,./data/wav_gen/wav/000112_indextts_angry.wav,soo i e tang gua siau than gua hue,angry,soo i e tang gua siau than gua hue,0
113,./data/wav_gen/wav/000113_indextts_happy.wav,iáh koh u i tsa long giap sia hue e tai uan u su po te bi thng kap tsiunn lo,happy,i koh u，i tsa long iah sia hue e tai uan u su po te mih thng kap tsiunn lo,7
114,./data/wav_gen/wav/000114_indextts_angry.wav,tsit mainnh kang giap sia hue e tai uan si tian nau ic led kap tsin tse ko kho ki e san phin,angry,tsit mai kang kak sia hue e tai uan si tian nau，IC AB ki kah tsin tse ko kho gi e sa ki,20
115,./data/wav_gen/wav/000115_indextts_fearful.wav,na mng li tai uan e kiau ngoo si siann mih,fearful,na mng li tai uan e kiau ngoo si siann mih,0
116,./data/wav_gen/wav/000116_indextts_neutral.wav,hing siau tsuan kiu e bi le to,neutral,hi siau tsuan kiu e bi le too,3
117,./data/wav_gen/wav/000117_indextts_disgusted.wav,tse si lan tai uan lang e hiau pa ap si ki un iong ti hui,disgusted,tse si lan tai uan lang e hiau pak ap si ki un iong ti hui,1
118,./data/wav_gen/wav/000118_indextts_happy.wav,jin tsin phah piann tshong tso tshut lai e king tse ki tsik,happy,lin tsin phah piah，tshong tsoo tshu lai kin tseh ki tsit,11
119,./data/wav_gen/wav/000119_indextts_disgusted.wav,ma si lan siong kiau ngoo e sing tsiu,disgusted,ma si lan siong kiau ngoo e sin tsiu,1
120,./data/wav_gen/wav/000120_indextts_sad.wav,lang kong tai uan liam tsin tsing kap tak ke lai puah kam tsing,sad,lang kong tai uan tiam tsin tsing kah tak ke lai puah kam tsing,2
121,./data/wav_gen/wav/000121_indextts_happy.wav,tai uan sio lo e jin tsing bi,happy,tai uan sio lo e jin tsin bi,1
122,./data/wav_gen/wav/000122_indextts_disgusted.wav,hoo tsin tse bat lai tai uan tshit tho,disgusted,hoo tsin tse bat lai tai guan tshit tho,1
123,./data/wav_gen/wav/000123_indextts_surprised.wav,iah si tua kue e gua kok lang long o lo kah e tak tsih,surprised,ia si tua kue e gua kok lang，long o lo kai e tat tsi,5
124,./data/wav_gen/wav/000124_indextts_surprised.wav,bat u tsit ui tui jit pun lai e tsin tshut mia e bing tshenn kong,surprised,bah u tsit ui tui jit pun lai e，tsin tshut mia e bin tshe kong,5
125,./data/wav_gen/wav/000125_indextts_fearful.wav,in ui tai uan lang e tshin tshiat,fearful,in ui tai uan lang e tshin tsheh,3
126,./data/wav_gen/wav/000126_indextts_sad.wav,li thau tsit e siunn tioh e it ting si tsit tsam a tshing kah liah be tiau e bi kok tsit giap na kiu tui e suan tshiu lim su ho,sad,li thau tsit e siunn tioh e，it ting si tsit tsam a tshing kah liah be tiau e bi kong tsit iap na kiu tui e suan tshiu lim su ho,4
127,./data/wav_gen/wav/000127_indextts_angry.wav,hoo gua tshim tshim be luan tai uan,angry,hoo ua tshim tshim be luan tai uan,1
128,./data/wav_gen/wav/000128_indextts_neutral.wav,soo i toh sng lai tsia tshit tho tsap kui pai,neutral,soo i to sng lai tsia tshit tho tsa kui pai,2
129,./data/wav_gen/wav/000129_indextts_happy.wav,ma be ia sian,happy,ma be a sian,1
130,./data/wav_gen/wav/000130_indextts_happy.wav,in ui ti tai uan,happy,in ui ti tai uan,0
131,./data/wav_gen/wav/000131_indextts_sad.wav,tak ke long ka gua tong tso si ka ti lang,sad,tak ke long ka gua tong tso si ka ti lang,0
132,./data/wav_gen/wav/000132_indextts_sad.wav,guan lau su ma bat tu tioh tsit e ti tai uan tsiah thau loo e gua kok lang,sad,guan lau su ma bat tu tioh tsit e ti tai uan tsiah thau loo e gua kok lang,0
133,./data/wav_gen/wav/000133_indextts_angry.wav,in ui beh hoo lang tiau khi tiong kok,angry,in ui beh hoo lang tiau khi tiong kok,0
134,./data/wav_gen/wav/000134_indextts_happy.wav,kam kak tsin ut tsut,happy,kang kak tsin uat tsut,3
135,./data/wav_gen/wav/000135_indextts_fearful.wav,i kong tai uan tsit si ke long tshiong buan sio lo e jin tsing bi,fearful,i kong tai uan tsit si ke long tshiong buan sio loo e jin tsin bi,2
136,./data/wav_gen/wav/000136_indextts_angry.wav,si tsit e e hoo lang siau liam e ho soo tsai,angry,si tsit e e hoo lang siau liam e hoo soo tsai,1
137,./data/wav_gen/wav/000137_indextts_angry.wav,lim su ho sui lian hoo lan kam kak tsin kiau ngoo,angry,lin su ho sui lian hoo lan kang ka，tsin kiau ngoo,5
138,./data/wav_gen/wav/000138_indextts_surprised.wav,tong jian hoo lang siong kiau ngoo e soo tsai si,surprised,tong lian hoo lang siong kiau ngoo e soo tsai si,1
139,./data/wav_gen/wav/000139_indextts_happy.wav,tai uan si ti hua jin se kai te it e sit si bin tsu tse too e kok ka,happy,tai uan si ti hua lin se kai te it e si si，bin tsu tse too e kok ka,3
140,./data/wav_gen/wav/000140_indextts_fearful.wav,it kiu pat liok ni i au,fearful,i kiu pat liau ni i au,3
141,./data/wav_gen/wav/000141_indextts_fearful.wav,tsing ti kai kik e sok too lu lai lu kin,fearful,tsin ti kai kik e sok too lu la lu kin,2
142,./data/wav_gen/wav/000142_indextts_surprised.wav,pau kuat it kiu pat tshit ni kai tu kai giam huat,surprised,pau kuat it kiu pat tshit ni kai tu kai ngiam huat,1
143,./data/wav_gen/wav/000143_indextts_neutral.wav,sit si tsu iu hua tsing tshik,neutral,si si tsu iu huah tsing tshik,2
144,./data/wav_gen/wav/000144_indextts_sad.wav,kau it kiu kiu liok ni tsong thong tit suan,sad,kau it kiu kiu liok ni，tsong thong tit suan,1
145,./data/wav_gen/wav/000145_indextts_neutral.wav,sng si huah tshut bin tsu tsuan hing e tsit tua poo,neutral,sng si huah tshut bin tsu tsuan hing e tsit tua poo,0
146,./data/wav_gen/wav/000146_indextts_surprised.wav,nng tshing ni tsong thong tai suan e kiat ko,surprised,nng tshing ni tsong thong tai suan e ki ko,2
147,./data/wav_gen/wav/000147_indextts_surprised.wav,si tai uan te it pai e tsing tong lun the,surprised,si tai uan te it pai e tsing tong lun the,0
148,./data/wav_gen/wav/000148_indextts_happy.wav,m koh i ping m si lan tai uan pue iong tshut lai e,happy,m koh i ping si lan tai uan pue iong tshut lai,4
149,./data/wav_gen/wav/000149_indextts_neutral.wav,lan king lik ho ping tsuan i tsip tsing khuan e kue ting,neutral,lan king liau hoo ping tsuan i tsit tsing khuan e kue ting,4
150,./data/wav_gen/wav/000150_indextts_disgusted.wav,hoo tai uan e bin tsu hua siu tioh se hong bin tsu kok ka e khing ting,disgusted,hoo tai uan e bin tsu hua siu tioh se hong bin tsu kok ka e khin ting,1
151,./data/wav_gen/wav/000151_indextts_disgusted.wav,lan u tsiah ni tse tat tit tshia iann e tsu san,disgusted,lang u tsiah ni tse tat tit tshia iann e tsu san,1
152,./data/wav_gen/wav/000152_indextts_angry.wav,lan u ho tioh ai tsai sioh po,angry,lan u ho tioh ai tsai sio po,1
153,./data/wav_gen/wav/000153_indextts_happy.wav,m thang tshin tshai pang hinn sat,happy,m thang tshin tshai pang hinn sak,1
154,./data/wav_gen/wav/000154_indextts_neutral.wav,lan tioh ai bo hun tsok kun hue tse phah piann,neutral,lan tioh ai boo hun tsok kun，hue tse phah piann,2
155,./data/wav_gen/wav/000155_indextts_disgusted.wav,kiong tong tshong tso koh khah tse tai uan tsi kong,disgusted,kiong tong tshong tsoo koh khah tse tai uan tsit kong,2
156,./data/wav_gen/wav/000156_indextts_angry.wav,kiong tong kian siat tsit e tsing siong e kok ka,angry,kiong tong kian sik tsit e tsin siong e kok ka,3
157,./data/wav_gen/wav/000157_indextts_sad.wav,hoo lan e tang tua siann tui tsuan se kai huah tshut,sad,hoo lan e tang tua siann tui tsuan se kai，huah tshut,1
158,./data/wav_gen/wav/000158_indextts_disgusted.wav,gua si tai uan lang,disgusted,gua si tai uan lang,0
159,./data/wav_gen/wav/000159_indextts_happy.wav,i si ti bi kok tshut si,happy,i si ti bi kok tshut si,0
160,./data/wav_gen/wav/000160_indextts_neutral.wav,tse tsiah si tai uan siong tua e kiau ngoo,neutral,tse tsia si tai uan siong tua e kiau ngoo,1
161,./data/wav_gen/wav/000161_indextts_angry.wav,li kong tioh bo,angry,li kong tioh bo,0
162,./data/wav_gen/wav/000162_indextts_fearful.wav,tsiap siu bi kok kau iok e bi kok lang,fearful,tsia siu bi koo kau ioh e bi koo lang,4
163,./data/wav_gen/wav/000163_indextts_angry.wav,soo i gua jin ui tsin tsin tsiann tsiann e tai uan tsi kong si ia kiu tau tshiu ong kian bin,angry,soo i gua tin ui tsin tsin tsiann tsiann e tai uan tsi kong si iah kiu tau tshiu ong kian bin,2
164,./data/wav_gen/wav/000164_indextts_neutral.wav,gua siong ai e lang,neutral,gua siong ai e lang,0
165,./data/wav_gen/wav/000165_indextts_sad.wav,tsin han tit u khah tng e si kan tso hue,sad,tsin han tit u khah tng e si kan tso hue,0
166,./data/wav_gen/wav/000166_indextts_fearful.wav,soo i tsu se han kau tann,fearful,soo i tsu se han kau ta,2
167,./data/wav_gen/wav/000167_indextts_sad.wav,long si a ma teh tsiau koo gua,sad,long si a ma leh tsiau koo uah,3
168,./data/wav_gen/wav/000168_indextts_happy.wav,ka gua lak sai lak lio,happy,ka gua lak sai lak liu,1
169,./data/wav_gen/wav/000169_indextts_happy.wav,kiann gua iau kiann gua kuann,happy,kiann gua iau，kiann gua kuann,1
170,./data/wav_gen/wav/000170_indextts_angry.wav,ui gua ang ang luan luan tshua kau tann tsiah tua han,angry,ui gua ang ang luan luan，tshua kau tann tsiah tua han,1
171,./data/wav_gen/wav/000171_indextts_surprised.wav,soo i a ma si gua sim tiong siong tshin siong ai e lang,surprised,soo i a ma siu a sim tiong siong tshin siong ai e lang,3
172,./data/wav_gen/wav/000172_indextts_fearful.wav,gua bat thiann a ma kong gua se han e si tsiann ai khau,fearful,gua tah thiann a ma kong gua se han e si tsiah ai khau,4
173,./data/wav_gen/wav/000173_indextts_neutral.wav,khau long khau be tiam,neutral,khau long khau be tiam,0
174,./data/wav_gen/wav/000174_indextts_happy.wav,in ui tshu lai khuan king bo gua ho,happy,in ui tshu lai khuan kinn boo uah ho,4
175,./data/wav_gen/wav/000175_indextts_fearful.wav,tsok tsia tiunn jit tong,fearful,tsuap tsia tiunn tsit tong,5
176,./data/wav_gen/wav/000176_indextts_neutral.wav,hit si tsun a ma koh u teh tso tsu guan hue siu,neutral,hi si tsun a ma koo u leh tsoo tsu uan hue siu,5
177,./data/wav_gen/wav/000177_indextts_neutral.wav,ke kiam khioh tsit kua sok ka kuan a phainn tang ku siah phoo a tsua lai be,neutral,ke kiam khio tsit kua sok ka kuan a，phai tang ku sia，phoo a tsuah lai be,7
178,./data/wav_gen/wav/000178_indextts_happy.wav,thang ke kiam poo thiap tshu lai e khai siau,happy,thang ke kiam poo thiap tshu lai e khai siau,0
179,./data/wav_gen/wav/000179_indextts_disgusted.wav,u tsit pai a ma tshut khi khioh mih kiann e si,disgusted,u tsit pai，a ma tshut khi khio mih kiann e si,2
180,./data/wav_gen/wav/000180_indextts_surprised.wav,gua ti tshu lai it tit khau,surprised,gua ti tshu lai it tit khau,0
181,./data/wav_gen/wav/000181_indextts_sad.wav,khau kah siunn tshut lat,sad,thau ka siu tshut lat,4
182,./data/wav_gen/wav/000182_indextts_neutral.wav,suah lai tui tiong,neutral,sua lai tui tiong,1
183,./data/wav_gen/wav/000183_indextts_angry.wav,a ma tng lai e si khuann gua bin sik huan tshinn,angry,a ma tng lai e si，khuann gua bin sik khuann tshi,5
184,./data/wav_gen/wav/000184_indextts_angry.wav,kuann kin tsiong gua sang khi penn inn,angry,gua kin tsiong ua sang khi penn i,6
185,./data/wav_gen/wav/000185_indextts_surprised.wav,i sing kong na koh ban tit puann tiam tsing,surprised,i sin kong，na koo ban ti puann tiam tsing,4
186,./data/wav_gen/wav/000186_indextts_neutral.wav,kok ui phing phuann lau su kok ui suan tshiu tak ke ho,neutral,koo ui phin phua lau su koo ui suan tshiu tak ke ho,5
187,./data/wav_gen/wav/000187_indextts_surprised.wav,tng a ngeh oo khi,surprised,tng a nge，oo khi,2
188,./data/wav_gen/wav/000188_indextts_angry.wav,tsit e gin a toh bo kiu ah,angry,tsit e gin a tioh boo kiu a,3
189,./data/wav_gen/wav/000189_indextts_happy.wav,a ma kong kau tsia bak sai lin lin go,happy,a ma kong kau tsia bak sai lin lin lin goo,5
190,./data/wav_gen/wav/000190_indextts_surprised.wav,tshin tshiunn teh tsik kuai i bo ka tsiau koo ho se e khuan,surprised,tshin tshiunn leh tsit kua e i bo ka tsiau koo hoo se e khuan,5
191,./data/wav_gen/wav/000191_indextts_disgusted.wav,gua toh kuann kin an ui a ma kong,disgusted,gua to kua kin ang tui a ma kong,5
192,./data/wav_gen/wav/000192_indextts_neutral.wav,si gua siunn ai khau,neutral,tshiu a siunn ai kau,6
193,./data/wav_gen/wav/000193_indextts_neutral.wav,gua e sinn mia si a ma ka gua kiu tng lai e,neutral,gua e sinn mia si a ma，kau a kiu tng lai,6
194,./data/wav_gen/wav/000194_indextts_fearful.wav,a ma li si gua siong ai e lang,fearful,a ma，li si gua siong ai e lang,1
195,./data/wav_gen/wav/000195_indextts_disgusted.wav,a ma koh bat ka gua kong,disgusted,a ma koh bat ka gua kong,0
196,./data/wav_gen/wav/000196_indextts_happy.wav,gua se han e si phue hu bo ho,happy,gua se han e si，phue hu bo ho,1
197,./data/wav_gen/wav/000197_indextts_disgusted.wav,kin a lit gua beh kong e te bok si gua siong ai e lang,disgusted,kin a li gua beh kong e te boo si，gua siong ai lang,5
198,./data/wav_gen/wav/000198_indextts_fearful.wav,tsin gau senn thau huat bue,fearful,tsin kau se thau huah bue,4
199,./data/wav_gen/wav/000199_indextts_happy.wav,khah tsa tshu lai bang tsiann kau,happy,khah tsa tshu lai bang tsiann kau,0
200,./data/wav_gen/wav/000200_indextts_surprised.wav,tiann tiann khi hoo bang a ting kah kui thau kui bin,surprised,tiah tiann khi hoo bang a ting ka kui thau kui bin,3
201,./data/wav_gen/wav/000201_indextts_happy.wav,tsit phok tsit phok ang ki ki,happy,tsit phok tsit phok ang ki ki,0
202,./data/wav_gen/wav/000202_indextts_happy.wav,in ui tsin tsiunn toh it tit khi ka liau,happy,in ui tsing tsiunn to i ti khi ka liau,4
203,./data/wav_gen/wav/000203_indextts_neutral.wav,jiau kah huat hong koh puh lang,neutral,niau kah hua hong koo pu lang,4
204,./data/wav_gen/wav/000204_indextts_neutral.wav,kui liap thau long si liap a,neutral,kui liap thau long si liap a,0
205,./data/wav_gen/wav/000205_indextts_happy.wav,tshiunn tshau thau kang khuan,happy,tshiunn thau thau kang huan,2
206,./data/wav_gen/wav/000206_indextts_disgusted.wav,a ma khuainnh tioh tsiann m kam,disgusted,a ma khuai tioh tsia m kam,5
207,./data/wav_gen/wav/000207_indextts_surprised.wav,toh tsau khi tiong ioh tiam kap tsin tsu hun tng lai hoo gua tsiah koh hoo gua buah,surprised,to tsau khi tiong gio tiang ka tsin tsu hun tng lai hoo gua tsia，koh hoo gua buah,8
208,./data/wav_gen/wav/000208_indextts_fearful.wav,tsu ngoo u ki ti kau tann,fearful,tsu ngoo u ki ti kau ta,2
209,./data/wav_gen/wav/000209_indextts_surprised.wav,gua ti leh siunn tsin tsu hun it ting si kui som som,surprised,gua ti leh siunn，tsin tsu hun it ting si kui som som,1
210,./data/wav_gen/wav/000210_indextts_surprised.wav,a ma tioh ai khioh gua tse ki 寶特瓶 tsiah u thang be tsin tsu hun,surprised,a ma tioh ai khio gua tse ki，toh phing tiah，tsiah u thang be tsin tsu hun,15
211,./data/wav_gen/wav/000211_indextts_disgusted.wav,siunn kau tsia,disgusted,siunn kau tsia,0
212,./data/wav_gen/wav/000212_indextts_surprised.wav,gua kam siu tioh a ma si se kan siong ai gua e lang,surprised,gua kam siu tioh a ma si se kan siong ai gua e lang,0
213,./data/wav_gen/wav/000213_indextts_neutral.wav,gua tsit ma teh thak kok sio,neutral,gua tsit ma leh tha koo siooh,5
214,./data/wav_gen/wav/000214_indextts_surprised.wav,tak kang ke be thi kau be pui e si,surprised,tak kang ke be ti kau be pui e si,1
215,./data/wav_gen/wav/000215_indextts_disgusted.wav,a ma toh e khi lai tsu tsa tng hoo gua tsiah,disgusted,a ma to e khi lai tsu tsa tng hoo a tsiah,3
216,./data/wav_gen/wav/000216_indextts_surprised.wav,a ma e kun mue tsian nng,surprised,a ma e kun mue，tsian nng,1
217,./data/wav_gen/wav/000217_indextts_angry.wav,koh tsha tsit hang tshenn tshai hoo gua phue,angry,koo tsha tsit hang tshe tshai hoo gua phue,3
218,./data/wav_gen/wav/000218_indextts_fearful.wav,a ma kong ka ti tsu e tsong pi gua khau be e khah ho,fearful,a ma kong ka ti tsu e，tsong pi ua khang be e khah ho,4
219,./data/wav_gen/wav/000219_indextts_neutral.wav,gua m bat khuann kue gun ma mah,neutral,gua m bah khuann kue un ma mah,2
220,./data/wav_gen/wav/000220_indextts_sad.wav,tsiah tioh ma khah an sim,sad,tsiah tioh ma khah an sin,1
221,./data/wav_gen/wav/000221_indextts_sad.wav,tsit ma tian si koh it tit po hit lo 塑化劑,sad,tsit ma tian si koh it ti po hit lo su huah tsiann,15
222,./data/wav_gen/wav/000222_indextts_fearful.wav,na tsiah siunn tse tui sin the tsiann bai,fearful,na tsiah siunn tse tui sin the tsiah bai,2
223,./data/wav_gen/wav/000223_indextts_neutral.wav,li gin a lang tu beh tua,neutral,li gin a lang tu beh tua,0
224,./data/wav_gen/wav/000224_indextts_happy.wav,sin the ai koo hoo kiann,happy,sin the ai koo hoo kiann,0
225,./data/wav_gen/wav/000225_indextts_happy.wav,au pai tsiah u thang kian lip tsit e khuai lok e ka ting,happy,au pai tsia u thang kian li tsit e khuai lok e ka ting,2
226,./data/wav_gen/wav/000226_indextts_happy.wav,sui lian hian tsu si gua iau koh se han,happy,sui lian hian tsu si gua iau koh se han,0
227,./data/wav_gen/wav/000227_indextts_disgusted.wav,m koh a ma tui gua e kuan sim kah thiann ai,disgusted,m koh a ma tui ua e kuan sim kah thiann ai,1
228,./data/wav_gen/wav/000228_indextts_surprised.wav,gua e ing uan ki tiam sim lai,surprised,gua e ing uan ki tiam sim lai,0
229,./data/wav_gen/wav/000229_indextts_happy.wav,tsit ma gua tioh ai ho ho iu hau a ma,happy,tsit ma gua tioh ai ho ho iu hau a ma,0
230,./data/wav_gen/wav/000230_indextts_happy.wav,pa pah ui tioh kui ke hue e sing uah,happy,pa pah ui tioh kui ke hue e sin uah,1
231,./data/wav_gen/wav/000231_indextts_happy.wav,tan gua tua han,happy,tan gua tua hat,1
232,./data/wav_gen/wav/000232_indextts_disgusted.wav,gua beh po tap a ma iong iok gua e un tsing,disgusted,gua beh po tap a ma iong giok gua e un tsing,1
233,./data/wav_gen/wav/000233_indextts_surprised.wav,koh tsiong tsit hun un tsing ka thuan loh khi,surprised,koo tsiong tsit hun un tsing ka thuan noh khi,2
234,./data/wav_gen/wav/000234_indextts_angry.wav,tsue au gua beh kong,angry,tsue iau gua beh kong,1
235,./data/wav_gen/wav/000235_indextts_surprised.wav,a ma 妳si gua ing uan ing uan siong ai e lang,surprised,a ma，si ua in uan in uan tsiong ai e lang,6
236,./data/wav_gen/wav/000236_indextts_disgusted.wav,gua e ian kang tioh kong kah tsia,disgusted,gua e ian kang tioh kong kah tsia,0
237,./data/wav_gen/wav/000237_indextts_angry.wav,kam sia koh ui,angry,kam sia koo ui,1
238,./data/wav_gen/wav/000238_indextts_sad.wav,thau lit ti gua khau pun pho tsau tsong,sad,thau li ti，gua khau pun pho tsau tsong,2
239,./data/wav_gen/wav/000239_indextts_neutral.wav,u tang si kui na kang tsiah u thang tng lai tsit pai,neutral,u tang si kui na kang tsiah u thang tng lai tsit pai,0
240,./data/wav_gen/wav/000240_indextts_angry.wav,tshio si hong guan hit e tann sai e,angry,tshioo si hong uan hit e tah sai e,4
241,./data/wav_gen/wav/000241_indextts_angry.wav,tsing tsoh tsin tsio teh iong hua hak pui liau,angry,tsin tsoo tsin tsiooh leh iong huah hok pui liau,7
242,./data/wav_gen/wav/000242_indextts_sad.wav,long tsok but ai iong tioh e pui,sad,long tsok but ai iong tioh e pui,0
243,./data/wav_gen/wav/000243_indextts_happy.wav,long ma ka ti tse tso sing san e,happy,long ma ka ti tse tso sin san e,1
244,./data/wav_gen/wav/000244_indextts_angry.wav,tshiunn kong ke sai pui ti sai pui kah lang ka ti pang tshut lai e tua pui,angry,tshiu kong ke sai pui，ti sai pui，kah lang ka ti pang tshut lai e tua pui,4
245,./data/wav_gen/wav/000245_indextts_disgusted.wav,iah si iong tiu tshau pun so khi au tso pui,disgusted,ia sit iong tiu thau，pun so khi au tso pui,4
246,./data/wav_gen/wav/000246_indextts_happy.wav,koh tsit tsiong toh si tua ti ke a lai e lang,happy,kok tsit tsiong to si tua ti ke a la e lang,3
247,./data/wav_gen/wav/000247_indextts_sad.wav,ui hia e pang tshut lai e mih kiann ka ti bo loo iong,sad,ui hiah e pang tshut lai mih kiann ka ti bo loo iong,3
248,./data/wav_gen/wav/000248_indextts_angry.wav,tioh e u tsit kua tsoh sit lang lai in beh ai in e tua pui,angry,tioh gueh u tsit kua tsau sit lang lai in beh ai in e tua pui,5
249,./data/wav_gen/wav/000249_indextts_disgusted.wav,sui lian in tse bian hu tsinn,disgusted,sui lian in tse bian hu tsinn,0
250,./data/wav_gen/wav/000250_indextts_surprised.wav,m koh kue ni kue tseh iau si ai sang tsit e a le but,surprised,m koh kue ni kui tsiat，iau si ai sang tsit le a li but,7
251,./data/wav_gen/wav/000251_indextts_surprised.wav,tsok tsia kang ting tshiu,surprised,soo tsiah，kang ting tshiu,4
252,./data/wav_gen/wav/000252_indextts_neutral.wav,na bo gua ka iah leh,neutral,na boo ua ka iah leh,2
253,./data/wav_gen/wav/000253_indextts_neutral.wav,me ni toh hoo pat lang in khi,neutral,me ni to hoo pat lang in khi,1
254,./data/wav_gen/wav/000254_indextts_surprised.wav,u tsit e be ke e sing li lang,surprised,u tsit e be ke e sin li lang,1
255,./data/wav_gen/wav/000255_indextts_angry.wav,tak kang toh e tann tioh i hit tann ke,angry,tak kang too e tann tioh i hit tann kue,2
256,./data/wav_gen/wav/000256_indextts_angry.wav,ti tak si ke e tsng a thau tsit e tsit e khi kio be,angry,ti tah si ke e tsng a thau tsit le tsit le khi kio be,3
257,./data/wav_gen/wav/000257_indextts_disgusted.wav,na kau tiong tau i toh e khi tsng gua e tua tshiu kha,disgusted,na kau tiong tau i to e khi tsng gua e tua tshiu kha,1
258,./data/wav_gen/wav/000258_indextts_fearful.wav,tsiah png kann hioh tau,fearful,tsiah png ka hioh tau,2
259,./data/wav_gen/wav/000259_indextts_neutral.wav,tsit kua na ti i tann khi be e si hu bo tioh e,neutral,tsi kua na ti i tann khi me e si hu boo tioh e,3
260,./data/wav_gen/wav/000260_indextts_fearful.wav,long tsai iann ti tiong tau i hioh khun e si,fearful,long tsai iann ti tiong tau i hioh khun e si,0
261,./data/wav_gen/wav/000261_indextts_sad.wav,lai tsia ka kau kuan,sad,lai tsia ka kau kuan,0
262,./data/wav_gen/wav/000262_indextts_fearful.wav,tsin tsa i tsing,fearful,tsin tsa i tsin,1
263,./data/wav_gen/wav/000263_indextts_disgusted.wav,be ke si u phiat poo e,disgusted,be ke si u phiat poo e,0
264,./data/wav_gen/wav/000264_indextts_disgusted.wav,ai sing iong tsing thau a ka tsam tsit sut a lai tshui nih tam khuann u kam phinn khuann u phang bo,disgusted,ai sing iong tsing thau a ka tsam tsit sut a lai tshui ni，tam khuann u kam phinn khuann u phang boo,3
265,./data/wav_gen/wav/000265_indextts_happy.wav,in ui na si kui tann an ne phinn,happy,in ui na si kui tah an ne phinn,2
266,./data/wav_gen/wav/000266_indextts_surprised.wav,khi bi siunn tang,surprised,khi bi sin tang,2
267,./data/wav_gen/wav/000267_indextts_disgusted.wav,tshau tsho phih pha,disgusted,tshau tsho phih pha,0
268,./data/wav_gen/wav/000268_indextts_fearful.wav,gua9 bai bi leh,fearful,gua bai bi i leh,3
269,./data/wav_gen/wav/000269_indextts_angry.wav,tsin tu ho u tsit kang tsit e be ke e hioh khun bo lai be,angry,tsin tu hau，u tsit kang tsit e be hiau khun bo lai be,10
270,./data/wav_gen/wav/000270_indextts_sad.wav,ma hiah tu tshian,sad,ma hia tu tshin,2
271,./data/wav_gen/wav/000271_indextts_fearful.wav,u tsit e tua hong guan e tsoh sit lang,fearful,u tsit e tua hong uan e tso sit lang,2
272,./data/wav_gen/wav/000272_indextts_disgusted.wav,khi siu tua pui tng lai kau puann loo,disgusted,khi siu tua pui tng lai kau puann loo,0
273,./data/wav_gen/wav/000273_indextts_fearful.wav,lan tai uan iau si long giap sia hue,fearful,lan tai uan ia si long giap sia hue,1
274,./data/wav_gen/wav/000274_indextts_neutral.wav,pak too bo song khuai,neutral,pah too bo song khuai,1
275,./data/wav_gen/wav/000275_indextts_happy.wav,toh tsit tann tua pui khng tiam tshiu a kha,happy,too tsit tann tua pui khng tiam tshiu a kha,1
276,./data/wav_gen/wav/000276_indextts_angry.wav,siunn kong tua pui bo lang e thau tsiah tioh lah,angry,siu gong tua puin boo lang e thau tsiah tioh lah,5
277,./data/wav_gen/wav/000277_indextts_neutral.wav,ka ti kin khi tshau poo a lai tshue soo tsai siau thau,neutral,ka ti kin khi tshau poo a lai，phue soo tsai siau thau,3
278,./data/wav_gen/wav/000278_indextts_neutral.wav,hiah tu ho,neutral,kia tu hoo,3
279,./data/wav_gen/wav/000279_indextts_disgusted.wav,tsit e tua tshiu kha,disgusted,tsit e tua tshiu kha,0
280,./data/wav_gen/wav/000280_indextts_disgusted.wav,toh si hit e be ke e tiann tiann hioh tau e soo tsai,disgusted,to si hit e be ke e，tiann tiann hio tauh e soo tsai,4
281,./data/wav_gen/wav/000281_indextts_happy.wav,si kan ia tu ho tiong tau si,happy,si kan ia tu ho tiong tau si,0
282,./data/wav_gen/wav/000282_indextts_happy.wav,he tua pui e sik tsui kah ke si sio ua sio ua,happy,he tua pui e sik tsui，ka ke si sio o a sio o,6
283,./data/wav_gen/wav/000283_indextts_sad.wav,long si oo oo koh tua sio khua ang huann ang huann,sad,long si oo oo，ko tua sio khua ang huah ang huah,6
284,./data/wav_gen/wav/000284_indextts_happy.wav,soo iong soo tsiah e mih kiann,happy,soo iong soo tsia e mih kiann,1
285,./data/wav_gen/wav/000285_indextts_fearful.wav,khi bi ma si tshau tsho a tshau tsho,fearful,hi bi ma si tshau tsho a tshau tsho,1
286,./data/wav_gen/wav/000286_indextts_neutral.wav,na bo tsim tsiok khuann un un a phinn,neutral,na boo tsim tsiok khuann，un un a phinn,2
287,./data/wav_gen/wav/000287_indextts_fearful.wav,si hun bo siann e tshut lai,fearful,si hun bo sia e tshut lai,2
288,./data/wav_gen/wav/000288_indextts_happy.wav,hiah tu ho,happy,hia tu ho,1
289,./data/wav_gen/wav/000289_indextts_happy.wav,ke e sing li tik piat ka iah,happy,ke e sin li tik piat kah iah,2
290,./data/wav_gen/wav/000290_indextts_surprised.wav,be ke e bo lai be,surprised,be ke bo lai be,2
291,./data/wav_gen/wav/000291_indextts_surprised.wav,tak ke suah kio si lang kue be bo tioh,surprised,tak ke suah kio si lang kue be boo tioh,1
292,./data/wav_gen/wav/000292_indextts_angry.wav,tse tse lang tioh lai tua tshiu kha beh ka kau kuan,angry,tse tse lang tioh lai tua tshiu kha beh ka kau kuan,0
293,./data/wav_gen/wav/000293_indextts_sad.wav,lai beh be ke e si si suann suann,sad,lai be be ke e si si suann suann,1
294,./data/wav_gen/wav/000294_indextts_disgusted.wav,tsit e tsit e lai,disgusted,tsit le tsit le lai,2
295,./data/wav_gen/wav/000295_indextts_fearful.wav,tai poo hun long si ka ti sing san e,fearful,tai poo hun long si ka ti sin san e,1
296,./data/wav_gen/wav/000296_indextts_neutral.wav,hia e lang kau ui tsit khuann,neutral,hia e lang kah ui tsit khuann,1
297,./data/wav_gen/wav/000297_indextts_neutral.wav,bo khuainnh be ke e,neutral,bo khuainn be ke e,1
298,./data/wav_gen/wav/000298_indextts_fearful.wav,kan na tsit tann ke khng ti tshiu a kha,fearful,ka na tsit tah ke khng ti tshiu a kha,3
299,./data/wav_gen/wav/000299_indextts_happy.wav,sui e tioh kah i ong kang khuan,happy,sui e tioh ka i ong kang huan,2
300,./data/wav_gen/wav/000300_indextts_disgusted.wav,iong tsing thau a ka tsam tsit sut a lai tshui nih tam khuann mai,disgusted,iong tsing thau a ka tsam tsit su a lai tshui ni tam khuann mai,2
301,./data/wav_gen/wav/000301_indextts_fearful.wav,tam suah na io thau na li khui,fearful,tam suah na io thau na ti khui,1
302,./data/wav_gen/wav/000302_indextts_sad.wav,tsit e si tsun,sad,tsit e si tsun,0
303,./data/wav_gen/wav/000303_indextts_surprised.wav,hit e siu tua pui e tsoh sit lang,surprised,he leh siu tua pui e tsoo sit lang,5
304,./data/wav_gen/wav/000304_indextts_sad.wav,pang ho na lang khoo na kiann tshut lai,sad,pang ho na lang khoo，na kiann tshut lai,1
305,./data/wav_gen/wav/000305_indextts_fearful.wav,khuann tioh hia e lang,fearful,huah tioh hia e lang,3
306,./data/wav_gen/wav/000306_indextts_fearful.wav,han tit khi ke a iah si tshi a be tang be sai,fearful,han ti khi ke a ia si tshi a pe tang be sai,3
307,./data/wav_gen/wav/000307_indextts_surprised.wav,tsit e tsit e teh tsam i hit tann tua pui,surprised,tsi le tsit le te tsam i，thit tah tua pui,8
308,./data/wav_gen/wav/000308_indextts_happy.wav,i kam kak honn ki koh ho tshio,happy,i kang kah honn ki koh hoo tshio,4
309,./data/wav_gen/wav/000309_indextts_surprised.wav,bo phah tshenn kiann in,surprised,bo phah tshe kiann in,2
310,./data/wav_gen/wav/000310_indextts_neutral.wav,tiam tiam a bih ti tshau poo a lai khuann,neutral,tiam tiam a bi ti，thau poo a lai khuann,3
311,./data/wav_gen/wav/000311_indextts_disgusted.wav,lian sua kui na tsap e long lai tsuinn tua pui,disgusted,lian sua kut la tsap e long lai tsuinn tua bui,3
312,./data/wav_gen/wav/000312_indextts_disgusted.wav,i na khuann na ho tshio,disgusted,i na khuah na hoo tshio,3
313,./data/wav_gen/wav/000313_indextts_fearful.wav,koh m kann tshio tshut siann,fearful,koh un kah tshio tshut siann,4
314,./data/wav_gen/wav/000314_indextts_fearful.wav,tsit e sit tsu i,fearful,tsit e sit tsu i,0
315,./data/wav_gen/wav/000315_indextts_surprised.wav,tshio siunn tua lat,surprised,tshio siunn tua lat,0
316,./data/wav_gen/wav/000316_indextts_angry.wav,suah khi tsak tioh khui,angry,soo khi tsa tioh khui,4
317,./data/wav_gen/wav/000317_indextts_disgusted.wav,u e tioh si lang tann lai be e,disgusted,u e tioh si lang ta lai be e,2
318,./data/wav_gen/wav/000318_indextts_surprised.wav,tsit khau khui tshuan be khi lai,surprised,tsit khau khui tshuan be khi lai,0
319,./data/wav_gen/wav/000319_indextts_neutral.wav,tsu an ne sit kiu kue ong khi,neutral,tsu an ne si kiu kue ong khi,1
320,./data/wav_gen/wav/000320_indextts_surprised.wav,m tsiah e liu thuan tsit ku tshio si hong guan hit e tann sai e,surprised,m tsiah e liu thuan tsit ku，tshio si hong uan hit e tah sai e,4
321,./data/wav_gen/wav/000321_indextts_surprised.wav,tsa tsing long giap si tai,surprised,tsa tsing long iap si tai,1
322,./data/wav_gen/wav/000322_indextts_surprised.wav,sua loh lai khuann sin tik tshi bin a tsai it ho e thinn khi,surprised,sua loh lai，khuann sin tik tshi mi a tsai it ho e thinn khi,3
323,./data/wav_gen/wav/000323_indextts_disgusted.wav,un too ji tsap sann tsi ji tsap tshit too loh hoo ki lut li tsap%,disgusted,un too ji tsap tsann，tsi ji tsap tshit too，lo hoo ki lut lip tsap pha,9
324,./data/wav_gen/wav/000324_indextts_fearful.wav,lai pin goo pah goo tsap kau ho tshiann lai tsap sann ho kui tai pan li,fearful,nai pin gua pa goo tsap kau ho tshiann lai tsa kha ho kui tai pan li,9
325,./data/wav_gen/wav/000325_indextts_neutral.wav,long tsong peh pah khong ji khoo tsau li kau tsap peh khoo,neutral,long tsong peh pah khong li khoo，tsau li kau tsa peh khoo,3
326,./data/wav_gen/wav/000326_indextts_happy.wav,kin a jit si sann gueh tsap sann pai lak,happy,kin a li si sann ue tsa sann，pai lak,6
327,./data/wav_gen/wav/000327_indextts_neutral.wav,gua e hoo tsiau ho be si sam liok ji ji su it khong it su,neutral,gua e hoo tsiau hoo be si sam liau ji li，su i khong it su,6
328,./data/wav_gen/wav/000328_indextts_neutral.wav,gun tau e tian ue ho be si khong liok sam kiu ji sam ngoo ji sam,neutral,un tau e tian ue hoo be si，khong liok tsam kiu ji tsam ngoo ji tsam,6
329,./data/wav_gen/wav/000329_indextts_angry.wav,i ti it kiu su it ni tshut si,angry,i ti it kiu su it ni tshut si,0
330,./data/wav_gen/wav/000330_indextts_disgusted.wav,tshiann pang gua tsuan hun ki it liok kiu ngoo,disgusted,tshia pang gua tsuang hun ki it liok kiu ngoo,3
331,./data/wav_gen/wav/000331_indextts_neutral.wav,bun peh a li khuann hia u sann ki hiunn,neutral,gun peh a，li khuann hia u sann ki hiunn,2
332,./data/wav_gen/wav/000332_indextts_sad.wav,bo m tioh koh khah khi si tua tun suann,sad,bo m tioh，koh khah khi si tua tun suann,1
333,./data/wav_gen/wav/000333_indextts_happy.wav,ke lang sik tsi tshau suann u kau phann e pi khuann te too khah tsim tsiok,happy,ke lang si tsi，tshau suann u kau phann e，pi khuann te too phah tsin tsiok,5
334,./data/wav_gen/wav/000334_indextts_sad.wav,tse si pak ping nia li uat thau khuann lam khi,sad,tse si pak ping nia，li ua thau khuann lam khi,2
335,./data/wav_gen/wav/000335_indextts_surprised.wav,kong king sit tsai tsan ang ang he si siann,surprised,kong king si tsai tsan，ang ang he si siann,2
336,./data/wav_gen/wav/000336_indextts_neutral.wav,gua khuann mai leh he ping khe lah,neutral,gua khuann mai leh，he ping kheh lah,2
337,./data/wav_gen/wav/000337_indextts_disgusted.wav,gua tsai ah hit thau uat lai uat khi na tsit bue peh tsua e si sik tsi thang ping khe e sik ping kong loo,disgusted,gua tsai a，hit thau uat lai uat khi，na tsit bue peh tsua e si si tsi thang ping kheh e sik ping kong loo,5
338,./data/wav_gen/wav/000338_indextts_neutral.wav,kok tiong khah kue lai to si tsioh sun tsiam,neutral,koo tiong khah kue lai to si tsiooh sun tsiam,2
339,./data/wav_gen/wav/000339_indextts_surprised.wav,bo siann sing tik sun neh,surprised,bo siann sing tik sun neh,0
340,./data/wav_gen/wav/000340_indextts_angry.wav,ui ping khe hit ping khuann kue lai to tsin sing,angry,uih ping khe，hit ping khuann gua lai to tsin sing,4
341,./data/wav_gen/wav/000341_indextts_angry.wav,tan thinn khi khah liang e si lan e sai lai khi hia tshit tho,angry,tan khi khi khah liang e si，lan e sai lai khi ha tshit thoo,6
342,./data/wav_gen/wav/000342_indextts_angry.wav,li u kau gua hang siann mih sann ki hiunn he si hiap ho huat tian tshiunn,angry,li u kau kua hang，siann mih sa ki hiunn，he si iap ho huat tian tshiunn,6
343,./data/wav_gen/wav/000343_indextts_disgusted.wav,lang leh kong tshio e lah bian hiah ting tsin,disgusted,lang leh kong sioh e lah，bian hiah ting tsin,4
344,./data/wav_gen/wav/000344_indextts_neutral.wav,bun peh a tsiann tshiu ping hit liap,neutral,mun peh a，tsiah tshiu ping hit liap,4
345,./data/wav_gen/wav/000345_indextts_neutral.wav,hit liap kio tso ke lang khit koh khah kue lai e hit liap to si ke lang suann,neutral,hi liap kio tso ke lang khi，koh khah kue lai hi liap tioh si ke lang suann,8
346,./data/wav_gen/wav/000346_indextts_surprised.wav,to si ti kau hun a hu kin mah kin ni sann gueh guan u khi hia tshit tho,surprised,too si ti kah onn a，hioh kin mah，kin ni sann u e uan u khi hia tshit tho,13
347,./data/wav_gen/wav/000347_indextts_happy.wav,tsit khuan thinn peh ke lang suann pau nia li phak kah pinn poo,happy,tsit khuan thinn peh ke lang suann，pau nia li pha kah pinn poo,2
348,./data/wav_gen/wav/000348_indextts_disgusted.wav,kui liap suann bo kui tsang tshiu a thang jia lit thau,disgusted,kui liap suann，bo kui tsang tshiu a thang jia li phau,3
349,./data/wav_gen/wav/000349_indextts_disgusted.wav,to ping hng hng siong kuan hit liap suann si m si tshit tshinn suann,disgusted,to ping hng hng，siong kuan hit liap suann si m si tshit tshin suann,2
350,./data/wav_gen/wav/000350_indextts_neutral.wav,iong siang kha ai tai uan,neutral,iong siang kha ai tai uan,0
351,./data/wav_gen/wav/000351_indextts_happy.wav,koh tui tai uan bue kiann kau tai uan thau,happy,kok tui tai uan bue kia kau tai uan thau,3
352,./data/wav_gen/wav/000352_indextts_neutral.wav,tsit poo tsit kha in,neutral,tsit poo tsit kha in,0
353,./data/wav_gen/wav/000353_indextts_sad.wav,iong siong khiam pi e thai too,sad,iong siong khiam pi e thai too,0
354,./data/wav_gen/wav/000354_indextts_angry.wav,khi tshin kin tsit te tshiann iong ka ki e thoo te,angry,khi tshin kin tsit te tshia iong ka ki e thoo te,2
355,./data/wav_gen/wav/000355_indextts_sad.wav,khuann tioh lik sik e suann meh uan lai uat khi e ho liu sik sai e tshan hng,sad,khuann tioh liu sik e suann me，uan lai uat khi e hoo liu sik sai e tshan hng,4
356,./data/wav_gen/wav/000356_indextts_sad.wav,sun phok e hiong tin be lang e hai huann hiong tshin tshin tshiat e tshio iong,sad,sun phok e hiong tin，be lang e hai hua，hiong tshin tshin tsit e tshio liong,7
357,./data/wav_gen/wav/000357_indextts_happy.wav,sim kuann thau tiann tioh u mua mua e kam tshiok kah kam tong,happy,sin kua thau tiann tioh u mua mua e kam tshiok kah kan tong,4
358,./data/wav_gen/wav/000358_indextts_fearful.wav,terry si tsit e tsin u li siong kah tsu kian e tshing tshun siau lian hiann,fearful,Tary si tsit e tsin u li siong kah tsu kian e tshin tshun siau lian hia,6
359,./data/wav_gen/wav/000359_indextts_angry.wav,i kam guan tsiam si hong ha kho ki kong si lang lang him sian e khang khue,angry,i kam uan，tsiam si hong hauh kho ki kong si，lang lang him sian e khang khue,5
360,./data/wav_gen/wav/000360_indextts_angry.wav,hoo ka ki tsit e a khong kan,angry,hooh kah ki tsit e a khong kan,2
361,./data/wav_gen/wav/000361_indextts_surprised.wav,tsok tsia iunn tsin ju,surprised,tsok tsia iunn tsin ju,0
362,./data/wav_gen/wav/000362_indextts_angry.wav,khi tiong sin jin pat tai uan,angry,khi tiong sin gim pat tai uan,2
363,./data/wav_gen/wav/000363_indextts_surprised.wav,ping tshiann su kho jin sing e tsin gi,surprised,pin tshia su khoo jin sin e tsin gi,5
364,./data/wav_gen/wav/000364_indextts_disgusted.wav,i beh tsit poo a tsit poo a,disgusted,i be tsit poo a tsit poo a,1
365,./data/wav_gen/wav/000365_indextts_angry.wav,iong ka ki e siang kha kiann tai uan tsit lian,angry,iong ka ki e siang kha kia tai uan tsin lian,3
366,./data/wav_gen/wav/000366_indextts_angry.wav,in tsing ka ki e siunn huat,angry,in tsing ka ki e siu huah,3
367,./data/wav_gen/wav/000367_indextts_fearful.wav,ma tshue tshut sinn mia tsing khak e hong hiong kah ting ui,fearful,ma tshue tshu si mia tsin khak e hong hiong kah tin ui,5
368,./data/wav_gen/wav/000368_indextts_sad.wav,i tsit e sim guan to tsiong kin beh uan sing ah,sad,i tsit e sin guan to tsiong kin be uan sing a,3
369,./data/wav_gen/wav/000369_indextts_happy.wav,ku ni tsap it gueh ji ji i tui tai tiong tshut huat,happy,ku ni tsap it gue li li i tui tai tiong tshut huat,3
370,./data/wav_gen/wav/000370_indextts_happy.wav,i sun si tsiam e hong sik sing tsiunn pak,happy,i sun si tsiam e hong sik sing tsiok pah,4
371,./data/wav_gen/wav/000371_indextts_happy.wav,kiann kau ke lang liau au tsiah loh lam,happy,kiann kau ke lang liau au tsiah loo lam,1
372,./data/wav_gen/wav/000372_indextts_angry.wav,tai uan u gua sui,angry,tai uan u ua sui,1
373,./data/wav_gen/wav/000373_indextts_sad.wav,king kue hua lian tai tang,sad,kin kue hua lian tai tang,1
374,./data/wav_gen/wav/000374_indextts_fearful.wav,jim nai tioh kha kut e sng thiann kah tsit loo e koo tuann,fearful,tsit nai tioh kha kut e sng thiann kah tsit loo e koo tuann,3
375,./data/wav_gen/wav/000375_indextts_sad.wav,tsit loo it tit kiann kau tai uan siong lam ping e go luan phinn,sad,tsit loo i ti kiann kau tai uan siong lam ping e goo luan phinn,3
376,./data/wav_gen/wav/000376_indextts_fearful.wav,tsiah koh tsiunn pak,fearful,tsiah koh tsiunn pau,1
377,./data/wav_gen/wav/000377_indextts_sad.wav,hian tshu si i i king kiann kau tai lam tshi kiam tsui khu e guat tin kang ah,sad,hian tshu si i i king kiann kau tai lam tshi kiam tsui khu e ua tin kang ah,2
378,./data/wav_gen/wav/000378_indextts_sad.wav,tng ti tai uan si loo hu kin teh tsiah tau gim si phue ka pi ah,sad,tng ti tai uan si loo，hu kin leh tsiah tauh，kim si phue ka pi a,6
379,./data/wav_gen/wav/000379_indextts_fearful.wav,siong kai lan tit e si,fearful,siong kai lan ti e si,1
380,./data/wav_gen/wav/000380_indextts_disgusted.wav,terry u tsit tui khai bing e pe bu,disgusted,the lui u tsit tui khai bing e pe bu,5
381,./data/wav_gen/wav/000381_indextts_disgusted.wav,tui i tsit khuan long ban kah u tam poh a bo hu hap sit tse e siunn huat ping bo huan tui,disgusted,tui i tsit khuan long ban kah u tam poo a bo hu hak，sit tse e siunn huat ping bo huan tui,3
382,./data/wav_gen/wav/000382_indextts_fearful.wav,tian to tsuan lik tsi tshi,fearful,tian too tsuan li tsi tshi,2
383,./data/wav_gen/wav/000383_indextts_angry.wav,li kam tsai iann,angry,li kam tsai a,3
384,./data/wav_gen/wav/000384_indextts_disgusted.wav,ping tshiann ti i khuan to poo lian i king tsiong kin beh uan sing e bue tsam a,disgusted,ping tsia ti i khuan to，poo lian，i kin tsiong kin be uan sing e bue tsam a,7
385,./data/wav_gen/wav/000385_indextts_angry.wav,tik piat puah si kan pue i kiann tsit tuann,angry,ti piah puah si kam pue i kiann tsit tuann a,5
386,./data/wav_gen/wav/000386_indextts_angry.wav,hoo i tsing sin siong siong tua e koo bu,angry,hoo i tsin sin siong siong tua e koo bu,1
387,./data/wav_gen/wav/000387_indextts_fearful.wav,u bang siong sui,fearful,u bang siong sui,0
388,./data/wav_gen/wav/000388_indextts_neutral.wav,u li siong tioh ai iong kam khi tui kiu,neutral,u li siong tioh ai iong kam khi tui kiu,0
389,./data/wav_gen/wav/000389_indextts_fearful.wav,lan lang sing uah ti tsit e se kan,fearful,lan lang sin uah ti tsit e se kan,1
390,./data/wav_gen/wav/000390_indextts_neutral.wav,tu liau it tsai tiong hok e jit siong tsiah tshing i gua,neutral,tu liau it tsai tiong hong e jit siong，tsiah tshing i ua,4
391,./data/wav_gen/wav/000391_indextts_surprised.wav,iau u tsan tshu koh khah kuan e li siong,surprised,iau u tsan tshu，koh khah kua ne li siong,3
392,./data/wav_gen/wav/000392_indextts_surprised.wav,su iau khi tui kiu khi sit hian,surprised,su iau khi tui kiu khi sit hian,0
393,./data/wav_gen/wav/000393_indextts_angry.wav,ti lan ling lik iau tso e kau e si tsun,angry,ti lan ling lip，iau tso e kau e sit tsun,3
394,./data/wav_gen/wav/000394_indextts_sad.wav,tai uan lang kau kau kau e jin tsing bi,sad,tai uan lang kauh kauh kauh e lin tsin bi,5
395,./data/wav_gen/wav/000395_indextts_sad.wav,na si kiann khun lan,sad,na si kiann khun lan,0
396,./data/wav_gen/wav/000396_indextts_neutral.wav,tshin tshai to hong khi tui kiu bang siong e ki hue,neutral,tshin tshai too hong khi tui kiu bang siong e ki hue,1
397,./data/wav_gen/wav/000397_indextts_happy.wav,tan kau au pai tsiah lai huan hue,happy,tan kau au pai tsiah lai huan hue,0
398,./data/wav_gen/wav/000398_indextts_surprised.wav,he to siunn ban ah,surprised,he too siunn ban ah,1
399,./data/wav_gen/wav/000399_indextts_disgusted.wav,khuan to poo lian si tsit kiann sin khoo e tai tsi,disgusted,khuan to poo lian si tsit kiann sin khoo e tai tsi,0
400,./data/wav_gen/wav/000400_indextts_angry.wav,tu liau ai u tsiu tsuan e ke ue the lat ai ho i gua,angry,tu liau ai u tsiu tsuan e ke ue，the lat ai ho i gua,1
401,./data/wav_gen/wav/000401_indextts_disgusted.wav,siong tiong iau e si ai u kian kiong e i tsi lik,disgusted,siunn tiong iau e si ai u kian kiong e it tsit liu,5
402,./data/wav_gen/wav/000402_indextts_happy.wav,tsiah thang khik hok ian loo tu tioh e kok tsiong siunn be kau e lan te,happy,tsiah thang khi khoo ian loo tu tioh e，kot tsiong siunn me kau e lan te,6
403,./data/wav_gen/wav/000403_indextts_angry.wav,kiong hi terry khuan to poo lian,angry,kiong hi Terry，huan to poo lian,3
404,./data/wav_gen/wav/000404_indextts_neutral.wav,iong siang kha ai tai uan e bang siong teh beh uan sing ah,neutral,iong siang kha ai tai uan e bang siong，leh be uan sing ah,3
405,./data/wav_gen/wav/000405_indextts_angry.wav,li kam bat kam siu tioh,angry,li kam bat kam siu tioh,0
406,./data/wav_gen/wav/000406_indextts_surprised.wav,kian tshi loh khi,surprised,kian tshi loo khi,1
407,./data/wav_gen/wav/000407_indextts_sad.wav,siong sin it ting e sing kong,sad,siong sin it ting e sing kong,0
408,./data/wav_gen/wav/000408_indextts_angry.wav,lim ping tik sian sinn kah i e pe bu kang khuan,angry,lin ping tik sian sinn，kah i e pe bu kang khuan,2
409,./data/wav_gen/wav/000409_indextts_fearful.wav,long si jin tsin phah piann kha tah sit te,fearful,long si jin tsin phah piann，kha tah sit te,1
410,./data/wav_gen/wav/000410_indextts_angry.wav,iong sit tse e hing tong thiann tai uan e lang,angry,iong sit tse e hing tong，thiann tai uan e lang,1
411,./data/wav_gen/wav/000411_indextts_disgusted.wav,iong tshim tsing e bak tsiu,disgusted,iong tshim tsing e bak tsiu,0
412,./data/wav_gen/wav/000412_indextts_happy.wav,khuann tai uan tsit liap bi le e to su,happy,khuah tai uan tsit liap bi le e too su,3
413,./data/wav_gen/wav/000413_indextts_neutral.wav,iong nng ki kha tui tai uan thau kiann kau tai uan bue,neutral,iong nng ki kha，tui tai uan thau kiann kau tai uan bue,1
414,./data/wav_gen/wav/000414_indextts_neutral.wav,tai uan e kiau ngoo,neutral,tai uan e kiau ngoo,0
415,./data/wav_gen/wav/000415_indextts_fearful.wav,se kai kip e to ian li an kah gui tik sing,fearful,se kai ki e to ian li an kah gui tik sing,1
416,./data/wav_gen/wav/000416_indextts_sad.wav,kian tshi thau bue e o un suan tshiu soo le bun,sad,kian tshi thau pue e oo bun suan tshiu soo le pun,4
417,./data/wav_gen/wav/000417_indextts_happy.wav,suann kiu ko tshiu tsan nga ni ting ting,happy,suann kiu koo tshiu tsan nga ni ting ting,1
418,./data/wav_gen/wav/000418_indextts_happy.wav,in tsiah si lan sio sio e tai uan tshiann iong tshut lai,happy,in tsiah si lan sio sio e tai uan tshia iong tshut lai,2
419,./data/wav_gen/wav/000419_indextts_angry.wav,ti se kai bu tai ting huat kng huat jiat,angry,ti se kai bu tai ting huat kng huat jik,2
420,./data/wav_gen/wav/000420_indextts_fearful.wav,si tat tit lan kam kak kiau ngoo e jin but,fearful,si tat tit lan kian ka kiau ngoo e jin bu tshng,8
421,./data/wav_gen/wav/000421_indextts_angry.wav,na kong tioh tai uan e kiau ngoo,angry,na kong tioh tai uan e kiong oo,4
422,./data/wav_gen/wav/000422_indextts_sad.wav,li te ji e siunn tioh e,sad,li te ji e siu tioh e,2
423,./data/wav_gen/wav/000423_indextts_disgusted.wav,it ting si tai uan phong phai e but tsu,disgusted,i ting si，tai uan phong phai e but tsu,2
424,./data/wav_gen/wav/000424_indextts_sad.wav,in ui tai uan lang thau nau khiau gau pian khiau,sad,in ui tai uan lang khau nau khiau gau pian khiau,1
425,./data/wav_gen/wav/000425_indextts_angry.wav,tsok tsia lim siu hua,angry,tsiok tsiah lin siu hua,3
426,./data/wav_gen/wav/000426_indextts_neutral.wav,bo lun kue tsi lan hue iah tsui san,neutral,bo lun kue tsi，lang hue ia tsui san,3
427,./data/wav_gen/wav/000427_indextts_surprised.wav,tsi iau king kue tai uan lang e kai liong,surprised,tsi iau kin kue tai uan lang e kai liong,1
428,./data/wav_gen/wav/000428_indextts_neutral.wav,long e gian huat tshut it too tsan e phin tsiong,neutral,long e gian huah tshut it too tsan e phin tsiong,1
429,./data/wav_gen/wav/000429_indextts_angry.wav,hoo tsuan se kai o lo lan e kue tsi tua koh tinn,angry,hooh，tsuan se kai o lo lan ne kui tsi tua koh ti,6
430,./data/wav_gen/wav/000430_indextts_neutral.wav,lan hue phang koh sui,neutral,lan hue phang koo sui,1
431,./data/wav_gen/wav/000431_indextts_angry.wav,tsui san tshinn koh ho tsiah,angry,tsui san，tshin koh ho tsiah,2
432,./data/wav_gen/wav/000432_indextts_disgusted.wav,ma in ui an ne,disgusted,ma in ui an ne,0
433,./data/wav_gen/wav/000433_indextts_neutral.wav,soo i e tang gua siau than gua hue,neutral,soo i e tang gua siau than gua hue,0
434,./data/wav_gen/wav/000434_indextts_neutral.wav,iau koh u i tsa long giap sia hue e tai uan u su po te bi thng kah tsiunn lo,neutral,ia koo u，i tsa long ia sia hue tai uan u su poo te bi thng kah tsiunn lo,8
435,./data/wav_gen/wav/000435_indextts_neutral.wav,tsit ma kang giap sia hue e tai uan si tian nau ic led kah tsin tse ko kho ki e san phin,neutral,tsit ma kang ia sia hue e tai uan si tian nau，IC LED kah tsin tse koo khoo ki e san phin,10
436,./data/wav_gen/wav/000436_indextts_happy.wav,na mng li tai uan e kiau ngoo si siann mih,happy,na mng li tai uan e kiang oo si siann mih,3
437,./data/wav_gen/wav/000437_indextts_surprised.wav,hing siau tsuan kiu e bi le to,surprised,hin tsiau tsuan kiu e bi leh toh,4
438,./data/wav_gen/wav/000438_indextts_sad.wav,tse si lan tai uan lang e hiau pa ak si ki un iong ti hui,sad,tse si lan tai uan lang e hiau pak ak si ki，un iong ti hui,2
439,./data/wav_gen/wav/000439_indextts_neutral.wav,jin tsin phah piann tshong tso tshut lai e king tse ki tsik,neutral,jin tsin phah piann tshong tsoo tshut lai e king tse ki tsio,2
440,./data/wav_gen/wav/000440_indextts_fearful.wav,ma si lan siong kiau ngoo e sing tsiu,fearful,ma si lan siong kiau goo e sin tsiu,2
441,./data/wav_gen/wav/000441_indextts_neutral.wav,lang kong tai uan liam tsin tsing kah tak ke lai puah kam tsing,neutral,lang kong tai uan liam tsin tsing kah tak ge lai puah kan tsing,2
442,./data/wav_gen/wav/000442_indextts_angry.wav,tai uan sio lo e jin tsing bi,angry,tai uan sio loo e jin tsing bi,1
443,./data/wav_gen/wav/000443_indextts_surprised.wav,hoo tsin tse pat lai tai uan tshit tho,surprised,hoo tsin tse pat lai tai uan tshi tho,1
444,./data/wav_gen/wav/000444_indextts_neutral.wav,iah si tua kue e gua kok lang long o lo kah e tak tsih,neutral,ia si tua kue e ua kok lang long oo loo kai tat tsi,9
445,./data/wav_gen/wav/000445_indextts_disgusted.wav,bat u tsit ui tui jit pun lai e tsin tshut mia e bing tshenn kong,disgusted,bah u tsit gui tui tsit pun lai e，tsin tshut mia e bin tshe kong,8
446,./data/wav_gen/wav/000446_indextts_neutral.wav,in ui tai uan lang e tshin tshiat,neutral,in ui tai uan lang e tshin tshiat,0
447,./data/wav_gen/wav/000447_indextts_fearful.wav,li thau tsit e siunn tioh e it ting si tsit tsam a tshing kah liah be tiau e bi kok tsit giap na kiu tui e suan tshiu lim su ho,fearful,li thau tsit e siu tioh e，it tin si tsit tsam a tshin kah liah be tiau e bi kok tsit giah，na kiu tui e suan tshiu lin su ho,8
448,./data/wav_gen/wav/000448_indextts_surprised.wav,hoo gua tshim tshim be luan tai uan,surprised,hoo a tshim tshim be luan tai uan,2
449,./data/wav_gen/wav/000449_indextts_fearful.wav,soo i tioh sng lai tsia tshit tho tsap kui pai,fearful,soo i tioh sng lai tsia，tshit thoo tsak kui pai,3
450,./data/wav_gen/wav/000450_indextts_surprised.wav,ma be ia sian,surprised,ma be iah sian,1
451,./data/wav_gen/wav/000451_indextts_neutral.wav,in ui ti tai uan,neutral,in ui ti tai uan,0
452,./data/wav_gen/wav/000452_indextts_neutral.wav,tak ke long ka gua tong tso si ka ki lang,neutral,tak ke long kau a tong tsoo si kak ki lang,5
453,./data/wav_gen/wav/000453_indextts_surprised.wav,gun lau su ma bat tu tioh tsit e ti tai uan tsiah thau loo e gua kok lang,surprised,gun lau su ma bat，tu tioh tsit e ti tai uan tsiah thau loo e ua koo lang,3
454,./data/wav_gen/wav/000454_indextts_surprised.wav,in ui beh hoo lang tiau khi tiong kok,surprised,in ui beh hoo lang tiau khi tiong kok,0
455,./data/wav_gen/wav/000455_indextts_sad.wav,kam kak tsin ut tsut,sad,kam kap tsin ut tsut,1
456,./data/wav_gen/wav/000456_indextts_disgusted.wav,i kong tai uan tsit si ke long tshiong buan sio lo e jin tsing bi,disgusted,i kong tai uan tsit si ke，long tshiong buan sio loo e lin tsing ui,4
457,./data/wav_gen/wav/000457_indextts_angry.wav,si tsit e e hoo lang siau liam e ho soo tsai,angry,si tsit e e hoo lang siau liam e hoo soo tsai，pha ha,8
458,./data/wav_gen/wav/000458_indextts_sad.wav,lim su ho sui jian hoo lan kam kak tsin kiau ngoo,sad,lin su ho，sui lian hoo lan kam kak tsin kiau ngoo,3
459,./data/wav_gen/wav/000459_indextts_disgusted.wav,tong jian hoo lang siong kiau ngoo e soo tsai si,disgusted,tong lian hoo lang siong kiau ngoo e soo tsai si,1
460,./data/wav_gen/wav/000460_indextts_sad.wav,tai uan si ti hua jin se kai te it e sit si bin tsu tse too e kok ka,sad,tai uan si ti hua ling se kai te it e sit si bin tsu tse too e kok ka,2
461,./data/wav_gen/wav/000461_indextts_sad.wav,it kiu pat liok ni i au,sad,i kiu pat liau ni i au,3
462,./data/wav_gen/wav/000462_indextts_surprised.wav,tsing ti kai kik e sok too ju lai ju kin,surprised,tsin ti kai kit e sok too tsu lai tsu kin,6
463,./data/wav_gen/wav/000463_indextts_fearful.wav,pau kuat it kiu pat tshit ni kai tu kai giam huat,fearful,pau kuat it kiu pat tshit ni kai tu kai iam huat,1
464,./data/wav_gen/wav/000464_indextts_happy.wav,sit si tsu iu hua tsing tshik,happy,si si tsu iu huah tsin tshit,4
465,./data/wav_gen/wav/000465_indextts_disgusted.wav,kau it kiu kiu liok ni tsong thong tit suan,disgusted,li kau it kiuh kiu liu ni tsong thong ti suan,7
466,./data/wav_gen/wav/000466_indextts_angry.wav,sng si huah tshut bin tsu tsuan hing e tsit tua poo,angry,sng si，huah tshu bin tsu tsuan hing e tsit tua poo,2
467,./data/wav_gen/wav/000467_indextts_surprised.wav,nng tshing ni tsong thong tai suan e kiat ko,surprised,nng tshin ni，tsong thong tai suan e ki ko,4
468,./data/wav_gen/wav/000468_indextts_sad.wav,si tai uan te it pai e tsing tong lun the,sad,si tai uan te it pai e tsin tong lun the,1
469,./data/wav_gen/wav/000469_indextts_neutral.wav,m koh i ping m si lan tai uan pue iong tshut lai e,neutral,m koo i ping m si lan tai uan pue iong tshu lai,4
470,./data/wav_gen/wav/000470_indextts_surprised.wav,lan king lik ho ping tsuan i tsip tsing khuan e kue ting,surprised,lan kin liok hoo pin tsuan i，tsit tsin khuan e kue tin,8
471,./data/wav_gen/wav/000471_indextts_surprised.wav,hoo tai uan e bin tsu hua siu tioh se hong bin tsu kok ka e khing ting,surprised,hoo tai uan e min tsu hua，tshiu tioh tse hong min tsu kok ka e khing ting,6
472,./data/wav_gen/wav/000472_indextts_neutral.wav,lan u tsiah ni tse tat tit tshia iann e tsu san,neutral,lang u tsiah ni tse ta ti tshia iann e tsu san,3
473,./data/wav_gen/wav/000473_indextts_surprised.wav,lan u ho tioh ai tsai sioh po,surprised,lan u ho tioh ai tsai sioo po,1
474,./data/wav_gen/wav/000474_indextts_disgusted.wav,m thang tshin tshai pang hinn sak,disgusted,m thang tshin tshai pang hi sau,3
475,./data/wav_gen/wav/000475_indextts_disgusted.wav,lan tioh ai bo hun tsok kun hue tse phah piann,disgusted,lan tioh ai bo hun tsok kun，hue tse phah piann,1
476,./data/wav_gen/wav/000476_indextts_sad.wav,kiong tong tshong tso koh khah tse tai uan tsi kong,sad,kiong tong tshong tso koh khah tse，tai uan tsi kong,1
477,./data/wav_gen/wav/000477_indextts_fearful.wav,kiong tong kian siat tsit e tsing siong e kok ka,fearful,kiong tong kian sia tsit e tsin siong e kok ka,2
478,./data/wav_gen/wav/000478_indextts_disgusted.wav,hoo lan e tang tua siann tui tsuan se kai huah tshut,disgusted,hoo lan e tang tua siann tui tsuan se kai huah tshut,0
479,./data/wav_gen/wav/000479_indextts_surprised.wav,gua si tai uan lang,surprised,gua si tai uan lang,0
480,./data/wav_gen/wav/000480_indextts_happy.wav,i si ti bi kok tshut si,happy,i si ti bi koo tshut si,1
481,./data/wav_gen/wav/000481_indextts_angry.wav,tse tsiah si tai uan siong tua e kiau ngoo,angry,tse tsiah si tai uan siong tua e kiau ngoo,0
482,./data/wav_gen/wav/000482_indextts_fearful.wav,li kong tioh bo,fearful,li kong tioh bo,0
483,./data/wav_gen/wav/000483_indextts_sad.wav,tsiap siu bi kok kau iok e bi kok lang,sad,tsiap siu bi kok kau iok e bi kok lang,0
484,./data/wav_gen/wav/000484_indextts_fearful.wav,soo i gua jin ui tsin tsin tsiann tsiann e tai uan tsi kong si ia kiu tau tshiu ong kian bin,fearful,soo i gua lin ui tsin tsin tsiann tsiann e tai uan tsit kong si iah kiu tau tshiu ong kian bin,3
485,./data/wav_gen/wav/000485_indextts_angry.wav,gua siong ai e lang,angry,gua siong ai e lang,0
486,./data/wav_gen/wav/000486_indextts_sad.wav,tsin han tit u khah tng e si kan tso hue,sad,tsin han tit u khah tng e si kan tso hue,0
487,./data/wav_gen/wav/000487_indextts_sad.wav,soo i tsu se han kau tann,sad,soo i tsu se han kau ta,2
488,./data/wav_gen/wav/000488_indextts_fearful.wav,long si a ma teh tsiau koo gua,fearful,long si a ma teh tsiau koo gua,0
489,./data/wav_gen/wav/000489_indextts_disgusted.wav,ka gua lak sai lak jio,disgusted,ka gua lah sai lak io,2
490,./data/wav_gen/wav/000490_indextts_surprised.wav,kiann gua iau kiann gua kuann,surprised,kiann gua iau kiann gua kuann,0
491,./data/wav_gen/wav/000491_indextts_fearful.wav,ui gua ang ang luan luan tshua kau tann tsiah tua han,fearful,ui gua ang ang luan luan tshua kau ta tsiah tua han,2
492,./data/wav_gen/wav/000492_indextts_disgusted.wav,soo i a ma si gua sim tiong siong tshin siong ai e lang,disgusted,soo i e a ma si gua sim tiong siong tshin siong ai e lang,2
493,./data/wav_gen/wav/000493_indextts_happy.wav,gua pat thiann a ma kong gua se han si tsiann ai khau,happy,gua pat thiann a ma kong gua se han si tsia ai khau,2
494,./data/wav_gen/wav/000494_indextts_sad.wav,khau long khau be tiam,sad,khau long khau be tiam,0
495,./data/wav_gen/wav/000495_indextts_neutral.wav,in ui tshu lai khuan king bo gua ho,neutral,in ui tshu lai khuan kin bo ua ho,2
496,./data/wav_gen/wav/000496_indextts_sad.wav,tsok tsia tiunn jit tong,sad,tsok tsia，tiunn ji tong,2
497,./data/wav_gen/wav/000497_indextts_surprised.wav,hit si tsun a ma koh u leh tso tsu guan hue siu,surprised,hi si tsun a ma，koo leh tsoo tsu guan hue siu,6
498,./data/wav_gen/wav/000498_indextts_surprised.wav,ke kiam khioh tsit kua sok ka kuan a phainn tang ku siah phoo a tsua lai be,surprised,ke kiam khiau tsit kua，tsoon ka kuan a phai tang gu siah，hoo a tsuah lai be,12
499,./data/wav_gen/wav/000499_indextts_angry.wav,thang ke kiam poo thiap tshu lai e khai siau,angry,phang ke kiam poo thiap tshu lai e khai siau,1
500,./data/wav_gen/wav/000500_indextts_angry.wav,u tsit pai a ma tshut khi khioh mih kiann e si,angry,u tsit pai a ma tshut khi kiong min kiann e si,4
501,./data/wav_gen/wav/000501_indextts_happy.wav,gua ti tshu lai it tit khau,happy,gua ti tshu la it tit khau,1
502,./data/wav_gen/wav/000502_indextts_happy.wav,khau kah siunn tshut lat,happy,khau kah siu tshut lat,2
503,./data/wav_gen/wav/000503_indextts_angry.wav,suah lai tui tiong,angry,suah lai tui tioh,2
504,./data/wav_gen/wav/000504_indextts_sad.wav,a ma tng lai e si khuann gua bin sik huan tshenn,sad,a ma tng lai e si，phuann gua bin sik huan tshe,4
505,./data/wav_gen/wav/000505_indextts_sad.wav,kuann kin tsiong gua sang khi penn inn,sad,kuann kin tsiong ua sang khi peh inn,3
506,./data/wav_gen/wav/000506_indextts_fearful.wav,i sing kong na koh ban tit puann tiam tsing,fearful,i sing kong na koh ban tit puann tiam tsing,0
507,./data/wav_gen/wav/000507_indextts_neutral.wav,kok ui phing phuann lau su kok ui suan tshiu tak ke ho,neutral,kok ui phin phuann lau su kok ui suan tshiu tak ke ho,1
508,./data/wav_gen/wav/000508_indextts_sad.wav,tng a ngeh oo khi,sad,tng kah nge oo khi,3
509,./data/wav_gen/wav/000509_indextts_happy.wav,tsit e gin a to bo kiu ah,happy,tsit e gin a，toh boo kiu ah,3
510,./data/wav_gen/wav/000510_indextts_angry.wav,a ma kong kau tsia bak sai lin lin go,angry,a ma kong kau tsia，bak tsai lin lin go,2
511,./data/wav_gen/wav/000511_indextts_sad.wav,tshin tshiunn teh tsik kuai i bo ka tsiau koo ho se e khuan,sad,tshin tshiunn te tsit kua i，bo ka tsiau koo ho se e khuan,4
512,./data/wav_gen/wav/000512_indextts_sad.wav,gua to kuann kin an ui a ma kong,sad,gua tiohh kuann kin an ui a ma kong,3
513,./data/wav_gen/wav/000513_indextts_surprised.wav,si gua siunn ai khau,surprised,si gua siu ai khau,2
514,./data/wav_gen/wav/000514_indextts_surprised.wav,gua e sinn mia si a ma ka gua kiu tng lai e,surprised,gua e si mia，si a ma kau a kiu tng lai e,6
515,./data/wav_gen/wav/000515_indextts_disgusted.wav,a ma li si gua siong ai e lang,disgusted,a ma li si gua siong ai e lang,0
516,./data/wav_gen/wav/000516_indextts_fearful.wav,a ma koh pat ka gua kong,fearful,a ma koh pat ka gua kong,0
517,./data/wav_gen/wav/000517_indextts_surprised.wav,gua se han e si phue hu bo ho,surprised,gua se han e si phue hu bo hoo,1
518,./data/wav_gen/wav/000518_indextts_angry.wav,kin a jit gua beh kong e te bok si gua siong ai e lang,angry,kin a jit gua beh kong e te bok si gua siong ai e lang lang,5
519,./data/wav_gen/wav/000519_indextts_happy.wav,tsin gau senn thau huat bue,happy,tsin gau se thau huah bue,3
520,./data/wav_gen/wav/000520_indextts_fearful.wav,khah tsa tshu lai bang tsiann kau,fearful,khah tsa tshu lai bang tsiann kau,0
521,./data/wav_gen/wav/000521_indextts_surprised.wav,tiann tiann khi hoo bang a ting kah kui thau kui bin,surprised,tiann tiann khi hoo bang a，tin kah kui thau kui bin,2
522,./data/wav_gen/wav/000522_indextts_fearful.wav,tsit phok tsit phok ang ki ki,fearful,tsit phoo tsit phoo ang ki ki,2
523,./data/wav_gen/wav/000523_indextts_angry.wav,in ui tsin tsiunn to it tit khi ka jiau,angry,in ui tsin tsiunn to it ti khi ka jiau,1
524,./data/wav_gen/wav/000524_indextts_disgusted.wav,jiau kah huat hong koh pu lang,disgusted,giau kah huat hong koh puh lang,2
525,./data/wav_gen/wav/000525_indextts_sad.wav,kui liap thau long si liap a,sad,kui liah thau long si liah a,2
526,./data/wav_gen/wav/000526_indextts_fearful.wav,tshiunn tshau thau kang khuan,fearful,tshiunn tshau thau kang khuan,0
527,./data/wav_gen/wav/000527_indextts_neutral.wav,a ma khuann tioh tsiann m kam,neutral,a ma khuann tioh tsia m kam,2
528,./data/wav_gen/wav/000528_indextts_fearful.wav,to tsau khi tiong ioh tiam kap tin tsu hun tng lai hoo gua tsiah koh hoo gua buah,fearful,to tsau khi tiong ioh tiam，ka a tin tsu hun tng lai hoo a tsiah，koh hoo a gua,10
529,./data/wav_gen/wav/000529_indextts_angry.wav,tsu gua u ki ti kau tann,angry,tsu ua u ki ti kau ta,3
530,./data/wav_gen/wav/000530_indextts_happy.wav,gua ti teh siunn tin tsu hun it ting si kui sam sam,happy,gua ti leh siunn，ting tsi hun it ting si kui tsam tsam,6
531,./data/wav_gen/wav/000531_indextts_neutral.wav,a ma tioh ai khioh gua tse ki 寶特瓶 tsiah u thang be tin tsu hun,neutral,a ma tioh ai khioo gua tse，ki to phin，tsiah u thang be tin tsu hun,10
532,./data/wav_gen/wav/000532_indextts_disgusted.wav,siunn kau tsia,disgusted,siunn kau tsia,0
533,./data/wav_gen/wav/000533_indextts_angry.wav,gua kam siu tioh a ma si se kan siong ai gua e lang,angry,gua kam siu tioh a ma si se kan siong ai gua e lang,0
534,./data/wav_gen/wav/000534_indextts_surprised.wav,gua tsit ma teh thak kok sio,surprised,gua tsit ma te thap kok sioh,3
535,./data/wav_gen/wav/000535_indextts_angry.wav,tak kang ke be the kau be pui e si,angry,tak kang kian be the kau be pui e si,3
536,./data/wav_gen/wav/000536_indextts_angry.wav,a ma to e khi lai tsu tsa tng hoo gua tsiah,angry,a ma to e khi lai tsu tsa tng hoo gua tsiah,0
537,./data/wav_gen/wav/000537_indextts_happy.wav,a ma e kun mue tsian nng,happy,a ma e kun mue tsian nng,0
538,./data/wav_gen/wav/000538_indextts_fearful.wav,koh tsha tsit hang tshenn tshai hoo gua phue,fearful,koh tsha tsit hang tshe tshai hoo a phue,4
539,./data/wav_gen/wav/000539_indextts_angry.wav,a ma kong ka ki tsu e tsong pi gua khau be e khah ho,angry,a ma kong ka ki tsu e tsong pi kua khau be khah ho,3
540,./data/wav_gen/wav/000540_indextts_sad.wav,gua m bat khuann kue guan ma mah,sad,gua m bah khuann kue gua ma mah,2
541,./data/wav_gen/wav/000541_indextts_surprised.wav,tsiah tioh ma khah an sim,surprised,tsiah tioh ma kha an sim,1
542,./data/wav_gen/wav/000542_indextts_surprised.wav,tsit ma tian si koh it tit po hit lo 塑化劑,surprised,tsit ma tian si koh it ti pok，hit looh tsu huah to,16
543,./data/wav_gen/wav/000543_indextts_happy.wav,na tsiah siunn tse tui sin the tsiann bai,happy,na tsiah siunn tse，tui sin the tsiah bai,3
544,./data/wav_gen/wav/000544_indextts_sad.wav,li gin a lang tu beh tua,sad,li kin a lang tu beh tua,1
545,./data/wav_gen/wav/000545_indextts_sad.wav,sin the ai koo hoo kiann,sad,sin the ai koh hoo kiann,1
546,./data/wav_gen/wav/000546_indextts_disgusted.wav,au pai tsiah u thang kian lip tsit e khuai lok e ka ting,disgusted,au pai tsiah u thang kian lip tsit e khuai lok e ka ting,0
547,./data/wav_gen/wav/000547_indextts_neutral.wav,sui jian hian tshu si gua iau koh se han,neutral,sui lian hian tshu si，gua iau koh se han,2
548,./data/wav_gen/wav/000548_indextts_surprised.wav,m koh a ma tui gua e kuan sim kah thiann ai,surprised,m koh a ma tui gua e kuan sim kah thiann ai,0
549,./data/wav_gen/wav/000549_indextts_disgusted.wav,gua e ing uan ki tiam sim lai,disgusted,gua e in uan ki tiam sim lai,1
550,./data/wav_gen/wav/000550_indextts_happy.wav,tsit ma gua tioh ai ho ho iu hau a ma,happy,tsit ma gua tioh ai ho ho，iu hau a ma,1
551,./data/wav_gen/wav/000551_indextts_angry.wav,pa pah ui tioh kui ke hue e sing uah,angry,pa pah hui tioh kui ke hue e sing ua,2
552,./data/wav_gen/wav/000552_indextts_sad.wav,tan gua tua han,sad,tang gua tua han,1
553,./data/wav_gen/wav/000553_indextts_neutral.wav,gua beh po tap a ma iong iok gua e un tsing,neutral,gua beh poo tak a ma iong iok gua e un tsing,2
554,./data/wav_gen/wav/000554_indextts_neutral.wav,koh tsiong tsit hun un tsing ka thuan loh khi,neutral,ko tsiong tsit hun un tsing ka thuan loh khi,1
555,./data/wav_gen/wav/000555_indextts_sad.wav,tsue au gua beh kong,sad,tsue au，gua beh kong,1
556,./data/wav_gen/wav/000556_indextts_neutral.wav,a ma li si gua ing uan ing uan siong ai e lang,neutral,a ma，li si ua in uan in uan siong ai e lang,4
557,./data/wav_gen/wav/000557_indextts_angry.wav,gua e ian kang to kong kau tsia,angry,gua e ian kang tioh kong kau tsia,2
558,./data/wav_gen/wav/000558_indextts_fearful.wav,kam sia kok ui,fearful,kam sia kok ui,0
559,./data/wav_gen/wav/000559_indextts_fearful.wav,thau jit ti gua khau pun pho tsau tsong,fearful,thau tsit ti ua khau pun pho tsau tsong,3
560,./data/wav_gen/wav/000560_indextts_disgusted.wav,u tang si kui na kang tsiah u thang tng lai tsit pai,disgusted,u tng si kui na kang tsiah u thng tng lai tsit pai,2
561,./data/wav_gen/wav/000561_indextts_surprised.wav,tshio si hong guan hit e tann sai e,surprised,tshioo si hong uan hit e ta sai,6
562,./data/wav_gen/wav/000562_indextts_angry.wav,tsing tsoh tsin tsio teh iong hua hak pui liau,angry,tsing tsoo tsin tsioo de iong hua ha pui liau,5
563,./data/wav_gen/wav/000563_indextts_fearful.wav,long tsok but ai iong tioh e pui,fearful,long tsok bu ai iong tioh e pui,1
564,./data/wav_gen/wav/000564_indextts_fearful.wav,long ma ka ki tse tso sing san e,fearful,long ma ka ki tse tsoo，sing san e,2
565,./data/wav_gen/wav/000565_indextts_happy.wav,tshiunn kong ke sai pui ti sai pui kah lang ka ki pang tshut lai e tua pui,happy,tshiunn kong ke sai pui ti sai pui kah lang ka ki pang tshut lai e tua bui,1
566,./data/wav_gen/wav/000566_indextts_happy.wav,iah si iong tiu tshau pun so khi au tso pui,happy,ia si iong tiunn tshau，pun so khi au tso pui,4
567,./data/wav_gen/wav/000567_indextts_sad.wav,koh tsit tsiong to si tua ti ke a lai e lang,sad,koh tsit tsiong to si tua ti ke a lai e lang,0
568,./data/wav_gen/wav/000568_indextts_neutral.wav,tui hia e pang tshut lai e mih kiann ka ki bo loo iong,neutral,tui hia e pang tshut lai mih kiann ka ti boo loo iong,4
569,./data/wav_gen/wav/000569_indextts_sad.wav,to e u tsit kua tsoh sit lang lai in beh ai in e tua pui,sad,to e u tsit kua tso sit lang lai in be ai in e tua bui,3
570,./data/wav_gen/wav/000570_indextts_happy.wav,sui jian in tse bian hu tsinn,happy,sui lian in tse bian hu tsinn,1
571,./data/wav_gen/wav/000571_indextts_neutral.wav,m koh kue ni kue tseh iau si ai sang tsit e a le but,neutral,m koh kue ni kue tse，iau si ai sang tsit e a le but,2
572,./data/wav_gen/wav/000572_indextts_sad.wav,tsok tsia kang ting tshiu,sad,tsok tsia，kang tin tshiu,2
573,./data/wav_gen/wav/000573_indextts_happy.wav,na bo gua ka iah leh,happy,na boo uah ka iah leh,3
574,./data/wav_gen/wav/000574_indextts_disgusted.wav,me ni to hoo pat lang in khi,disgusted,me ni to hoo pat lang in khi,0
575,./data/wav_gen/wav/000575_indextts_happy.wav,u tsit e be ke e sing li lang,happy,u tsit e be ke e sin li lang,1
576,./data/wav_gen/wav/000576_indextts_fearful.wav,tak kang to e tann tioh i hit tann ke,fearful,tak kang to e ta tioh i hit tah ke,4
577,./data/wav_gen/wav/000577_indextts_neutral.wav,ti tak si ke e tsng a thau tsit e tsit e khi kio be,neutral,ti ta si ke e tsng a thau tsit e tsit e，ki kio be,3
578,./data/wav_gen/wav/000578_indextts_angry.wav,na kau tiong tau i to e khi tsng gua e tua tshiu kha,angry,na kau tiong tau i too e khi tsng gua e tua tshiu kha，piau,6
579,./data/wav_gen/wav/000579_indextts_disgusted.wav,tsiah png kann hioh tau,disgusted,tsiah png ka hioh tauh,3
580,./data/wav_gen/wav/000580_indextts_angry.wav,tsit kua na ti i tann khi be e si hu bo tioh e,angry,tsit kua na ti i tah khi be e si，hu boo tioh e,4
581,./data/wav_gen/wav/000581_indextts_fearful.wav,long tsai iann ti tiong tau i hioh khun e si,fearful,long tsai iann ti tiong tau i hioh khun e si,0
582,./data/wav_gen/wav/000582_indextts_sad.wav,lai tsia ka kau kuan,sad,lai tsia ka kau kuan,0
583,./data/wav_gen/wav/000583_indextts_sad.wav,tsin tsa i tsing,sad,tsin tsa i tsing,0
584,./data/wav_gen/wav/000584_indextts_angry.wav,be ke si u phiat poo e,angry,be ke siu phah poo e,3
585,./data/wav_gen/wav/000585_indextts_surprised.wav,ai sing iong tsing thau a ka tsam tsit sut a lai tshui nih tam khuann u kam phinn khuann u phang bo,surprised,ai sing iong tsin thau a ka tsam tsit su a lai tshui ni，tam khuann u kam phinn khuann u pham boo,7
586,./data/wav_gen/wav/000586_indextts_fearful.wav,in ui na si kui tann an ne phinn,fearful,in ui na si kui tah an ne phinn,2
587,./data/wav_gen/wav/000587_indextts_sad.wav,khi bi siunn tang,sad,khi bi siunn tang,0
588,./data/wav_gen/wav/000588_indextts_sad.wav,tshau tsho phih pha,sad,thau tsho phih pha,1
589,./data/wav_gen/wav/000589_indextts_neutral.wav,gua9 bai bi leh,neutral,gua bai pi leh,2
590,./data/wav_gen/wav/000590_indextts_sad.wav,tsin tu ho u tsit kang tsit e be ke e hioh khun bo lai be,sad,tsin tu ho，u tsit kang tsit e be ke kio khun bo lai be,5
591,./data/wav_gen/wav/000591_indextts_neutral.wav,ma hiah tu tshian,neutral,ma hia tu tshian,1
592,./data/wav_gen/wav/000592_indextts_disgusted.wav,u tsit e tua hong guan e tsoh sit lang,disgusted,u tsit e tua hong uan e tsoo sit lang,2
593,./data/wav_gen/wav/000593_indextts_surprised.wav,khi siu tua pui tng lai kau puann loo,surprised,khi siu tua pui，tng lai kau puann loo,1
594,./data/wav_gen/wav/000594_indextts_angry.wav,lan tai uan iau si long giap sia hue,angry,lan thai uan iau si long giak sia hue,2
595,./data/wav_gen/wav/000595_indextts_disgusted.wav,pak too bo song khuai,disgusted,gua too bo song huai,4
596,./data/wav_gen/wav/000596_indextts_fearful.wav,to tsit tann tua pui khng tiam tshiu a kha,fearful,to tsit tann tua pui khng tiam tshiu a kha,0
597,./data/wav_gen/wav/000597_indextts_fearful.wav,siunn kong tua pui bo lang e thau tsiah tioh lah,fearful,siunn kong tua pui boo lang e thau tsiah tioh lah,1
598,./data/wav_gen/wav/000598_indextts_surprised.wav,ka ki kin khi tshau poo a lai tshue soo tsai siau thau,surprised,ka ki kin khi tshau poo a lai，tshue soo tsai siau thau,1
599,./data/wav_gen/wav/000599_indextts_fearful.wav,hiah tu ho,fearful,hia tu ho,1
600,./data/wav_gen/wav/000600_indextts_fearful.wav,tsit e tua tshiu kha,fearful,tsit e tua tshiu kha,0
601,./data/wav_gen/wav/000601_indextts_surprised.wav,to si hit e be ke e tiann tiann hioh tau e soo tsai,surprised,too si hit e be ke e，tiann tiann khioo tauh e soo tsai,5
602,./data/wav_gen/wav/000602_indextts_happy.wav,si kan ia tu ho tiong tau si,happy,si kan ia tu hoo tiong tau si,1
603,./data/wav_gen/wav/000603_indextts_sad.wav,he tua pui e sik tsui kah ke si sio ua sio ua,sad,he tua pui e sik tsui，kah ke si sio ua sio ua,1
604,./data/wav_gen/wav/000604_indextts_disgusted.wav,long si oo oo koh tua sio khua ang huann ang huann,disgusted,long si oo oo koh tua sio khua ang huann ang huann,0
605,./data/wav_gen/wav/000605_indextts_surprised.wav,soo ing soo tsiah e mih kiann,surprised,soo in soo tsiah e bin kiann,3
606,./data/wav_gen/wav/000606_indextts_neutral.wav,khi bi ma si tshau tsho a tshau tsho,neutral, khi bi ma si tshau tshoo a tshau tsho,2
607,./data/wav_gen/wav/000607_indextts_angry.wav,na bo tsim tsiok khuann un un a phinn,angry,na bo tsim tsiok khuah，un un un a phi,5
608,./data/wav_gen/wav/000608_indextts_happy.wav,si hun bo siann e tshut lai,happy,si hun boo sia e tshut lai,3
609,./data/wav_gen/wav/000609_indextts_disgusted.wav,hiah tu ho,disgusted,hiah tu ho,0
610,./data/wav_gen/wav/000610_indextts_neutral.wav,ke e sing li tik piat ka iah,neutral,ke e sing li te pe kai a,8
611,./data/wav_gen/wav/000611_indextts_neutral.wav,be ke e bo lai be,neutral,me ke e boo lai be,2
612,./data/wav_gen/wav/000612_indextts_surprised.wav,tak ke suah kio si lang kue be bo tioh,surprised,tak ke suah kioo si lang kue be boo tioh,2
613,./data/wav_gen/wav/000613_indextts_angry.wav,tse tse lang to lai tua tshiu kha beh ka kau kuan,angry,tse tse lang to lai tua tshiu kha，beh ka kau kuan,1
614,./data/wav_gen/wav/000614_indextts_disgusted.wav,lai beh be ke e si si suann suann,disgusted,lai be be ke e si si suah suah,5
615,./data/wav_gen/wav/000615_indextts_neutral.wav,tsit e tsit e lai,neutral,tsit te tsit te lai,2
616,./data/wav_gen/wav/000616_indextts_sad.wav,tua poo hun long si ka ki sing san e,sad,tua poo hun long si ka ki sing san e,0
617,./data/wav_gen/wav/000617_indextts_disgusted.wav,hia e lang kau ui tsit khuann,disgusted,hia e lang kau ui tsit khuann,0
618,./data/wav_gen/wav/000618_indextts_neutral.wav,bo khuainnh be ke e,neutral,bo khuann e be ke e,3
619,./data/wav_gen/wav/000619_indextts_sad.wav,kan na tsit tann ke khng ti tshiu a kha,sad,kan na tsit tah ke khng ti tshiu a kha,2
620,./data/wav_gen/wav/000620_indextts_disgusted.wav,sui e to kah i ong kang khuan,disgusted,sui e tioh kah i ong kang khuan,2
621,./data/wav_gen/wav/000621_indextts_neutral.wav,iong tsing thau a ka tsam tsit sut a lai tshui nih tam khuann mai,neutral,iong tsing thau a ka tsam tsit su la lai tshui ni，tan khuann mai,5
622,./data/wav_gen/wav/000622_indextts_fearful.wav,tam suah na io thau na li khui,fearful,tan tsuan a iu thau na li khui,5
623,./data/wav_gen/wav/000623_indextts_angry.wav,tsit e si tsun,angry,tsit e si tsun,0
624,./data/wav_gen/wav/000624_indextts_neutral.wav,hit e siu tua pui e tsoh sit lang,neutral,hit e siu tua pui e tsoo sit lang,1
625,./data/wav_gen/wav/000625_indextts_sad.wav,pang ho na lang khoo na kiann tshut lai,sad,pang ho na lang khoo na kia tshut lai,2
626,./data/wav_gen/wav/000626_indextts_happy.wav,khuann tioh hia e lang,happy,khuah tioh hiah e lang,3
627,./data/wav_gen/wav/000627_indextts_fearful.wav,han tit khi ke a iah si tshi a be tang be sai,fearful,han ti khi ke a，ia si tshi a be tang be sai,3
628,./data/wav_gen/wav/000628_indextts_surprised.wav,tsit e tsit e teh tsam i hit tann tua pui,surprised,tsit le tsit le，te tsam i hit tah tua pui,6
629,./data/wav_gen/wav/000629_indextts_surprised.wav,i kam kak honn ki koh ho tshio,surprised,i kam kak hoo ki koh hoo tshio,3
630,./data/wav_gen/wav/000630_indextts_surprised.wav,bo phah tshenn kiann in,surprised,bo phah tshe kia in,4
631,./data/wav_gen/wav/000631_indextts_happy.wav,tiam tiam a bih ti tshau poo a lai khuann,happy,tiam tiam a bi，tshie thau poo a lai khuann,6
632,./data/wav_gen/wav/000632_indextts_neutral.wav,lian siok kui na tsap e long lai tsuinn tua pui,neutral,lian siok，kui na tsa be long lai tsuinn tua pui,3
633,./data/wav_gen/wav/000633_indextts_neutral.wav,i na khuann na ho tshio,neutral,i na khuann na ho tshio,0
634,./data/wav_gen/wav/000634_indextts_fearful.wav,koh m kann tshio tshut siann,fearful,koh m kah tshio tshut siann,2
635,./data/wav_gen/wav/000635_indextts_angry.wav,tsit e sit tsu i,angry,tsit e sik tsu ui,2
636,./data/wav_gen/wav/000636_indextts_fearful.wav,tshio siunn tua lat,fearful,tshio siunn tua lah,1
637,./data/wav_gen/wav/000637_indextts_fearful.wav,suah khi tsak tioh khui,fearful,suat khi tsa tioh khui,2
638,./data/wav_gen/wav/000638_indextts_disgusted.wav,u e to si lang tann lai be e,disgusted,u e tio si lang tann lai bue e,2
639,./data/wav_gen/wav/000639_indextts_sad.wav,tsit khau khui tshuan be khi lai,sad,tsit khau khui tshuan be khi lai,0
640,./data/wav_gen/wav/000640_indextts_neutral.wav,tsu an ne sit kiu kue ong khi,neutral,tsu an ne sit kiu kue ong khi,0
641,./data/wav_gen/wav/000641_indextts_fearful.wav,m tsiah e liu thuan tsit ku tshio si hong guan hit e tann sai e,fearful,m tsia e liu thuan tsit ku，tshio si hong uan hit e ta sai e,5
642,./data/wav_gen/wav/000642_indextts_neutral.wav,tsa tsing long giap si tai,neutral,tsa tsing long iah si tai,2
643,./data/wav_gen/wav/000643_indextts_disgusted.wav,sua loh lai khuann sin tik tshi bin a tsai it ho e thinn khi,disgusted,sua loh lai khuann sin tioh tshi mi a tsai it ho e tinn khi,5
644,./data/wav_gen/wav/000644_indextts_surprised.wav,un too ji tsap sann tsi ji tsap tshit too loh hoo ki lut pah hun tsi ji tsap,surprised,un too ji tsap sann tsih ji tsap tshit too，loh hoo ki lu pah hun tsi ji tsap,3
645,./data/wav_gen/wav/000645_indextts_happy.wav,lai pin goo pah goo tsap kau ho tshiann lai tsap sann ho kui tai pan li,happy,lai pin，goo pah goo tsap kau ho tshiann lai tsap sann ho kui tai pan li,1
646,./data/wav_gen/wav/000646_indextts_disgusted.wav,long tsong peh pah khong ji khoo tsau li kau tsap peh khoo,disgusted,long tsong peh pah khong ji khoo tsau li kau tsap peh khoo,0
647,./data/wav_gen/wav/000647_indextts_surprised.wav,kin a jit si sann gueh tsap sann pai lak,surprised,kin a li tshi tsa ue tsap tsa，pai lak,13
648,./data/wav_gen/wav/000648_indextts_surprised.wav,gua e hoo tsiau ho be si sam liok ji ji su it khong it su,surprised,gua e hoo tsiau ho be si，tsam liok ji ti su i khong it su,4
649,./data/wav_gen/wav/000649_indextts_fearful.wav,gun tau e tian ue ho be si khong liok sam kiu ji sam ngoo it sam,fearful,un tau e tian ue ho be si，khong liok san kiu ji sam ngoo it sam,3
650,./data/wav_gen/wav/000650_indextts_surprised.wav,i ti it kiu su it ni tshut si,surprised,i ti it kiu sok it ni tshut si,2
651,./data/wav_gen/wav/000651_indextts_fearful.wav,tshiann pang gua tsuan hun ki it liok kiu ngoo,fearful,tshia pang ua tsuan hun ki it tioh kiu ngoo,5
652,./data/wav_gen/wav/000652_indextts_neutral.wav,bun peh a li khuann hia u sann ki hiunn,neutral,bun peh ah，li khuann hia u sann ki hiunn,2
653,./data/wav_gen/wav/000653_indextts_neutral.wav,bo m tioh koh khah khi si tua tun suann,neutral,mo m tioh koh kha khi si tua tun tsuann,3
654,./data/wav_gen/wav/000654_indextts_happy.wav,ke lang sik tsi tshau suann u kau phann e pi khuann te too khah tsim tsiok,happy,ke lang tsit tsit tsi tshau suann u kau pha e，pi khuann te too khah tsin tsiok,11
655,./data/wav_gen/wav/000655_indextts_angry.wav,tse si pak ping nia li uat thau khuann lam khi,angry,tse si pa ping nia，li uat thau khuah lam khi,4
656,./data/wav_gen/wav/000656_indextts_surprised.wav,kong king sit tsai tsan ang ang he si siannh,surprised,kong kin si tsai tsan，ang ang he si siann,4
657,./data/wav_gen/wav/000657_indextts_disgusted.wav,gua khuann mai leh he ping khe lah,disgusted,gua khuann mai leh，he pin khe lah,2
658,./data/wav_gen/wav/000658_indextts_surprised.wav,gua tsai ah hit thau uat lai uat khi na tsit bue peh tsua e si sik tsi thang ping khe e sik ping kong loo,surprised,gua tsai a，hit thau uat lai uat khi na tsit bue peh tsua e，si sit tsi thang pin kheh e sit pin kong loo,8
659,./data/wav_gen/wav/000659_indextts_fearful.wav,kok tiong khah kue lai e tio si tsioh sun tsiam,fearful,kok tiong khah kue lai e，tio si tsioh sun tsiam,1
660,./data/wav_gen/wav/000660_indextts_surprised.wav,bo siann sing tik sun neh,surprised,bo sia sing tiah sun neh,4
661,./data/wav_gen/wav/000661_indextts_sad.wav,ui ping khe hit ping khuann kue lai tio tsin sing,sad,ui ping khe hit ping khuann kue lai tioh tsin sing,1
662,./data/wav_gen/wav/000662_indextts_happy.wav,tan thinn khi khah liang e si lan e sai lai khi hia tshit tho,happy,tan thinn khi kha liang e si，lan e sai lai khi hia tshit tho,2
663,./data/wav_gen/wav/000663_indextts_sad.wav,li u kau gua hang siann mih sann ki hiunn he si hiap ho huat tian tshiunn,sad,li u kau gua hang，siann mih sann ki hiunn，he si hiah ho huat tian tshiunn,3
664,./data/wav_gen/wav/000664_indextts_angry.wav,lang leh kong tshio e lah bian hiah ting tsin,angry,lang leh kong tshio e lah，bian hiah ting tsin,1
665,./data/wav_gen/wav/000665_indextts_angry.wav,bun peh a tsiann tshiu ping hit liap,angry,mong peh a，tsiah tshiu ping hit liap,6
666,./data/wav_gen/wav/000666_indextts_neutral.wav,hit liap kio tso ke lang khit koh khah kue lai e hit liap tio si ke lang suann,neutral,hi liap kio tsoo ke lang khit，koh khah kue lai e hi liap tioh si ke lang suann,5
667,./data/wav_gen/wav/000667_indextts_disgusted.wav,tio si ti kau hun a hu kin mah kin ni sann gueh gun u khi hia tshit tho,disgusted,tioh sit ti kau hun a hu kin mah，kin ni sann ue gun u khi hi a tshit tho,6
668,./data/wav_gen/wav/000668_indextts_neutral.wav,tsit khuan thinn peh ke lang suann pau nia li phak kah pinn poo,neutral,tsi khuan thinn peh ke lang suann pau nia li pha kah pi boo,5
669,./data/wav_gen/wav/000669_indextts_sad.wav,kui liap suann bo kui tsang tshiu a thang jia jit thau,sad,kui liap suann bo kui tsang tshiu a thang iah lip thau,4
670,./data/wav_gen/wav/000670_indextts_happy.wav,to ping hng hng siong kuan hit liap suann si m si tshit tshenn suann,happy,toh pin hng hng siong kuan hit liah suann si m si tshit tshenn suann,3
671,./data/wav_gen/wav/000671_indextts_disgusted.wav,iong siang kha ai tai uan,disgusted,iong siang kha ai tai uan,0
672,./data/wav_gen/wav/000672_indextts_angry.wav,koh ui tai uan bue kiann kau tai uan thau,angry,ko ui tai uan bueh，kiann kau tai uan thau,3
673,./data/wav_gen/wav/000673_indextts_disgusted.wav,tsit poo tsit kha in,disgusted,tsit poo tsit kha i,1
674,./data/wav_gen/wav/000674_indextts_angry.wav,iong siong khiam pi e thai too,angry,iong siong khiam pi e thai too,0
675,./data/wav_gen/wav/000675_indextts_surprised.wav,khi tshin kun tsit te tshiann iong ka ti e thoo te,surprised,khi tshin kun tsit te，tshia iong ka ti e thoo te,3
676,./data/wav_gen/wav/000676_indextts_surprised.wav,khuann tioh lik sik e suann meh uan lai uat khi e ho liu sik sai e tshan hng,surprised,khuann tioh lak sik e suann me，uan lai uat khi e hoo liu sik tsai e than hng,6
677,./data/wav_gen/wav/000677_indextts_neutral.wav,sun phok e hiong tin be lang e hai huann hiong tshin tshin tshiat e tshio iong,neutral,sun phok e hiong tin be lang e hai hua，hiong tshin tshat e tshioo liong,12
678,./data/wav_gen/wav/000678_indextts_angry.wav,sim kuann thau tiann tioh u buan buan e kam tshiok kah kam tong,angry,sing kuann thau tiann tioh u puan puan e kam tshioo kah kam tong,5
679,./data/wav_gen/wav/000679_indextts_neutral.wav,terry si tsit e tsin u li siong kah tsu kian e tshing tshun siau lian hiann,neutral,the ui si tsit e tsin u li siong kah tsu kian ne tshin tshun siau lian hia,8
680,./data/wav_gen/wav/000680_indextts_happy.wav,i kam guan tsiam si hong ha kho ki kong si lang lang him sian e khang khue,happy,i kang uan tsiam tshi hong ha khoo ki kong si lang lang hin sian e khang khue,7
681,./data/wav_gen/wav/000681_indextts_happy.wav,hoo ka ki tsit e a khong kan,happy,hoo ka ki tsi le a khong kan,2
682,./data/wav_gen/wav/000682_indextts_happy.wav,tsok tsia iunn tsin ju,happy,sok tsiah，iunn tsin lu,4
683,./data/wav_gen/wav/000683_indextts_fearful.wav,khi tiong sin jin pat tai uan,fearful,khi tiong sin gin pat tai uan,1
684,./data/wav_gen/wav/000684_indextts_angry.wav,ping tshiann su kho jin sing e tsin gi,angry,ping tshia su khau tsin sing e tsin gi,6
685,./data/wav_gen/wav/000685_indextts_surprised.wav,i beh tsit poo a tsit poo a,surprised,i be tsit poo a tsit poo a,1
686,./data/wav_gen/wav/000686_indextts_disgusted.wav,iong ka ti e siang kha kiann tai uan tsit lian,disgusted,iong ka ti e siang kha kiann tai uan tsit lian,0
687,./data/wav_gen/wav/000687_indextts_sad.wav,in tsing ka ti e siunn huat,sad,in tsin ka ti e siunn huah,2
688,./data/wav_gen/wav/000688_indextts_disgusted.wav,ma tshue tshut sinn mia tsing khak e hong hiong kah ting ui,disgusted,ma tshue tshu si mia tsing khak e hong hiong kah ting ui,3
689,./data/wav_gen/wav/000689_indextts_fearful.wav,i tsit e sim guan tio tsiong kin beh uan sing ah,fearful,i tsit e sin guan tioh tsiong kin beh uan sing ah,2
690,./data/wav_gen/wav/000690_indextts_neutral.wav,ku ni tsap it gueh ji ji i ui tai tiong tshut huat,neutral,ku ni tsa i gueh li li i ui tai tiong tshut huat,4
691,./data/wav_gen/wav/000691_indextts_sad.wav,i sun si tsing e hong sik sing tsiunn pak,sad,i sun si tsin e hong sik sing tsiu pah,4
692,./data/wav_gen/wav/000692_indextts_surprised.wav,kiann kau ke lang liau au tsiah loh lam,surprised,kia kau ke lang liau au，tsiah loo lam,4
693,./data/wav_gen/wav/000693_indextts_angry.wav,tai uan u gua sui,angry,tai uan u gua sui,0
694,./data/wav_gen/wav/000694_indextts_disgusted.wav,king kue hua lian tai tang,disgusted,king kue hua lian tai tang,0
695,./data/wav_gen/wav/000695_indextts_angry.wav,jim nai tioh kha kut e sng thiann kah tsit loo e koo tuann,angry,jit nai tioh kha kut le e sng thiah，kah tsit loo e koo tua,9
696,./data/wav_gen/wav/000696_indextts_surprised.wav,tsit loo it tit kiann kau tai uan siong lam ping e go luan phinn,surprised,tsit looh it ti kiann kau tai uan，siong lam ping e koo luan phinn,5
697,./data/wav_gen/wav/000697_indextts_happy.wav,tsiah koh tsiunn pak,happy,tsiah koo tsiu pak,3
698,./data/wav_gen/wav/000698_indextts_surprised.wav,hian tshu si i i king kiann kau tai lam tshi kiam tsui khu e guat tin kang ah,surprised,hian tshut si，i it kin kia kau tai lam tshi kiam tsui khu e ua tin kang a,9
699,./data/wav_gen/wav/000699_indextts_angry.wav,tng ti tai uan si loo hu kin leh tsiah tau gim si phue ka pi ah,angry,tng ti tai uan si loo，hu gin leh tsiah tauh，in si pue ka pi ah,6
700,./data/wav_gen/wav/000700_indextts_disgusted.wav,siong kai lan tit e si,disgusted,siong kai lan tik e si,1
701,./data/wav_gen/wav/000701_indextts_neutral.wav,terry u tsit tui khai bing e pe bu,neutral,the lui u tsit tui khai bing e pe bu,5
702,./data/wav_gen/wav/000702_indextts_fearful.wav,tui i tsit khuan long ban kah u tam poh a bo hu hap sit tse e siunn huat ping bo huan tui,fearful,tui i tsit khuan long ban kau tan poo a bo huk hap sit tse e siunn huat pin bo huan tui,6
703,./data/wav_gen/wav/000703_indextts_disgusted.wav,tian to tsuan lik tsi tshi,disgusted,tian too tsuan li tsi tshi,2
704,./data/wav_gen/wav/000704_indextts_fearful.wav,li kam tsai iann,fearful,li kam tsai a,3
705,./data/wav_gen/wav/000705_indextts_happy.wav,ping tshiann ti i khuan to poo lian i king tsiong kin beh uan sing e bue tsam a,happy,pin tshia ti i khuan to poo lian，i kin tsiong kin beh uan sin e bue tsam a,6
706,./data/wav_gen/wav/000706_indextts_neutral.wav,tik piat puah si kan pue i kiann tsit tuann,neutral,te peh puah si kan pue i kiann tsit tuann,5
707,./data/wav_gen/wav/000707_indextts_surprised.wav,hoo i tsing sin siong siong tua e koo bu,surprised,hoo i tsin sin siong siong tua e koo bu,1
708,./data/wav_gen/wav/000708_indextts_sad.wav,u bang siong sui,sad,u bang siong sui,0
709,./data/wav_gen/wav/000709_indextts_surprised.wav,u li siong tioh ai iong kam khi tui kiu,surprised,u li siong tioh ai iong kam khi tui kiu,0
710,./data/wav_gen/wav/000710_indextts_happy.wav,lan lang sing uah ti tsit e se kan,happy,lan lang sin uah ti tsit e se kan,1
711,./data/wav_gen/wav/000711_indextts_disgusted.wav,tu liau it tsai tiong hok e jit siong tsiah tshing i gua,disgusted,tu liau i tsai tiong hok e tsit siong tsiak tshing i gua,4
712,./data/wav_gen/wav/000712_indextts_angry.wav,iah u tsan tshu koh khah kuan e li siong,angry,ia u tsan tshu koh khah kuan e li siong,1
713,./data/wav_gen/wav/000713_indextts_angry.wav,su iau khi tui kiu khi sit hian,angry,su iau khi tui kiu，khi si hian,2
714,./data/wav_gen/wav/000714_indextts_happy.wav,ti lan ling lik iau tso e kau e si tsun,happy,ti lan lin li iau tsoo e kau e si tsun,3
715,./data/wav_gen/wav/000715_indextts_sad.wav,tai uan lang kau kau kau e jin tsing bi,sad,tai uan lang kauh kauh e tsin tsin bi,8
716,./data/wav_gen/wav/000716_indextts_surprised.wav,na si kiann khun lan,surprised,na si kiann khun nan,1
717,./data/wav_gen/wav/000717_indextts_happy.wav,tshin tshai tio hong khi tui kiu bang siong e ki hue,happy,tshin tshah tioh hong khi tui tiunn bang siong e ki hue,5
718,./data/wav_gen/wav/000718_indextts_sad.wav,tan kau au pai tsiah lai huan hue,sad,tan kau au pai tsia lai huan hue,1
719,./data/wav_gen/wav/000719_indextts_happy.wav,he tio siunn ban ah,happy,he tioh siunn ban o,3
720,./data/wav_gen/wav/000720_indextts_surprised.wav,khuan to poo lian si tsit kiann sin khoo e tai tsi,surprised,khuan tiau poo lian si tsit kiann sin khoo e tai tsi,3
721,./data/wav_gen/wav/000721_indextts_disgusted.wav,tu liau ai u tsiu tsuan e ke ue the lat ai ho i gua,disgusted,tu liau ah u tsiu tsuan e ke ue，the tat ai hoo i gua,4
722,./data/wav_gen/wav/000722_indextts_sad.wav,siong tiong iau e si ai u kian kiong e i tsi lik,sad,siong tiong iau e e si，ai u kian kiong e gi tsi lik,4
723,./data/wav_gen/wav/000723_indextts_fearful.wav,tsiah thang khik hok ian loo tu tioh e kok tsiong siunn bue kau e lan te,fearful,tsia thang khi hok ian loo tu tioh e，kok tsiong siunn mue kau e lan te,4
724,./data/wav_gen/wav/000724_indextts_disgusted.wav,kiong hi terry khuan to poo lian,disgusted,kiong hi Terry，huan to poo lian,3
725,./data/wav_gen/wav/000725_indextts_sad.wav,iong siang kha ai tai uan e bang siong leh beh uan sing ah,sad,iong siang kha ai tai uan e bang siong，le be uan sing a,4
726,./data/wav_gen/wav/000726_indextts_happy.wav,li kam bat kam siu tioh,happy,li kam pak kam siu tioh,2
727,./data/wav_gen/wav/000727_indextts_neutral.wav,kian tshi loh khi,neutral,kian tshi lok khi,1
728,./data/wav_gen/wav/000728_indextts_sad.wav,siong sin it ting e sing kong,sad,siong sin it ting e sing kong,0
729,./data/wav_gen/wav/000729_indextts_angry.wav,lim ping tik sian sinn kah i e pe bu kang khuan,angry,lin ping tik sian sinn，kah i e pe bu kang khuan,2
730,./data/wav_gen/wav/000730_indextts_disgusted.wav,long si jin tsin phah piann kha tah sit te,disgusted,long si jin tsinn phah piann，kha ta si te,4
731,./data/wav_gen/wav/000731_indextts_disgusted.wav,iong sit tse e hing tong thiann tai uan e lang,disgusted,iong si tse e hin tong thiann tai uan e lang,2
732,./data/wav_gen/wav/000732_indextts_neutral.wav,iong tshim tsing e bak tsiu,neutral,iong tshin tsing e bak tsiu,1
733,./data/wav_gen/wav/000733_indextts_angry.wav,khuann tai uan tsit liap bi le e to su,angry,huah tai uan tsit liap bi le e too su,4
734,./data/wav_gen/wav/000734_indextts_happy.wav,iong nng ki kha ui tai uan thau kiann kau tai uan bue,happy,iong nng ki kha，ui tai uan thau kiann kau tai uan bue,1
735,./data/wav_gen/wav/000735_indextts_sad.wav,tai uan e kiau ngoo,sad,tai uan e kiau ngoo,0
736,./data/wav_gen/wav/000736_indextts_fearful.wav,se kai kip e to ian li an kap gui tik sing,fearful,se kai ki be too ian ti ian kah kui tit sin,9
737,./data/wav_gen/wav/000737_indextts_disgusted.wav,kian tshi thau bue e o un suan tshiu soo le bun,disgusted,kian tsi thau bue e oo un tsuan tshiu soo leh bun,4
738,./data/wav_gen/wav/000738_indextts_angry.wav,suann kiu ko tshiu tsan nga ni ting ting,angry,sua kiu ko tshiu tsa na ni ting ting,4
739,./data/wav_gen/wav/000739_indextts_happy.wav,in tsiah si lan sio sio e tai uan tshiann iong tshut lai,happy,in tsiah si lan sio sio e tai uan tshia iong tshut lai,2
740,./data/wav_gen/wav/000740_indextts_neutral.wav,ti se kai bu tai ting huat kng huat jiat,neutral,ti se kai bu tai tin huat kng huat tsiat,3
741,./data/wav_gen/wav/000741_indextts_surprised.wav,si tat tit lan kam kak kiau ngoo e jin but,surprised,si tak tit lan kam kak kiong ngoo e lin but,5
742,./data/wav_gen/wav/000742_indextts_sad.wav,na kong tioh tai uan e kiau ngoo,sad,na kong tioh tai uan e kiau ngoo,0
743,./data/wav_gen/wav/000743_indextts_sad.wav,li te li e siunn tioh e,sad,li te li e siunn tioh e,0
744,./data/wav_gen/wav/000744_indextts_happy.wav,it ting si tai uan phong phai e but tsu,happy,it ting si tai uan phong phuae e bu tsu,3
745,./data/wav_gen/wav/000745_indextts_fearful.wav,in ui tai uan lang thau nau khiau gau pian khiau,fearful,in ui tai uan lang thau nau khiau，gau pian khiau,1
746,./data/wav_gen/wav/000746_indextts_surprised.wav,tsok tsia lim siu hua,surprised,sok tsia，jim siu hua,3
747,./data/wav_gen/wav/000747_indextts_disgusted.wav,bo lun kue tsi lan hue iah tsui san,disgusted,bo lun kue tsi，ling hue ia tsui san,4
748,./data/wav_gen/wav/000748_indextts_surprised.wav,tsi iau king kue tai uan lang e kai liong,surprised,tsi iau kin kue tai uan lang e kai liong,1
749,./data/wav_gen/wav/000749_indextts_surprised.wav,long e gian huat tshut it too tsan e phin tsing,surprised,long e ging khuah tshut，it too tsan e phin tsing,5
750,./data/wav_gen/wav/000750_indextts_surprised.wav,hoo tsuan se kai o lo lan e kue tsi tua koh tinn,surprised,hoo tsuan se kai o loo lan e kui tsi tua kok tinn,3
751,./data/wav_gen/wav/000751_indextts_sad.wav,lan hue phang koh sui,sad,lang hue phang koh sui,1
752,./data/wav_gen/wav/000752_indextts_neutral.wav,tsui san tshinn koh ho tsiah,neutral,tsui san tshinn koo hoo tsiah,2
753,./data/wav_gen/wav/000753_indextts_angry.wav,ma in ui an ne,angry,ma in ui an ne,0
754,./data/wav_gen/wav/000754_indextts_angry.wav,soo i e tang gua siau than gua hue,angry,soi e tang gua siau than gua hue,2
755,./data/wav_gen/wav/000755_indextts_happy.wav,iah koh u i tsa long giap sia hue e tai uan u su po te bi thng kah tsiunn lo,happy,ia koo u，i tsa long giap sia hue tai uan u suh poo te pi thng kah tsiunn lo,8
756,./data/wav_gen/wav/000756_indextts_sad.wav,tsit ma kang giap sia hue e tai uan si tian nau ic led kah tsin tse ko kho ki e san phin,sad,tsin bah kang giap sia hue e tai uan si tian nau，IC LAD kah tsin tse ko kho ki e san phin,9
757,./data/wav_gen/wav/000757_indextts_angry.wav,na mng li tai uan e kiau ngoo si siann mih,angry,na mng li tai uan e kiau ngoo si siann mih,0
758,./data/wav_gen/wav/000758_indextts_angry.wav,hing siau tsuan kiu e bi le to,angry,hian tshiau tsuan kiu e bi le to,4
759,./data/wav_gen/wav/000759_indextts_disgusted.wav,tse si lan tai uan lang e hiau pa ak si ki un iong ti hui,disgusted,tse si lan tai uan lang e hiah pa ah si ki un iunn ti hui,4
760,./data/wav_gen/wav/000760_indextts_disgusted.wav,jin tsin phah piann tshong tso tshut lai e king tse ki tsik,disgusted,jin tsin phah piann tshong tsoo tshut lai e king tse ki tsit,2
761,./data/wav_gen/wav/000761_indextts_angry.wav,ma si lan siong kiau ngoo e sing tsiu,angry,ma si lan siong kiau ngoo e sim tsiu,2
762,./data/wav_gen/wav/000762_indextts_neutral.wav,lang kong tai uan liam tsin tsing kah tak ke lai puah kam tsing,neutral,lang kong tai uan liam tsin tsing kah tak ke lai puah kam tsing,0
763,./data/wav_gen/wav/000763_indextts_angry.wav,tai uan sio lo e jin tsing bi,angry,tai uai sio loo e jin tsing bi,2
764,./data/wav_gen/wav/000764_indextts_sad.wav,hoo tsin tse bat lai tai uan tshit tho,sad,hoo tsin tse bat lai tai uan tshit tho,0
765,./data/wav_gen/wav/000765_indextts_neutral.wav,iah si tua kue e gua kok lang long o lo kah e tak tsih,neutral,ia si tua kue e ua koo lang long o lo kah e tak tsi,4
766,./data/wav_gen/wav/000766_indextts_angry.wav,bat u tsit ui ui jit pun lai e tsin tshut mia e bing tshinn kong,angry,ma u tsit ui ui jit pun lai e tsin tshu mia e bing tshin kong,4
767,./data/wav_gen/wav/000767_indextts_disgusted.wav,in ui tai uan lang e tshin tshiat,disgusted,in ui tai uan lang e tshin tshiat,0
768,./data/wav_gen/wav/000768_indextts_surprised.wav,li thau tsit e siunn tioh e it ting si tsit tsam a tshing kah liah be tiau e bi kok tsit giap na kiu tui e suan tshiu lim su ho,surprised,li thau tsit e siunn tioh e，it ting si tsit tsam a tshing kah liah be tiau e bi koh tsit kiap，na kiu tui e suan tshiu lim su ho,4
769,./data/wav_gen/wav/000769_indextts_neutral.wav,hoo gua tshim tshim be luan tai uan,neutral,hoo a tshin tshin be luan tai uan,4
770,./data/wav_gen/wav/000770_indextts_fearful.wav,soo i to sng lai tsia tshit tho tsap kui pai,fearful,soo i to sng lai tsia tshit tho tsap kui pai,0
771,./data/wav_gen/wav/000771_indextts_sad.wav,ma be ia sian,sad,ma be iah sian,1
772,./data/wav_gen/wav/000772_indextts_disgusted.wav,in ui ti tai uan,disgusted,in ui ti tai uan,0
773,./data/wav_gen/wav/000773_indextts_happy.wav,tak ke long ka gua tong tso si ka ti lang,happy,tak ke long ka tong tsoo si ka ti lang,5
774,./data/wav_gen/wav/000774_indextts_angry.wav,guan lau su ma bat tu tioh tsit e ti tai uan tsiah thau loo e gua kok lang,angry,guan lau soo ma bat tu tioh tsit e ti tai uan tsiah thau loo e gua kau lang,4
775,./data/wav_gen/wav/000775_indextts_disgusted.wav,in ui beh hoo lang tiau khi tiong kok,disgusted,in ui beh hoo lang tiau khi tiong kok,0
776,./data/wav_gen/wav/000776_indextts_disgusted.wav,kam kak tsin ut tsut,disgusted,kang kak tsin ut tsut,2
777,./data/wav_gen/wav/000777_indextts_fearful.wav,i kong tai uan tsit si ke long tshiong buan sio lo e jin tsing bi,fearful,i kong tai uan tsit si ke long tshiong buan sio loo e lin tsin bi,3
778,./data/wav_gen/wav/000778_indextts_disgusted.wav,si tsit e e hoo lang siau liam e ho soo tsai,disgusted,si tsit e e hoo lang siau liam e hoo soo tsai,1
779,./data/wav_gen/wav/000779_indextts_neutral.wav,lim su ho sui lian hoo lan kam kak tsin kiau ngoo,neutral,lin su ho sui jian hoo lan kam kak tsin kiau ngoo,2
780,./data/wav_gen/wav/000780_indextts_disgusted.wav,tong lian hoo lang siong kiau ngoo e soo tsai si,disgusted,tong lian hoo lang siong kiau ngoo e soo tsai si,0
781,./data/wav_gen/wav/000781_indextts_sad.wav,tai uan si ti hua jin se kai te it e sit si bin tsu tse too e kok ka,sad,tai uan si ti hua lin se kai te it e sio si bin tsu tse too e kok ka,2
782,./data/wav_gen/wav/000782_indextts_neutral.wav,it kiu pat liok ni i au,neutral,i kiu pat liok ni i au,1
783,./data/wav_gen/wav/000783_indextts_disgusted.wav,tsing ti kai kik e sok too ju lai lu kin,disgusted,tsng ti kai kio e sok too ju lai lu kin,2
784,./data/wav_gen/wav/000784_indextts_fearful.wav,pau kuat it kiu pat tshit ni kai tu kai giam huat,fearful,pau kua it kiu pat tshit ni kai tu kai iam huat,2
785,./data/wav_gen/wav/000785_indextts_disgusted.wav,sit si tsu iu hua tsing tshik,disgusted,si si tsu iu huah tsing tshik,2
786,./data/wav_gen/wav/000786_indextts_angry.wav,kau it kiu kiu liok ni tsong thong tit suan,angry,kau it kiu kiu liu ni，tsong thong tit suat,4
787,./data/wav_gen/wav/000787_indextts_fearful.wav,sng si huah tshut bin tsu tsuan hing e tsit tua poo,fearful,sng si huah tshu bin tsu tsuan hing e tsit tua poo,1
788,./data/wav_gen/wav/000788_indextts_angry.wav,nng tshing ni tsong thong tai suan e kiat ko,angry,nng tshing ni tsong thong tai suan e kiat koo,1
789,./data/wav_gen/wav/000789_indextts_sad.wav,si tai uan te it painn e tsing tong lun the,sad,si tai uan te it peh e tsing tong lun the,4
790,./data/wav_gen/wav/000790_indextts_neutral.wav,m koh i ping m si lan tai uan pue iong tshut lai e,neutral,m koo i pim m si lan tai uan pue iong tshut lai,5
791,./data/wav_gen/wav/000791_indextts_neutral.wav,lan king lik ho ping tsuan i tsip tsing khuan e kue thing,neutral,lan king lik，hoo ping tsuan i tsit tsing khuan e kue ting,4
792,./data/wav_gen/wav/000792_indextts_neutral.wav,hoo tai uan e bin tsu hua siu tioh se hong bin tsu kok ka e khing ting,neutral,hoo tai uan e bin tsu hua，siu tioh se hong bin tsu kok ka e e khing ting,3
793,./data/wav_gen/wav/000793_indextts_sad.wav,lan u tsiah ni tse tat tit tshia iann e tsu san,sad,lam u tsiah ni tse tak ti tshia iann e tsu san,3
794,./data/wav_gen/wav/000794_indextts_fearful.wav,lan u ho tioh ai tsai sioh po,fearful,lang u ho tioh ai tsai siok poo,3
795,./data/wav_gen/wav/000795_indextts_happy.wav,m thang tshin tshai pang hinn sak,happy,m thang tshin tshai pang hi sak,2
796,./data/wav_gen/wav/000796_indextts_happy.wav,lan tioh ai bo hun tsok kun hue tse phah piann,happy,lan tioh ai boo hun tsok khun，hue tse phah piann,3
797,./data/wav_gen/wav/000797_indextts_neutral.wav,kiong tong tshong tso koh khah tse tai uan tsi kong,neutral,kiong tong tshong tsoo koh khah tse e tai uan tsi kong,3
798,./data/wav_gen/wav/000798_indextts_surprised.wav,kiong tong kian siat tsit e tsing siong e kok ka,surprised,kiong tong kian siau tsit e tsin siong e kok ka,2
799,./data/wav_gen/wav/000799_indextts_neutral.wav,hoo lan e tang tua siann tui tsuan se kai huah tshut,neutral,hoo lan e tang tua siann tui tsuan se kai hua tshut,1
800,./data/wav_gen/wav/000800_indextts_angry.wav,gua si tai uan lang,angry,gua si tai uan lang,0
801,./data/wav_gen/wav/000801_indextts_fearful.wav,i si ti bi kok tshut si,fearful,i si ti bi kok tshut si,0
802,./data/wav_gen/wav/000802_indextts_sad.wav,tse tsiah si tai uan siong tua e kiau ngoo,sad,tse tsiah si tai uan siong tua e kiau ngoo,0
803,./data/wav_gen/wav/000803_indextts_fearful.wav,li kong tioh bo,fearful,li kong tioh bo,0
804,./data/wav_gen/wav/000804_indextts_sad.wav,tsiap siu bi kok kau iok e bi kok lang,sad,tsiap siu bi kok kau giok e bi kok lang,1
805,./data/wav_gen/wav/000805_indextts_angry.wav,soo i gua lin ui tsin tsin tsiann tsiann e tai uan tsi kong si ia kiu tau tshiu ong kian bin,angry,hann,88
806,./data/wav_gen/wav/000806_indextts_fearful.wav,gua siong ai e lang,fearful,gua siong ai lang,2
807,./data/wav_gen/wav/000807_indextts_sad.wav,tsin han tit u khah tng e si kan tso hue,sad,tsin han tit u khah tng e si kan tso hue,0
808,./data/wav_gen/wav/000808_indextts_angry.wav,soo i tsu se han kau tann,angry,soo i tsu se han kau ta,2
809,./data/wav_gen/wav/000809_indextts_neutral.wav,long si a ma teh tsiau koo gua,neutral,long si a ma leh tsiau koo ah,4
810,./data/wav_gen/wav/000810_indextts_sad.wav,ka gua lak sai lak lio,sad,kau a lak sai lak lio,3
811,./data/wav_gen/wav/000811_indextts_sad.wav,kiann gua iau kiann gua kuann,sad,kiann gua iau，kiann gua kuann,1
812,./data/wav_gen/wav/000812_indextts_surprised.wav,ui gua ang ang luan luan tshua kau tann tsiah tua han,surprised,ui ua ang ang luan luan tshua kau ta tsiah tua han,3
813,./data/wav_gen/wav/000813_indextts_surprised.wav,soo i a ma si gua sim tiong siong tshin siong ai e lang,surprised,soo i，a ma si gua sim tiong siong tshin siong lai e lang,2
814,./data/wav_gen/wav/000814_indextts_fearful.wav,gua bat thiann a ma kong gua se han e si tsiann ai khau,fearful,gua bah thiann a ma kong gua se han e si tsiann ai khau,1
815,./data/wav_gen/wav/000815_indextts_happy.wav,khau long khau be tiam,happy,khau long khau be tiam,0
816,./data/wav_gen/wav/000816_indextts_neutral.wav,in ui tshu lai khuan king bo lua ho,neutral,in ui tshu lai khuan king boo lua ho,1
817,./data/wav_gen/wav/000817_indextts_surprised.wav,tsok tsia tiunn jit tong,surprised,tsok tsia tiunn ji tong,1
818,./data/wav_gen/wav/000818_indextts_disgusted.wav,hit si tsun a ma koh u leh tso tsu guan hue siu,disgusted,hi si tsun a ma koh u le tso tsu uan hue siu,3
819,./data/wav_gen/wav/000819_indextts_sad.wav,ke kiam khioh tsit kua sok ka kuan a phainn tang ku siah phoo a tsua lai be,sad,ke kiam khioh tsit kua sooh ka kuang a，phai tang ku sia，phoo a tsuah lai be,9
820,./data/wav_gen/wav/000820_indextts_surprised.wav,thang ke kiam poo thiap tshu lai e khai siau,surprised,thang ke kiam poo thiap tshu lai e khai siau,0
821,./data/wav_gen/wav/000821_indextts_disgusted.wav,u tsit pai a ma tshut khi khioh mih kiann e si,disgusted,u tsit pai，a ma tshut khi khiu mih kiann e si,3
822,./data/wav_gen/wav/000822_indextts_sad.wav,gua ti tshu lai it tit khau,sad,gua ti tshu lai it tit khau,0
823,./data/wav_gen/wav/000823_indextts_angry.wav,khau kah siunn tshut lat,angry,khau ka siu tshut lan,4
824,./data/wav_gen/wav/000824_indextts_surprised.wav,suah lai tui tiong,surprised,suah lai tui tioo,2
825,./data/wav_gen/wav/000825_indextts_fearful.wav,a ma tng lai e si khuann gua bin sik huan tshenn,fearful,a ma tng lai si，khuann gua bin sit khuan tshenn,5
826,./data/wav_gen/wav/000826_indextts_disgusted.wav,kuann kin tsiong gua sang khi penn inn,disgusted,kuann kin tsiong gua sang khi penn i,2
827,./data/wav_gen/wav/000827_indextts_sad.wav,i sing kong na koh ban tit puann tiam tsing,sad,i sing kong，na koh pan ti puann tiam tsing,3
828,./data/wav_gen/wav/000828_indextts_angry.wav,kok ui phing phuann lau su kok ui suan tshiu tak ke ho,angry,kok ui phiong phua lau su kok ui suan tshiu tak ke ho,3
829,./data/wav_gen/wav/000829_indextts_neutral.wav,tng a ngeh oo khi,neutral,tng a nge oo khi,1
830,./data/wav_gen/wav/000830_indextts_neutral.wav,tsit e gin a to bo kiu ah,neutral,tsit e gin a tioh boo kiu ah,3
831,./data/wav_gen/wav/000831_indextts_surprised.wav,a ma kong kau tsia bak sai lin lin go,surprised,a ma kong kau tsia，bah sai lin tin go,3
832,./data/wav_gen/wav/000832_indextts_neutral.wav,tshin tshiunn teh tsik kuai i bo ka tsiau koo ho se e khuan,neutral,tsin tshiunn teh tsit kuah e，i bo ka tsiah koo hoo se，h huan,10
833,./data/wav_gen/wav/000833_indextts_angry.wav,gua tio kuann kin an ui a ma kong,angry,gua tioh kuann kin an gui a ma kong,2
834,./data/wav_gen/wav/000834_indextts_fearful.wav,si gua siunn ai khau,fearful,tshi ua siunn ai khau,3
835,./data/wav_gen/wav/000835_indextts_sad.wav,gua e senn mia si a ma ka gua kiu tng lai e,sad,gua e se mia si a ma ka gua kiu tng lai,4
836,./data/wav_gen/wav/000836_indextts_happy.wav,a ma li si gua siong ai e lang,happy,a ma li si gua siong ai e lang,0
837,./data/wav_gen/wav/000837_indextts_sad.wav,a ma koh bat ka gua kong,sad,a ma koh bat kau a kong,3
838,./data/wav_gen/wav/000838_indextts_happy.wav,gua se han e si phue hu bo ho,happy,gua se han e si，phue hu bo ho,1
839,./data/wav_gen/wav/000839_indextts_angry.wav,kin a jit gua beh kong e te bok si gua siong ai e lang,angry,kin a lit gua beh kong e te bok si，gua siong ai e lang lang,7
840,./data/wav_gen/wav/000840_indextts_fearful.wav,tsin gau senn thau huat bue,fearful,tsin gau senn thau huat pue,1
841,./data/wav_gen/wav/000841_indextts_angry.wav,khah tsa tshu lai bang tsiann kau,angry,khah tsa tshu lai bang tsia kau,2
842,./data/wav_gen/wav/000842_indextts_fearful.wav,tiann tiann khi hoo bang a ting kah kui thau kui bin,fearful,tiann tiann khi hoo uang a ting kah kui khau kui bin,2
843,./data/wav_gen/wav/000843_indextts_neutral.wav,tsit phok tsit phok ang ki ki,neutral,tsit phok tsit phok ang ki gi,1
844,./data/wav_gen/wav/000844_indextts_angry.wav,in ui tsin tsiunn tio it tit khi ka jiau,angry,in ui tsinn tsiunn tioh it tit khi ka liau,3
845,./data/wav_gen/wav/000845_indextts_neutral.wav,jiau kah huat hong koh pu lang,neutral,iau kah huat hong koh pu lang,1
846,./data/wav_gen/wav/000846_indextts_angry.wav,kui liap thau long si liap a,angry,kui liap thau long si liap a,0
847,./data/wav_gen/wav/000847_indextts_neutral.wav,tshiunn tshau thau kang khuan,neutral,tshiunn tshau thau kang khuan,0
848,./data/wav_gen/wav/000848_indextts_fearful.wav,a ma khuann tioh tsiann m kam,fearful,a ma khuann tioh tsiah m kam,2
849,./data/wav_gen/wav/000849_indextts_fearful.wav,tio tsau khi tiong ioh tiam kap tsin tsu hun tng lai hoo gua tsiah koh hoo gua buah,fearful,tioh tsau khi tiong ioh tiang kah tsin tsu hun tng lai hoo gua tsiah，koh hoo gua puah,6
850,./data/wav_gen/wav/000850_indextts_disgusted.wav,tsu gua u ki ti kau tann,disgusted,tsu ua u ki ti kau ta,3
851,./data/wav_gen/wav/000851_indextts_fearful.wav,gua ti leh siunn tsin tsu hun it ting si kui som som,fearful,gua ti leh siunn，tsin tsu hun it tin si kui som som,2
852,./data/wav_gen/wav/000852_indextts_neutral.wav,a ma tioh ai khioh gua tse ki 寶特瓶 tsiah u thang be tsin tsu hun,neutral,a ma tioh ai khioo gua tse ki，tho phin to piang，tsiah u thang be tsin tsu hun,18
853,./data/wav_gen/wav/000853_indextts_angry.wav,siunn kau tsia,angry,siu kau tsia,2
854,./data/wav_gen/wav/000854_indextts_surprised.wav,gua kam siu tioh a ma si se kan siong ai gua e lang,surprised,gua kam siu tioh a ma si，se kan siong ai gua e lang,1
855,./data/wav_gen/wav/000855_indextts_sad.wav,gua tsit ma teh thak kok sio,sad,ua tsit ma teh thak kok sio,1
856,./data/wav_gen/wav/000856_indextts_happy.wav,tak kang ke be thi kau be pui e si,happy,tak kang ke be ti kauh be pui e si,2
857,./data/wav_gen/wav/000857_indextts_disgusted.wav,a ma tio e khi lai tsu tsa tng hoo gua tsiah,disgusted,a ma tioh e khi lai tsu tsa tng hoo gua tsia,2
858,./data/wav_gen/wav/000858_indextts_neutral.wav,a ma e kun mue tsian nng,neutral,a ma e kun muai，tsian nng,3
859,./data/wav_gen/wav/000859_indextts_sad.wav,koh tsha tsit hang tshenn tshai hoo gua phue,sad,koh tsha tsit hang tshe tshai hoo a phue,4
860,./data/wav_gen/wav/000860_indextts_happy.wav,a ma kong ka ti tsu e tsong pi gua khau be e khah ho,happy,a ma kong ka ti tsu e，tsong pi u a khau be khah ho,5
861,./data/wav_gen/wav/000861_indextts_happy.wav,gua m bat khuann kue guan ma mah,happy,gua m bat khuann kue gua ma mah,1
862,./data/wav_gen/wav/000862_indextts_fearful.wav,tsiah tioh ma khah an sim,fearful,tsia tioh ma khah an sim,1
863,./data/wav_gen/wav/000863_indextts_surprised.wav,tsit ma tian si koh it tit po hit lo 塑化劑,surprised,tsit ma tian si koh it tit poh hit looh，su huah tio,14
864,./data/wav_gen/wav/000864_indextts_happy.wav,na tsiah siunn tse tui sin the tsiann bai,happy,na tsiah siunn tse，tui sin the tsia bai,3
865,./data/wav_gen/wav/000865_indextts_angry.wav,li gin a lang tu beh tua,angry,li gin a lang tu beh tua,0
866,./data/wav_gen/wav/000866_indextts_fearful.wav,sin the ai koo hoo kiann,fearful,sin kheh ai koo hoo kiann,2
867,./data/wav_gen/wav/000867_indextts_disgusted.wav,au pai tsiah u thang kian lip tsit e khuai lok e ka ting,disgusted,au pai tsiau u thang kian lip tsit e khuai lok e ka ting,1
868,./data/wav_gen/wav/000868_indextts_surprised.wav,sui lian hian tshu si gua iau koh se han,surprised,sui lian hian tshu si，gua iau koo se hat,3
869,./data/wav_gen/wav/000869_indextts_angry.wav,m koh a ma tui gua e kuan sim kah thiann ai,angry,m koh a ma tui ua e，kuan sim kah thiann ai,2
870,./data/wav_gen/wav/000870_indextts_neutral.wav,gua e ing uan ki tiam sim lai,neutral,gua e ing uan ki tiam sin lai,1
871,./data/wav_gen/wav/000871_indextts_surprised.wav,tsit ma gua tioh ai ho ho iu hau a ma,surprised,tsit ma，gua tioh ai ho ho iu hau a ma,1
872,./data/wav_gen/wav/000872_indextts_disgusted.wav,pa pah ui tioh kui ke hue e sing uah,disgusted,pa pah ui tioh kui ke hue e sing ua,1
873,./data/wav_gen/wav/000873_indextts_happy.wav,tan gua tua han,happy,tang gua tua han,1
874,./data/wav_gen/wav/000874_indextts_fearful.wav,gua beh po tap a ma iong iok gua e un tsing,fearful,gua beh po tah a ma iong iok gua e un tsing,1
875,./data/wav_gen/wav/000875_indextts_angry.wav,koh tsiong tsit hun un tsing ka thuan loh khi,angry,ko tiong tsit hun un tsin ka thuan loh khi,3
876,./data/wav_gen/wav/000876_indextts_fearful.wav,tsue au gua beh kong,fearful,tsueh au gua beh kong,1
877,./data/wav_gen/wav/000877_indextts_surprised.wav,a ma li si gua ing uan ing uan siong ai e lang,surprised,a ma，li si gua ing uan ing uan siong ai e lang,1
878,./data/wav_gen/wav/000878_indextts_neutral.wav,gua e ian kang tio kong kau tsia,neutral,gua e ian kang tioh kong kau tsia,1
879,./data/wav_gen/wav/000879_indextts_happy.wav,kam sia kok ui,happy,kam sia koo i,2
880,./data/wav_gen/wav/000880_indextts_sad.wav,thau jit ti gua khau pun pho tsau tsong,sad,thau li ti ua khau pun pho tsau tsong,3
881,./data/wav_gen/wav/000881_indextts_sad.wav,u tang si kui na kang tsiah u thang tng lai tsit pai,sad,u tang si kui na kang，tsia u thang tng ai tsit pai,3
882,./data/wav_gen/wav/000882_indextts_disgusted.wav,tshio si hong guan hit e tann sai e,disgusted,tshioo si hong guan hit e ta sai e,3
883,./data/wav_gen/wav/000883_indextts_fearful.wav,tsing tsoh tsin tsio teh ing hua hak pui liau,fearful,tsin tsoo tsin tsio le ing huah ha pui liau,6
884,./data/wav_gen/wav/000884_indextts_angry.wav,long tsok but ai ing tioh e pui,angry,long tsok but ai ging tioh e pui,1
885,./data/wav_gen/wav/000885_indextts_surprised.wav,long ma ka ti tse tso sing san e,surprised,long ma ka ti tse tsoo sin san e,2
886,./data/wav_gen/wav/000886_indextts_neutral.wav,tshiunn kong ke sai pui ti sai pui kah lang ka ti pang tshut lai e tua pui,neutral,tshiunn kong ke sai bui ti sai bui ka，lang ka ti pang tshut lai e tua bui,5
887,./data/wav_gen/wav/000887_indextts_sad.wav,iah si iong tiu tshau pun so khi au tso pui,sad,iah si iong tiu tshau，pun so khi au tso pui,1
888,./data/wav_gen/wav/000888_indextts_disgusted.wav,koh tsit tsiong tio si tua ti ke a lai e lang,disgusted,kok tsit tsiong，tioh si tua ti ke a lai e lang,3
889,./data/wav_gen/wav/000889_indextts_disgusted.wav,ui hia e pang tshut lai e mih kiann ka ti bo loo ing,disgusted,ui hia e pang tshu lai min kiann ka ti bo loo ing,4
890,./data/wav_gen/wav/000890_indextts_disgusted.wav,to e u tsit kua tsoh sit lang lai in beh ai in e tua pui,disgusted,to e u tsit kua tso sit lang lai in，be ai in e tua bui,4
891,./data/wav_gen/wav/000891_indextts_angry.wav,sui lian in tse bian hu tsinn,angry,sui lian，in tse pian hu tshin,4
892,./data/wav_gen/wav/000892_indextts_happy.wav,m koh kue ni kue tseh iau si ai sang tsit e a le but,happy,m koh kue ni kue tseh，iau si ai sang tsit e a le but,1
893,./data/wav_gen/wav/000893_indextts_sad.wav,tsok tsia kang ting tshiu,sad,tsok tsia，kang ting tshiu,1
894,./data/wav_gen/wav/000894_indextts_disgusted.wav,na bo gua ka iah leh,disgusted,na boo gua kai a leh,4
895,./data/wav_gen/wav/000895_indextts_sad.wav,me ni to hoo pat lang in khi,sad,me ni to hoo pa lang in khi,1
896,./data/wav_gen/wav/000896_indextts_disgusted.wav,u tsit e be ke e sing li lang,disgusted,u tsit e be ke e sing li lang,0
897,./data/wav_gen/wav/000897_indextts_neutral.wav,tak kang to e tann tioh i hit tann ke,neutral,tak kang too e tann tioh i hit tann ke,1
898,./data/wav_gen/wav/000898_indextts_happy.wav,ti tak si ke e tsng a thau tsit e tsit e khi kio be,happy,ti tak si ke e tsng a thau tsit le tsit le khi kio be,2
899,./data/wav_gen/wav/000899_indextts_happy.wav,na kau tiong tau i tio e khi tsng gua e tua tshiu kha,happy,na kau tiong tau i tioh e khi tsng gua e tua tshiu kha,1
900,./data/wav_gen/wav/000900_indextts_surprised.wav,tsiah png kann hioh tau,surprised,tsiah png ka hioh tauh,3
901,./data/wav_gen/wav/000901_indextts_disgusted.wav,tsit kua na ti i tann khi be e si hu bo tioh e,disgusted,tsit kua na ti i tann khi be e si，hu bo tioh e,1
902,./data/wav_gen/wav/000902_indextts_disgusted.wav,long tsai iann ti tiong tau i hioh khun e si,disgusted,long tsai iann ti tiong tau i hioh kun e si,1
903,./data/wav_gen/wav/000903_indextts_sad.wav,lai tsia ka kau kuan,sad,lai tsia ka kau kuan,0
904,./data/wav_gen/wav/000904_indextts_angry.wav,tsin tsa i tsing,angry,tsin tsa i tsing,0
905,./data/wav_gen/wav/000905_indextts_sad.wav,be ke si u phiat poo e,sad,be ke si u phiat poo e,0
906,./data/wav_gen/wav/000906_indextts_neutral.wav,ai sing iong tsing thau a ka tsam tsit sut a lai tshui nih tam khuann u kam phinn khuann u phang bo,neutral,ai sin giong tsian thau a ka tsam tsit su la lai tshui ni，tam khuann u kam phinn khuann u phang bo,8
907,./data/wav_gen/wav/000907_indextts_sad.wav,in ui na si kui tann an ne phinn,sad,in ui na si kui tah an ne phinn,2
908,./data/wav_gen/wav/000908_indextts_disgusted.wav,khi bi siunn tang,disgusted,khi bi siunn tang,0
909,./data/wav_gen/wav/000909_indextts_fearful.wav,tshau tsho phih pha,fearful,tshau tshoo phi pha,2
910,./data/wav_gen/wav/000910_indextts_angry.wav,gua9 bai bi leh,angry,gua bai bi leh,1
911,./data/wav_gen/wav/000911_indextts_disgusted.wav,tsin tu ho u tsit kang tsit e be ke e hioh khun bo lai be,disgusted,tsin tu hoo u tsit kang tsit e peh ke e phioh khun boo lai be,5
912,./data/wav_gen/wav/000912_indextts_surprised.wav,ma hiah tu tshian,surprised,ma，hia tu tshian,2
913,./data/wav_gen/wav/000913_indextts_angry.wav,u tsit e tua hong guan e tsoh sit lang,angry,u tsit e tua hong guan e tso sit lang,1
914,./data/wav_gen/wav/000914_indextts_neutral.wav,khi siu tua pui tng lai kau puann loo,neutral,khi siu tua pui tng lai kau puann loo,0
915,./data/wav_gen/wav/000915_indextts_fearful.wav,lan tai uan iau si long giap sia hue,fearful,lan tai uan a si long giak sia hue,3
916,./data/wav_gen/wav/000916_indextts_angry.wav,pak too bo song khuai,angry,pa too bo song khuai,1
917,./data/wav_gen/wav/000917_indextts_angry.wav,to tsit tann tua pui khng tiam tshiu a kha,angry,to tsit tah tua pui khng tiam tshiu a kha,2
918,./data/wav_gen/wav/000918_indextts_surprised.wav,siunn kong tua pui bo lang e thau tsiah tioh lah,surprised,siu kong tua pui boo lang e thau tsiah tioh lah,3
919,./data/wav_gen/wav/000919_indextts_happy.wav,ka ti kin khi tshau poo a lai tshue soo tsai siau thau,happy,ka ti kin khi tshau poo a lai tshue soo tsai siau thau,0
920,./data/wav_gen/wav/000920_indextts_neutral.wav,hiah tu ho,neutral,hia tu ho,1
921,./data/wav_gen/wav/000921_indextts_fearful.wav,tsit e tua tshiu kha,fearful,tsit te tua tshiu kha,1
922,./data/wav_gen/wav/000922_indextts_happy.wav,tio si hit e be ke e tiann tiann hioh tau e soo tsai,happy,tioh si hit e be ke e，tiah tiah hioh tauh e soo tsai,7
923,./data/wav_gen/wav/000923_indextts_neutral.wav,si kan ia tu ho tiong tau si,neutral,si kan ia tu hoo tiong tau si,1
924,./data/wav_gen/wav/000924_indextts_surprised.wav,he tua pui e sik tsui kah ke si sio ua sio ua,surprised,he tua pui e sit tsui，ka ke si sio ua sio ua,3
925,./data/wav_gen/wav/000925_indextts_happy.wav,long si oo oo koh tua sio khua ang huann ang huann,happy,long si oo oo koh tua sio khua ang huah ang huah,4
926,./data/wav_gen/wav/000926_indextts_angry.wav,soo iong soo tsiah e mih kiann,angry,sio iong sio tsiah e mih kiann,2
927,./data/wav_gen/wav/000927_indextts_surprised.wav,khi bi ma si tshau tsho a tshau tsho,surprised,khi bih ma si thau tsho a thau tsho,3
928,./data/wav_gen/wav/000928_indextts_happy.wav,na bo tsim tsiok khuann un un a phinn,happy,na boo tsin tsiok khuann，gun bun a phi,7
929,./data/wav_gen/wav/000929_indextts_angry.wav,si hun bo sann e tshut lai,angry,si hun bo sai tshut lai,4
930,./data/wav_gen/wav/000930_indextts_sad.wav,hiah tu ho,sad,ia tu ho,2
931,./data/wav_gen/wav/000931_indextts_disgusted.wav,ke e sing li tik piat ka iah,disgusted,ke e sing li tik piat ka iah,0
932,./data/wav_gen/wav/000932_indextts_surprised.wav,be ke e bo lai be,surprised,be ke e boo lai be,1
933,./data/wav_gen/wav/000933_indextts_neutral.wav,tak ke suah kio si lang kue be bo tioh,neutral,tak ke suah kio si，lang kue be boo tioh,2
934,./data/wav_gen/wav/000934_indextts_fearful.wav,tse tse lang tio lai tua tshiu kha beh ka kau kuan,fearful,tse tse lang tioh lai tua tshiu kha beh ka kau kuan,1
935,./data/wav_gen/wav/000935_indextts_neutral.wav,lai beh be ke e si si suann suann,neutral,lai be be ke e si si suann suann,1
936,./data/wav_gen/wav/000936_indextts_disgusted.wav,tsit e tsit e lai,disgusted,tsit le tsit le lai,2
937,./data/wav_gen/wav/000937_indextts_surprised.wav,tai poo hun long si ka ti sing san e,surprised,tai poo hun long si ka ti sing san e,0
938,./data/wav_gen/wav/000938_indextts_happy.wav,hia e lang kau ui tsit khuann,happy,hia e lang kau ui tsit khuann,0
939,./data/wav_gen/wav/000939_indextts_angry.wav,bo khuainnh be ke e,angry,bo khuai be ke e,3
940,./data/wav_gen/wav/000940_indextts_happy.wav,kan tann tsit tann ke khng ti tshiu a kha,happy,kan tann tsit tah ke，khng ti tshiu a kha,3
941,./data/wav_gen/wav/000941_indextts_surprised.wav,sui e tio kah i ong kang khuan,surprised,sui e tiok kah i iong ka khuan,4
942,./data/wav_gen/wav/000942_indextts_angry.wav,iong tsing thau a ka tsam tsit sut a lai tshui nih tam khuann mai,angry,iong tsing thau a kah tsam tsit su lai tshui nih tam khuann mai,4
943,./data/wav_gen/wav/000943_indextts_angry.wav,tam suah na io thau na li khui,angry,tam suann na io thau na li kui,3
944,./data/wav_gen/wav/000944_indextts_angry.wav,tsit e si tsun,angry,tsit e si tsun,0
945,./data/wav_gen/wav/000945_indextts_sad.wav,hit e siu tua pui e tsoh sit lang,sad,hit e siu tua pui e tso sit lang,1
946,./data/wav_gen/wav/000946_indextts_surprised.wav,pang ho na lang khoo na kiann tshut lai,surprised,pang ho na lang khoo na kiann tshut lai,0
947,./data/wav_gen/wav/000947_indextts_angry.wav,khuann tioh hia e lang,angry,khuah tioh hia e lang,2
948,./data/wav_gen/wav/000948_indextts_fearful.wav,han tit khi ke a iah si tshi a be tang be sai,fearful,han ti khi ke a ia si tshi a be tam be sai,4
949,./data/wav_gen/wav/000949_indextts_sad.wav,tsit e tsit e teh tsam i hit tann tua pui,sad,tsi e tsi e te，tsa mi hit tah tua bui,9
950,./data/wav_gen/wav/000950_indextts_disgusted.wav,i kam kak honn ki koh ho tshio,disgusted,i kam kak hou ki koh hoo tshiooh,5
951,./data/wav_gen/wav/000951_indextts_angry.wav,bo phah tshenn kiann in,angry,bo phah tshe kia in,4
952,./data/wav_gen/wav/000952_indextts_happy.wav,tiam tiam a bih ti tshau poo a lai khuann,happy,tiann tia a bi ti，thau poo a lai khuann,6
953,./data/wav_gen/wav/000953_indextts_disgusted.wav,lian sua kui a tsap e long lai tsuinn tua pui,disgusted,lian suah kui ah tsa be long ai tsuinn tua pui,5
954,./data/wav_gen/wav/000954_indextts_disgusted.wav,i na khuann na ho tshio,disgusted,i na khuann na hoo tshio,1
955,./data/wav_gen/wav/000955_indextts_disgusted.wav,koh m kann tshio tshut siann,disgusted,koh m ka tshio tshut siann,2
956,./data/wav_gen/wav/000956_indextts_sad.wav,tsit e sit tsu i,sad,tsit e si tsu i,1
957,./data/wav_gen/wav/000957_indextts_angry.wav,tshio siunn tua lat,angry,tshia u siu tua lat,5
958,./data/wav_gen/wav/000958_indextts_surprised.wav,suah khi tsak tioh khui,surprised,sua khi tsa tioh khui,2
959,./data/wav_gen/wav/000959_indextts_fearful.wav,u e tio si lang tann lai be e,fearful,u e tioh si lang ta lai be,5
960,./data/wav_gen/wav/000960_indextts_happy.wav,tsit khau khui tshuan be khi lai,happy,tsit khau khui tshuan be khi lai,0
961,./data/wav_gen/wav/000961_indextts_sad.wav,tsu an ne sit kiu kue ong khi,sad,tsu an ne sit kiu kue iong khi,1
962,./data/wav_gen/wav/000962_indextts_happy.wav,m tsiah e liu thuan tsit ku tshio si hong guan hit e tann sai e,happy,m tsiah e liu thuan tsit ku，tshioo si hong guan hit e tann sai e,2
963,./data/wav_gen/wav/000963_indextts_fearful.wav,tsa tsing long giap si tai,fearful,tsa tsin long giah si tai,2
964,./data/wav_gen/wav/000964_indextts_fearful.wav,sua loh lai khuann sin tik tshi bin a tsai it ho e thinn khi,fearful,sua loh lai，khuann sim tit tshi mi a tsai it hoo leh thinn khi,8
965,./data/wav_gen/wav/000965_indextts_neutral.wav,un too ji tsap sann tsi ji tsap tshit too loh hoo ki lut ji tsap pha,neutral,un too ji tsa sann，tsih ji tsa tshit too long hoo ki lut ji tsa pha,7
966,./data/wav_gen/wav/000966_indextts_disgusted.wav,lai pin goo pah goo tsap kau ho tshiann lai tsap sann ho kui tai pan li,disgusted,lai pi ng koh pah goo tsap kau ho tshia lai tsap sann ho kui tai pan li,6
967,./data/wav_gen/wav/000967_indextts_neutral.wav,long tsong peh pah khong ji khoo tsau li kau tsap peh khoo,neutral,long tsong peh pah khong li，tsau li kau tsap peh khoo,7
968,./data/wav_gen/wav/000968_indextts_disgusted.wav,kin a lit si sann gueh tsap sann pai lak,disgusted,kin a li si sann ue tsap sann，pai lap,5
969,./data/wav_gen/wav/000969_indextts_sad.wav,gua e hoo tsiau ho be si sam liok ji ji su it khong it su,sad,gua e hoo tsiau ho be si，sam liok ji ji su it khong i su,2
970,./data/wav_gen/wav/000970_indextts_happy.wav,guan tau e tian ue ho be si khong liok sam kiu ji sam ngoo it sam,happy,gun tau e tiam ue ho be si khong liok，sam kiu li，sam goo i sam,7
971,./data/wav_gen/wav/000971_indextts_disgusted.wav,i ti it kiu su it ni tshut si,disgusted,i ti it kiu suh in ni tshut si,2
972,./data/wav_gen/wav/000972_indextts_surprised.wav,tshiann pang gua tsuan hun ki it liok kiu ngoo,surprised,hia pang gua tsuang hun ki，it liok kiu ngoo,6
973,./data/wav_gen/wav/000973_indextts_happy.wav,bun peh a li khuann hia u sann ki hiunn,happy,bun peh ah，li khuann hia u sann ki hiunn,2
974,./data/wav_gen/wav/000974_indextts_disgusted.wav,bo m tioh koh khah kue si tua tun suann,disgusted,bo m tioh，koh khah kue e si tua tun suann,3
975,./data/wav_gen/wav/000975_indextts_angry.wav,ke lang sik tsi tshau suann u kau phann e pi khuann te too khah tsim tsiok,angry,ke lang sit tsi，tshaunn suann u kau phann e，pi khuann te too khah tsim tsiok,5
976,./data/wav_gen/wav/000976_indextts_happy.wav,tse si pak ping nia li uat thau khuann lam khi,happy,tse si pak pin nia，li gua thau khuann lam khi,4
977,./data/wav_gen/wav/000977_indextts_angry.wav,kong king sit tsai tsan ang ang he si siann,angry,kong king sit tsai tsan，ang ang he si sia,3
978,./data/wav_gen/wav/000978_indextts_angry.wav,gua khuann mai leh he ping khe lah,angry,gua khuann mua leh，he pin kheh lah,5
979,./data/wav_gen/wav/000979_indextts_angry.wav,gua tsai ah hit thau uat lai uat khi na tsit bue peh tsua e si sik tsi thang ping khe e sik ping kong loo,angry,gua tsai a，hit thau u e buat khi，na tsit bue peh tsua e sih，sik tsi thang ping kheh e sik ping kong loo,12
980,./data/wav_gen/wav/000980_indextts_angry.wav,kok tiong khah kue lai to si tsioh sun tsiam,angry,kuat tiong kha kue lai to si tsioh sun tsiam,4
981,./data/wav_gen/wav/000981_indextts_sad.wav,bo sann sing tik sun neh,sad,bo sa sing tsek sun e,6
982,./data/wav_gen/wav/000982_indextts_neutral.wav,tui ping khe hit ping khuann kue lai to tsin sing,neutral,tui ping khe hit ping khuann kue lai to tsin sing,0
983,./data/wav_gen/wav/000983_indextts_happy.wav,tan thinn khi khah liang e si lan e sai lai khi hia tshit tho,happy,tan thih khi khah liang e si，lan e sai lai khi hiah tshit thoo,5
984,./data/wav_gen/wav/000984_indextts_neutral.wav,li u kau gua hang siann mih sann ki hiunn he si hiap ho huat tian tshiunn,neutral,li u kah ua hang siann mih sann ki hiunn，he si hiah hoo huat tian tshiunn,5
985,./data/wav_gen/wav/000985_indextts_surprised.wav,lang leh kong tshio e lah bian hiah ting tsin,surprised,lang le kong tshio e lah，bian hiak ting tsin,3
986,./data/wav_gen/wav/000986_indextts_fearful.wav,bun peh a tsiann tshiu ping hit liap,fearful,bun peh a，tsiah tshiu ping hit liak,4
987,./data/wav_gen/wav/000987_indextts_surprised.wav,hit liap kio tso ke lang khit koh khah kue hit liap to si ke lang suann,surprised,hit liap kio tsoo ke e lang khit，koh khah kue hit liap too si ke e lang suann,7
988,./data/wav_gen/wav/000988_indextts_neutral.wav,to si ti kau hun a hu kin mah kin ni sann gueh guan u khi hia tshit tho,neutral,too si ti kau hun a hu kin ma，kin ni sann ue guan u khi hia tshit thoo,6
989,./data/wav_gen/wav/000989_indextts_surprised.wav,tsit khuan thinn peh ke lang suann pau nia li phak kah pinn poo,surprised,tsit khuan thi peh ke lang suann pau nia li pha kah pi poo,5
990,./data/wav_gen/wav/000990_indextts_angry.wav,kui liap suann bo kui tsang tshiu a thang jia jit thau,angry,kui liau suann bo kui tsang tshiu a，thang iah gi thau,6
991,./data/wav_gen/wav/000991_indextts_fearful.wav,to ping hng hng siong kuan hit liap suann si m si tshit tshenn suann,fearful,to pin hng hng siong kuan，hit tshiat liap suann si m si tshi tshenn e suann,11
992,./data/wav_gen/wav/000992_indextts_neutral.wav,iong siang kha ai tai uan,neutral,iong siang kha ai tai uan,0
993,./data/wav_gen/wav/000993_indextts_neutral.wav,koh tui tai uan bue kiann kau tai uan thau,neutral,koh tui tai uan bue i kiann kau tai uan thau,2
994,./data/wav_gen/wav/000994_indextts_angry.wav,tsit poo tsit kha in,angry,tsit poo tsit kha in,0
995,./data/wav_gen/wav/000995_indextts_happy.wav,iong siong khiam pi e thai too,happy,iong siong khiam pi e thai too,0
996,./data/wav_gen/wav/000996_indextts_neutral.wav,khi tshin kin tsit te tshiann iong ka ki e thoo te,neutral,khi tshin kin tsit te tshiann iong ka ki e thoo te,0
997,./data/wav_gen/wav/000997_indextts_surprised.wav,khuann tioh lik sik e suann meh uan lai uat khi e ho liu sik sai e tshan hng,surprised,khuah tioh lik sik e suann me，uan lai ua khi e hoo liu sik sai e than hng,7
998,./data/wav_gen/wav/000998_indextts_surprised.wav,sun phok e hiong tin be lang e hai huann hiong tshin tshin tshiat e tshio iong,surprised,sun phok e hiong tin be lang e hai hua，hiong tshim tshiat e tshioo iong,11
999,./data/wav_gen/wav/000999_indextts_happy.wav,sim kuann thau tiann tioh u mua mua e kam tshiok kah kam tong,happy,sin hua thau tioh tioh u mua mua e kam tshiok kah kam tong,7
1000,./data/wav_gen/wav/001000_indextts_neutral.wav,terry si tsit e tsin u li siong kah tsu kian e tshing tshun siau lian hiann,neutral,Tary si tsi le e tsin u li siong，kah tsu kian e tshin tshun siau lian hia,10
1001,./data/wav_gen/wav/001001_indextts_disgusted.wav,i kam guan tsiam si hong ha kho ki kong si lang lang him sian e khang khue,disgusted,i kang uan tsiam si hong ha，kho ki kong si lang lang hin sian e khang khue,5
1002,./data/wav_gen/wav/001002_indextts_sad.wav,hoo ka ki tsit e a khong kan,sad,hooh，ka ki tsi le a khong kan,4
1003,./data/wav_gen/wav/001003_indextts_disgusted.wav,tsok tsia iunn tsin ju,disgusted,tsok tsiah，iunn tsin ju,2
1004,./data/wav_gen/wav/001004_indextts_fearful.wav,khi ting sin jin bat tai uan,fearful,khi tin sin tin pat tai uan,3
1005,./data/wav_gen/wav/001005_indextts_fearful.wav,ping tshiann su kho jin sing e tsin gi,fearful,pin tshia su kho lin sin e tsin gi,5
1006,./data/wav_gen/wav/001006_indextts_happy.wav,i beh tsit poo a tsit poo a,happy,i pe tsit poo a poo a,7
1007,./data/wav_gen/wav/001007_indextts_disgusted.wav,iong ka ki e siang kha kiann tai uan tsit lian,disgusted,iong ka ki e siang kha kiann tai uan tsit lian,0
1008,./data/wav_gen/wav/001008_indextts_happy.wav,in tsing ka ki e siunn huat,happy,in tsin ka ki e siunn huat,1
1009,./data/wav_gen/wav/001009_indextts_disgusted.wav,ma tshue tshut senn mia tsing khak e hong hiong kah ting ui,disgusted,ma tshue tshut senn mia tsing khak e hong hiong kah ting ui,0
1010,./data/wav_gen/wav/001010_indextts_sad.wav,i tsit e sim guan to tsiong kin beh uan sing ah,sad,i tsit e sin uan to tsiong kin be uan sing a,4
1011,./data/wav_gen/wav/001011_indextts_disgusted.wav,ku ni tsap it gueh ji ji i tui tai tiong tshut huat,disgusted,ku ni tsa it gueh ji ji i tui tai tiong tshut huat,1
1012,./data/wav_gen/wav/001012_indextts_neutral.wav,i sun si tsiam e hong sik sing tsiunn pak,neutral,i sun si tsia me hong sio sing tsiunn pak,3
1013,./data/wav_gen/wav/001013_indextts_neutral.wav,kiann kau ke lang liau au tsiah loh lam,neutral,kiann kau ke lang liau au tsiah loo lam,1
1014,./data/wav_gen/wav/001014_indextts_disgusted.wav,tai uan u gua sui,disgusted,tai uan u kua sui,1
1015,./data/wav_gen/wav/001015_indextts_angry.wav,king kue hua lian tai tang,angry,kin kue hua lian tai tang,1
1016,./data/wav_gen/wav/001016_indextts_angry.wav,jim nai tioh kha kut e sng thiann kah tsit loo e koo tuann,angry,jim lai，kio kha kut e sng thiann kah tsit loo e koo tuann,4
1017,./data/wav_gen/wav/001017_indextts_sad.wav,tsit loo it tit kiann kau tai uan siong lam ping e go luan phinn,sad,tsit loo，i ti kiann kau tai uan siong lam ping e goo luan phi,6
1018,./data/wav_gen/wav/001018_indextts_angry.wav,tsiah koh tsiunn pak,angry,kia koh tsiunn pak,3
1019,./data/wav_gen/wav/001019_indextts_fearful.wav,hian tshu si i i king kiann kau tai lam tshi kiam tsui khu e guat tin kang ah,fearful,hian tshu si i i kin kiann kau tai lan tshi kiam tsui khu e kuat tin kang a,4
1020,./data/wav_gen/wav/001020_indextts_sad.wav,tng ti tai uan si loo hu kin leh tsiah tau gim si phue ka pi ah,sad,tng ti tai uan si loo，ku kin leh tsiah tauh，gim si phue ka pi a,5
1021,./data/wav_gen/wav/001021_indextts_neutral.wav,siong kai lan tit e si,neutral,siong kai lan tit e si,0
1022,./data/wav_gen/wav/001022_indextts_disgusted.wav,terry u tsit tui khai bing e pe bu,disgusted,Tary u tsit tui khai bin e pe bu,4
1023,./data/wav_gen/wav/001023_indextts_surprised.wav,tui i tsit khuan long ban kah u tam poh a bo hu hap sit tse e siunn huat ping bo huan tui,surprised,tui i tsit khuan long ban kah u tam poo a，bo hu hap sit tse e siunn huat pinn moo huan tui,5
1024,./data/wav_gen/wav/001024_indextts_sad.wav,tian to tsuan lik tsi tshi,sad,tian to tsuan li tsi tshi,1
1025,./data/wav_gen/wav/001025_indextts_surprised.wav,li kam tsai iann,surprised,li kam tsai a,3
1026,./data/wav_gen/wav/001026_indextts_fearful.wav,ping tshiann ti i khuan to poo lian i king tsiong kin beh uan sing e bue tsam a,fearful,ping tshiann ti i khuan to poo lian，i kin tsiong kin beh uan sin e bue tsam a,3
1027,./data/wav_gen/wav/001027_indextts_angry.wav,tik piat puah si kan pue i kiann tsit tuann,angry,tioh piah puah si kan，pue i kiann tsit tuann,4
1028,./data/wav_gen/wav/001028_indextts_disgusted.wav,hoo i tsing sin siong siong tua e koo bu,disgusted,hoo i tsing sin siong siong tua e koo bu,0
1029,./data/wav_gen/wav/001029_indextts_sad.wav,u bang siong sui,sad,u bang siong sui,0
1030,./data/wav_gen/wav/001030_indextts_sad.wav,u li siong tioh ai iong kam khi tui kiu,sad,u li siong tioh ai iong kam khi tui kiu,0
1031,./data/wav_gen/wav/001031_indextts_fearful.wav,lan lang sing uah ti tsit e se kan,fearful,lan lang sin uah ti tsit e se kan,1
1032,./data/wav_gen/wav/001032_indextts_angry.wav,ti liau it tsai tiong hok e jit siong tsiah tshing i gua,angry,ti liau it tsai tiong hok e jit siong，tsiah tshing i gua,1
1033,./data/wav_gen/wav/001033_indextts_happy.wav,iah u tsan tshu koh khah kuan e li siong,happy,iau u tsan tshu koh khah kuan e li siong,1
1034,./data/wav_gen/wav/001034_indextts_happy.wav,su iau khi tui kiu khi sit hian,happy,su iau khi tui kiu khi si hian,1
1035,./data/wav_gen/wav/001035_indextts_angry.wav,ti lan ling lik iau tso e kau e si tsun,angry,ti lan ting lik iau tsoo e kau e si tsun,2
1036,./data/wav_gen/wav/001036_indextts_sad.wav,tai uan lang kau kau kau e jin tsing bi,sad,tai uan lang kauh kauh kauh e lin tsim bi,6
1037,./data/wav_gen/wav/001037_indextts_neutral.wav,na si kiann khun lan,neutral,na si kiann khun lan,0
1038,./data/wav_gen/wav/001038_indextts_sad.wav,tshin tshai to hong khi tui kiu bang siong e ki hue,sad,tshin tshai to hong khi，tui kiu bang siong e ki hue,1
1039,./data/wav_gen/wav/001039_indextts_sad.wav,tan kau au pai tsiah lai huan hue,sad,tan kau au pai tsiah lai huan hue,0
1040,./data/wav_gen/wav/001040_indextts_happy.wav,he to siunn ban ah,happy,he too siang ban oh,4
1041,./data/wav_gen/wav/001041_indextts_sad.wav,khuan to poo lian si tsit kiann sin khoo e tai tsi,sad,khuan to poo lian si，tsit kiann sin khoo e tai tsi,1
1042,./data/wav_gen/wav/001042_indextts_fearful.wav,tu liau ai u tsiu tsuan e ke ue the lat ai ho i gua,fearful,tu liau ai u tsiu tsuan e ke ue，the lat ai hoo i ua,3
1043,./data/wav_gen/wav/001043_indextts_happy.wav,siong tiong iau e si ai u kian kiong e i tsi lik,happy,siong tiong iau e si，ai u kian kiong e i tsit lik,2
1044,./data/wav_gen/wav/001044_indextts_happy.wav,tsiah thang khik hok ian loo tu tioh e kok tsiong siunn bue kau e lan te,happy,tsiah thang khe kok gian loo tu tioh e，kok tsiong siunn bue kau e lan te,5
1045,./data/wav_gen/wav/001045_indextts_surprised.wav,kiong hi terry khuan to poo lian,surprised,kiong hi the li，khuan too poo lian,6
1046,./data/wav_gen/wav/001046_indextts_disgusted.wav,iong siang kha ai tai uan e bang siong teh beh uan sing ah,disgusted,iong siang kha ai tai uan e bang sio，tih beh uan sing a,5
1047,./data/wav_gen/wav/001047_indextts_sad.wav,li kam bat kam siu tioh,sad,li kam a kam siu tioh,2
1048,./data/wav_gen/wav/001048_indextts_surprised.wav,kian tshi loh khi,surprised,kian tshi lok khi,1
1049,./data/wav_gen/wav/001049_indextts_neutral.wav,siong sin it ting e sing kong,neutral,siong sin it ting e sing kong,0
1050,./data/wav_gen/wav/001050_indextts_fearful.wav,lim ping tik sian sinn kah i e pe bu kang khuan,fearful,lin pin tit sian sinn kah i e pe u kang khuan,4
1051,./data/wav_gen/wav/001051_indextts_happy.wav,long si jin tsin phah piann kha tah sit te,happy,long si jin tsin phah piann，kha tah sit te,1
1052,./data/wav_gen/wav/001052_indextts_surprised.wav,iong sit tse e hing tong thiann tai uan e lang,surprised,iong sit tse e hin tong thiann tai uan e lang,1
1053,./data/wav_gen/wav/001053_indextts_sad.wav,iong tshim tsing e bak tsiu,sad,iong tshim tsing e pak tsiu,1
1054,./data/wav_gen/wav/001054_indextts_happy.wav,khuann tai uan tsit liap bi le e to su,happy,khuann tai uan tsit liah bi le e too su,2
1055,./data/wav_gen/wav/001055_indextts_happy.wav,iong nng ki kha tui tai uan thau kiann kau tai uan bue,happy,iong lng ki kha，tui tai uan thau kiann kau tai uan bue,2
1056,./data/wav_gen/wav/001056_indextts_angry.wav,tai uan e kiau ngoo,angry,tah guan e kiau ngoo,2
1057,./data/wav_gen/wav/001057_indextts_neutral.wav,se kai kip e to ian li an kap gui tik sing,neutral,se kai kip e too ian li an kah bui tik sing,3
1058,./data/wav_gen/wav/001058_indextts_angry.wav,kian tshi thau bue e o un suan tshiu soo le bun,angry,kian tshi thau bue e，ooh bun sun tshiu soo leh bun,6
1059,./data/wav_gen/wav/001059_indextts_happy.wav,suann kiu ko tshiu tsan nga ni ting ting,happy,suann kiu ko tshiu tsang nga ni tin tin,3
1060,./data/wav_gen/wav/001060_indextts_angry.wav,in tsiah si lan sio sio e tai uan tshiann iong tshut lai e,angry,in tsia si nan sio sio e tai uan tshia iong tshut lai e,4
1061,./data/wav_gen/wav/001061_indextts_sad.wav,ti se kai bu tai ting huat kng huat jiat,sad,ti se kai bu tai ting，huat kng huat liat,2
1062,./data/wav_gen/wav/001062_indextts_neutral.wav,si tat tit lan kam kak kiau ngoo e jin but,neutral,si ta tit lan kan ka kiau ngoo e jin but,3
1063,./data/wav_gen/wav/001063_indextts_surprised.wav,na kong tioh tai uan e kiau ngoo,surprised,na kong tioh tai uan e kiau ngoo,0
1064,./data/wav_gen/wav/001064_indextts_neutral.wav,li te gi e siunn tioh e,neutral,li te gi e siunn tioh e,0
1065,./data/wav_gen/wav/001065_indextts_disgusted.wav,it ting si tai uan phong phai e but tsu,disgusted,it ting si tai uan phong phai e bu tsu,1
1066,./data/wav_gen/wav/001066_indextts_neutral.wav,in ui tai uan lang thau nau khiau gau pian khiau,neutral,in ui tai uan lang thau nau khiau，gau pian khiau,1
1067,./data/wav_gen/wav/001067_indextts_disgusted.wav,tsok tsia lim siu hua,disgusted,tsok tsia，lin siu hua,2
1068,./data/wav_gen/wav/001068_indextts_angry.wav,bo lun kue tsi lan hue iah tsui san,angry,bu lun kue tsi，lang hue ia tsui san,4
1069,./data/wav_gen/wav/001069_indextts_sad.wav,tsi iau king kue tai uan lang e kai liang,sad,tsi iau king kue tai uan lang e kai ling,1
1070,./data/wav_gen/wav/001070_indextts_happy.wav,long e gian huat tshut it too tsan e phin tsing,happy,long lian gian huat tshut it too tsa ne phing tsing,7
1071,./data/wav_gen/wav/001071_indextts_neutral.wav,hoo tsuan se kai o lo lan e kue tsi tua koh tinn,neutral,hoo tsuan se kai oo loo lan e kue tsi tua koo tinn,3
1072,./data/wav_gen/wav/001072_indextts_surprised.wav,lan hue phang koh sui,surprised,lan hue phang koo sui,1
1073,./data/wav_gen/wav/001073_indextts_surprised.wav,tsui san tshinn koh ho tsiah,surprised,tsui san tshinn koh ho tsiah,0
1074,./data/wav_gen/wav/001074_indextts_disgusted.wav,ma in ui an ne,disgusted,ma in ui an ne,0
1075,./data/wav_gen/wav/001075_indextts_happy.wav,soo i e tang gua siau than gua hue,happy,soo i e tang ua siau thang ua hue,3
1076,./data/wav_gen/wav/001076_indextts_surprised.wav,iah koh u i tsa long giap sia hue e tai uan u su po te bi thng kah tsiunn lo,surprised,ia koo u i tsa long giap sia hue e tai uan u su poo te，bi thng kah tsiunn loo,5
1077,./data/wav_gen/wav/001077_indextts_neutral.wav,tsit ma kang giap sia hue e tai uan si tian nau ic led kah tsin tse ko kho ki e san phin,neutral,tsit ma kang ia sia hue e tai uan si tian nau，IC e u li ti kah tsin tse ko khoo ki e san phin,13
1078,./data/wav_gen/wav/001078_indextts_fearful.wav,na mng li tai uan e kiau ngoo si siann mih,fearful,na mng li tai uan e kiau ngoo si siann mih,0
1079,./data/wav_gen/wav/001079_indextts_sad.wav,hing siau tsuan kiu e bi le to,sad,phin siau tsuan kiu e bi leh toh,4
1080,./data/wav_gen/wav/001080_indextts_angry.wav,tse si lan tai uan lang e hiau pa ak si ki un iong ti hui,angry,tse si lan tai uan lang e hiau pa pah si ki，un iong ti hui,3
1081,./data/wav_gen/wav/001081_indextts_angry.wav,jin tsin phah piann tshong tso tshut lai e king tse ki tsik,angry,jin tsin phah piann tshong tsoo tshut lai e kin tseh ki tsik,3
1082,./data/wav_gen/wav/001082_indextts_sad.wav,ma si lan siong kiau ngoo e sing tsiu,sad,ma si lan siong kiau ngoo e sin tsiu,1
1083,./data/wav_gen/wav/001083_indextts_disgusted.wav,lang kong tai uan liam tsin tsing kah tak ke lai puah kam tsing,disgusted,lang kong tai uan liam tsin tsing kah tak ke lai puah kam tsing,0
1084,./data/wav_gen/wav/001084_indextts_neutral.wav,tai uan sio lo e jin tsing bi,neutral,tai uan sio loo e lin tsing bi,2
1085,./data/wav_gen/wav/001085_indextts_neutral.wav,hoo tsin tse bat lai tai uan tshit tho,neutral,hoo tsin tse bat lai tai uan tshit tho,0
1086,./data/wav_gen/wav/001086_indextts_disgusted.wav,iah si tua kue e gua kok lang long o lo kah e tak tsih,disgusted,ia si tua kue gua kok lang long o lo kah e tak tsi,4
1087,./data/wav_gen/wav/001087_indextts_happy.wav,bat u tsit ui tui jit pun lai e tsin tshut mia e bing tshenn kong,happy,pah u tsit ui tui jit pun lai e，tsin tshut mia e bin tshenn kong,4
1088,./data/wav_gen/wav/001088_indextts_angry.wav,in ui tai uan lang e tshin tshiat,angry,in ui tai uan lang e tshin tshat,1
1089,./data/wav_gen/wav/001089_indextts_sad.wav,li thau tsit e siunn tioh e it ting si tsit tsam a tshing kah liah be tiau e bi kok tsit giap na kiu tui e suan tshiu lim su ho,sad,li thau tsit e siunn tioh e，it ting si tsit tsam a tshing kah liah be tiau e bi koh tsit kiah na giu tui e suan tshiu lim su ho,5
1090,./data/wav_gen/wav/001090_indextts_sad.wav,hoo gua tshim tshim be luan tai uan,sad,hoo ua tshim tshin be luan tai uan,2
1091,./data/wav_gen/wav/001091_indextts_fearful.wav,soo i to sng lai tsia tshit tho tsap kui pai,fearful,soo i to sng gai tsia，tshit thoo tsa kui pai,4
1092,./data/wav_gen/wav/001092_indextts_disgusted.wav,ma be ia sian,disgusted,ma be iah sian,1
1093,./data/wav_gen/wav/001093_indextts_happy.wav,in ui ti tai uan,happy,in ui ti tai uan,0
1094,./data/wav_gen/wav/001094_indextts_disgusted.wav,tak ke long ka gua tong tso si ka ki lang,disgusted,tak ke long ka gua tong tso si ka ki lang,0
1095,./data/wav_gen/wav/001095_indextts_surprised.wav,guan lau su ma bat tu tioh tsit e ti tai uan tsiah thau loo e gua kok lang,surprised,guan nau su ma bat tu tioh tsit le ti tai uan tsiah thau loo e ua kok lang,3
1096,./data/wav_gen/wav/001096_indextts_angry.wav,in ui beh hoo lang tiau khi tiong kok,angry,in ui beh hoo lang tiau khi kiong kok,1
1097,./data/wav_gen/wav/001097_indextts_disgusted.wav,kam kak tsin ut tsut,disgusted,kam kak tsing ut tsut,1
1098,./data/wav_gen/wav/001098_indextts_fearful.wav,i kong tai uan tsit si ke long tshiong buan sio lo e jin tsing bi,fearful,i kong tai uan tsi si ke long tshiong buan sio loo e lin tsin bi,4
1099,./data/wav_gen/wav/001099_indextts_sad.wav,si tsit e e hoo lang siau liam e ho soo tsai,sad,si tsit e e hoo lang siau liam e ho soo tsai,0
1100,./data/wav_gen/wav/001100_indextts_sad.wav,lim su ho sui jian hoo lan kam kak tsin kiau ngoo,sad,lim su ho sui lian hoo lan kang khak tsin kiau ngoo,4
1101,./data/wav_gen/wav/001101_indextts_sad.wav,tong jian hoo lang siong kiau ngoo e soo tsai si,sad,tong lian hoo lang siong kiau ngoo e soo tsai si,1
1102,./data/wav_gen/wav/001102_indextts_angry.wav,tai uan si ti hua jin se kai te it e sit si bin tsu tse too e kok ka,angry,tai uan si ti huah jin se kai te it e si si bin tsu tse too ke kok ka,3
1103,./data/wav_gen/wav/001103_indextts_disgusted.wav,it kiu pat liok ni i au,disgusted,i kiu pat liong ni i au,3
1104,./data/wav_gen/wav/001104_indextts_sad.wav,tsing ti kai kik e sok too ju lai ju kin,sad,tsing ti kai kik e siok too lu lai lu kin,3
1105,./data/wav_gen/wav/001105_indextts_happy.wav,pau kuat it kiu pat tshit ni kai tu kai giam huat,happy,pau kuah kiu pat tshit ni，kai tu kai giam huat,5
1106,./data/wav_gen/wav/001106_indextts_sad.wav,sit si tsu iu hua tsing tshik,sad,sit si tsu iu huah tsin tshik,2
1107,./data/wav_gen/wav/001107_indextts_fearful.wav,kau it kiu kiu liok ni tsong thong tit suan,fearful,kau it kiu kiu liu ni，tsong thong ti suan,4
1108,./data/wav_gen/wav/001108_indextts_fearful.wav,sng si huah tshut bin tsu tsuan hing e tsit tua poo,fearful,sng si huah tshu min tsu tsuan hing e tsit tua poo,2
1109,./data/wav_gen/wav/001109_indextts_happy.wav,nng tshing ni tsong thong tai suan e kiat ko,happy,nng tshi ni，tsong thong tai suan e ki ko,5
1110,./data/wav_gen/wav/001110_indextts_sad.wav,si tai uan te it pai e tsing tong lun the,sad,si tai uan te it pai e tsin tong lun the,1
1111,./data/wav_gen/wav/001111_indextts_happy.wav,m koh i ping m si lan tai uan pue iong tshut lai e,happy,m koh i pim si lan tai uan pue iong tshut lai,5
1112,./data/wav_gen/wav/001112_indextts_neutral.wav,lan king lik ho ping tsuan i tsip tsing khuan e kue ting,neutral,lan king liok hoo ping，tsuan i tsit tsing khuan e kue ting,4
1113,./data/wav_gen/wav/001113_indextts_surprised.wav,hoo tai uan e bin tsu hua siu tioh se hong bin tsu kok ka e khing ting,surprised,hooh tai uan e bin tsu huah，siu tioh se hong bin tsu kok ka e khin ting,4
1114,./data/wav_gen/wav/001114_indextts_angry.wav,lan u tsiah ni tse tat tit tshia iann e tsu san,angry,lang u tsiah ni tse tat tit tshia iah e tsu san,3
1115,./data/wav_gen/wav/001115_indextts_happy.wav,lan u ho tioh ai tsai sioh po,happy,lang u ho tioh ai tsai sio poo,3
1116,./data/wav_gen/wav/001116_indextts_angry.wav,m thang tshin tshai pang hinn sak,angry,m thang tshin tsai pang hi sat,4
1117,./data/wav_gen/wav/001117_indextts_happy.wav,lan tioh ai bo hun tsok kun hue tse phah piann,happy,lan tioh ai bo hun tsok kun，hue tse phah piann,1
1118,./data/wav_gen/wav/001118_indextts_neutral.wav,kiong tong tshong tso koh khah tse tai uan tsi kong,neutral,kiong tong tshong tsoo kok khah tse tai uan tsi kong,2
1119,./data/wav_gen/wav/001119_indextts_angry.wav,kiong tong kian siat tsit e tsing siong e kok ka,angry,kiong tong kian siah tsit e tsing siong e kok ka,1
1120,./data/wav_gen/wav/001120_indextts_disgusted.wav,hoo lan e tang tua siann tui tsuan se kai huah tshut,disgusted,hoo lan e tang tua sia tui tsuan se kai huah tshut,2
1121,./data/wav_gen/wav/001121_indextts_surprised.wav,gua si tai uan lang,surprised,gua si tai uan lang,0
1122,./data/wav_gen/wav/001122_indextts_angry.wav,i si ti bi kok tshut si,angry,i si ti bi kok tshut si,0
1123,./data/wav_gen/wav/001123_indextts_neutral.wav,tse tsiah si tai uan siong tua e kiau ngoo,neutral,tse tsia si tai uan siong tua e kiau ngoo,1
1124,./data/wav_gen/wav/001124_indextts_happy.wav,li kong tioh bo,happy,ti kong tioh bo,1
1125,./data/wav_gen/wav/001125_indextts_happy.wav,tsiap siu bi kok kau iok e bi kok lang,happy,tsiah siu bi kok kau io e bi kok lang,2
1126,./data/wav_gen/wav/001126_indextts_fearful.wav,soo i gua jin ui tsin tsin tsiann tsiann e tai uan tsi kong si ia kiu tau tshiu ong kian bin,fearful,soo i，gua lin ui tsin tsin tsiann tsiah e tai uan tsit kong si ia kiu tau tshiu ong kian bin,5
1127,./data/wav_gen/wav/001127_indextts_angry.wav,gua siong ai e lang,angry,gua siong ai e lang,0
1128,./data/wav_gen/wav/001128_indextts_happy.wav,tsin han tit u khah tng e si kan tso hue,happy,tsin han tit hoo khah tng e si kan tso hue,3
1129,./data/wav_gen/wav/001129_indextts_disgusted.wav,soo i tsu se han kau tann,disgusted,soo i tsu se han kau ta,2
1130,./data/wav_gen/wav/001130_indextts_sad.wav,long si a ma teh tsiau koo gua,sad,long si a ma teh tsiau koo ua,1
1131,./data/wav_gen/wav/001131_indextts_angry.wav,ka gua lak sai lak gio,angry,ka gua lak sa hit lak gio,3
1132,./data/wav_gen/wav/001132_indextts_fearful.wav,kiann gua iau kiann gua kuann,fearful,kiann gua iau，kiann gua kuann,1
1133,./data/wav_gen/wav/001133_indextts_fearful.wav,ui gua ang ang iu iu tshua kau tann tsiah tua han,fearful,ui ua ang ang iu iuh tshua kau ta tsiah tua han,4
1134,./data/wav_gen/wav/001134_indextts_neutral.wav,soo i a ma si gua sim tiong siong tshin siong ai e lang,neutral,soo i a ma si ua sim tiong siong tshin siong ai e lang,1
1135,./data/wav_gen/wav/001135_indextts_surprised.wav,gua bat thiann a ma kong gua se han e si tsiann ai khau,surprised,gua bah thiann a ma kong，gua se han e si tsiann ai khau,2
1136,./data/wav_gen/wav/001136_indextts_sad.wav,khau long khau be tiam,sad,khau long khau be tiam,0
1137,./data/wav_gen/wav/001137_indextts_fearful.wav,in ui tshu lai khuan king bo gua ho,fearful,in ui tshu lai khuan kin bo ua ho,2
1138,./data/wav_gen/wav/001138_indextts_angry.wav,tsok tsia tiunn jit tang,angry,tsok tsia，tiunn jit tang,1
1139,./data/wav_gen/wav/001139_indextts_happy.wav,hit si tsun a ma koh u leh tso tsu guan hue siu,happy,hi si tsun a ma koh u leh tso，tsu uan hue siu,3
1140,./data/wav_gen/wav/001140_indextts_sad.wav,ke kiam khioh tsit kua sok ka kuan a phainn tang ku siah phoo a tsua lai be,sad,ke kiam khiooh tsit kua sok ka kuan a，phai tang ku siah，phoo a tsuah lai be,6
1141,./data/wav_gen/wav/001141_indextts_surprised.wav,thang ke kiam poo thiap tshu lai e khai siau,surprised,thang ke kiam poo thiap tshu lai e khai siau,0
1142,./data/wav_gen/wav/001142_indextts_fearful.wav,u tsit pai a ma tshut khi khioh mih kiann e si,fearful,u tsit pai a ma tshut khi khiu minh kiann e si,3
1143,./data/wav_gen/wav/001143_indextts_fearful.wav,gua ti tshu lai it tit khau,fearful,gua ti tshu lai it ti khau,1
1144,./data/wav_gen/wav/001144_indextts_disgusted.wav,khau kah siunn tshut lat,disgusted,khau kah siunn tshut la,1
1145,./data/wav_gen/wav/001145_indextts_surprised.wav,suah lai tui tiong,surprised,sua lai tui tiong,1
1146,./data/wav_gen/wav/001146_indextts_disgusted.wav,a ma tng lai e si khuann gua bin sik huan tshenn,disgusted,a ma tng lai e si，khuann gua bin sit khuan tshe,5
1147,./data/wav_gen/wav/001147_indextts_disgusted.wav,kuann kin tsiong gua sang khi penn inn,disgusted,kuann kin tsiong a sang khi penn i,4
1148,./data/wav_gen/wav/001148_indextts_angry.wav,i sing kong na koh ban tit puann tiam tsing,angry,i sing kong，na koo ban ti puann tiam tsing,3
1149,./data/wav_gen/wav/001149_indextts_angry.wav,kok ui phing phuann lau su kok ui suan tshiu tak ke ho,angry,kok ui phin phuann lau su，kok ui suan tshiu tak ke ho,2
1150,./data/wav_gen/wav/001150_indextts_neutral.wav,tng a ngeh oo khi,neutral,tng a nge oo khi,1
1151,./data/wav_gen/wav/001151_indextts_sad.wav,tsit e gin a to bo kiu ah,sad,tsit e kin a tioh boo kiu ah,4
1152,./data/wav_gen/wav/001152_indextts_fearful.wav,a ma kong kau tsia bak sai lin lin go,fearful,a ma kong kau tsia bak sai lin lin go,0
1153,./data/wav_gen/wav/001153_indextts_happy.wav,tshin tshiunn teh tsik kuai i bo ka tsiau koo ho se e khuan,happy,tshin tshiu te tsit kua i bo ka tsiau koo hoo se e khuann,7
1154,./data/wav_gen/wav/001154_indextts_angry.wav,gua to kuann kin an ui a ma kong,angry,gua to kua kin ang gui a ma kong,4
1155,./data/wav_gen/wav/001155_indextts_fearful.wav,si gua siunn ai khau,fearful,siu a siunn ai khau,3
1156,./data/wav_gen/wav/001156_indextts_disgusted.wav,gua e senn mia si a ma ka gua kiu tng lai e,disgusted,gua e senn mia si am a kau a kiu tng lai,7
1157,./data/wav_gen/wav/001157_indextts_neutral.wav,a ma li si gua siong ai e lang,neutral,ha ma li si ua siong ai e lang,2
1158,./data/wav_gen/wav/001158_indextts_fearful.wav,a ma koh bat ka gua kong,fearful,a ma koh pah kau a kong,5
1159,./data/wav_gen/wav/001159_indextts_disgusted.wav,gua se han e si phue hu bo ho,disgusted,gua se han e si，hue hu bo ho,2
1160,./data/wav_gen/wav/001160_indextts_angry.wav,kin a jit gua beh kong e te bok si gua siong ai e lang,angry,kin a tit，gua beh kong e te bok si，gua siong ai e lang lang,8
1161,./data/wav_gen/wav/001161_indextts_angry.wav,tsin gau senn thau huat bue,angry,tsin gau se thau huat pue,3
1162,./data/wav_gen/wav/001162_indextts_fearful.wav,khah tsa tshu lai bang tsiann kau,fearful,khah tsa tshu lai bang tsiann kau,0
1163,./data/wav_gen/wav/001163_indextts_fearful.wav,tiann tiann khi hoo bang a ting kah kui thau kui bin,fearful,tiann tiann khi hoo bang a，ting kah kui thau kui bin,1
1164,./data/wav_gen/wav/001164_indextts_fearful.wav,tsit phok tsit phok ang ki ki,fearful,tsit phoo tsit phoo ang ki ki,2
1165,./data/wav_gen/wav/001165_indextts_fearful.wav,in ui tsin tsiunn to it tit khi ka giau,fearful,in ui tsin tsiunn，to it tit khi ka giau,1
1166,./data/wav_gen/wav/001166_indextts_surprised.wav,giau kah huat hong koh pu lang,surprised,iau ka huat hong koo puh lang,4
1167,./data/wav_gen/wav/001167_indextts_happy.wav,kui liap thau long si liap a,happy,kui liap thau long si liap a,0
1168,./data/wav_gen/wav/001168_indextts_surprised.wav,tshiunn tshau thau kang khuan,surprised,tshiu，tshau thau kang kuan,4
1169,./data/wav_gen/wav/001169_indextts_angry.wav,a ma khuann tioh tsiann m kam,angry,a ma khuann tioh tsia m kam,2
1170,./data/wav_gen/wav/001170_indextts_disgusted.wav,to tsau khi tiong ioh tiam kap tsin tsu hun tng lai hoo gua tsiah koh hoo gua buah,disgusted,to tsau khi tiong ioh tiam kah tsin tsu hun tng lai hoo gua tsiah，koh hoo gua buah,2
1171,./data/wav_gen/wav/001171_indextts_happy.wav,tsu gua u ki ti kau tann,happy,tsu a u ki ti kau ta,4
1172,./data/wav_gen/wav/001172_indextts_happy.wav,gua ti leh siunn tin tsu hun it ting si kui som som,happy,gua ti leh siunn，tin tsu hun it ting si kui sok sok,3
1173,./data/wav_gen/wav/001173_indextts_happy.wav,a ma tioh ai khioh gua tse ki 寶特瓶 tsiah u thang be tsin tsu hun,happy,a ma tioh ai khio gua tse gi gai tho phin tsia，u thang be tsin tsu hun,16
1174,./data/wav_gen/wav/001174_indextts_surprised.wav,siunn kau tsia,surprised,siunn kau tsia,0
1175,./data/wav_gen/wav/001175_indextts_happy.wav,gua kam siu tioh a ma si se kan siong ai gua e lang,happy,gua kang siu tioh a ma si，te kan siong ai gua e lang,4
1176,./data/wav_gen/wav/001176_indextts_neutral.wav,gua tsit ma teh thak kok sio,neutral,gua tsit ma teh thak koo siooh,3
1177,./data/wav_gen/wav/001177_indextts_disgusted.wav,tak kang ke bue thi kau bue pui e si,disgusted,tak kang ke bue ti kauh bue pui e si,2
1178,./data/wav_gen/wav/001178_indextts_angry.wav,a ma to e khi lai tsu tsa tng hoo gua tsiah,angry,a ma too e khi lai tsu tsa tng hoo gua tsia,2
1179,./data/wav_gen/wav/001179_indextts_neutral.wav,a ma e kun muai tsian nng,neutral,a ma e kun muai tsian nng,0
1180,./data/wav_gen/wav/001180_indextts_surprised.wav,koh tsha tsit hang tshenn tshai hoo gua phue,surprised,koh ttha，tsit hang the thai hoo gua phue,6
1181,./data/wav_gen/wav/001181_indextts_disgusted.wav,a ma kong ka ki tsu e tsong pi gua khau be e khah ho,disgusted,a ma kong ka ki tsu e，tsong pi kua khau be khah ho,4
1182,./data/wav_gen/wav/001182_indextts_neutral.wav,gua m bat khuann kue guan ma ma,neutral,gua m bat khuann kue uan ma ma,1
1183,./data/wav_gen/wav/001183_indextts_happy.wav,tsiah tioh ma khah an sim,happy,tsiah ting ma khah an sim,2
1184,./data/wav_gen/wav/001184_indextts_disgusted.wav,tsit ma tian si koh it tit po hit lo 塑化劑,disgusted,tsi ma tian si koh it tit poo hit loo，su huah mo,13
1185,./data/wav_gen/wav/001185_indextts_happy.wav,na tsiah siunn tse tui sin the tsiann bai,happy,na tsiah siunn tse，tui sin the tsiah bai,3
1186,./data/wav_gen/wav/001186_indextts_surprised.wav,li gin a lang tu beh tua,surprised,li gin a lang tu be tua,1
1187,./data/wav_gen/wav/001187_indextts_fearful.wav,sin the ai koo hoo kiann,fearful,sin the ai koo hoo kiann,0
1188,./data/wav_gen/wav/001188_indextts_neutral.wav,au pai tsiah u thang kian lip tsit e khuai lok e ka ting,neutral,au pai tsia u thang kian li tsit e khuai loo e ka tioh,5
1189,./data/wav_gen/wav/001189_indextts_sad.wav,sui jian hian tshu si gua iau koh se han,sad,sui lian hian tshu si，gua iau koh se han,2
1190,./data/wav_gen/wav/001190_indextts_happy.wav,m koh a ma tui gua e kuan sim kah thiann ai,happy,m koh a ma tui gua e kuan sin kah thiann ai,1
1191,./data/wav_gen/wav/001191_indextts_fearful.wav,gua e ing uan ki tiam sim lai,fearful,gua e ing uan ki tiam sim nai,1
1192,./data/wav_gen/wav/001192_indextts_neutral.wav,tsit ma gua tioh ai ho ho iu hau a ma,neutral,tsit ma，gua tioh ai ho hoo iu hau a ma,2
1193,./data/wav_gen/wav/001193_indextts_angry.wav,pa pa ui tioh kui ke hue e sing uah,angry,pa pah ui tioh kui ke hue sin uann,6
1194,./data/wav_gen/wav/001194_indextts_angry.wav,tan gua tua han,angry,tann gua tua han,1
1195,./data/wav_gen/wav/001195_indextts_sad.wav,gua beh po tap a ma iong iok gua e un tsing,sad,gua peh po tah a ma iong iok gua e un tsing,2
1196,./data/wav_gen/wav/001196_indextts_happy.wav,koh tsiong tsit hun un tsing ka thuan loh khi,happy,kok tsiong tsit hun un tsin ka thuan loh khi,2
1197,./data/wav_gen/wav/001197_indextts_neutral.wav,tsue au gua beh kong,neutral,tsue au gua beh kong,0
1198,./data/wav_gen/wav/001198_indextts_neutral.wav,a ma li si gua ing uan ing uan siong ai e lang,neutral,a ma，li si u a ing uan ing uan siong ai e lang,3
1199,./data/wav_gen/wav/001199_indextts_fearful.wav,gua e ian kang to kong kau tsia,fearful,gua i in kang to kong kau tsia,2
1200,./data/wav_gen/wav/001200_indextts_surprised.wav,kam sia kok ui,surprised,kam sia kok ui,0
1201,./data/wav_gen/wav/001201_indextts_fearful.wav,thau jit ti gua khau pun pho tsau tsong,fearful,thau tsit ti ua khau pun phoo tsau tsong,4
1202,./data/wav_gen/wav/001202_indextts_happy.wav,u tang si kui na kang tsiah u thang tng lai tsit pai,happy,u tang si kui na kang tsiah u thang tng lai tsit，pai,1
1203,./data/wav_gen/wav/001203_indextts_neutral.wav,tshio si hong guan hit e tann sai e,neutral,tshioo si hong guan hit e tann sai e,1
1204,./data/wav_gen/wav/001204_indextts_happy.wav,tsing tsoh tsin tsio teh iong hua hak pui liau,happy,tsin tsoo tsin tsioo te iong huah hapui liau,7
1205,./data/wav_gen/wav/001205_indextts_sad.wav,long tsok but ai iong tioh e pui,sad,long tsok but ai iong tioh e pui,0
1206,./data/wav_gen/wav/001206_indextts_neutral.wav,long ma ka ki tse tso sing san e,neutral,long ma ka ki tse tso sing san e,0
1207,./data/wav_gen/wav/001207_indextts_happy.wav,tshiunn kong ke sai pui ti sai pui kah lang ka ki pang tshut lai e tua pui,happy,tshiunn kong ke sai pui ti sai pui kah lang ka ki pang tshu lai e tua pui,1
1208,./data/wav_gen/wav/001208_indextts_neutral.wav,ah si iong tiu tshau pun so khi au tso pui,neutral,ah si iong tiu tshau，pun soo khi au tsoo put,4
1209,./data/wav_gen/wav/001209_indextts_sad.wav,koh tsit tsiong to si tua ti ke a lai e lang,sad,koh tsit tsiong to si tua ti ke a lai e lang,0
1210,./data/wav_gen/wav/001210_indextts_neutral.wav,tui hia e pang tshut lai e mih kiann ka ki bo loo iong,neutral,tui hia e pang tshut lai e min kia ka ki boo loo iong,4
1211,./data/wav_gen/wav/001211_indextts_fearful.wav,to e u tsit kua tsoh sit lang lai in beh ai in e tua pui,fearful,to e u tsit kua tso sit lang lai in beh ai in e tua pui,1
1212,./data/wav_gen/wav/001212_indextts_surprised.wav,sui lian in tse bian hu tsinn,surprised,sui lian in tse bian hu tsinn,0
1213,./data/wav_gen/wav/001213_indextts_disgusted.wav,m koh kue ni kue tseh iau si ai sang tsit e a le but,disgusted,m koh kue ni kue tse，ia si ai sang tsit e a le but,3
1214,./data/wav_gen/wav/001214_indextts_happy.wav,tsok tsia kang ting tshiu,happy,tsuok tsia，kang tin tshiu,3
1215,./data/wav_gen/wav/001215_indextts_fearful.wav,na bo gua ka iah leh,fearful,na bo gua ka iah leh,0
1216,./data/wav_gen/wav/001216_indextts_angry.wav,me ni to hoo pat lang in khi,angry,me ni tioh hoo pat lang in khi,2
1217,./data/wav_gen/wav/001217_indextts_angry.wav,u tsit e be ke e sing li lang,angry,u tsit e be ke e sing li lang,0
1218,./data/wav_gen/wav/001218_indextts_sad.wav,tak kang to e tann tioh i hit tann ke,sad,tak kang to e tah tioh，i hit tak ke,5
1219,./data/wav_gen/wav/001219_indextts_neutral.wav,ti tak si ke e tsng a thau tsit e tsit e khi kio be,neutral,ti tak si ke e tsng a thau tsit e tsit e khi kioo be,1
1220,./data/wav_gen/wav/001220_indextts_fearful.wav,na kau tiong tau i to e khi tsng gua e tua tshiu kha,fearful,na kau tiong tau i to e khi tsng gua e tua tshiu kha,0
1221,./data/wav_gen/wav/001221_indextts_surprised.wav,tsiah png kann hioh tau,surprised,tsiah png ka hioh tauh,3
1222,./data/wav_gen/wav/001222_indextts_happy.wav,tsit kua na ti i tann khi be e si hu bo tioh e,happy,tsit kua na ti i ta khi be e si hu boo tioh e,3
1223,./data/wav_gen/wav/001223_indextts_fearful.wav,long tsai iann ti tiong tau i hioh khun e si,fearful,long tsai a ti tiong tau i hioh khun e si,3
1224,./data/wav_gen/wav/001224_indextts_sad.wav,lai tsia ka kau kuan,sad,lai tsia ka kau kuan,0
1225,./data/wav_gen/wav/001225_indextts_surprised.wav,tsin tsa i tsing,surprised,tsin tsa i tsing,0
1226,./data/wav_gen/wav/001226_indextts_neutral.wav,be ke si u phiat poo e,neutral,be ke si u phiat poo e,0
1227,./data/wav_gen/wav/001227_indextts_sad.wav,ai sing iong tsing thau a ka tsam tsit sut a lai tshui nih tam khuann u kam phinn khuann u phang bo,sad,ai sing iong tsing thau a ka tsam tsit su a lai tshui ni，tam khuann u kam phinn khuann u phang bo,3
1228,./data/wav_gen/wav/001228_indextts_surprised.wav,in ui na si kui tann an ne phinn,surprised,in ui na si kui tah an ne phinn,2
1229,./data/wav_gen/wav/001229_indextts_fearful.wav,khi bi siunn tang,fearful,khi bi siu tang,2
1230,./data/wav_gen/wav/001230_indextts_sad.wav,tshau tsho phih pha,sad,tshau tsho phih pha,0
1231,./data/wav_gen/wav/001231_indextts_surprised.wav,gua9 bai bi leh,surprised,gua pai pi leh,3
1232,./data/wav_gen/wav/001232_indextts_neutral.wav,tsin tu ho u tsit kang tsit e be ke e hioh khun bo lai be,neutral,tsin tu ho，u tsit kang tsit e be ke e hioh khun bo lai be,1
1233,./data/wav_gen/wav/001233_indextts_disgusted.wav,ma hiah tu tshian,disgusted,ma hiah tu tshian,0
1234,./data/wav_gen/wav/001234_indextts_surprised.wav,u tsit e tua hong guan e tsoh sit lang,surprised,u tsit e tua hong uan e tsoo sit lang,2
1235,./data/wav_gen/wav/001235_indextts_surprised.wav,khi siu tua pui tng lai kau puann loo,surprised,khi siu tua pui tng lai kau pua loo,2
1236,./data/wav_gen/wav/001236_indextts_happy.wav,lan tai uan iau si long giap sia hue,happy,lan tai uan iau si long giap sia hue,0
1237,./data/wav_gen/wav/001237_indextts_angry.wav,pak too bo song khuai,angry,pat too bo song khuai,1
1238,./data/wav_gen/wav/001238_indextts_angry.wav,to tsit tann tua pui khng tiam tshiu a kha,angry,tioh tsit tah tua pui khng tiam tshiu a kha,4
1239,./data/wav_gen/wav/001239_indextts_fearful.wav,siunn kong tua pui bo lang e thau tsiah tioh lah,fearful,siunn kong tua pui bo lang e thau tsiah tioh lah,0
1240,./data/wav_gen/wav/001240_indextts_neutral.wav,ka ki kin khi tshau poo a lai tshue soo tsai siau thau,neutral,ka ki kin khi tshau poo a lai tshue soo tsai siau thau,0
1241,./data/wav_gen/wav/001241_indextts_sad.wav,hiah tu ho,sad,hia tu ho,1
1242,./data/wav_gen/wav/001242_indextts_happy.wav,tsit e tua tshiu kha,happy,tsit e tua tshiu kha,0
1243,./data/wav_gen/wav/001243_indextts_angry.wav,to si hit e be ke e tiann tiann hioh tau e soo tsai,angry,to si hit e be ke e，tiann tiann hiau tau e soo tsai,3
1244,./data/wav_gen/wav/001244_indextts_angry.wav,si kan ia tu ho tiong tau si,angry,si kan ia tu ho tiong tau si,0
1245,./data/wav_gen/wav/001245_indextts_disgusted.wav,he tua pui e sik tsui kah ke si sio ua sio ua,disgusted,he tua pui e sik tsui，ka ke si sio ua sio ua,2
1246,./data/wav_gen/wav/001246_indextts_disgusted.wav,long si oo oo koh tai sio khua ang huann ang huann,disgusted,long si oo oo，koh tai sio khua ang huann ang huann,1
1247,./data/wav_gen/wav/001247_indextts_angry.wav,soo iong soo tsiah e mih kiann,angry,sau iong tsau tsiah e mih kiann,5
1248,./data/wav_gen/wav/001248_indextts_neutral.wav,khi bi ma si tshau tsho a tshau tsho,neutral,khi bi ma si tshau tshoo a tshau tsho,1
1249,./data/wav_gen/wav/001249_indextts_angry.wav,na bo tsim tsiok khuann un un a phinn,angry,na bo tsim tsiok khuann，gun gun a phi,5
1250,./data/wav_gen/wav/001250_indextts_neutral.wav,si hun bo siann e tshut lai,neutral,si hu moo siann e tshut lai,3
1251,./data/wav_gen/wav/001251_indextts_angry.wav,hiah tu ho,angry,hia tu ho,1
1252,./data/wav_gen/wav/001252_indextts_happy.wav,ke e sing li tik piat ka iah,happy,ke e sin nih，tik peh kai a,10
1253,./data/wav_gen/wav/001253_indextts_angry.wav,be ke e bo lai be,angry,be ke boo lai be,3
1254,./data/wav_gen/wav/001254_indextts_happy.wav,tak ke suah kio si lang kue be bo tioh,happy,tak ke sua kio si tsang kue be boo tioh,4
1255,./data/wav_gen/wav/001255_indextts_angry.wav,tse tse lang to lai tua tshiu kha beh ka kau kuan,angry,tse tse e lang to lai tua tshiu kha，beh ka kau kuan,3
1256,./data/wav_gen/wav/001256_indextts_angry.wav,lai beh be ke e si si suann suann,angry,lai be be ke e，si si suann suann,2
1257,./data/wav_gen/wav/001257_indextts_fearful.wav,tsit e tsit e lai,fearful,tsit leh tsit leh lai,4
1258,./data/wav_gen/wav/001258_indextts_neutral.wav,tua poo hun long si ka ki sing san e,neutral,tua poo hun long si ka ki sing tsan e,1
1259,./data/wav_gen/wav/001259_indextts_angry.wav,hia e lang kau ui tsit khuann,angry,hia e lang kah ui tsit khuann,1
1260,./data/wav_gen/wav/001260_indextts_surprised.wav,bo khuainnh be ke e,surprised,bo khuai be kue,5
1261,./data/wav_gen/wav/001261_indextts_disgusted.wav,kan na tsit tann ke khng ti tshiu a kha,disgusted,kah na tsit tann ke e khng ti tshiu a kha,3
1262,./data/wav_gen/wav/001262_indextts_happy.wav,sui e to kah i ong kang khuan,happy,tsui e to ka iong kang khuan,3
1263,./data/wav_gen/wav/001263_indextts_disgusted.wav,iong tsing thau a tsam tsit sut a lai tshui nih tam khuann mai,disgusted,iong tsin thau a tsam tsit su a lai tshui ni，tam khuann mai,4
1264,./data/wav_gen/wav/001264_indextts_disgusted.wav,tam suah na io thau na li khui,disgusted,tam suann na io thau na lih，hui,4
1265,./data/wav_gen/wav/001265_indextts_neutral.wav,tsit e si tsun,neutral,tsi le si tsun,2
1266,./data/wav_gen/wav/001266_indextts_sad.wav,hit e siu tua pui e tsoh sit lang,sad,hit e siu tua pui e tso sit lang,1
1267,./data/wav_gen/wav/001267_indextts_surprised.wav,pang ho na lang khoo na kiann tshut lai,surprised,pang ho na lang khoo na kiann tshut lai,0
1268,./data/wav_gen/wav/001268_indextts_disgusted.wav,khuann tioh hia e lang,disgusted,khuah tioh hia e lang,2
1269,./data/wav_gen/wav/001269_indextts_angry.wav,han tit khi ke a ah si tshi a be tang be sai,angry,ham tit khi ke a ah si tshi a be tang be sai,1
1270,./data/wav_gen/wav/001270_indextts_neutral.wav,tsit e tsit e teh tsam i hit tann tua pui,neutral,tsi le tsit le teh tsam i hit tah tua pui,5
1271,./data/wav_gen/wav/001271_indextts_angry.wav,i kam kak honn ki koh ho tshio,angry,i kam kak hoo ki koh hoo tshio,3
1272,./data/wav_gen/wav/001272_indextts_neutral.wav,bo phah tshenn kiann in,neutral,bo phah tshenn kiann in,0
1273,./data/wav_gen/wav/001273_indextts_sad.wav,tiam tiam a bih ti tshau poo a lai khuann,sad,tiam tiam a pi ti，tshau poo a lai khuann,3
1274,./data/wav_gen/wav/001274_indextts_fearful.wav,lian siok kui na tsap e long lai tsuinn tua pui,fearful,lian siok kui na tsa e long lai tsuinn tua pui,1
1275,./data/wav_gen/wav/001275_indextts_fearful.wav,i na khuann na ho tshio,fearful,i na khuann na hoo tshio,1
1276,./data/wav_gen/wav/001276_indextts_angry.wav,koh m kann tshio tshut siann,angry,kong m kau tshio tsu siann,6
1277,./data/wav_gen/wav/001277_indextts_disgusted.wav,tsit e sit tsu i,disgusted,tsit e si tsu i,1
1278,./data/wav_gen/wav/001278_indextts_disgusted.wav,tshio siunn tua lat,disgusted,tshio siunn tua lat,0
1279,./data/wav_gen/wav/001279_indextts_fearful.wav,suah khi tsak tioh khui,fearful,suah khi tsak tioh khui,0
1280,./data/wav_gen/wav/001280_indextts_sad.wav,u e to si lang tann lai be e,sad,u e to si lang tann lai be e,0
1281,./data/wav_gen/wav/001281_indextts_angry.wav,tsit khau khui tshuan be khi lai,angry,tsi thau khui，tshuan be khi lai,3
1282,./data/wav_gen/wav/001282_indextts_surprised.wav,tsu an ne sit kiu kue ong khi,surprised,tsu an ne sit kiu kue ong khi,0
1283,./data/wav_gen/wav/001283_indextts_angry.wav,m tsiah e liu thuan tsit ku tshio si hong guan hit e tann sai e,angry,m tsiah e liu thuan tsit ku tshio si hong guan hit e tah sai e,2
1284,./data/wav_gen/wav/001284_indextts_surprised.wav,tsa tsing long giap si tai,surprised,tsa tsing long iah si tai,2
1285,./data/wav_gen/wav/001285_indextts_sad.wav,soo ji,sad,soo ji,0
1286,./data/wav_gen/wav/001286_indextts_fearful.wav,sua loh lai khuann hua lian kuan bin a tsai peh ho e thinn khi,fearful,suah looh lai khuann hua lian kuan，mi a tsai peh ho e thinn khi,5
1287,./data/wav_gen/wav/001287_indextts_fearful.wav,un too ji tsap lak tsi sann tsap it too loh hoo ki lut sann tsap%,fearful,un tooh ti tap la tsi sat tsap it too，loo hoo ki lut tsap tsap pha,15
1288,./data/wav_gen/wav/001288_indextts_surprised.wav,lai pin peh pah tshit tsap lak ho tshiann lai tsap ji ho kui tai pan li,surprised,lai pin peh pah tshit tsap tak ho，tshia lai tsa ji ho kui tai pan li,5
1289,./data/wav_gen/wav/001289_indextts_angry.wav,long tsong lak pah tshit tsap tshit khoo tsau li ji tsap sann khoo,angry,long tsong lau pah tshit tsap tshit khoo，tsau li i tsap sa khoo,5
1290,./data/wav_gen/wav/001290_indextts_neutral.wav,kin a jit si goo gueh ji goo pai sann,neutral,kin a di si goo ue di goo，pai sann,6
1291,./data/wav_gen/wav/001291_indextts_fearful.wav,gua e hoo tsiau ho be si pat ji khong sam khong sam tshit kiu pat,fearful,gua e hoo tsiau ho be si，pat li khong san khong san tshit kiu pat,4
1292,./data/wav_gen/wav/001292_indextts_fearful.wav,gun tau e tian ue ho be si khong ngoo su liok su kiu kiu liok ngoo,fearful,gun tau e tian ue ho be si，khong ngoo su liok su kiu kiu liok ngoo,1
1293,./data/wav_gen/wav/001293_indextts_fearful.wav,i ti ji khong khong khong ni tshut si,fearful,i ti gu khong khong ni tshut si,8
1294,./data/wav_gen/wav/001294_indextts_happy.wav,tshiann pang gua tsuan hun ki liok ji liok it,happy,tshia pang gua tsuan hun ki liok li liok it,3
1295,./data/wav_gen/wav/001295_indextts_neutral.wav,sing uah tui ue,neutral,sing ua tui ue,1
1296,./data/wav_gen/wav/001296_indextts_fearful.wav,put si tua piann sau tshu lai tsin tshing khi,fearful,put si tua piah sau，tshu lai tsin tshin khi,4
1297,./data/wav_gen/wav/001297_indextts_fearful.wav,hann9 li kong siann,fearful,ha li kong siannoh,5
1298,./data/wav_gen/wav/001298_indextts_sad.wav,he khong khi tshing tsing ki li a sio uann tsit e to ho ah lah,sad,he khong khi tshing tsin ki，li a sio mua tsit e，to ho ah lah,6
1299,./data/wav_gen/wav/001299_indextts_happy.wav,honnh he bo kang lah lang kong tshing tshu tsiah e hu neh,happy,hooh he boo kang lah，lang kong tshin tshu tsiah e hu neh,5
1300,./data/wav_gen/wav/001300_indextts_surprised.wav,gua khuann lan kheh thiann si ke ing ia,surprised,gua khuann lan kheh thiann si keh in ia,2
1301,./data/wav_gen/wav/001301_indextts_surprised.wav,gua e poo tshit tian si tu thau tsing thoo hun gua kau li tsai bo,surprised,gua e poo tshi tian si tu thau tsing，thoo hun gua kau，li tsai boo,4
1302,./data/wav_gen/wav/001302_indextts_angry.wav,li si ka tsia long tong tso thiann thau tsit ni tshing thun tsiah piann tsit kai sioh,angry,li si ka tsia long tang tso thiann thau，tsit ni tshin thun tsia piah tsit kai sioh,6
1303,./data/wav_gen/wav/001303_indextts_fearful.wav,eh li na e tsai gua kam kak an ne tsin ho ah,fearful,eh，li na e tsai gua kan kak an ne tsin ho ah,2
1304,./data/wav_gen/wav/001304_indextts_neutral.wav,ping siong si mai khi kiau jiau tioh ki tha pang kheh,neutral,ping siong si mai khi kiau liau tioh gi the pang kheh,3
1305,./data/wav_gen/wav/001305_indextts_surprised.wav,li m tsai he ti tu ah hoo sin hoo sian thang a ah,surprised,li m tsai he ti tu a，hoo sin hoo sian thang a a,3
1306,./data/wav_gen/wav/001306_indextts_sad.wav,long gua tshi lai tau liah bang thang e,sad,long gua tshi lai tau liah bang thang e,0
1307,./data/wav_gen/wav/001307_indextts_happy.wav,tso ka bu e tui ue,happy,tsoo ka bu e tui ue,1
1308,./data/wav_gen/wav/001308_indextts_angry.wav,kau hia ma e the lan puann tsit kua iu sap a,angry,kau hia ma e the lan puann tsit kua iu sat a,1
1309,./data/wav_gen/wav/001309_indextts_surprised.wav,eh gua kam kak li tsue kin tiann tiann lau phinn phah ka tshiunn,surprised,eh，gua kam kak li tsue kin tiah tiah lau phi，phah ka tshiunn,8
1310,./data/wav_gen/wav/001310_indextts_sad.wav,kam si tshu lai siunn lap sap a tsa ah,sad,kam si tshu lai siu lap sa a tsa,6
1311,./data/wav_gen/wav/001311_indextts_happy.wav,gua kin a jit si ke sun sun huat kian lan thian pong piah kak long u ti tu si neh,happy,gua kin a li si ke sun sun，huat kian lan thian pong piah kah long u ti tu si neh,4
1312,./data/wav_gen/wav/001312_indextts_neutral.wav,ji tshiann lan tsu kiat hun liau kan na long bo se kue kha tian koh u mng ni,neutral,li tshiann lan tsu kiat hun liau kan na long bo se kue kha tian，koo u mng ni,3
1313,./data/wav_gen/wav/001313_indextts_happy.wav,lan u ing kam beh lai piann sau tsit e,happy,lan u in kam beh lai piah sau tsit e,3
1314,./data/wav_gen/wav/001314_indextts_angry.wav,hannh ke bo thiann—e,angry,hah，ke boo thiann e,5
1315,./data/wav_gen/wav/001315_indextts_surprised.wav,an ne gua lai be tsit tai sau thoo kha e ki khi lang,surprised,an ne，gua lai be tsit tai，tsau thoo khah e ki khi lang,4
1316,./data/wav_gen/wav/001316_indextts_surprised.wav,bun tsiong it,surprised,bun tsiong it,0
1317,./data/wav_gen/wav/001317_indextts_happy.wav,tshoo hui kap iu hui,happy,tshoo hui kap iu hui,0
1318,./data/wav_gen/wav/001318_indextts_sad.wav,lan to ka kio tso iu hui,sad,lan to ka kio tso iu hui,0
1319,./data/wav_gen/wav/001319_indextts_sad.wav,it puann hua gi na si tshing hoo tso 陶瓷,sad,i puann hua gi na si tshing hoo tso，tau tsi te,11
1320,./data/wav_gen/wav/001320_indextts_fearful.wav,lan to tit tsiap ka kio tso hui a toh ho,fearful,lan too ti tsiah ka kio tso hui a to hoo,5
1321,./data/wav_gen/wav/001321_indextts_neutral.wav,m ko,neutral,m koo,1
1322,./data/wav_gen/wav/001322_indextts_surprised.wav,tshoo hui kap iu hui beh an tsuann lai khu piat,surprised,tshoo hui kah iu hui，be an tsuann lai khu piat,3
1323,./data/wav_gen/wav/001323_indextts_disgusted.wav,lan tsi iau kan tan pa ak hong hue tsui thoo si ji,disgusted,nan tsi iau kan tan pa a hong，hueh tsui hoo si ji,5
1324,./data/wav_gen/wav/001324_indextts_angry.wav,to e sai khin khin sang sang u kua kai liam oo9,angry,to e sai khin tsin sang sang，u kua kai liam o oo,5
1325,./data/wav_gen/wav/001325_indextts_angry.wav,sing lai khuann thoo e tsha piat,angry,sing lai khuann thoo e tsha piat,0
1326,./data/wav_gen/wav/001326_indextts_angry.wav,na beh sio tshut iu hui,angry,na beh sio tsut iu hui,1
1327,./data/wav_gen/wav/001327_indextts_disgusted.wav,it ting toh ai iong ko nia thoo,disgusted,it ting to ai iong ko nia thoo,1
1328,./data/wav_gen/wav/001328_indextts_angry.wav,tsok tsia lim tshong bing,angry,tsuah tsia bim thong min,7
1329,./data/wav_gen/wav/001329_indextts_surprised.wav,in ui ko nia thoo lai te tsha put to bo thih a ting ting e tsap tsit,surprised,in ui，koo nia thoo lai te tsha put too boo thi a ting ting e tsap tsit,5
1330,./data/wav_gen/wav/001330_indextts_disgusted.wav,soo i na si uan tsuan bo kap iu,disgusted,soo i na si uan tsuan bo kah iu,1
1331,./data/wav_gen/wav/001331_indextts_surprised.wav,sio tshut lai e iu hui e tsin ua kin peh sik,surprised,siau tshut lai e iu hui e tsin ua kin peh sit,3
1332,./data/wav_gen/wav/001332_indextts_fearful.wav,ti koo tsa e se iunn se kai,fearful,ti koo tsa e se iu se kai,2
1333,./data/wav_gen/wav/001333_indextts_fearful.wav,in bo huat too sio tshut tsit tsiong iu hui,fearful,in bo huat too sio tshut tsit tsiong iu hui,0
1334,./data/wav_gen/wav/001334_indextts_sad.wav,long e ka i kio tso peh kim,sad,long e ka i kio tso peh kim,0
1335,./data/wav_gen/wav/001335_indextts_disgusted.wav,na si it puann tshoo hui e thoo tsit,disgusted,na si it puann tshoo hui e thoo tsit,0
1336,./data/wav_gen/wav/001336_indextts_fearful.wav,na bo kap iu,fearful,na poo kah iu,3
1337,./data/wav_gen/wav/001337_indextts_disgusted.wav,sio tshut lai to be si peh sik e,disgusted,sio tshut lai to be si peh sik e,0
1338,./data/wav_gen/wav/001338_indextts_disgusted.wav,koh lai si tsui e kai liam,disgusted,koh lai si tsui e kai liam,0
1339,./data/wav_gen/wav/001339_indextts_disgusted.wav,lan sing uah tang tiong u tsiok tse hui a e tse phin,disgusted,lan sin uah tang tiong u tsiok tse hui a e tse phinn,2
1340,./data/wav_gen/wav/001340_indextts_surprised.wav,tiau kiann si ai sio ho kiam bo kap iu e hui a,surprised,tiau kiann si ai sioo hoo kiam，bo kah iu e hui a,4
1341,./data/wav_gen/wav/001341_indextts_neutral.wav,lan na si ka iu hui te tsui,neutral,lan na si ka iu hui te tsui,0
1342,./data/wav_gen/wav/001342_indextts_fearful.wav,i si be siap tsui tshut lai e,fearful,i si be siap tsui tshut lai,2
1343,./data/wav_gen/wav/001343_indextts_sad.wav,siong tui na si tshoo hui theh lai te tsui,sad,siong tui na si tshoo hui theh lai te tsui,0
1344,./data/wav_gen/wav/001344_indextts_sad.wav,i to e ban ban a ban ban a siap tsui tshut lai,sad,i to e ban ban a ban ban a siah tsui tshut lai,1
1345,./data/wav_gen/wav/001345_indextts_angry.wav,ji tshiann iu hui e khip tsui lut tsuat tui ai ke kue sann pha i ha tsiah e sai,angry,li tshia iu hui e khip tsui lut tsuat tui ai ke kue sann pha i ha，tsia e saih,6
1346,./data/wav_gen/wav/001346_indextts_angry.wav,iau e ki tit nng tang tsing,angry,iau e kiat tin nng tang tsing,3
1347,./data/wav_gen/wav/001347_indextts_happy.wav,thiann tit tioh phau ka pi se kai kuan kun e tai uan suan tshiu kong,happy,kiann tit tioh phau ka pi，se kai kuan kun e tai uan suan tshiu kong,3
1348,./data/wav_gen/wav/001348_indextts_angry.wav,i tioh tsiong e ki tiong tsit e tiong iau in soo,angry,i tioh tsiong e ki tiong tsit e e tiong iau in sok,3
1349,./data/wav_gen/wav/001349_indextts_neutral.wav,to si ti ing ko be e ka pi pue a,neutral,too si ti in koo be e ka pi pue a,3
1350,./data/wav_gen/wav/001350_indextts_disgusted.wav,m ko he tau te si siann mih khuan tsai tsit leh,disgusted,m koh he tau te si siann mih khuan tsai tsit e,3
1351,./data/wav_gen/wav/001351_indextts_surprised.wav,i thiau kang king suan khip tsui lut tsok ke e iu hui pue a,surprised,i thiau kang kin suan，khi tsui luah tsok ke e，iu hui pue a,6
1352,./data/wav_gen/wav/001352_indextts_sad.wav,hoo phau tshut lai e ka pi,sad,hooh phau tshut lai ka pi,3
1353,./data/wav_gen/wav/001353_indextts_angry.wav,lai te e hue phang kap kue tsi phang khi,angry,lai te e hue phang kah kue tsi phang khi,1
1354,./data/wav_gen/wav/001354_indextts_neutral.wav,uan tsuan be hoo pue a ing hiong lai khip siu khi,neutral,guan tsuan be hoo pue a in hiong lai khip siu khi,2
1355,./data/wav_gen/wav/001355_indextts_happy.wav,phing sim e tang phinn tioh tsap tsiok e phang khi,happy,phing sin e tam phi tioh tsak tsioo e phang ki,8
1356,./data/wav_gen/wav/001356_indextts_happy.wav,hoo i e ka pi tsok phin,happy,hoo i e ka pi tsok phin,0
1357,./data/wav_gen/wav/001357_indextts_disgusted.wav,e sai uan tsuan tian hian tshut guan lai e khi bi,disgusted,e sai uan tsuan tian hak kian tshu kuan lai e khi bi,6
1358,./data/wav_gen/wav/001358_indextts_sad.wav,m tsiah u ki hue lai tioh tsiong,sad,ngh tsiah u ki hue lai tioh tsiong,3
1359,./data/wav_gen/wav/001359_indextts_surprised.wav,sua loh si hue e in soo,surprised,tsua looh si hue e in sooh,3
1360,./data/wav_gen/wav/001360_indextts_fearful.wav,hue soo tai piau e si un too kap thang kng sing,fearful,hue soo tai piau e si，un too kap thang kng sin,2
1361,./data/wav_gen/wav/001361_indextts_sad.wav,tsiok tse lang sa bo tsang,sad,tsiok tse lang sa bo tsang,0
1362,./data/wav_gen/wav/001362_indextts_fearful.wav,tai sing si un too ai sio kah tsha put to tsit tshing nng pah sann tsap kau tsit tshing nng pah peh tsap too tso iu e kuan un i siong,fearful,tai sin si un too ai sio kah tsha put to tsit tshin nng pah sah tsap kau tsi tshin nng pah peh tsap too tsoo iu e kuan gun i siong,8
1363,./data/wav_gen/wav/001363_indextts_angry.wav,i tsiah e lai tsiann tso iu hui e tiau kiann tsi it,angry,i tsia e lai tsia tso iu hui e tiau kia tsi it,5
1364,./data/wav_gen/wav/001364_indextts_happy.wav,na si it puann tshoo hui e thoo tsit,happy,na si it puann tshoo hui e thoo tsit,0
1365,./data/wav_gen/wav/001365_indextts_surprised.wav,nge beh sio kah tsit tsiong kuan un,surprised,nge be sio kah tsit tsiong kuan un,1
1366,./data/wav_gen/wav/001366_indextts_angry.wav,na m si sio kah phua phua khi,angry,na m si sio kah phua phua khi,0
1367,./data/wav_gen/wav/001367_indextts_happy.wav,bo to si tsok phin e lai khu kha khi,happy,bo，to si tsok phin e lai khu kha khi,1
1368,./data/wav_gen/wav/001368_indextts_fearful.wav,koh lai si hue soo tai piau e thang kng sing,fearful,ku lai si hue soo tai piau e thang kng sing,2
1369,./data/wav_gen/wav/001369_indextts_happy.wav,tshoo hui ka theh lai tsio kng si tsuat tui be thang kng,happy,tshoo hui ka theh lai tsioh kng si tsuah tui be thang kng,2
1370,./data/wav_gen/wav/001370_indextts_neutral.wav,na si uan tsuan bo kap iu e iu hui ka theh lai tsio kng,neutral,na si uan tsuan boo kah iu e iu hui，ka the lai tsioo kng,5
1371,./data/wav_gen/wav/001371_indextts_disgusted.wav,i to e sio khua thang kng,disgusted,i too e sio khua thang kng,1
1372,./data/wav_gen/wav/001372_indextts_disgusted.wav,koh khah mai kong beh an tsuann lai khu piat ooh,disgusted,kok khah mai kong beh an tsuann lai khu peh looh,5
1373,./data/wav_gen/wav/001373_indextts_disgusted.wav,tsue au si hong e tsok iong,disgusted,tsue au si hong e tsok iong,0
1374,./data/wav_gen/wav/001374_indextts_surprised.wav,tse si in ui hong u huat too thuan sang siann im,surprised,tse si in ui hong u huat too thuan sang siann im,0
1375,./data/wav_gen/wav/001375_indextts_surprised.wav,na si iu hui iong tshiu ka tiak khuann mai a,surprised,na si iu hui iong tshiu ka tiah khuat mai a,3
1376,./data/wav_gen/wav/001376_indextts_neutral.wav,i e siann im e pi tiak tshoo hui e siann im koh khah tshe tsit kua,neutral,i e siann im e pi tiah，tshoo hui e siann im koh khah tsheh tsit kuah,4
1377,./data/wav_gen/wav/001377_indextts_neutral.wav,siong tui tshoo hui e siann im e khah tun,neutral,siong tui tshoo hui e siann im e khah tun,0
1378,./data/wav_gen/wav/001378_indextts_surprised.wav,m tsai an ni sinn tshoo hui kap iu hui e kan tan khu piat,surprised,m tsai an ne sinn tshoo hui kah iu hui e kan tan khu piat,2
1379,./data/wav_gen/wav/001379_indextts_sad.wav,si m si tsin sim sik,sad,si m si tsin sim sik,0
1380,./data/wav_gen/wav/001380_indextts_happy.wav,ban it na si tu tioh u lang kok pih thiau kang beh sit giam,happy,ban it，na si tu tioh u lang copy，khiau kang be sit gam,10
1381,./data/wav_gen/wav/001381_indextts_happy.wav,iong ko nia thoo kap tshoo hui a thoo lam lam tso hue khi sio,happy,iong koo ni a thoo kah tshoo hui a thoo lan lan tsoo hue khi sio,6
1382,./data/wav_gen/wav/001382_indextts_sad.wav,koh sio tshut ua beh tsit tshing nng pah too tso iu kuan un e tsok phin,sad,koh sio tshut，gua be tsit tshin nng pah too tsoo iu guan gun e tsok phin,7
1383,./data/wav_gen/wav/001383_indextts_neutral.wav,tai sing hua gi kong e 陶,neutral,tai sin hua gi kong e tau,4
1384,./data/wav_gen/wav/001384_indextts_angry.wav,to m tsai iann beh an tsuann tshing hoo,angry,to m tsai iann pi an tsuann tshing hoo,3
1385,./data/wav_gen/wav/001385_indextts_sad.wav,si tshoo hui iah si iu hui,sad,si tshoo hui ia si iu hui,1
1386,./data/wav_gen/wav/001386_indextts_disgusted.wav,bo iau kin lan to tit tsiap kio i hui a to ho,disgusted,bo iau kin liau te tsiah kio i，hui a to ho,9
1387,./data/wav_gen/wav/001387_indextts_happy.wav,lan to ka kio tso tshoo hui,happy,lan to ka kio tso tshoo hui,0
1388,./data/wav_gen/wav/001388_indextts_happy.wav,na si hua gi kong e 瓷,happy,na si hua gi kong e，tsi,4
1389,./data/wav_gen/wav/001389_indextts_sad.wav,bun tsiunn ji,sad,bun tsiu ji,2
1390,./data/wav_gen/wav/001390_indextts_happy.wav,tiong kok beh hoo lan kok bin thai gu liok ui hue bo pian poo,happy,tiong koo be hoo lang koo bin thai u liok ui hue bo pian poo,5
1391,./data/wav_gen/wav/001391_indextts_surprised.wav,ng bang tiong kok ti tui kiu sit lik the sing e si,surprised,m mang tiong koh，ti tui kiu sit lik theh sin e si,7
1392,./data/wav_gen/wav/001392_indextts_angry.wav,ma ai iong sin li loo lai khuann thai liong huann kuan he,angry,ma ai iong sin li loo lai khuann thai liong hua kuan he,2
1393,./data/wav_gen/wav/001393_indextts_angry.wav,tiong kiong tsap kau tai ui tsa khi kau tiam khai si,angry,tiong kiong tsa kau tai ui tsa khi kau tiam khai si,1
1394,./data/wav_gen/wav/001394_indextts_happy.wav,習近平 ti kang tsok po ko lai te,happy,ting phng ting tit kang tsoo poo ko lai te,17
1395,./data/wav_gen/wav/001395_indextts_angry.wav,u si pai kong tioh kiu ji kiong sik,angry,u si pai kong tioh kiu ji kong sik,1
1396,./data/wav_gen/wav/001396_indextts_disgusted.wav,piau si tsit e tiong kok guan tsik si liong huann kuan he e tsing ti kun te,disgusted,piau si tsit e tiong kok kuan tsio，si liong hua kuan he e tsing ti kun te,5
1397,./data/wav_gen/wav/001397_indextts_fearful.wav,sing jin kiu ji kiong sik jin tong liong huann kang siok tsit e tiong kok,fearful,sin lin kiu li kiong sit，lin tong liong hua kang siok tsit e tiong kok,8
1398,./data/wav_gen/wav/001398_indextts_neutral.wav,siang hong e tui ue to thang khi kiann,neutral,siang hong e tui ue too thang khi kiann,1
1399,./data/wav_gen/wav/001399_indextts_surprised.wav,tai uan jim ho tsing tong kap thuan the beh ham tiong kok lai khi ma be u tsoo gai,surprised,tai uan tin ho tsin tong kah thuan the，beh han tiong kok lai khi ma be u tsoo gai,6
1400,./data/wav_gen/wav/001400_indextts_angry.wav,tat tit tsu i e si,angry,tak ti tsu i e si,2
1401,./data/wav_gen/wav/001401_indextts_fearful.wav,tsok tsia lua tsiau lam,fearful,tsoo tsia lua tsiau lam,1
1402,./data/wav_gen/wav/001402_indextts_fearful.wav,習近平 koh kong,fearful,tsin pin koh kong,8
1403,./data/wav_gen/wav/001403_indextts_happy.wav,beh tsiau 兩岸一家親 e li liam,happy,beh tsiau，peh a e i tsia lian i liam,17
1404,./data/wav_gen/wav/001404_indextts_disgusted.wav,tauh tauh a hoo tai uan tong pau ti tai liok hak sip tshong giap sing uah,disgusted,tau tau a hoo tai uan tong pau ti tai lioh hak sip，tshong giap sing uah,4
1405,./data/wav_gen/wav/001405_indextts_sad.wav,the kiong kap tai liok tong pau kang khuan e thai gu,sad,the kiong kap tai liok，tong pau kang huan e thai gu,2
1406,./data/wav_gen/wav/001406_indextts_surprised.wav,u hun sik in sut bing thuan tai hak liong huann gian kiu tiong sim tsu jim kiam kau siu iunn khai hong e kai suat,surprised,u hun sik in sut bin thuan tai hak liong hua，ian kiu tiong sin tsu jin kiam kau siu iunn khai hong e kai suah,8
1407,./data/wav_gen/wav/001407_indextts_sad.wav,tiong kiong tsit kui tang ka liong huann kau liu e tiong tiam ui tai uan sua kau tiong kok,sad,tiong kiong tsit kui tang ka liong hua kau liu e tiong，tiam ui tai uan sua kau tiong kok,3
1408,./data/wav_gen/wav/001408_indextts_neutral.wav,beh siann tai uan e siau lian lang kau tiong kok tshong giap in thau loo,neutral,be siann tai uan e siau lian lang，kau tiong koo tshong iap in thau loo,4
1409,./data/wav_gen/wav/001409_indextts_surprised.wav,bi lai tai pau tsing e ho be,surprised,bi lai tai pau tsing e hoo pe,2
1410,./data/wav_gen/wav/001410_indextts_neutral.wav,phah sng beh kai kah kap tiong kok kong bin kang khuan,neutral,phah sng me kai kah kah kah tiong koo kong min ka huan,12
1411,./data/wav_gen/wav/001411_indextts_happy.wav,hoo tai uan lang ti tiong kok be ko thih phio thang kap tiong kok lang kang khuan,happy,hoo tai uan lang，ti tiong koo be ko thih phioh，thang ka tiong koo lang kang khuan,6
1412,./data/wav_gen/wav/001412_indextts_neutral.wav,tiong kok kiong san tong te tsap kau tshu tsuan kok tai piau tai hue tsap gueh tsap peh khui boo,neutral,tiong kok kiong suan tong te tsa kau tshu，tsuan kok tai piau tai hue tsap ue tsap peh kui moo,7
1413,./data/wav_gen/wav/001413_indextts_angry.wav,bian pai tui tit tsiap lu kha jip tsam ka thiam li pian sing,angry,bian pue tui ti tsiap lu kha ti tsam kah thiam ti pian sin,8
1414,./data/wav_gen/wav/001414_indextts_neutral.wav,iunn khai hong jin ui,neutral,iunn khai hong jin ui,0
1415,./data/wav_gen/wav/001415_indextts_neutral.wav,tse huan se piau si tiong kiong tui ka ki e huat tian tsin u sin sim,neutral,tse huan se，piau si tiong kiong tui ka ki e huat tian tsin u sin sim,1
1416,./data/wav_gen/wav/001416_indextts_happy.wav,tsun si tai uan lang lai kau tiong kok sia hue,happy,tsun si tai uan lang lai kau tiong kok siah，hue,2
1417,./data/wav_gen/wav/001417_indextts_fearful.wav,tio e tang ka liong huann e kha poo giu khah ua leh,fearful,tioh e tang ka liong hua e kha poo giu，khah ua leh,4
1418,./data/wav_gen/wav/001418_indextts_fearful.wav,liok ui hue e siann bing tsi tshut,fearful,liok ui hue siann mih tsi tshut,5
1419,./data/wav_gen/wav/001419_indextts_neutral.wav,tiong kiong tsap kau tai po ko tui tai tsing tshik uan na bo pian poo,neutral,tiong kiong tsa kau tai poo ko tui tai tsing tshik，uan a bo pian poo,4
1420,./data/wav_gen/wav/001420_indextts_neutral.wav,koh thiau kang kik tshut the hong nua tsah e thai too,neutral,koh thiau kang kio tshut the hong nua tsa e thai too,2
1421,./data/wav_gen/wav/001421_indextts_sad.wav,liok ui hue hoo iok tui huann tsin bak khuann tiong tsit e su sit,sad,liok ui hue，hoo iok tui huann tsin bak khuann tiong tsit e su sit,1
1422,./data/wav_gen/wav/001422_indextts_neutral.wav,koo tsit ping nge beh tsiann e it tiong guan tsik kap tsit kok nng tse,neutral,koo tsit ping nge me tsiann e，it tiong uan tsioh kah tsit kong nng tse,9
1423,./data/wav_gen/wav/001423_indextts_happy.wav,tiong kiong tsong su ki 習近平 leh po ko e si,happy,tiong kiong tsong su ki ing tsin pin，leh poo ko e si,13
1424,./data/wav_gen/wav/001424_indextts_disgusted.wav,tsin oh hann kue bin sim e tshim kau,disgusted,tsin onn ha kue bin sin e tshin kau,6
1425,./data/wav_gen/wav/001425_indextts_neutral.wav,liok ui hue kiong tiau,neutral,liok ui hue kiong tiau,0
1426,./data/wav_gen/wav/001426_indextts_happy.wav,tshua tsing hu u tsam tsat bo jia khang,happy,tshua tsin hu u tsam tsat，bo liah khang,4
1427,./data/wav_gen/wav/001427_indextts_fearful.wav,ui tshi hian hong tsun tiong it kiu kiu ji ni liong hue hue tam lik su su sit e lip tiunn bo pian,fearful,ui tshi hian hong，tsun tiong it kiu kiu jian ni liong hue hui tam tioh su su si e ti tiunn boo pian,11
1428,./data/wav_gen/wav/001428_indextts_sad.wav,m koh tiong hua bin kok si tsu khuan kok ka,sad,m koh tiong hua bin kok si tsu khuan kok ka,0
1429,./data/wav_gen/wav/001429_indextts_disgusted.wav,tai uan e bi lai kap liong huann kuan he si nng tshing sann pah ban lang e kiong tong suan tik,disgusted,tai uan e bi lai kau liong hua kuan he si nng tshing sann pah ban lang e kiong tong suan tik,3
1430,./data/wav_gen/wav/001430_indextts_neutral.wav,liong huann ai tso hue tshiau tshue sio kau tshap e sin loo,neutral,liong hua ai tsoo hue tshiau tshue sio kau tsha be sin loo,5
1431,./data/wav_gen/wav/001431_indextts_fearful.wav,tsiam tui tiong kiong tsap kau tai e po ko,fearful,tsing tui tiong kiong tsa kau tai e poo ko,4
1432,./data/wav_gen/wav/001432_indextts_sad.wav,si tai lik liong piau si,sad,si tai li liong piau si,1
1433,./data/wav_gen/wav/001433_indextts_neutral.wav,tsi tshi tshua tsong thong tsun tiong kiu ji hue tam lik su su sit e tsing tshik te tiau,neutral,tsi tshi tshua tsong thong，tsun tiong kiu i hue tam ji su su si e tsing tshik te tiau,5
1434,./data/wav_gen/wav/001434_indextts_disgusted.wav,tu liau koh kiong tiau kian kuat huan tui ping ap tse tai tok se lik,disgusted,tu liau kok kiong tiau，kian kuat huan tui ping at tse，tai too se lioh,7
1435,./data/wav_gen/wav/001435_indextts_surprised.wav,ma hoo iok tiong kiong ti tsit e tiong kok tsit e tai uan e ki tshoo siong,surprised,ma hoo iok tiong kiong ti tsit e tiong kok，tsit e tai uan e e ki tshoo siong,3
1436,./data/wav_gen/wav/001436_indextts_sad.wav,kap tai uan tsing hu tui ue khi tso liong huann tsing siong liong sing e kau tshap kuan he,sad,kah tai uan tsing hu tui ue，khi tso liong hua tsin siong liong sin e kau tsha kuan he,7
1437,./data/wav_gen/wav/001437_indextts_disgusted.wav,ling gua tsit hong bin,disgusted,lin ua tsit hong bin,2
1438,./data/wav_gen/wav/001438_indextts_surprised.wav,kok bin tong tsu sik ngoo tun gi kong,surprised,kok bin tong tsu sit ngoo tun ki kong,2
1439,./data/wav_gen/wav/001439_indextts_fearful.wav,ai u it tiong kok piau e kiu ji kiong sik,fearful,ai u it tiong kok piau e kiu ji kiong sioh,2
1440,./data/wav_gen/wav/001440_indextts_surprised.wav,tsiah thang po tsing tiong hua bin kok e tsu khuan kap tsun giam,surprised,tsiah thang po tsing，tiong hua bin kok eh tsu khuan kah tsun giam,3
1441,./data/wav_gen/wav/001441_indextts_neutral.wav,ma kong tioh tui tai khang khue e tiong tiam,neutral,ma kong tioh tui tai khang khue e tiong tiam,0
1442,./data/wav_gen/wav/001442_indextts_disgusted.wav,the kiong tai uan lang ti tiong kok e kok bin thai gu,disgusted,the kiong tai uan lang ti tiong koo ke kok min thai gu,3
1443,./data/wav_gen/wav/001443_indextts_happy.wav,hing tsing inn tai liok ui guan hue lin ui,happy,hin tsin i，tai liok ui uan hue e lin ui,8
1444,./data/wav_gen/wav/001444_indextts_sad.wav,tiong kok tui tai tsing tshik bo pian poo tsin phah sng,sad,tiong koo tui tai tsin tshik bo pian poo，tsin phah sng,3
1445,./data/wav_gen/wav/001445_indextts_fearful.wav,bun tsiunn sann,fearful,jiu pun tsiu fa,10
1446,./data/wav_gen/wav/001446_indextts_fearful.wav,jiau sia e ge sut,fearful,liau sia e ge tsut,2
1447,./data/wav_gen/wav/001447_indextts_surprised.wav,lian kah u tsit kang tat kau hit e tsi kuan e king kai,surprised,lian kah u tsit kang，tak kau hit e tsi kuan e kin kai,3
1448,./data/wav_gen/wav/001448_indextts_disgusted.wav,kio tso ge sut,disgusted,kio tsoo ge sut,1
1449,./data/wav_gen/wav/001449_indextts_angry.wav,na si e tang sng tshut guan liong kui pian,angry,na si e tang sing tshu puan liong，kui pian,4
1450,./data/wav_gen/wav/001450_indextts_surprised.wav,an ne to si iau be guan liong,surprised,an ne to si iau peh uan liong,3
1451,./data/wav_gen/wav/001451_indextts_fearful.wav,ia soo kong e tshit tsap e tshit pian,fearful,ia soo kong e tshit tsap e tshit pian,0
1452,./data/wav_gen/wav/001452_indextts_disgusted.wav,tsiu si tshin tshiunn lan kong e tshit tshit si tsap kau pian,disgusted,tsiu si tshin tshiu lan kong e tshit tshit si tsak kau pian,3
1453,./data/wav_gen/wav/001453_indextts_surprised.wav,to si m tsai iann kui pian,surprised,to si m tsai iann kui pian,0
1454,./data/wav_gen/wav/001454_indextts_angry.wav,it tit kau uan tsuan bo teh ti i,angry,it ti kau，guan tsuan bo te ti i,4
1455,./data/wav_gen/wav/001455_indextts_angry.wav,bo koh khioh hun,angry,bo koh khioh hun,0
1456,./data/wav_gen/wav/001456_indextts_sad.wav,m koh lan thak bi kok jin bun tsu gi tai su pang liong e khuan iong,sad,m koh lan thak bi kok lin bun tsu gi tai su pang liong e khuan iong,1
1457,./data/wav_gen/wav/001457_indextts_surprised.wav,tsok tsia li khin huann,surprised,tsok tsiah li khim hua,4
1458,./data/wav_gen/wav/001458_indextts_fearful.wav,thak liau tit tioh kap tsok tsia kang khuan e kiat lun,fearful,tha liau tit tioh kap tsoo tsiah kang khuan e kiat lun,3
1459,./data/wav_gen/wav/001459_indextts_fearful.wav,jin lui e lik su to si tsit pho put khuan iong su,fearful,lin lui e lit su to si tsit phoo put khuan iong su,3
1460,./data/wav_gen/wav/001460_indextts_disgusted.wav,jin lui put tuan tiong hok sim kuann kheh eh,disgusted,lin lui put tuan tiong hok sim kuann kheh e,2
1461,./data/wav_gen/wav/001461_indextts_fearful.wav,bo huat too tsiap lap kap ka ki bo kang khuan siunn huat e tsok ui,fearful,bo huat too tsa la kah ka ki bo kang khuan siu huat e tsok ui,6
1462,./data/wav_gen/wav/001462_indextts_angry.wav,na si kap gua bo sio kang,angry,na si kap gua boo sio kang,1
1463,./data/wav_gen/wav/001463_indextts_disgusted.wav,to si li si gua uah,disgusted,to si li si ua ua,2
1464,./data/wav_gen/wav/001464_indextts_angry.wav,tse pau kuat tse tse soo ui ia soo tai gian jin e jin lui,angry,tse pau kuah tse tse e soo ui ia soo tai gian jin e jin lui,3
1465,./data/wav_gen/wav/001465_indextts_sad.wav,jin lui kau tann e lik su,sad,tsin lui kau tah e lik su,4
1466,./data/wav_gen/wav/001466_indextts_happy.wav,tshit tsap e tshit pian long si bo jiau sia bo khuan iong bo guan liong,happy,tshit tsap e tshit pian long si bo liau sia，bo khuan iong bo guan iong,3
1467,./data/wav_gen/wav/001467_indextts_sad.wav,jin lui ko lian si kau tse thian pian e,sad,bin lui koo lian si，kau tse thiam pian e,4
1468,./data/wav_gen/wav/001468_indextts_neutral.wav,pi tik mng ia soo kong,neutral,pi ti mng ia soo kong,1
1469,./data/wav_gen/wav/001469_indextts_disgusted.wav,kau tse thian tshit tsap tshit pian,disgusted,kau tse thian tshit tsap tshit pian,0
1470,./data/wav_gen/wav/001470_indextts_happy.wav,pian lai pian khi ma si kau,happy,pian lai pian khi ma si kau,0
1471,./data/wav_gen/wav/001471_indextts_surprised.wav,luh sin lim tsiong e si，,surprised,lu sin lin tsiong e si,4
1472,./data/wav_gen/wav/001472_indextts_fearful.wav,siunn tioh se hng lang e thuan thong,fearful,siunn tioh sian lang e thuan thong,4
1473,./data/wav_gen/wav/001473_indextts_disgusted.wav,thiann kong si tsin tsing ai guan liong tsit si lang tit tsue lan e lang,disgusted,thiann kong si tsin tsing，ai uan liong tsit si lang，ti tsue lan e lang,4
1474,./data/wav_gen/wav/001474_indextts_surprised.wav,thang ho ong sing,surprised,thang ho ong sing,0
1475,./data/wav_gen/wav/001475_indextts_sad.wav,m koh i it tit siunn suah ju siunn ju tse guan liong be liau,sad,m koh i it ti siunn，tsua tsu siunn tsu tse，guan liong be liau,9
1476,./data/wav_gen/wav/001476_indextts_neutral.wav,to kong tit tsue gua e lang sit tsai siunn tse ah,neutral,to kong ti tsue gua e lang si tsai siunn tse ah,2
1477,./data/wav_gen/wav/001477_indextts_neutral.wav,bo in ma mai guan liong gua lah,neutral,bo i ma mai uan liong uah lah,4
1478,./data/wav_gen/wav/001478_indextts_sad.wav,an ne tak ke tshe penn tsun suah,sad,an ne tak ke tsheh peh tsun suah,3
1479,./data/wav_gen/wav/001479_indextts_disgusted.wav,gua i king guan liong tui hong tshit pian ah,disgusted,gua i kin guan liong tui hong tshit pian o,3
1480,./data/wav_gen/wav/001480_indextts_disgusted.wav,gua siunn tan beh tng khui tsiah lai jiau sia,disgusted,gua siunn tann beh tng khui tsiah lai liau siah,3
1481,./data/wav_gen/wav/001481_indextts_neutral.wav,kiam tshai u si bo kau si kan,neutral,kiam tshai e u si boo kau si kan,3
1482,./data/wav_gen/wav/001482_indextts_neutral.wav,be hu thang uan sing,neutral,be hu thang uan sing,0
1483,./data/wav_gen/wav/001483_indextts_angry.wav,in ui jiau sia su iau tsit tuann si kan,angry,in ui iau sia su iau tsit tua si kan,3
1484,./data/wav_gen/wav/001484_indextts_angry.wav,tshin tshiunn lian tan an ne,angry,tshin tsiuh lian tan he,7
1485,./data/wav_gen/wav/001485_indextts_sad.wav,su iau tshit tshit si tsap kau kang leh,sad,su iau tshit tshit si，tsa kau kang leh,2
1486,./data/wav_gen/wav/001486_indextts_surprised.wav,li kam khai si tui kiu jiau sia tsit mng ge sut ah,surprised,li kam khai si tui kiu liau sia tsit mng gi sit a,4
1487,./data/wav_gen/wav/001487_indextts_disgusted.wav,tioh ai liong tsa ooh,disgusted,tiok ai liong tsau oo,3
1488,./data/wav_gen/wav/001488_indextts_sad.wav,an ne kam bo kau,sad,an ne kam boo kau,1
1489,./data/wav_gen/wav/001489_indextts_neutral.wav,ia soo kong bo kau ai guan liong tshit tsap e tshit pian,neutral,ia soo kong bo kau，ai uan liong tshit tsap e tshit pian,2
1490,./data/wav_gen/wav/001490_indextts_fearful.wav,tse to si jiau sia e ge sut,fearful,tse to si liau sia e ke sut,2
1491,./data/wav_gen/wav/001491_indextts_angry.wav,huan na si ge sut,angry,hua na si ge sut,1
1492,./data/wav_gen/wav/001492_indextts_disgusted.wav,to si su iau tsin tng e si kan it tit tuan lian,disgusted,to si su iau tsinn tng e si kan it tit tuan lian,1
1493,./data/wav_gen/wav/001493_indextts_happy.wav,bun tsiunn si,happy,bun tsiunn si,0
1494,./data/wav_gen/wav/001494_indextts_neutral.wav,tsu iu bang,neutral,su iu bang,1
1495,./data/wav_gen/wav/001495_indextts_angry.wav,i put si khuann tioh sio be tsin e noo hue,angry,i put si khuann tioh siau be tsin e noo hue,2
1496,./data/wav_gen/wav/001496_indextts_angry.wav,hit tsun i tsi si tsit ui sio king guan,angry,hit tsun，i tsi si tsit ui siau kin uan,5
1497,./data/wav_gen/wav/001497_indextts_fearful.wav,thiann bing ling kong jip tsu iu si tai tsap tsi sia,fearful,thiann bing ling kong jit tsu iu si tai tsap tsi sia,1
1498,./data/wav_gen/wav/001498_indextts_neutral.wav,hit am i tsiap tioh hau senn tian ue,neutral,hit am，i tsiah tioh hau senn tian ue,2
1499,./data/wav_gen/wav/001499_indextts_happy.wav,pa gun kong jip lip huat inn,happy,pa，gun kong lip li huah inn,4
1500,./data/wav_gen/wav/001500_indextts_neutral.wav,bo gua ku,neutral,bo gua ku,0
1501,./data/wav_gen/wav/001501_indextts_angry.wav,i kui sin oo sann kiann tsiunn ke thau,angry,i kui sin oo sann kiann tsiunn ke thau,0
1502,./data/wav_gen/wav/001502_indextts_angry.wav,tshiu giah tsit lui ng iam jit thau hue,angry,tshiu giah tsi lui，ng giam tsit thaa hue,6
1503,./data/wav_gen/wav/001503_indextts_disgusted.wav,tsok tsia tan kim sun,disgusted,tsok tsia，tan kin sun,2
1504,./data/wav_gen/wav/001504_indextts_angry.wav,hit jit tshi tiunn lai tsu iu hang khia pai,angry,hit li tshi tiuh lai，tsu iu hang khia pai,5
1505,./data/wav_gen/wav/001505_indextts_neutral.wav,tshun ong tu ho tiam ti jin kun li,neutral,tshun ong tu ho tiam ti jin kun li,0
1506,./data/wav_gen/wav/001506_indextts_neutral.wav,i the hiu keh tng jit,neutral,i the hiu ke tng lit,2
1507,./data/wav_gen/wav/001507_indextts_surprised.wav,sui lai ki kim hue tso tsi kang,surprised,sui lai ki kim hue tsoo tsi kang,1
1508,./data/wav_gen/wav/001508_indextts_fearful.wav,tak hue to lam kau nylon tsu hun tiunn king,fearful,tak hue to lang kau ni long tsu hun tiunn king,5
1509,./data/wav_gen/wav/001509_indextts_fearful.wav,i long bak sai si lam sui,fearful,i long bak sai si lam sui,0
1510,./data/wav_gen/wav/001510_indextts_sad.wav,ji tsap goo tang lai ti bang li,sad,ji tsa goo tann nai ti bang li,3
1511,./data/wav_gen/wav/001511_indextts_angry.wav,soo li,angry,soo li,0
1512,./data/wav_gen/wav/001512_indextts_neutral.wav,sua loh lai khuann hua lian kuan bin a tsai peh ho e thinn khi,neutral,sua loh lai khuann hua lian kuan bin a tsai peh ho e thinn khi,0
1513,./data/wav_gen/wav/001513_indextts_angry.wav,un too ji tsap lak tsi sann tsap it too loh hoo ki lut sann tsap%,angry,un too li tsiah la tsi sa tsap it too，loo hoo ki lut sann tsap pha,12
1514,./data/wav_gen/wav/001514_indextts_neutral.wav,lai pin peh pah tshit tsap lak ho tshiann tsap ji ho kui tai pan li,neutral,lai pin peh pah tshit tsap lak ho tshiann tsap ji ho kui tai pan li,0
1515,./data/wav_gen/wav/001515_indextts_disgusted.wav,long tsong lak pah tshit tsap tshit khoo tsau li ji tsap sann khoo,disgusted,long tsong la pah tshit tsa tshit khoo，tsau li li tsap sang hoo,6
1516,./data/wav_gen/wav/001516_indextts_sad.wav,kin a lit si goo gueh li goo pai sann,sad,kin a li si goo ue li goo，pai sa,6
1517,./data/wav_gen/wav/001517_indextts_surprised.wav,gua e hoo tsiau ho be si pat li khong sam khong sam tshit kiu pat,surprised,gua e hoo tsiau hoo be si，pat li khong sam khong sam tshi kiu pat,3
1518,./data/wav_gen/wav/001518_indextts_fearful.wav,gun tau e tian ue ho be si khong ngoo su liok su kiu kiu liok ngoo,fearful,gun tau e tian ue ho be si，khong koo su liok su kiu kiu liok goo,4
1519,./data/wav_gen/wav/001519_indextts_fearful.wav,i ti ji khong khong khong ni tshut si,fearful,i ti tsi khong khong khong ni tshut si,2
1520,./data/wav_gen/wav/001520_indextts_disgusted.wav,tshiann pang gua tsuan hun ki liok li liok it,disgusted,tshia pang ua tsuan hun ki liok lit liok i,5
1521,./data/wav_gen/wav/001521_indextts_angry.wav,sing uah tui ue,angry,sing gua tui ue,2
1522,./data/wav_gen/wav/001522_indextts_fearful.wav,put si tua piann sau tshu lai tsin tshing khi,fearful,put si tua piann sau，tshu lai tsin tshing khi,1
1523,./data/wav_gen/wav/001523_indextts_angry.wav,hann9 li kong siann,angry,ha li kong sia,5
1524,./data/wav_gen/wav/001524_indextts_disgusted.wav,he khong khi tshing tsing ki li a sio uann tsit e to ho ah lah,disgusted,he khong khi tshin tsin ki，li a sio uann tsit e，to ho ah lah,4
1525,./data/wav_gen/wav/001525_indextts_disgusted.wav,honnh he bo kang lah lang kong tshing tshu tsiah e hu neh,disgusted,he boo kang lah，lang kong tshin tsu tsiah e hu neh,10
1526,./data/wav_gen/wav/001526_indextts_angry.wav,gua khuann lan kheh thiann si ke ing ia,angry,gua khuann lan kheh thiann si ke ing iau,1
1527,./data/wav_gen/wav/001527_indextts_angry.wav,gua e poo tshit tian si tu thau tsing thoo hun gua kau li tsai bo,angry,gua e poo tshit tian si tu thau tsing，thoo hun gua kau li tsai bo,1
1528,./data/wav_gen/wav/001528_indextts_neutral.wav,li si ka tsia long tong tso thiann thau tsit ni tshing thun tsiah piann tsit kai sioh,neutral,li si ka tsia long tong tsoo thiann thau，tsin ni tshing thun tsiah piann tsit kai siok,4
1529,./data/wav_gen/wav/001529_indextts_sad.wav,eh li na e tsai gua kam kak an ne tsin ho ah,sad,eh，li na e tsai，gua kam kak an ne tsin ho a,3
1530,./data/wav_gen/wav/001530_indextts_neutral.wav,ping siong si mai khi kiau jiau tioh ki tha pang kheh,neutral,ping siong si mai khi kiau liau，tioh ki the pang kheh,3
1531,./data/wav_gen/wav/001531_indextts_neutral.wav,li m tsai he ti tu ah hoo sin hoo sian thang a ah,neutral,li m tsai he ti tu a，hoo sin hok，sian thang a,7
1532,./data/wav_gen/wav/001532_indextts_surprised.wav,long gua tshi lai tau liah bang thang e,surprised,long gua tshi lai tau liah pang thang e,1
1533,./data/wav_gen/wav/001533_indextts_sad.wav,tso ka bu e tui ue,sad,tso ka bu e tui ue,0
1534,./data/wav_gen/wav/001534_indextts_angry.wav,kau hia ma e the lan puann tsit kua iu sap a,angry,kau hia ma e the lam，puann tsit kua iu sap a,2
1535,./data/wav_gen/wav/001535_indextts_neutral.wav,eh gua kam kak li tsue kin tiann tiann lau phinn phah kha tshiunn,neutral,eh，gua kang kah li tsue kin tiah tiah lau phi，phah kha tshiunn,11
1536,./data/wav_gen/wav/001536_indextts_disgusted.wav,kam si tshu lai siunn lap sap a tsa ah,disgusted,kam si tshu lai siunn lak sap，a tsa,5
1537,./data/wav_gen/wav/001537_indextts_neutral.wav,gua kin a lit si ke sun sun huat kian lan thian pong piah kak long u ti tu si neh,neutral,gua kin a li si ke sun sun，huat kian lan thian pong piah ka long u ti tu si neh,3
1538,./data/wav_gen/wav/001538_indextts_fearful.wav,ji tshiann lan tsu kiat hun liau kan na long bo se kue kha tian koh u mng ni,fearful,li tshiann lan tsu ke hun liau kan na long bo se kue kha tian，koh u mng ni,5
1539,./data/wav_gen/wav/001539_indextts_disgusted.wav,lan u ing kam beh lai piann sau tsit e,disgusted,lan u ing kam beh lai piann sau tsit e,0
1540,./data/wav_gen/wav/001540_indextts_surprised.wav,hannh ke bo thiann—e,surprised,hah ke boo thia e,6
1541,./data/wav_gen/wav/001541_indextts_surprised.wav,an ne gua lai be tsit tai sau thoo kha e ki khi lang,surprised,an ne，gua lai be tsit tai sau thoo kha e，ki khi lang,2
1542,./data/wav_gen/wav/001542_indextts_fearful.wav,bun tsiong it,fearful,gun tsiong it,1
1543,./data/wav_gen/wav/001543_indextts_fearful.wav,tshoo hui kah iu hui,fearful,tshoo hui kah iu hui,0
1544,./data/wav_gen/wav/001544_indextts_neutral.wav,lan tio ka kio tso iu hui,neutral,lan tiok ka kio tsoo iu hui,2
1545,./data/wav_gen/wav/001545_indextts_surprised.wav,it puann hua gi na si tshing hoo tso 陶瓷,surprised,i puann hua gi na si tshin hoo tsoo，tau tsi tiohai,17
1546,./data/wav_gen/wav/001546_indextts_fearful.wav,lan tio tit tsiap ka kio tso hui a to ho,fearful,lan tioh tit tsiah，ka kio tsoo hui a too ho,5
1547,./data/wav_gen/wav/001547_indextts_fearful.wav,m ko,fearful,m koo,1
1548,./data/wav_gen/wav/001548_indextts_neutral.wav,tshoo hui kap iu hui beh an tsuann lai khu piat,neutral,tshoo hui kah iu hui beh an tsuan lai ku piat,3
1549,./data/wav_gen/wav/001549_indextts_sad.wav,lan tsi iau kan tan pa ak hong hue tsui thoo si li,sad,lan tsi iau kan tan pa ak，hong hue tsui thoo si li,1
1550,./data/wav_gen/wav/001550_indextts_sad.wav,tio e sai khin khin sang sang u kua khai liam oo9,sad,tioh e sai khin khin sang sang u kua khai liam oo,2
1551,./data/wav_gen/wav/001551_indextts_surprised.wav,sing lai khuann thoo e tsha piat,surprised,sing lai khuann thoo e tsha piat,0
1552,./data/wav_gen/wav/001552_indextts_fearful.wav,na beh sio tshut iu hui,fearful,na be sio tshui iu hui,2
1553,./data/wav_gen/wav/001553_indextts_sad.wav,it ting toh ai iong ko nia thoo,sad,it ting to ai iong ko nia thoo,1
1554,./data/wav_gen/wav/001554_indextts_sad.wav,tsok tsia lim tshong bing,sad,tsok tsia，lin tshong bing,2
1555,./data/wav_gen/wav/001555_indextts_happy.wav,in ui ko nia thoo lai te tsha put to bo thih a ting ting e tsap tsit,happy,in ui ko nia thoo lai te tsha put to boo thi a ting ting e tsap tsit,2
1556,./data/wav_gen/wav/001556_indextts_neutral.wav,soo i na si uan tsuan bo kap iu,neutral,soo i na si uan tsuan boo kah iu,2
1557,./data/wav_gen/wav/001557_indextts_angry.wav,sio tshut lai e iu hui e tsin ua kin peh sik,angry,siau tshu lai e iu hui e tsin ua kin peh sik,3
1558,./data/wav_gen/wav/001558_indextts_angry.wav,ti koo tsa e se iunn se kai,angry,ti koo pah e sian iu se kai,8
1559,./data/wav_gen/wav/001559_indextts_happy.wav,in bo huat too sio tshut tsit tsiong iu hui,happy,in moo hua too sio tshut tsit tsiong iu hui,3
1560,./data/wav_gen/wav/001560_indextts_fearful.wav,long e ka i kio tso peh kim,fearful,long e ka i ko tsoo pe kim,3
1561,./data/wav_gen/wav/001561_indextts_surprised.wav,na si it puann tshoo hui e thoo tsit,surprised,na si it puann tshoo hui e thoo tsit,0
1562,./data/wav_gen/wav/001562_indextts_sad.wav,na bo kap iu,sad,na bo kap iu,0
1563,./data/wav_gen/wav/001563_indextts_angry.wav,sio tshut lai tio be si peh sik e,angry,sio tshut lai，tioh be si peh sik e,2
1564,./data/wav_gen/wav/001564_indextts_disgusted.wav,koh lai si tsui e khai liam,disgusted,ko lai si tsui e khai liam,1
1565,./data/wav_gen/wav/001565_indextts_happy.wav,lan sing uah tang tiong u tsiok tse hui a e tse phin,happy,lan sin uah tang tiong u tsiok tse hui a e tse phin,1
1566,./data/wav_gen/wav/001566_indextts_fearful.wav,tiau kiann si ai sio ho kiam bo kap iu e hui a,fearful,tiau kiann si ai sio hoo kiam boo kah iu e hui a,3
1567,./data/wav_gen/wav/001567_indextts_surprised.wav,lan na si ka iu hui te tsui,surprised,lan na si ka iu hui te tsui,0
1568,./data/wav_gen/wav/001568_indextts_disgusted.wav,i si be siap tsui tshut lai e,disgusted,i si be siap tsui tshut lai e,0
1569,./data/wav_gen/wav/001569_indextts_fearful.wav,siong tui na si tshoo hui theh lai te tsui,fearful,siong tui na si tshoo hui theh lai te tsui,0
1570,./data/wav_gen/wav/001570_indextts_neutral.wav,i tio e ban ban a ban ban a siap tsui tshut lai,neutral,i tioh e ban ban a，ban ban a siap tsui tshut lai,2
1571,./data/wav_gen/wav/001571_indextts_fearful.wav,ji tshiann iu hui e khip tsui lut tsuat tui ai ke kue sann pha i ha tsiah e sai,fearful,ni tshiann iu hui e khi tsui lu，tsuat tui ai ke kue sann pha i ha tsiah e tsai,5
1572,./data/wav_gen/wav/001572_indextts_fearful.wav,iau e ki tit nng tang tsing,fearful,iau e kit ti nng tang tsing,2
1573,./data/wav_gen/wav/001573_indextts_surprised.wav,thiann tit tioh phau ka pi se kai kuan kun e tai uan suan tshiu kong,surprised,phiann tit tioh phau ka pi，se kai，kuan kun e tai uan san tshiu kong,4
1574,./data/wav_gen/wav/001574_indextts_sad.wav,i tioh tsiong e ki tiong tsit e tiong iau in soo,sad,i tioh tsiong e ki tiong tsit e tiunn iau in soo,2
1575,./data/wav_gen/wav/001575_indextts_surprised.wav,tio si ti ing ko be e ka pi pue a,surprised,tioh si ti，in ko be e ka pi pue a,3
1576,./data/wav_gen/wav/001576_indextts_angry.wav,m koh he tau te si siann mih khuan tsai tsit leh,angry,m koh he tau te si siann mih khuan tsai tsit e,2
1577,./data/wav_gen/wav/001577_indextts_sad.wav,i tiau kang king suan khip tsui lut tsok ke e iu hui pue a,sad,i tiau kang kin suan khi tsui luh，tsok ke e iu hui pue a,4
1578,./data/wav_gen/wav/001578_indextts_neutral.wav,hoo phau tshut lai e ka pi,neutral,hoo phau tshut lai ka pi,2
1579,./data/wav_gen/wav/001579_indextts_sad.wav,lai te e hue phang kah kue tsi phang khi,sad,lai te e hue phang kah kue tsi phang khi,0
1580,./data/wav_gen/wav/001580_indextts_neutral.wav,uan tsuan be hoo pue a ing hiong lai khip siu khi,neutral,uan tsuan be hoo pue a ing hiong lai khip siu khi,0
1581,./data/wav_gen/wav/001581_indextts_sad.wav,phing sim e tang phinn tioh tsap tsiok e phang khi,sad,phin sim e tang phinn tioh tsap tsiok e phang khi,1
1582,./data/wav_gen/wav/001582_indextts_sad.wav,hoo i e ka pi tsok phin,sad,hoo i e ka pi tsok phin,0
1583,./data/wav_gen/wav/001583_indextts_sad.wav,e sai uan tsuan tian hian tshut guan lai e khi bi,sad,e sai uan tsuan tian hian tshut kuan nai e khi bi,2
1584,./data/wav_gen/wav/001584_indextts_surprised.wav,m tsiah u ki hue lai tioh tsiong,surprised,m tsiau ki hue lai tioh tsiong,2
1585,./data/wav_gen/wav/001585_indextts_angry.wav,sua loh si hue e in soo,angry,sua looh，si hue e in sooh,3
1586,./data/wav_gen/wav/001586_indextts_neutral.wav,hue soo tai piau e si un too kah thang kong sing,neutral,hue soo tai piau e si，un too kah thang kong sing,1
1587,./data/wav_gen/wav/001587_indextts_surprised.wav,tsiok tse lang sa bo tsang,surprised,tsiok tse lang sa boo tsang,1
1588,./data/wav_gen/wav/001588_indextts_disgusted.wav,tai sing si un too ai sio kah tsha put to tsit tshing nng pah sann tsap kau tsit tshing nng pah peh tsap too tso iu e kuan un i siong,disgusted,tai sing si un too ai sio kah tsha put to tsit tshing nng pah sann tsap kau tsit tshing nng pah peh tsa too，soo iu e kuan un i siong,4
1589,./data/wav_gen/wav/001589_indextts_neutral.wav,i tsiah e lai tsiann tso iu hui e tiau kiann tsi it,neutral,i tsia e lai tsia tsoo iu hui e tiau kiann tsi it,4
1590,./data/wav_gen/wav/001590_indextts_angry.wav,na si it puann tshoo hui e thoo tsit,angry,na si it puann tshoo hui e thoo tsit,0
1591,./data/wav_gen/wav/001591_indextts_surprised.wav,nge beh sio kah tsit tsiong kuan un,surprised,nge be sio kah tsit tsiong kuan un,1
1592,./data/wav_gen/wav/001592_indextts_sad.wav,na m si sio kah phua phua khi,sad,na m si sio kah phua phua khi,0
1593,./data/wav_gen/wav/001593_indextts_angry.wav,bo tio si tsok phin e lai khu kha khi,angry,bo，tioh si tsa ping e lai khu kha khi,6
1594,./data/wav_gen/wav/001594_indextts_disgusted.wav,koh lai si hue soo tai piau e thang kng sing,disgusted,koh lai si hue soo tai piau e thang kng sing,0
1595,./data/wav_gen/wav/001595_indextts_disgusted.wav,tshoo hui ka theh lai tsio kng si tsuat tui be thang kng,disgusted,tshoo hui ka theh lai tsioh kng si tsuat tui，me thang kng,3
1596,./data/wav_gen/wav/001596_indextts_neutral.wav,na si uan tsuan bo kap iu e iu hui ka theh lai tsio kng,neutral,na si uan tsuan bo kah iu e iu hui ka theh lai tsioo kng,2
1597,./data/wav_gen/wav/001597_indextts_disgusted.wav,i tio e sio khua thang kng,disgusted,i tioh e sio khua thang kng,1
1598,./data/wav_gen/wav/001598_indextts_sad.wav,koh khah mai kong beh an tsuann lai khu piat ooh,sad,koh kha mai kong be an tsuann lai e khu peh looh,8
1599,./data/wav_gen/wav/001599_indextts_fearful.wav,tsue au si hong e tsok iong,fearful,tsue iau si hong e tsu iong,3
1600,./data/wav_gen/wav/001600_indextts_neutral.wav,tse si in ui hong u huat too thuan sang siann im,neutral,tse si in ui hong u huat too thuan sang siann im,0
1601,./data/wav_gen/wav/001601_indextts_neutral.wav,na si iu hui ing tshiu ka tiak khuann mai a,neutral,na si iu hui in tshiu，ka tiap khuann mai ah,4
1602,./data/wav_gen/wav/001602_indextts_surprised.wav,i e siann im e pi tiak tshoo hui e siann im koh khah tshe tsit kua,surprised,i e sia im e pi tiak tshoo hui e sia im koh khah tsheh tsit kua,5
1603,./data/wav_gen/wav/001603_indextts_happy.wav,siong tui tshoo hui e siann im e khah tun,happy,siong tui tshoo hui e siann i e khah tun,1
1604,./data/wav_gen/wav/001604_indextts_surprised.wav,m tsai an ne senn tshoo hui kap iu hui e kan tan khu piat,surprised,m tsai an ne se tshoo hui kah iu hui e kan tam phu piat,5
1605,./data/wav_gen/wav/001605_indextts_neutral.wav,si m si tsin sim sik,neutral,sim si tsin sim sik,1
1606,./data/wav_gen/wav/001606_indextts_fearful.wav,ban it na si tu tioh u lang kok pih tiau kang beh sit giam,fearful,ban it na si tu tioh u lang copy，kiau kang beh si iam,9
1607,./data/wav_gen/wav/001607_indextts_happy.wav,iong ko nia thoo kah tshoo hui a thoo lam lam tso hue khi sio,happy,iong konn a thoo kah tshoo hui a thoo lan lam tso hue khi sio,3
1608,./data/wav_gen/wav/001608_indextts_disgusted.wav,koh sio tshut ua beh tsit tshing nng pah too tso iu kuan un e tsok phin,disgusted,koh sio tshut，gua be tsit tshin nng pah too tsoo iu kuang un e tsok phi,7
1609,./data/wav_gen/wav/001609_indextts_angry.wav,tai sing hua gi kong e 陶,angry,tai sing hua gi kong e tau e,5
1610,./data/wav_gen/wav/001610_indextts_angry.wav,tioh m tsai iann beh an tsuann tshing hoo,angry, tioh m tsai a be an tsuann tshin khoo,7
1611,./data/wav_gen/wav/001611_indextts_sad.wav,si tshoo hui iah si iu hui,sad,si tshoo hui ia si iu hui,1
1612,./data/wav_gen/wav/001612_indextts_neutral.wav,bo iau kin lan tioh tit tsiap kio i hui a tio ho,neutral,bo iau kin，lan too tit tsiap kio i kui a，tioh ho,6
1613,./data/wav_gen/wav/001613_indextts_neutral.wav,lan tio ka kio tso tshoo hui,neutral,lan tioh ka kio tsoo tshoo hui,2
1614,./data/wav_gen/wav/001614_indextts_angry.wav,na si hua gi kong e 瓷,angry,na si hua li kong e，tsih,6
1615,./data/wav_gen/wav/001615_indextts_neutral.wav,bun tsiong li,neutral,bun tsiong li,0
1616,./data/wav_gen/wav/001616_indextts_neutral.wav,tiong kok beh hoo lan kok bin thai gu liok ui hue bo pian poo,neutral,tiong kok be hoo lan kok bin thai gu，liok ui hue bo pian poo,2
1617,./data/wav_gen/wav/001617_indextts_neutral.wav,ng bang tiong kok ti tui kiu sit lik the sing e si,neutral,ngh mang tiong kok，ti tui kiu si lik the sing e si,4
1618,./data/wav_gen/wav/001618_indextts_neutral.wav,ma ai ing sin li loo lai khuann thai liong huann kuan he,neutral,ma ai ing sin li loo，lai khuann tai liong huann kuan he,2
1619,./data/wav_gen/wav/001619_indextts_fearful.wav,tiong kiong tsap kau tai ui tsa khi kau tiam khai si,fearful,tiong kiong tsak kau tai ui tsa khi kau tiam khai si,1
1620,./data/wav_gen/wav/001620_indextts_fearful.wav,習近平 ti kang tsok po ko lai te,fearful,thng hng tsin pin ti kang tsoo po ko lai te,18
1621,./data/wav_gen/wav/001621_indextts_sad.wav,u si pai kong tioh kiu li kiong sik,sad,u si pai kong tioh kiu li kiong sit,1
1622,./data/wav_gen/wav/001622_indextts_fearful.wav,piau si tsit e tiong kok guan tsik si liong huann kuan he e tsing ti kin te,fearful,piau si tsit e tiong koo kuan tsit si，liong hua kuan he tsing ti kin te,8
1623,./data/wav_gen/wav/001623_indextts_angry.wav,sing lin kiu ji kiong sik jin tong liong huann kang siok tsit e tiong kok,angry,sin lin kiu ti kiong sip，jin tong lium hua kang siok tsit e tiong kok,9
1624,./data/wav_gen/wav/001624_indextts_sad.wav,siang hong e tui ue tio thang khi kiann,sad,siang hong e tui ue tioh thang khi kiann,1
1625,./data/wav_gen/wav/001625_indextts_disgusted.wav,tai uan jim ho tsing tong kah thuan the beh ham tiong kok lai khi ma be u tsoo gai,disgusted,tai uan tsin ho tsian tong kah thuan the beh ham tiong kok lai khi bah be u tsoo gai,7
1626,./data/wav_gen/wav/001626_indextts_angry.wav,tat tit tsu i e si,angry,ta ti tsu i e si,2
1627,./data/wav_gen/wav/001627_indextts_angry.wav,tsok tsia lua tsiau lam,angry,tsok tsia lua tsiau lam,0
1628,./data/wav_gen/wav/001628_indextts_sad.wav,習近平 koh kong,sad,ling ping ping，koh kong,14
1629,./data/wav_gen/wav/001629_indextts_surprised.wav,beh tsiau 兩岸一家親 e li liam,surprised,pek tsiau，e an i tsia le e li liam,16
1630,./data/wav_gen/wav/001630_indextts_neutral.wav,tauh tauh a hoo tai uan tong pau ti tai liok hak sip tshong giap sing uah,neutral,tau tau a hoo tai uan tong pau ti tai liok ha sip，tshong iap sing ua,6
1631,./data/wav_gen/wav/001631_indextts_disgusted.wav,the kiong kah tai liok tong pau kang khuan e thai gu,disgusted,theh kiong kah tai lioh tong pau kang khuan e thai u,3
1632,./data/wav_gen/wav/001632_indextts_fearful.wav,u hun sik in sut bing thuan tai hak liong huann gian kiu tiong sim tsu lim kiam kau siu iunn khai hong e kai sueh,fearful,u hun si in su bin thuan tai hak liong hua ian kiu tiong sin tsu lin kiang kau siu iunn khai hong me kai sueh,11
1633,./data/wav_gen/wav/001633_indextts_sad.wav,tiong kiong tsit kui tang ka liong huann kau liu e tiong tiam ui tai uan sua kau tiong kok,sad,tiong kiong tsit kui tang，ka liong huann kau liu e tiong tiam ui tai uan sua kau tiong kok,1
1634,./data/wav_gen/wav/001634_indextts_surprised.wav,beh siann tai uan e siau lian lang kau tiong kok tshong giap un thau loo,surprised,be sia，tai uan e siau lian lang kau tiong koo tshong giap un thau loo,5
1635,./data/wav_gen/wav/001635_indextts_disgusted.wav,bi lai tai pau tsing e ho be,disgusted,bi lai tai bau tsing e ho be,1
1636,./data/wav_gen/wav/001636_indextts_happy.wav,phah sng beh kai kah kah tiong kok kong bin kang khuan,happy,phah sng me kai kah kah tiong kok kong bin kang khuan,2
1637,./data/wav_gen/wav/001637_indextts_surprised.wav,hoo tai uan lang ti tiong kok be ko thih phio thang kah tiong kok lang kang khuan,surprised,hooh tai uan lang ti tiong koo be ko thih phio，thang kah tiong kok lang kang khuan,3
1638,./data/wav_gen/wav/001638_indextts_sad.wav,tiong kok kiong san tong te tsap kau tshu tsuan kok tai piau tai hue tsap gueh tsap peh khui boo,sad,tiong koo kiong san tong te tsa kau tshu，tsuan koo tai piau tai hue tsap kue tsap peh khui boo,6
1639,./data/wav_gen/wav/001639_indextts_surprised.wav,bian pai tui tit tsiap lu kha jip tsam ka thiam li pian sing,surprised,bian pai tui，ti tsiah lu kha jit tsam ka thiam li pian sing,4
1640,./data/wav_gen/wav/001640_indextts_happy.wav,iong khai hong jin ui,happy,iong khai hong lin ui,1
1641,./data/wav_gen/wav/001641_indextts_neutral.wav,tse huan se piau si tiong kiong tui ka ti e huat tian tsin u sin sim,neutral,tse huan se piau si tiong kiong tui ka ti e huat tian tsin u sin sim,0
1642,./data/wav_gen/wav/001642_indextts_happy.wav,tsun si tai uan lang lai kau tiong kok sia hue,happy,tsng si tai uan lang lai kau tiong kok siah huat hue,8
1643,./data/wav_gen/wav/001643_indextts_fearful.wav,tio e tang ka liong huann e kha poo giu khah ua leh,fearful,tioh e tang ka liong hua e kha poo，iu khau a leh,7
1644,./data/wav_gen/wav/001644_indextts_neutral.wav,liok ui hue e sing bing tsi tshut,neutral,liu ui hue sin min tsi tshut,7
1645,./data/wav_gen/wav/001645_indextts_fearful.wav,tiong kiong tsap kau tai po ko tui tai tsing tshik uan na bo pian poo,fearful,tiong kiong tsa kau tai poo koo tui tai kin tshik，uah na boo pian poo,9
1646,./data/wav_gen/wav/001646_indextts_fearful.wav,koh tiau kang kik tshut the hong nua tsah e thai too,fearful,koh tiau kang kit tshut the hong，gua tsai tai too,7
1647,./data/wav_gen/wav/001647_indextts_surprised.wav,lok ui hue hoo iok tui huann tsin bak khuann tiong tsit e su sit,surprised,lok ui hue，hoo iok tui hua tsin bah khuah tiong tsi e su sit,7
1648,./data/wav_gen/wav/001648_indextts_sad.wav,koo tsit ping nge beh tsiann e it tiong guan tsik kah tsit kok nng tse,sad,koo tsit pin nge be tsiann e it tiong guan tsit ka tsit koh nng tse,5
1649,./data/wav_gen/wav/001649_indextts_angry.wav,tiong kiong tsong su ki 習近平 leh po ko e si,angry,tiong iau tau soo khi hiah tin pin，gue pau koo e si,28
1650,./data/wav_gen/wav/001650_indextts_neutral.wav,tsin oh hann kue bin sim e tshim kau,neutral,tsin oh ha kue bin sim e tshim kau,2
1651,./data/wav_gen/wav/001651_indextts_neutral.wav,liok ui hue kiong tiau,neutral, liau ui hue kiong tiau,3
1652,./data/wav_gen/wav/001652_indextts_angry.wav,tshua tsing hu u tsam tsat bo jia khang,angry,tshua tsik hu u tsam tsat，bo jia khang,3
1653,./data/wav_gen/wav/001653_indextts_sad.wav,ui tshi hian hong tsun tiong it kiu kiu ji ni liong hue hue tam lik su su sit e lip tiunn bo pian,sad,ui tshi hian hong，tsun tiong it kiu kiu ni ni，liong hue hue tham lik su su sit e lip tiunn bo pian,4
1654,./data/wav_gen/wav/001654_indextts_surprised.wav,m koh tiong hua bin kok si tsu kuan kok ka,surprised,m koh tiong hua bin kok si tsu khuan kok ka,1
1655,./data/wav_gen/wav/001655_indextts_happy.wav,tai uan e bi lai kah liong huann kuan he si nng tshing sann pah ban lang e kiong tong suan tik,happy,tai uan e bi lai kah liong hua kuan he si nng tshin sa pah ban lang e kiong tong suan tip,6
1656,./data/wav_gen/wav/001656_indextts_fearful.wav,liong huann ai tso hue tshiau tshue sio kau tshap e sin loo,fearful,liong huann ai tso hue tshiau tshue sio kau tshap e sin loo,0
1657,./data/wav_gen/wav/001657_indextts_sad.wav,tsim tui tiong kiong tsap kau tai e po ko,sad,tsin tui tiong kiong tsa kau tai e po ko,2
1658,./data/wav_gen/wav/001658_indextts_happy.wav,si tai lik liong piau si,happy,si tai li liong piau si,1
1659,./data/wav_gen/wav/001659_indextts_surprised.wav,tsi tshi tshua tsong thong tsun tiong kiu ji hue tam lik su su sit e tsing tshik te tiau,surprised,tsi tshi tshua tsong thong，tsun tiong kiu lih hue tam，lik suh sit e tsing tshik te tiau,7
1660,./data/wav_gen/wav/001660_indextts_angry.wav,tu liau koh kiong tiau kian kuat huan tui ping ap tse tai tok se lik,angry,tu liau kok kiong tiau，kin kua huan tui ping a tse tai tok se lik,5
1661,./data/wav_gen/wav/001661_indextts_neutral.wav,ma hoo iok tiong kiong ti tsit e tiong kok tsit e tai uan e ki tshoo siong,neutral,ma hoo io tiong kiong ti tsit e tiong kok，tsit e tai uan e ki tshoo siong,2
1662,./data/wav_gen/wav/001662_indextts_angry.wav,kah tai uan tsing hu tui ue khi tso liong huann tsing siong liong sing e kau tshap kuan he,angry,kah tai uan tsing hu tui ue，khi tso liu hua tsing siong liong sing e kau tshap kuan he,6
1663,./data/wav_gen/wav/001663_indextts_sad.wav,ling gua tsit hong bin,sad,lin ua tsit hong bin,2
1664,./data/wav_gen/wav/001664_indextts_angry.wav,kok bin tong tsu sik ngoo tun gi kong,angry,koo bin tong tsu sik，ngoo tun gi kong,2
1665,./data/wav_gen/wav/001665_indextts_sad.wav,ai u it tiong kok piau e kiu ji kiong sik,sad,ai u it tiong kok piau e，kiu ji kiong sik,1
1666,./data/wav_gen/wav/001666_indextts_angry.wav,tsiah thang po tsing tiong hua bin kok e tsu kuan kah tsun giam,angry,tsiah thang po tsing tiong hua bin kok e tsu kuan ka，tsun giam,2
1667,./data/wav_gen/wav/001667_indextts_disgusted.wav,ma kong tioh tui tai khang khue e tiong tiam,disgusted,ma kong tioh tui tai khang khue e tiong tiam,0
1668,./data/wav_gen/wav/001668_indextts_disgusted.wav,the kiong tai uan lang ti tiong kok e kok bin thai gu,disgusted,the kiong tai uan lang ti tiong kok e kok min thai gu,1
1669,./data/wav_gen/wav/001669_indextts_sad.wav,hing tsing inn tai liok ui uan hue lin ui,sad,thin tsin i，tai liok ui uan hue lin ui,6
1670,./data/wav_gen/wav/001670_indextts_happy.wav,tiong kok tui tai tsing tshik bo pian poo tsin phah sng,happy,tiong koo tui tai king thiat boo pian poo tsin phah sng,7
1671,./data/wav_gen/wav/001671_indextts_happy.wav,bun tsiong sam,happy,bun tsiong sam,0
1672,./data/wav_gen/wav/001672_indextts_disgusted.wav,liau sia e ge sut,disgusted,liau sia e ge sut,0
1673,./data/wav_gen/wav/001673_indextts_surprised.wav,lian kah u tsit kang tat kau hit e tsi kuan e king kai,surprised,lian kah u tsit kang tak kau，hit e tsi kuan e kin kai,3
1674,./data/wav_gen/wav/001674_indextts_fearful.wav,kio tso ge sut,fearful,kio tsoo，ge sut,2
1675,./data/wav_gen/wav/001675_indextts_surprised.wav,na si e tang sng tshut guan liong kui pian,surprised,na si e tang sang tshu，guan liong kui pian,3
1676,./data/wav_gen/wav/001676_indextts_disgusted.wav,an ne tio si iau bue guan liong,disgusted,an ne tioh si iau bue uan liong,2
1677,./data/wav_gen/wav/001677_indextts_surprised.wav,ia soo kong e tshit tsap e tshit pian,surprised,ia soo kong e tshit tsap e tshit piat,1
1678,./data/wav_gen/wav/001678_indextts_fearful.wav,tsiu si tshin tshiunn lan kong e tshit tshit si tsap kau pian,fearful,tsiu si tshin tshiu lan，kong e tshit tshit si tsak kau pian,4
1679,./data/wav_gen/wav/001679_indextts_angry.wav,tio si m tsai iann kui pian,angry,tioh si m tsai iann kui pian,1
1680,./data/wav_gen/wav/001680_indextts_fearful.wav,it tit kau uan tsuan bo teh ti i,fearful,i ti kau uan tsuan bo te ti,5
1681,./data/wav_gen/wav/001681_indextts_happy.wav,bo koh khioh hun,happy,bo koh khioo hun,1
1682,./data/wav_gen/wav/001682_indextts_disgusted.wav,m koh lan thak bi kok lin bun tsu gi tai su pang liong e khuan iong,disgusted,m koh lan thah bi koh lin mun tsu gi tai su pang liong e khuan iong,3
1683,./data/wav_gen/wav/001683_indextts_disgusted.wav,tsok tsia li khin huann,disgusted,soo tsiah ah li khin hua,8
1684,./data/wav_gen/wav/001684_indextts_sad.wav,thak liau tit tioh kah tsok tsia kang khuan e kiat lun,sad,thak tiau tit tioh kah tsok tsia kang khuan e kiat lun,1
1685,./data/wav_gen/wav/001685_indextts_disgusted.wav,lin lui e lik su tio si tsit pho put khuan iong su,disgusted,lin lui e li su tioh si tsit pho put khuan iong su,2
1686,./data/wav_gen/wav/001686_indextts_sad.wav,lin lui put tuan tiong hok sim kuann kheh eh,sad,lin lui put tuan tiong hok sim kuann kheh,3
1687,./data/wav_gen/wav/001687_indextts_surprised.wav,bo huat too tsiap lap kah ka ki bo kang khuan siunn huat e tsok ui,surprised,bo huat too tsip lap，kah ka ki bo kang khuan siunn huat e，tsoo ui,4
1688,./data/wav_gen/wav/001688_indextts_happy.wav,na si kah gua bo sio kang,happy,na si kah gua bo sio kang,0
1689,./data/wav_gen/wav/001689_indextts_angry.wav,tio si li si gua uah,angry,tioh si li si uah uah,3
1690,./data/wav_gen/wav/001690_indextts_surprised.wav,tse pau kuat tse tse soo ui ia soo tai gian lin e lin lui,surprised,tse pau kuah tse tse soo i ia soo tai gian ning e lin lui,4
1691,./data/wav_gen/wav/001691_indextts_surprised.wav,lin lui kau tann e lik su,surprised,lin lui kau tah e lik su,2
1692,./data/wav_gen/wav/001692_indextts_sad.wav,tshit tsap e tshit pian long si bo liau sia bo khuan iong bo guan liong,sad,tshit tsap e tshit pian long si bo liau sia，bo khuan iong bo guan liong,1
1693,./data/wav_gen/wav/001693_indextts_disgusted.wav,lin lui ko lian si kau tse thian pian e,disgusted,lin lui ko lian si kau tse thian pian e,0
1694,./data/wav_gen/wav/001694_indextts_fearful.wav,pi tik mng ia soo kong,fearful,pi ti mng iah soo kong,2
1695,./data/wav_gen/wav/001695_indextts_disgusted.wav,kau tse thian tshit tsap tshit pian,disgusted,kau tse thian tshit tsap tshit pian,0
1696,./data/wav_gen/wav/001696_indextts_angry.wav,pian lai pian khi ma si kau,angry,pian na pian khi ma si kau,2
1697,./data/wav_gen/wav/001697_indextts_sad.wav,loo sin lim tsiong e si,sad,loo sin lin tsiong e si,1
1698,./data/wav_gen/wav/001698_indextts_happy.wav,siunn tioh se hng lang e thuan thong,happy,tsiunn tioh sian hng lang e thuan thong,4
1699,./data/wav_gen/wav/001699_indextts_angry.wav,thiann kong si tsin tsing ai guan liong tsit si lang tit tse lan e lang,angry,hia kong si tsin tsing，ai kuan liong tsit sit lang ti tse lan e lang,7
1700,./data/wav_gen/wav/001700_indextts_sad.wav,thang ho ong sing,sad,thang kho ong sing,1
1701,./data/wav_gen/wav/001701_indextts_disgusted.wav,m koh i it tit siunn suah lu siunn lu tse guan liong be liau,disgusted,m koo i it ti siunn，tsua lu siunn lu tse guan liong be liau,5
1702,./data/wav_gen/wav/001702_indextts_disgusted.wav,tio kong tit tse gua e lang sit tsai siunn tse ah,disgusted,tioh kong ti tse ua e lang tsit tsai siunn tse a,5
1703,./data/wav_gen/wav/001703_indextts_surprised.wav,bo in ma mai guan liong gua lah,surprised,bo，i ma mai uan liong ua lah,4
1704,./data/wav_gen/wav/001704_indextts_angry.wav,an ne tak ke tshe penn tsun suah,angry,an ne tak ke tshai pe tsun tsuah,5
1705,./data/wav_gen/wav/001705_indextts_angry.wav,gua i king guan liong tui hong tshit pian ah,angry,gua i king guan niong tui hong tshit pian ah,1
1706,./data/wav_gen/wav/001706_indextts_happy.wav,gua siunn tan beh tng khui tsiah lai liau sia,happy,gua siunn tam e tng khui tsiah lai liau siah,4
1707,./data/wav_gen/wav/001707_indextts_surprised.wav,kiam tshai u si bo kau si kan,surprised,kiam tshai u si bo kau si kan,0
1708,./data/wav_gen/wav/001708_indextts_angry.wav,be hu thang uan sing,angry,be hu thang huan sing,1
1709,./data/wav_gen/wav/001709_indextts_angry.wav,in ui liau sia su iau tsit tuann si kan,angry,in ui liau sia su iau tsit tua si kam,3
1710,./data/wav_gen/wav/001710_indextts_fearful.wav,tshin tshiunn lian tan an ne,fearful,tshin tsiunn lian tan an ne,1
1711,./data/wav_gen/wav/001711_indextts_disgusted.wav,su iau tshit tshit si tsap kau kang leh,disgusted,su iau，tshit tshit si tsa kak kang leh,3
1712,./data/wav_gen/wav/001712_indextts_disgusted.wav,li kam khai si tui kiu liau sia tsit mng ge sut ah,disgusted,li kam khai si tui kiu liau siah，tsit mng ke sut lah,4
1713,./data/wav_gen/wav/001713_indextts_happy.wav,tioh ai liong tsa ooh,happy,tioh ai liong tsa oo,1
1714,./data/wav_gen/wav/001714_indextts_neutral.wav,an ne kam bo kau,neutral,an ne kam boo kau,1
1715,./data/wav_gen/wav/001715_indextts_fearful.wav,ia soo kong bo kau ai guan liong tshit tsap e tshit pian,fearful,ia soo kong bo kau，ai uan liong tshit tsap e tshit pian,2
1716,./data/wav_gen/wav/001716_indextts_disgusted.wav,tse to si liau sia e ge sut,disgusted,tse to si liau sia e ke sut,1
1717,./data/wav_gen/wav/001717_indextts_sad.wav,huan na si ge sut,sad,hua na si ke sut,2
1718,./data/wav_gen/wav/001718_indextts_surprised.wav,tio si su iau tsin tng e si kan it tit tuan lian,surprised,tioh si su iau tsin tng e si kan，it ti tuan lian,3
1719,./data/wav_gen/wav/001719_indextts_angry.wav,bun tsiong si,angry,pun tsiong si,1
1720,./data/wav_gen/wav/001720_indextts_sad.wav,tsu iu bang,sad,tsu iu bang,0
1721,./data/wav_gen/wav/001721_indextts_surprised.wav,i put si khuann tioh sio be tsin e noo hue,surprised,i put si khuah tioh sioo be tsin lian noo hue,7
1722,./data/wav_gen/wav/001722_indextts_angry.wav,hit tsun i tsi si tsit ui sio king uan,angry,he tsun，i tsi si tsit ui sio king uan,3
1723,./data/wav_gen/wav/001723_indextts_disgusted.wav,thiann bing ling kong lip tsu iu si tai tsap tsi sia,disgusted,thiann bing ling kong lip，su iu si tai tsap tsi sia,2
1724,./data/wav_gen/wav/001724_indextts_neutral.wav,hit am i tsiap tioh hau senn tian ue,neutral,hi am，i tsiah tioh hau senn ting ue,5
1725,./data/wav_gen/wav/001725_indextts_angry.wav,pa gun kong lip lip huat inn,angry,pa，gun kong li tit huah i,7
1726,./data/wav_gen/wav/001726_indextts_surprised.wav,bo lua ku,surprised,bo lua ku,0
1727,./data/wav_gen/wav/001727_indextts_angry.wav,i kui sin oo sann kiann tsiunn ke thau,angry,i kui sin oo sa kia tsiuh ke thau,6
1728,./data/wav_gen/wav/001728_indextts_happy.wav,tshiu giah tsit lui ng iam lit thau hue,happy,tshiu giah tsit lui，ng giang lik thau hue,5
1729,./data/wav_gen/wav/001729_indextts_sad.wav,tsok tsia tan kim sun,sad,tsok tsia，tan kin sun,2
1730,./data/wav_gen/wav/001730_indextts_surprised.wav,hit lit tshi tiunn lai tsu iu hang khia pai,surprised,hit li tshi tiunn lai tsu iu hang khia pai,1
1731,./data/wav_gen/wav/001731_indextts_sad.wav,tshun ong tu ho tiam ti lin kun li,sad,tshun ong tu ho tiam ti lin kun ni,1
1732,./data/wav_gen/wav/001732_indextts_disgusted.wav,i the hiu keh tng lit,disgusted,i the hiu ke tng li，aih iam lah,13
1733,./data/wav_gen/wav/001733_indextts_disgusted.wav,sui lai ki kim hue tso tsi kang,disgusted,sui lai ki kim hue tso tsi kang,0
1734,./data/wav_gen/wav/001734_indextts_sad.wav,tak hue to lam kau nylon tsu hun tiunn king,sad,ta hue to lam kau niu long tsu hun tiunn kin,6
1735,./data/wav_gen/wav/001735_indextts_fearful.wav,i long bak sai si lam sui,fearful,i long bak sai si lam sui,0
1736,./data/wav_gen/wav/001736_indextts_neutral.wav,ji tsap goo tang lai ti bang li,neutral,ji tsa goo tang nai ti bang li,2
1737,./data/wav_gen/wav/001737_indextts_happy.wav,soo ji,happy,soo ji,0
1738,./data/wav_gen/wav/001738_indextts_angry.wav,sua loh lai khuann hua lian kuan bin a tsai peh ho e thinn khi,angry,sua loh lai，khuann hua lian kuan，bin a tsai peh ho e thinn khi,2
1739,./data/wav_gen/wav/001739_indextts_disgusted.wav,un too ji tsap lak tsi sann tsap it too loh hoo ki lut sann tsap%,disgusted,un too li tsa la tsi，tsa tsap it too loo hoo ki lut sann tsap pha,12
1740,./data/wav_gen/wav/001740_indextts_happy.wav,lai pin peh pah tshit tsap lak ho tshiann lai tsap ji ho kui tai pan li,happy,lai pin peh pah tshit tsap la ho tshia lai tsap ji ho kui tai pan li,3
1741,./data/wav_gen/wav/001741_indextts_neutral.wav,long tsong lak pah tshit tsap tshit khoo tsau li ji tsap sann khoo,neutral,long tsong la pah tshi tsap tshi khoo，tsau li li tsah sann khoo,6
1742,./data/wav_gen/wav/001742_indextts_surprised.wav,kin a ji̍t si goo gueh ji goo pai sann,surprised,kin a li tsi goo ue ji goo pai sa,8
1743,./data/wav_gen/wav/001743_indextts_sad.wav,gua e hoo tsiau ho be si pat ji khong sam khong sam tshit kiu pat,sad,gua e hoo tsiau ho be si，pat ji khong sann khong sann tshi kiu pat,6
1744,./data/wav_gen/wav/001744_indextts_fearful.wav,gun tau e tian ue ho be si khong ngoo su liok su kiu kiu liok ngoo,fearful,gun tau e tian ue ho pe si，khong ngoo su liok su kiu kiu liok ngoo,2
1745,./data/wav_gen/wav/001745_indextts_sad.wav,i ti ji khong khong khong ni tshut si,sad,i ti ji khong khong khong ni tshut si,0
1746,./data/wav_gen/wav/001746_indextts_disgusted.wav,tshiann pang gua tsuan hun ki liok ji liok it,disgusted,tshia pang ua tsuan hun ki liok li liok it,4
1747,./data/wav_gen/wav/001747_indextts_sad.wav,sing uah tui ue,sad,sin ua tui ue,2
1748,./data/wav_gen/wav/001748_indextts_surprised.wav,put si tua piann sau tshu lai tsin tshing khi,surprised,pu si tua piah sau，tshu lai tsin tshin khi,5
1749,./data/wav_gen/wav/001749_indextts_disgusted.wav,hann9 li kong siann,disgusted,hah li kong siann,3
1750,./data/wav_gen/wav/001750_indextts_happy.wav,he khong khi tshing tsing ki li a sio uann tsit e to ho ah lah,happy,he khong khi tshin tsin ki，li a sio uann tsit e to ho ah lah,3
1751,./data/wav_gen/wav/001751_indextts_angry.wav,honnh he bo kang lah lang kong tshing tshu tsiah e hu neh,angry,hooh，he boo kang lah，lang kong tshing tsu tsiah e hu neh,6
1752,./data/wav_gen/wav/001752_indextts_fearful.wav,gua khuann lan kheh thiann si ke ing ia,fearful,gua khuann lan kheh thiann si ke in ia,1
1753,./data/wav_gen/wav/001753_indextts_happy.wav,gua e poo tshit tian si tu thau tsing thoo hun gua kau li tsai bo,happy,gua e poo tshit tian si tu thau tsing，thau hun gua kau li tsai boo,4
1754,./data/wav_gen/wav/001754_indextts_surprised.wav,li si ka tsia long tong tsue thiann thau tsit ni tshing thun tsiah piann tsit kai sioh,surprised,li si ka tsia long tong tsue thiann thau，tsit ni tshin thun tsiah piann tsit kai siokh,3
1755,./data/wav_gen/wav/001755_indextts_happy.wav,eh li na e tsai gua kam kak an ne tsin ho ah,happy,eh，li na e tsai，gua kam kak an ne tsin ho ah,2
1756,./data/wav_gen/wav/001756_indextts_sad.wav,ping siong si mai khi kiau jiau tioh ki tha pang kheh,sad,pin siong si，mai khi kiau liau tioh ki that pang kheh,4
1757,./data/wav_gen/wav/001757_indextts_sad.wav,li m tsai he ti tu ah hoo sin hoo sian thang a ah,sad,li m tsai he ti tu a，hoo sin honnh，sian thang a,9
1758,./data/wav_gen/wav/001758_indextts_disgusted.wav,long gua tshi lai tau liah bang thang e,disgusted,long gua tshi lai tau liah bang thang e,0
1759,./data/wav_gen/wav/001759_indextts_disgusted.wav,tso ka bu e tui ue,disgusted,tsok ka bu e tui ue,1
1760,./data/wav_gen/wav/001760_indextts_happy.wav,kau hia ma e the lan puann tsit kua iu sap a,happy,kau hiah mai，the lan puann tsit kua iu sat a,5
1761,./data/wav_gen/wav/001761_indextts_neutral.wav,eh gua kam kak li tsue kin tiann tiann lau phinn phah kha tshiunn,neutral,eh，gua kan kah li tsue kin tia tia lau pinn phah kha tshiunn,8
1762,./data/wav_gen/wav/001762_indextts_surprised.wav,kam si tshu lai siunn lap sap a tsa ah,surprised,kam si tshu lai siunn lah，tsap a tsa a,4
1763,./data/wav_gen/wav/001763_indextts_happy.wav,gua kin a jit si ke sun sun huat kian lan thian pong piah kak long u ti tu si neh,happy,gua kin a li si ke sun sun，huat ke lan thian pong，piah kah long u ti tu si neh,8
1764,./data/wav_gen/wav/001764_indextts_surprised.wav,ji tshiann lan tsu kiat hun liau kan na long bo se kue kha tian koh u mng ni,surprised,li tshia lan tsu kiat hun liau，kan na long boo se kue kha tian koo mng ni,8
1765,./data/wav_gen/wav/001765_indextts_angry.wav,lan u ing kam beh lai piann sau tsit e,angry,lan u ing kah beh lai piah sau tsit e,3
1766,./data/wav_gen/wav/001766_indextts_disgusted.wav,hannh ke bo thiann e,disgusted,hah，ke bo thiann e,3
1767,./data/wav_gen/wav/001767_indextts_fearful.wav,an ne gua lai be tsit tai sau thoo kha e ke khi lang,fearful,an ne gua lai be tsit tai sau thoo kha e ke khi lang,0
1768,./data/wav_gen/wav/001768_indextts_neutral.wav,bun tsiong it,neutral,bun tsiong it,0
1769,./data/wav_gen/wav/001769_indextts_sad.wav,tshoo hui kah iu hui,sad,tshoo hui kah iu hui,0
1770,./data/wav_gen/wav/001770_indextts_happy.wav,lan tio ka kio tso iu hui,happy,lan tioh ka kiok tsoo iu hui,3
1771,./data/wav_gen/wav/001771_indextts_angry.wav,it puann hua gi na si tshing hoo tsue 陶瓷,angry,i puann hua gi na si tshing hoo tsue，thau tsi tse,13
1772,./data/wav_gen/wav/001772_indextts_sad.wav,lan tio tit tsiap ka kio tsue hui a tio ho,sad,lin ti tsiap ka kio tue hui a tioh ho,8
1773,./data/wav_gen/wav/001773_indextts_sad.wav,m ko,sad,m koh,1
1774,./data/wav_gen/wav/001774_indextts_neutral.wav,tshoo hui kah iu hui beh an tsuann lai khu piat,neutral,tshoo hui kah iu hui，be an tsuann lai khu piat,2
1775,./data/wav_gen/wav/001775_indextts_surprised.wav,lan tsi iau kan tan pa ak hong hue tsui thoo si li,surprised,lan tsi au kan tan pa hong hue tsui thoo si li,4
1776,./data/wav_gen/wav/001776_indextts_fearful.wav,tio e sai khin khin sang sang u kua kai liam oo9,fearful,tioh e sat khin khin sang sang u kua ke liam oo,5
1777,./data/wav_gen/wav/001777_indextts_angry.wav,sing lai khuann thoo e tsha piat,angry,sing lai khuann thoo e tsha peh,3
1778,./data/wav_gen/wav/001778_indextts_disgusted.wav,na beh sio tshut iu hui,disgusted,nau be sio tshut iu hui,2
1779,./data/wav_gen/wav/001779_indextts_fearful.wav,it ting toh ai ing ko nia thoo,fearful,it ting to ai ing ko nia thoo,1
1780,./data/wav_gen/wav/001780_indextts_surprised.wav,tsok tsia lim tshong bing,surprised,tsoo tsia，lim tshong min,4
1781,./data/wav_gen/wav/001781_indextts_disgusted.wav,in ui ko nia thoo lai te tsha put to bo thih a ting ting e tsap tsit,disgusted,in ui ko nia thoo lai te tsha put to bo thi a ting ting e tsap tsit,1
1782,./data/wav_gen/wav/001782_indextts_fearful.wav,soo i na si uan tsuan bo kap iu,fearful,soo i na si uan tsuan bo kak iu,1
1783,./data/wav_gen/wav/001783_indextts_angry.wav,sio tshut lai e iu hui e tsin ua kin peh sik,angry,sia tshut lai e iu hui e tsin ua kin peh sik,1
1784,./data/wav_gen/wav/001784_indextts_angry.wav,ti koo tsa e se iunn se kai,angry,ti kong tsa e se iu se kai,4
1785,./data/wav_gen/wav/001785_indextts_surprised.wav,in bo huat too sio tshut tsit tsiong iu hui,surprised,in bo huat too sioh tshut tsit tsiong iu hui,1
1786,./data/wav_gen/wav/001786_indextts_neutral.wav,long e ka i kio tsue peh kim,neutral,long e ka i kio tsue peh kin,1
1787,./data/wav_gen/wav/001787_indextts_fearful.wav,na si it puann tshoo hui e thoo tsit,fearful,na si it puann tshoo hui e thoo tsih,1
1788,./data/wav_gen/wav/001788_indextts_fearful.wav,na bo kap iu,fearful,na bo ka kiu,2
1789,./data/wav_gen/wav/001789_indextts_sad.wav,sio tshut lai tio be si peh sik e,sad,ho，sio tshut lai tioh be si peh sik e,4
1790,./data/wav_gen/wav/001790_indextts_neutral.wav,koh lai si tsui e kai liam,neutral,koo lai si tsui e kai liam,1
1791,./data/wav_gen/wav/001791_indextts_fearful.wav,lan sing uah tang tiong u tsiok tse hui a e tse phin,fearful,lan sin uah tang tiong u tsiok tse hui a e tse phin,1
1792,./data/wav_gen/wav/001792_indextts_sad.wav,tiau kiann si ai sio ho kiam bo kap iu e hui a,sad,tiau kiann si ai sio ho kiam bo kah liu e hui a,2
1793,./data/wav_gen/wav/001793_indextts_happy.wav,lan na si ka iu hui te tsui,happy,lan na si ka iu hui te tsui,0
1794,./data/wav_gen/wav/001794_indextts_fearful.wav,i si bue siap tsui tshut lai e,fearful,i si bue sia tsui tshut lai,3
1795,./data/wav_gen/wav/001795_indextts_sad.wav,siong tui na si tshoo hui theh lai te tsui,sad,siong tui na si tshoo hui theh lai te tsui,0
1796,./data/wav_gen/wav/001796_indextts_sad.wav,i tio e ban ban a ban ban a siap tsui tshut lai,sad,i tioh e ban man a，ban man a siah tsui tshut lai,5
1797,./data/wav_gen/wav/001797_indextts_angry.wav,ji tshiann iu hui e khip tsui lut tsuat tui ai ke kue sann pha i ha tsiah e sai,angry,li tshia iu hui e khioh tsui lu tsuat tui ai ke kue sann pha i ha tsiah e saih,7
1798,./data/wav_gen/wav/001798_indextts_fearful.wav,iah e ki tit nng tang tsing,fearful,iah e ki li nng tang tsing,2
1799,./data/wav_gen/wav/001799_indextts_surprised.wav,thiann tit tioh phau ka pi se kai kuan kun e tai uan suan tshiu kong,surprised,thiann tit tioh phau ka pi se kai kuan kun e tai uan suan tshiu kong,0
1800,./data/wav_gen/wav/001800_indextts_neutral.wav,i tioh tsiong e ki tiong tsit e tiong iau in soo,neutral,i tioh tsiong e ki tiong tsit e tiong iau in song,2
1801,./data/wav_gen/wav/001801_indextts_happy.wav,tio si ti ing ko bue e ka pi pue a,happy,tioh sit ti ing ko bue ka pi pue a,4
1802,./data/wav_gen/wav/001802_indextts_neutral.wav,m ko he tau te si siann mih khuan tsai tsit leh,neutral,m koo he tau te si siann mih khuann，tsai tsit e,5
1803,./data/wav_gen/wav/001803_indextts_sad.wav,i thiau kang king suan khip tsui lut tsok ke e iu hui pue a,sad,i thiau kang kin suan khi tsui lu，tsok ke ge iu hui pue a,5
1804,./data/wav_gen/wav/001804_indextts_neutral.wav,hoo phau tshut lai e ka pi,neutral,hoo phau tshut lai e ka pi,0
1805,./data/wav_gen/wav/001805_indextts_neutral.wav,lai te e hue phang kah kue tsi phang khi,neutral,lai te e hue phang kah kue tsi phang khi,0
1806,./data/wav_gen/wav/001806_indextts_neutral.wav,uan tsuan bue hoo pue a ing hiong lai khip siu khi,neutral,uan tsuan bue hoo pue a in hiong lai khip siu khi,1
1807,./data/wav_gen/wav/001807_indextts_angry.wav,phing sim e tang phinn tioh tsap tsiok e phang khi,angry,ping sim e tang phi tioh tsap tsiok e phang khi,3
1808,./data/wav_gen/wav/001808_indextts_neutral.wav,hoo i e ka pi tsok phin,neutral,hoo i e copy tsok phin,4
1809,./data/wav_gen/wav/001809_indextts_disgusted.wav,e sai uan tsuan tian hian tshut guan lai e khi bi,disgusted,e sai uan tsuan tian hian tshut uan nai e khi bi,2
1810,./data/wav_gen/wav/001810_indextts_sad.wav,m tsiah u ki hue lai tioh tsiong,sad,m tsiah u ki hue lai tioh tsiong,0
1811,./data/wav_gen/wav/001811_indextts_surprised.wav,sua loh si hue e in soo,surprised,sua loo si，kue e in sooh,4
1812,./data/wav_gen/wav/001812_indextts_happy.wav,hue soo tai piau e si un too kah thang kng sing,happy,hue soo tai piau e si，un too kah thang kng sin,2
1813,./data/wav_gen/wav/001813_indextts_sad.wav,tsiok tse lang sa bo tsang,sad,tsiok tse lang sa bo tsang,0
1814,./data/wav_gen/wav/001814_indextts_disgusted.wav,tai sing si un too ai sio kah tsha put to tsit tshing nng pah sann tsap kau tsit tshing nng pah peh tsap too tso iu e kuan un i siong,disgusted,tai sing si，un too ai sio kah thau put to tsit tshing nng pah sa tsa kau tsit tshing nng pah peh tsa thoo to tso iu e kuan gun i siong,12
1815,./data/wav_gen/wav/001815_indextts_neutral.wav,i tsiah e lai tsiann tsue iu hui e tiau kiann tsi it,neutral,i tsia e lai，tsiann tsue iu hue tiau kiann tsi it,4
1816,./data/wav_gen/wav/001816_indextts_surprised.wav,na si it puann tshoo hui e thoo tsit,surprised,na si it puann tshoo hui e thoo tsit,0
1817,./data/wav_gen/wav/001817_indextts_happy.wav,nge beh sio kah tsit tsiong kuan un,happy,nio beh sia kah tsit tsiong kuan gun,4
1818,./data/wav_gen/wav/001818_indextts_fearful.wav,na m si sio kah phua phua khi,fearful,na m si sio kah phua phua khi,0
1819,./data/wav_gen/wav/001819_indextts_angry.wav,bo tio si tsok phin e lai khu kha khi,angry,bo，tiau si tsok phin e lai khu kha khi,3
1820,./data/wav_gen/wav/001820_indextts_surprised.wav,koh lai si hue soo tai piau e thang kng sing,surprised,koh lai si hue soo tai piau e thang kng sin,1
1821,./data/wav_gen/wav/001821_indextts_happy.wav,tshoo hui ka theh lai tsio kng si tsuat tui bue thang kng,happy,tshoo hui ka theh lai tsioh kng si tsuat tui but thang kng,2
1822,./data/wav_gen/wav/001822_indextts_sad.wav,na si uan tsuan bo kap iu e iu hui ka theh lai tsio kng,sad,na si uan tsuan bo kap iu e iu hui，ka theh lai tsioo kng,2
1823,./data/wav_gen/wav/001823_indextts_happy.wav,i tio e sio khua thang kng,happy,i tioh e sio khua thang kong,2
1824,./data/wav_gen/wav/001824_indextts_surprised.wav,koh khah mai kong beh an tsuann lai khu piat ooh,surprised,koh kha mai kong be an tsuann lai e ku piat ooh,5
1825,./data/wav_gen/wav/001825_indextts_sad.wav,tsue au si hong e tsok iong,sad,tsue au si，hng e tso iong,3
1826,./data/wav_gen/wav/001826_indextts_fearful.wav,tse si in ui hong u huat too thuan sang siann im,fearful,tse si in ui hong u huat too thuan sang siann im,0
1827,./data/wav_gen/wav/001827_indextts_disgusted.wav,na si iu hui iong tshiu ka tiak khuann mai a,disgusted,na si iu hui，iong tshiu ka tiah khuann mai a,2
1828,./data/wav_gen/wav/001828_indextts_sad.wav,i e siann im e pi tiak tshoo hui e siann im koh khah tshe tsit kua,sad,i e siann in e pi tiak tshoo hui e siann in，koh khah tshet tsit kua,4
1829,./data/wav_gen/wav/001829_indextts_surprised.wav,siong tui tshoo hui e siann im e khah tun,surprised,siong tui tshoo hui e sia in e khah tun,3
1830,./data/wav_gen/wav/001830_indextts_angry.wav,m tsai an ne senn tshoo hui kah iu hui e kan tan khu piat,angry,m tsai an ne se tshoo hui kah，iu hui e kan tan khu piat,3
1831,./data/wav_gen/wav/001831_indextts_fearful.wav,si m si tsin sim sik,fearful,sim si tsin sim sik,1
1832,./data/wav_gen/wav/001832_indextts_surprised.wav,ban it na si tu tioh u lang kok pih thiau kang beh sit giam,surprised,ban in na si tu tioh u lang copy thiau kang，be sit iam,9
1833,./data/wav_gen/wav/001833_indextts_happy.wav,ing ko nia thoo kah tshoo hui a thoo lam lam tso hue khi sio,happy,ing ko nia thoo kah tshoo hui a thoo lan lan tsoo hue khi sio,3
1834,./data/wav_gen/wav/001834_indextts_angry.wav,koh sio tshut ua beh tsit tshing nng pah too tso iu kuan un e tsok phin,angry,kok sio tshut ua，te tsit tshing lng pat too tso iu kuan，un e tsok phin,7
1835,./data/wav_gen/wav/001835_indextts_angry.wav,tai sing hua gi kong e 陶,angry,tai sing，huann gi kong e tauh neh tauh,16
1836,./data/wav_gen/wav/001836_indextts_neutral.wav,tio m tsai iann beh an tsuann tshing hoo,neutral, tioh m tsai a beh an tsuann tshing hoo,5
1837,./data/wav_gen/wav/001837_indextts_sad.wav,si tshoo hui iah si iu hui,sad,si tsho hui iah si iu hui,1
1838,./data/wav_gen/wav/001838_indextts_fearful.wav,bo iau kin lan tioh tit tsiap kio i hui a tioh ho,fearful,bo iau kinn lan tioh ti tsiah kio i，kui a tioh ho,5
1839,./data/wav_gen/wav/001839_indextts_angry.wav,lan tio ka kio tso tshoo hui,angry,lan kio ka kio tso tshoo hui,1
1840,./data/wav_gen/wav/001840_indextts_fearful.wav,na si hua gi kong e 瓷,fearful,na si hua ki kong e，tsi,5
1841,./data/wav_gen/wav/001841_indextts_surprised.wav,bun tsiong ji,surprised,bun tsiong tsi,2
1842,./data/wav_gen/wav/001842_indextts_fearful.wav,tiong kok beh hoo lan kok bin thai gu liok ui hue bo pian poo,fearful,tiong koo beh hoo lan kok bin thai ku，liok kui hue boo pian poo,5
1843,./data/wav_gen/wav/001843_indextts_disgusted.wav,ng bang tiong kok ti tui kiu sit lik the sing e si,disgusted,ng bang tiong koo ti tui kiu sit li，theh sin e si,5
1844,./data/wav_gen/wav/001844_indextts_surprised.wav,ma ai iong sin li loo lai khuann thai liong huann kuan he,surprised,ma ai iong sin li loo lai khuann thai liong hua kuan he,2
1845,./data/wav_gen/wav/001845_indextts_fearful.wav,tiong kiong tsap kau tai ui tsai khi kau tiam khai si,fearful,tiong kiong tsat kau tai ui tsai khi kau tiam khai si,1
1846,./data/wav_gen/wav/001846_indextts_happy.wav,習近平 ti kang tsok po ko lai te,happy,iong tsin pin ti kang tsoo poo ko lai te,15
1847,./data/wav_gen/wav/001847_indextts_fearful.wav,u si pai kong tioh kiu ji kiong sik,fearful,u si pai kong tioh，kiu jit kiong sik,2
1848,./data/wav_gen/wav/001848_indextts_fearful.wav,piau si tsit e tiong kok guan tsik si liong huann kuan he e tsing ti kin te,fearful,piau si tsit e tiong kok uan tsit si liong hua kuan he e tsin ti kin te,5
1849,./data/wav_gen/wav/001849_indextts_neutral.wav,sing jin kiu ji kiong sik jin tong liong huann kang siok tsit e tiong kok,neutral,sin jin kiu li kiong sit，lin tong liong hua kang sioh tsit e e tiong kok,10
1850,./data/wav_gen/wav/001850_indextts_neutral.wav,siang hong e tui ue tioh thang khi kiann,neutral,siang hong e tui ue tioh thang khi kiann,0
1851,./data/wav_gen/wav/001851_indextts_sad.wav,tai uan jim ho tsing tong kah thuan the beh ham tiong kok lai khi ma be u tsoo gai,sad,tai uan tsin ho tsing tong kah thuan the be ham tiong kok lai khi ma be u tsoo gai,4
1852,./data/wav_gen/wav/001852_indextts_fearful.wav,tat tit tsu i e si,fearful,tak ti tsu i e si,2
1853,./data/wav_gen/wav/001853_indextts_surprised.wav,tsok tsia lua tsiau lam,surprised,tsok tsia，luah tsiau lam,2
1854,./data/wav_gen/wav/001854_indextts_disgusted.wav,習近平 koh kong,disgusted,to lan ping koh，koh kong,15
1855,./data/wav_gen/wav/001855_indextts_surprised.wav,beh tsiau 兩岸一家親 e li liam,surprised,beh tsiau ah an i tsiah tshiann leh e li liam,25
1856,./data/wav_gen/wav/001856_indextts_happy.wav,tauh tauh a hoo tai uan tong pau ti tai liok hak sip tshong giap sing uah,happy,tau tau a hoo tai uan tong pau ti tai liau hak sit tshong iak，sin gua,11
1857,./data/wav_gen/wav/001857_indextts_surprised.wav,the kiong kah tai liok tong pau kang khuan e thai gu,surprised,the kiong kah tai liok tong pau kang khuan e tai gu,1
1858,./data/wav_gen/wav/001858_indextts_neutral.wav,u hun sik in sut bing thuan tai hak liong huann gian kiu tiong sim tsu jim kiam kau siu iunn khai hong e kai sueh,neutral,u hun sioh in sut bin thuan tai ha，liong hua ian kiu tiong sim tsu lin kiam kau siu iunn khai hong e kai sueh,10
1859,./data/wav_gen/wav/001859_indextts_fearful.wav,tiong kiong tsit kui tang ka liong huann kau liu e tiong tiam ui tai uan sua kau tiong kok,fearful,tiong kiong tsit kui tang ka liu huann kau liu e tiong tiam ui tai uan sua kau tiong koo,4
1860,./data/wav_gen/wav/001860_indextts_fearful.wav,beh siann tai uan e siau lian lang kau tiong kok tshong giap in thau loo,fearful,beh sia tai uan e siau lian lang kau tiong kok tshong giap，in thau loo,3
1861,./data/wav_gen/wav/001861_indextts_happy.wav,bi lai tai pau tsing e ho be,happy,bi lai tai pau tsing e ho be,0
1862,./data/wav_gen/wav/001862_indextts_angry.wav,phah sng beh kai kah kap tiong kok kong bin kang khuan,angry,phah sng be kai kai kah kap，tiong kok kong bin kang huan khuan,10
1863,./data/wav_gen/wav/001863_indextts_disgusted.wav,hoo tai uan lang ti tiong kok be ko thih phio thang kah tiong kok lang kang khuan,disgusted,hoo tai uan lang ti tiong kok be ko thi，phio thang ka tiong kok lang kang khuan,3
1864,./data/wav_gen/wav/001864_indextts_fearful.wav,tiong kok kiong san tong te tsap kau tshu tsuan kok tai piau tai hue tsap gueh tsap peh khui boo,fearful,tiong kok kiong san tong te tsap kau tshu，tsuan kok tai piau tai hue tsa gueh tsa peh khui boo,3
1865,./data/wav_gen/wav/001865_indextts_sad.wav,bian pai tui tit tsiap lu kha jip tsam ka thiam li pian sing,sad,bian pai tui ti tsiah lu kha a ti tsam ka thiam li pian sing,6
1866,./data/wav_gen/wav/001866_indextts_fearful.wav,iunn khai hong jin ui,fearful,iu khai hong tin gui,4
1867,./data/wav_gen/wav/001867_indextts_surprised.wav,tse huan se piau si tiong kiong tui ka ti e huat tian tsin u sin sim,surprised,tse huan se piau si，tiong kiong tui ka ti e huat tian tsin u sin sim,1
1868,./data/wav_gen/wav/001868_indextts_surprised.wav,tsun si tai uan lang lai kau tiong kok sia hue,surprised,tsuan si tai uan lang lai kau tiunn koo sia hue,4
1869,./data/wav_gen/wav/001869_indextts_sad.wav,tioh e tang ka liong huann e kha poo giu khah ua leh,sad,tioh e tang ka liong huann e kha poo kiu khah ua leh,1
1870,./data/wav_gen/wav/001870_indextts_disgusted.wav,liok ui hue e sing bing tsi tshut,disgusted,liok kui hue sing bing tsit tshut,4
1871,./data/wav_gen/wav/001871_indextts_happy.wav,tiong kiong tsap kau tai po ko tui tai tsing tshik uan na bo pian poo,happy,tiong kiong tsak kau tai po ko tui tai tsin tshik uan a boo pian poo,4
1872,./data/wav_gen/wav/001872_indextts_fearful.wav,koh thiau kang kik tshut the hong nua tsah e thai too,fearful,ko thiau kang ki tshu the hong nua tsa e thai too,4
1873,./data/wav_gen/wav/001873_indextts_angry.wav,liok ui hue hoo iok tui huann tsin bak khuann tiong tsit e su sit,angry,liok ui hue hoo iok tui hua tsin bah kuann tiong tsit e su sit,4
1874,./data/wav_gen/wav/001874_indextts_surprised.wav,koo tsit ping nge beh tsiann e it tiong guan tsik kah tsit kok nng tse,surprised,koo tsit pinn nge me tsia e，eh ki tiong guan tsit kah tsit koo nng tse,11
1875,./data/wav_gen/wav/001875_indextts_surprised.wav,tiong kiong tsong su ki 習近平 leh po ko e si,surprised,tiong kiong tsong su ki e tsin pin，le poo ko e si,12
1876,./data/wav_gen/wav/001876_indextts_sad.wav,tsin oh hann kue bin sim e tshim kau,sad,tsin oh ha kue bin sim e tshim kau,2
1877,./data/wav_gen/wav/001877_indextts_sad.wav,liok ui hue kiong tiau,sad,liok ui hue e kiong tiau,2
1878,./data/wav_gen/wav/001878_indextts_fearful.wav,tshua tsing hu u tsam tsat bo jia khang,fearful,tshuah tsin hu u tsan tsat，bo liah khang,6
1879,./data/wav_gen/wav/001879_indextts_surprised.wav,ui tshi hian hong tsun tiong it kiu kiu ji ni liong hue hue tam lik su su sit e lip tiunn bo pian,surprised,ui tshi hian hong，tsun tiong it kiu kiu li ni liong hue hue tang lip suh sik tue lip tiunn boo pian,12
1880,./data/wav_gen/wav/001880_indextts_sad.wav,m koh tiong hua bin kok si tsu kuan kok ka,sad,m koh tiong hua bin kok si tsu kuan kok ka,0
1881,./data/wav_gen/wav/001881_indextts_fearful.wav,tai uan e bi lai kah liong huann kuan he si nng tshing sann pah ban lang e kiong tong suan tik,fearful,tai uan e bi lai kah liong hua kuan he si nng tshin sann pah ban lang e kiong tong suan tit,4
1882,./data/wav_gen/wav/001882_indextts_surprised.wav,liong huann ai tso hue tshiau tshue sio kau tshap e sin loo,surprised,liong hua ai tso hue tshiau tshue sio kau tshap e sin loo,2
1883,./data/wav_gen/wav/001883_indextts_fearful.wav,tsiam tui tiong kiong tsap kau tai e po ko,fearful,tsiam tui tiong kiong tsa kau tai e poo ko,2
1884,./data/wav_gen/wav/001884_indextts_sad.wav,si tai lik liong piau si,sad,tshi tai li liong piau si,3
1885,./data/wav_gen/wav/001885_indextts_fearful.wav,tsi tshi tshua tsong thong tsun tiong kiu ji hue tam lik su su sit e tsing tshik te tiau,fearful,tsi tshi tshua tsong thong，tsun tiong kiu li hue tam tik su su sit e tsin tshik teh tiau,5
1886,./data/wav_gen/wav/001886_indextts_neutral.wav,tu liau koh kiong tiau kian kuat huan tui ping ap tse tai tok se lik,neutral,tu liau koh kiong tiau，kian kuak huan tui ping ap tse tai tok se lik,2
1887,./data/wav_gen/wav/001887_indextts_fearful.wav,ma hoo iok tiong kiong ti tsit e tiong kok tsit e tai uan e ki tshoo siong,fearful,ma hoo ioh tiong kiong ti tsit e tiong koo，tsit e tai uan e ki tshoo siong,3
1888,./data/wav_gen/wav/001888_indextts_happy.wav,kah tai uan tsing hu tui ue khi tso liong huann tsing siong liong sing e kau tshap kuan he,happy,kah tai uan tsing hu tui ue，khi tso liong hua tsing siong liong sing e kau thau kuan he,5
1889,./data/wav_gen/wav/001889_indextts_surprised.wav,ling gua tsit hong bin,surprised,lin gua tsit hong bin,1
1890,./data/wav_gen/wav/001890_indextts_disgusted.wav,kok bin tong tsu sik ngoo tun gi kong,disgusted,kong min tong tsu sik ngoo tun gi kong,3
1891,./data/wav_gen/wav/001891_indextts_fearful.wav,ai u it tiong kok piau e kiu ji kiong sik,fearful,ai u it tiong kok piau e kiu li kiong sik,1
1892,./data/wav_gen/wav/001892_indextts_angry.wav,tsiah thang po tsing tiong hua bin kok e tsu kuan kah tsun giam,angry,tsiah thang poo tsing tiunn hua min kok e tsu kuan kah tsun iam,5
1893,./data/wav_gen/wav/001893_indextts_happy.wav,ma kong tioh tui tai khang khue e tiong tiam,happy,ma kong tioh tui tai khang khue e tiong tiam,0
1894,./data/wav_gen/wav/001894_indextts_angry.wav,the kiong tai uan lang ti tiong kok e kok bin thai gu,angry,thiat kiong tai uan lang，ti tiong kok e kok bin thai u,5
1895,./data/wav_gen/wav/001895_indextts_sad.wav,hing tsing inn tai liok ui guan hue jin ui,sad,hing tsing i tai liok ui uan hue lin ui,4
1896,./data/wav_gen/wav/001896_indextts_fearful.wav,tiong kok tui tai tsing tshik bo pian poo tsin phah sng,fearful,tiong koo tui tai tsin tshi boo pian poo，tsin phah sng,5
1897,./data/wav_gen/wav/001897_indextts_fearful.wav,bun tsiong sann,fearful,si u un tsiong sa,7
1898,./data/wav_gen/wav/001898_indextts_happy.wav,liau sia e ge sut,happy,liau sia e ge sut,0
1899,./data/wav_gen/wav/001899_indextts_sad.wav,lian kah u tsit kang tat kau hit e tsi kuan e king kai,sad,lian ka u tsit kang tak kau hit e tsi kuan e kin kai,3
1900,./data/wav_gen/wav/001900_indextts_surprised.wav,kio tsue ge sut,surprised,kioh tsue，neh sut,4
1901,./data/wav_gen/wav/001901_indextts_sad.wav,na si e tang sng tshut guan liong kui pian,sad,na si e tang sng tshu uan liong kui pian,2
1902,./data/wav_gen/wav/001902_indextts_sad.wav,an ne tioh si iau be guan liong,sad,an ne tioh si iau peh uan liong,3
1903,./data/wav_gen/wav/001903_indextts_fearful.wav,ia soo kong e tshit tsap e tshit pian,fearful,ia soo kong e tshit tsap e tsit pian,1
1904,./data/wav_gen/wav/001904_indextts_surprised.wav,tsiu si tshin tshiunn lan kong e tshit tshit si tsap kau pian,surprised,tsiu si tshin tshiunn lan kong e，tshit tshi si tsap kau pian,2
1905,./data/wav_gen/wav/001905_indextts_neutral.wav,tioh si m tsai iann kui pian,neutral,tioh si m tsai a kui pian,3
1906,./data/wav_gen/wav/001906_indextts_surprised.wav,it tit kau uan tsuan bo teh ti i,surprised,i ti kau uan tsuan boo te ti i,4
1907,./data/wav_gen/wav/001907_indextts_sad.wav,bo koh khioh hun,sad,bo koh khio hun,1
1908,./data/wav_gen/wav/001908_indextts_sad.wav,m koh lan thak bi kok lin bun tsu gi tai su pang liong e khuan iong,sad,m koh lan thah pi koo lin bun tsu gi，tai su pang liong e khuan iong,4
1909,./data/wav_gen/wav/001909_indextts_sad.wav,tsok tsia li khin huann,sad,tsoo tsia，li khim hua,5
1910,./data/wav_gen/wav/001910_indextts_angry.wav,thak liau tit tioh kah tsok tsia kang khuan e kiat lun,angry,tha liau tit tioh kah tsok tsia kang khuan e kiat lun,1
1911,./data/wav_gen/wav/001911_indextts_fearful.wav,lin lui e lik su tioh si tsit pho put khuan iong su,fearful,lin lui e li su tioh si tsit pho pu khuan iong su,2
1912,./data/wav_gen/wav/001912_indextts_surprised.wav,lin lui put tuan tiong hok sim kuann kheh eh,surprised,lin lui put tuan tiong hok sim kuann kheh e,1
1913,./data/wav_gen/wav/001913_indextts_angry.wav,bo huat too tsiap lap kah ka ti bo kang khuan siunn huat e tsok ui,angry,booh hap too tsiah tap kah ka ti boo kang khuan siunn huat e tsoo ui,8
1914,./data/wav_gen/wav/001914_indextts_fearful.wav,na si kah gua bo sio kang,fearful,na si kah gua bo sio kang,0
1915,./data/wav_gen/wav/001915_indextts_happy.wav,tioh si li si gua uah,happy,tioh si li si ua ua,2
1916,./data/wav_gen/wav/001916_indextts_surprised.wav,tse pau kuat tse tse soo ui ia soo tai gian lin e lin lui,surprised,tse pau kuah tse tse soo ui ia soo tai gian ling e lin lui,2
1917,./data/wav_gen/wav/001917_indextts_happy.wav,lin lui kau tann e lik su,happy,lin lui kau tann e le tsu,3
1918,./data/wav_gen/wav/001918_indextts_disgusted.wav,tshit tsap e tshit pian long si bo jiau sia bo khuan iong bo guan liong,disgusted,tshit tsap e tshit pian long si bo liau siah，bo huan iong bo guan liong,4
1919,./data/wav_gen/wav/001919_indextts_neutral.wav,lin lui ko jian si kau tse thian pian e,neutral,in lui ko lian si kau tse thian pian e,2
1920,./data/wav_gen/wav/001920_indextts_neutral.wav,pi tik mng ia soo kong,neutral,pi ti mng iah soo kong,2
1921,./data/wav_gen/wav/001921_indextts_happy.wav,kau tse thian tshit tsap tshit pian,happy,kau tse thian tshit tsap tshit pian,0
1922,./data/wav_gen/wav/001922_indextts_fearful.wav,pian lai pian khi ma si kau,fearful,pian lai pian khi，ma si kau,1
1923,./data/wav_gen/wav/001923_indextts_fearful.wav,loo sin lim tsiong e si,fearful,loo sim lin tsiong e si,2
1924,./data/wav_gen/wav/001924_indextts_disgusted.wav,siunn tioh se hng lang e thuan thong,disgusted,siunn tioh sian lang e thuan thong,4
1925,./data/wav_gen/wav/001925_indextts_neutral.wav,thiann kong si tsin tsing ai guan liong tsit si lang tik tsue lan e lang,neutral,thiann kong si tsin tsing ai uan liong tsit si lang，tik tsue lan e lang,2
1926,./data/wav_gen/wav/001926_indextts_disgusted.wav,thang ho ong sing,disgusted,phang ho ong sing,1
1927,./data/wav_gen/wav/001927_indextts_happy.wav,m koh i it tit siunn suah lu siunn lu tse guan liong be liau,happy,m koh i i ti siunn，tsua lu siunn lu tse uan niong be liau,7
1928,./data/wav_gen/wav/001928_indextts_fearful.wav,tioh kong tik tsue gua e lang sit tsai siunn tse ah,fearful,tioh kong tit tsue gua e lang si tsai siunn tse a,3
1929,./data/wav_gen/wav/001929_indextts_disgusted.wav,bo in ma mai guan liong gua lah,disgusted,bo i ma mai uan ling ua lah,4
1930,./data/wav_gen/wav/001930_indextts_disgusted.wav,an ne tak ke tshe pinn tsun suah,disgusted,an ne tak ke tshe pi，tsun suah,3
1931,./data/wav_gen/wav/001931_indextts_happy.wav,gua i king guan liong tui hong tshit pian ah,happy,gua i kin guan liong tui hong tsit pian na,4
1932,./data/wav_gen/wav/001932_indextts_sad.wav,gua siunn tan beh tng khui tsiah lai liau sia,sad,gua siunn，tan beh tng khui tsiah lai liau sia,1
1933,./data/wav_gen/wav/001933_indextts_disgusted.wav,kiam tshai u si bo kau si kan,disgusted,kiam tshai u si boo kau si kan,1
1934,./data/wav_gen/wav/001934_indextts_disgusted.wav,be hu thang uan sing,disgusted,be hu thang uan sing,0
1935,./data/wav_gen/wav/001935_indextts_angry.wav,in ui liau sia su iau tsit tuann si kan,angry,in ui liau sia su iau tsit tua si kam,3
1936,./data/wav_gen/wav/001936_indextts_neutral.wav,tshin tshiunn lian tan an ne,neutral,tshin tshiunn lian tan an ne,0
1937,./data/wav_gen/wav/001937_indextts_disgusted.wav,su iau tshit tshit si tsap kau kang leh,disgusted,su iau tshit tshit si tsap kau kang leh,0
1938,./data/wav_gen/wav/001938_indextts_happy.wav,li kam khai si tui kiu liau sia tsit mng ge sut ah,happy,li kam khai si tui kiu liau siah tsit mng ge sut lah,2
1939,./data/wav_gen/wav/001939_indextts_surprised.wav,tioh ai liong tsa ooh,surprised,tioh ai liong tsau,4
1940,./data/wav_gen/wav/001940_indextts_fearful.wav,an ne kam bo kau,fearful,an ne kam bo kau,0
1941,./data/wav_gen/wav/001941_indextts_angry.wav,ia soo kong bo kau ai guan liong tshit tsap e tshit pian,angry,i hak soo kong mooh kau，ai guan liong tshit tsap e tshit peh,10
1942,./data/wav_gen/wav/001942_indextts_surprised.wav,tse tioh si liau sia e ge sut,surprised,tse tioh si liau sia e le sut,1
1943,./data/wav_gen/wav/001943_indextts_angry.wav,huan na si ge sut,angry,gua na si ge sut,2
1944,./data/wav_gen/wav/001944_indextts_neutral.wav,tioh si su iau tsin tng e si kan it tit tuan lian,neutral,tioh si su iau tsin tng e si kan it ti tuan lian,1
1945,./data/wav_gen/wav/001945_indextts_angry.wav,liok、bun tsiunn su,angry,liok tioh bun tsiu su,8
1946,./data/wav_gen/wav/001946_indextts_happy.wav,tsu iu bang,happy,tsu iu bang,0
1947,./data/wav_gen/wav/001947_indextts_angry.wav,i put si khuann tioh sio bue tsin e noo hue,angry,i put si khuann tioh sio be tsin e noo hue,1
1948,./data/wav_gen/wav/001948_indextts_disgusted.wav,hit tsun i tsi si tsit ui sio king guan,disgusted,hit tsun i tsi si tsit ui sio kin uan,2
1949,./data/wav_gen/wav/001949_indextts_sad.wav,thiann bing ling kong jip tsu iu si tai tsap tsi sia,sad,khiann bin lin kong tsip tsu iu si tai tsa tsi sia,6
1950,./data/wav_gen/wav/001950_indextts_angry.wav,hit am i tsiap tioh hau senn tian ue,angry,hi am，i tsit tioh hau se tian ue,6
1951,./data/wav_gen/wav/001951_indextts_happy.wav,pa guan kong jip lip huat inn,happy,pa gun kong gip li khuat inn,4
1952,./data/wav_gen/wav/001952_indextts_surprised.wav,bo gua ku,surprised,bo ua ku,1
1953,./data/wav_gen/wav/001953_indextts_fearful.wav,i kui sin oo sann kiann tsiunn ke thau,fearful,i kui sin oo sann kiann tsiunn ke thau,0
1954,./data/wav_gen/wav/001954_indextts_disgusted.wav,tshiu giah tsit lui ng iam jit thau hue,disgusted,tshiu giah tsit lui，ng iam ti thau hue,3
1955,./data/wav_gen/wav/001955_indextts_fearful.wav,tsok tsia tan kim sun,fearful,sok tsia，tan kin sun,3
1956,./data/wav_gen/wav/001956_indextts_happy.wav,hit jit tshi tiunn lai tsu iu hang khia pai,happy,hit li tshi tiunn lai，tsu iu hang khia pai,3
1957,./data/wav_gen/wav/001957_indextts_surprised.wav,tshun ong tu ho tiam ti jin kun li,surprised,tshun ong tu hoo tiam ti，lin kun li,3
1958,./data/wav_gen/wav/001958_indextts_sad.wav,i the hiu keh tng jit,sad,i the hiu ke tng lit,2
1959,./data/wav_gen/wav/001959_indextts_disgusted.wav,sui lai ki kim hue tso tsi kang,disgusted,sui lai ki kin hue tso tsi kang,1
1960,./data/wav_gen/wav/001960_indextts_surprised.wav,tak hue to lam tioh nylon tsu hun tiunn king,surprised,tak khue too lam tioh ni long tsu hun tiu king,7
1961,./data/wav_gen/wav/001961_indextts_surprised.wav,i long bak sai si lam sui,surprised,i long bak sai si lam sui,0
1962,./data/wav_gen/wav/001962_indextts_angry.wav,ji tsap goo tang lai ti bang li,angry,ji tsa goo tang lai，ti bang li,2
1963,./data/wav_gen/wav/001963_indextts_fearful.wav,it、soo ji,fearful,i i e soo ji,5
1964,./data/wav_gen/wav/001964_indextts_neutral.wav,sua loh lai khuann tai pak tshi bin a tsai tsap tshit ho e thinn khi,neutral,sua loh lai khuann tai pak tshi mi a tsai tsap tshit ho e thinn khi,2
1965,./data/wav_gen/wav/001965_indextts_sad.wav,un too ji tsap tshit tsi sann tsap ji too loh hoo ki lut tsap%,sad,un too li tsa tshi，tsih sa tsa ji too，loo hoo ki lu tsa pha,14
1966,./data/wav_gen/wav/001966_indextts_angry.wav,lai pin ji tshit liok ho tshiann lai tsap ji ho kui tai pan li,angry,nai pin ji tshit liok ho，tshia lai tsap ji ho kui tai pan li,4
1967,./data/wav_gen/wav/001967_indextts_sad.wav,long tsong tshit pah si tsap lak khoo tsau li goo tsap si khoo,sad,long tsong tshit pah si tsap lak khoo，tsau li goo tsap si khoo,1
1968,./data/wav_gen/wav/001968_indextts_fearful.wav,kin a jit si sann gueh tshe it pai lak,fearful,kin a li si sann ue tshe it，pai lak,5
1969,./data/wav_gen/wav/001969_indextts_surprised.wav,gua e hoo tsio ho be si kiu tshit pat ji pat ji khong kiu khong,surprised,gua e hoo tsioh ho be si，kiu tshit pa lih hongh hongh,18
1970,./data/wav_gen/wav/001970_indextts_neutral.wav,gun tau e tian ue ho be si khong su su ji ji kiu khong su tshit,neutral,gun tau e tian ue ho be si，hong su su ji ji kiu hong su tshit,3
1971,./data/wav_gen/wav/001971_indextts_sad.wav,i ti it kiu tshit ngoo ni tshut si,sad,i ti it kiu tshin ngoo ni tshut si,1
1972,./data/wav_gen/wav/001972_indextts_angry.wav,tshiann pang gua tsuan hun ki ngoo ji pat ji,angry,tshia pang ua tsuan hun ki ngoo di pat ji,4
1973,./data/wav_gen/wav/001973_indextts_surprised.wav,ji、sing uah tui ue,surprised,ji sing uah tui ue,1
1974,./data/wav_gen/wav/001974_indextts_surprised.wav,su tshuan tshai khah hiam li kann tsiah bo,surprised,suh tshuan tshai kha hiam，li ka tsiah boo,6
1975,./data/wav_gen/wav/001975_indextts_fearful.wav,li ia ai tiam siann mih bo,fearful,li a ai tiam siann mih boo,2
1976,./data/wav_gen/wav/001976_indextts_fearful.wav,koh tsit uann thng siann mih thng khah ho,fearful,koo tsinn ua thng siann mih thng khah ho,5
1977,./data/wav_gen/wav/001977_indextts_fearful.wav,tshenn tshai tau hu thng be bai,fearful,the tshai tau hu tshng be bai,4
1978,./data/wav_gen/wav/001978_indextts_fearful.wav,thau ke koh tsit puann ang sio tau hu,fearful,thau ke koh tsit puann ang sio tau hu,0
1979,./data/wav_gen/wav/001979_indextts_angry.wav,gua siunn beh lim te,angry,gua siu be lim te,3
1980,./data/wav_gen/wav/001980_indextts_disgusted.wav,hit te pue a lah sap lah sap,disgusted,hit teh pue a lah sap lah sap,1
1981,./data/wav_gen/wav/001981_indextts_surprised.wav,gua theh tsit te khah tshing khi e hoo li,surprised,gua theh tse khah tshing khi e hoo li,4
1982,./data/wav_gen/wav/001982_indextts_fearful.wav,tshai lai ah,fearful,tshai lai a,1
1983,./data/wav_gen/wav/001983_indextts_happy.wav,tsit puann si siann mih tshai,happy,tsit puann si siann mih tshai,0
1984,./data/wav_gen/wav/001984_indextts_disgusted.wav,tsit puann kio tso ang sio tau hu,disgusted,tsit puann kio tsoo ang sio tau hu,1
1985,./data/wav_gen/wav/001985_indextts_surprised.wav,kann,surprised,kah,2
1986,./data/wav_gen/wav/001986_indextts_sad.wav,lai bin u siann mih mih kiann,sad,lai bin u siann mih mih kia,2
1987,./data/wav_gen/wav/001987_indextts_neutral.wav,u bah tau hu kah tsin tse mih kiann li tsiah khuann mai leh,neutral,u bah，tau hu kah tsin tse mih kiann，li tsiah khuann mai le,3
1988,./data/wav_gen/wav/001988_indextts_happy.wav,to sia gua ka ki lai,happy,to sia gua ka ki lai,0
1989,./data/wav_gen/wav/001989_indextts_sad.wav,li tsiah hiah ni tsio kam tsiah u pa,sad,li tsiah hiah ni tsioh，kam tsiah u pa,2
1990,./data/wav_gen/wav/001990_indextts_sad.wav,gua bak too u tsit tiam a bo song khuai,sad,gua bat too u tsit tiam a bo song khuai,1
1991,./data/wav_gen/wav/001991_indextts_disgusted.wav,beh tsiah ioh a bo,disgusted,li tsiah ioo a bo,4
1992,./data/wav_gen/wav/001992_indextts_surprised.wav,m bian to sia,surprised,m bian too sia,1
1993,./data/wav_gen/wav/001993_indextts_fearful.wav,tsit king tsin tsan gua siong siong lai in e tshai long tsin ho tsiah,fearful,tsit kin tsin tsan，gua siong siong lai in e tshai long tsin hoo tsiah,3
1994,./data/wav_gen/wav/001994_indextts_neutral.wav,bo an ne lan tua tsia tsiah,neutral,bo an ne lan tua tsiah tsiah,1
1995,./data/wav_gen/wav/001995_indextts_disgusted.wav,lan beh kio siann mih tshai,disgusted,lan be kio siann mih tshai,1
1996,./data/wav_gen/wav/001996_indextts_surprised.wav,li ka gua kio ho bo tshai tuann gua khuann bo,surprised,li ka gua kioh，ho bo，tshai tuann gua khuann bo,3
1997,./data/wav_gen/wav/001997_indextts_surprised.wav,thau ke gua ai thng tshoo pai kut,surprised,thau ke gua ai thng tshoo pai kut,0
1998,./data/wav_gen/wav/001998_indextts_angry.wav,in tsia u ang sio hi bo,angry,in tsia u ang sio hi boo,1
1999,./data/wav_gen/wav/001999_indextts_surprised.wav,thau ke tsit bue ang sio hi tsit puann tsha tshing tshai,surprised,thau ke tsit bue ang sio hi tsit puann tsha tshin tshai,1
2000,./data/wav_gen/wav/002000_indextts_sad.wav,sann、bun tsiong it,sad,sa o，bun tsiong it,3
2001,./data/wav_gen/wav/002001_indextts_disgusted.wav,tshit gueh si a e sim tsing,disgusted,tshit gueh si a e sim tsing,0
2002,./data/wav_gen/wav/002002_indextts_happy.wav,bu sit tian hian kam un e tsing i,happy,bu si tian hian kam pun e tsing i,2
2003,./data/wav_gen/wav/002003_indextts_surprised.wav,gun i tai uan e tsu the sing su kho,surprised,gun i tai uan e tsu the sin su kho,1
2004,./data/wav_gen/wav/002004_indextts_neutral.wav,si ui siann mih beh pai pai,neutral,si ui siann mih beh pai pai,0
2005,./data/wav_gen/wav/002005_indextts_angry.wav,ke siok tshiau tshue tsoo sian e kha jiah,angry,ke siooh tshiau tshueh tsoo san e kha liah,5
2006,./data/wav_gen/wav/002006_indextts_surprised.wav,tshit gueh it ting m na ho hiann ti tsia e i bin lik su nia,surprised,tshit kue it ting m na ho hiann ti tsia e i bin lik su nia,2
2007,./data/wav_gen/wav/002007_indextts_disgusted.wav,koh khah su iau tshim jip tsai iann siong tsa e tai uan lang kin te lik su,disgusted,koh khah su iau tshin jit tsai iann siong tsai tau e lang kin teh li tsu,11
2008,./data/wav_gen/wav/002008_indextts_happy.wav,penn poo tsok kah ko suann tsok tse pai kam un e sing keh,happy,peh peh e poo tsok ka koo suah tsok tse pai，kam un e sin ke,14
2009,./data/wav_gen/wav/002009_indextts_neutral.wav,ti tai uan tshit gueh si a si kui gueh,neutral,ti tai uan tshi gueh si a si kui gueh,1
2010,./data/wav_gen/wav/002010_indextts_angry.wav,u phoo too kah u lan phun hue e tsong kau gi sik,angry,u phoo too ka，u lan phun hue e tsong kau gi sik,2
2011,./data/wav_gen/wav/002011_indextts_surprised.wav,bin kan tua poo hun pai mng khau,surprised,bin kan tua poo hun pai mng khau,0
2012,./data/wav_gen/wav/002012_indextts_disgusted.wav,tsok tsia tan kim hua,disgusted,tsok tsia，tan kim hua,1
2013,./data/wav_gen/wav/002013_indextts_happy.wav,kong si an tah hia e tng suann kue tai uan sim kuann kiat kui uan e ho hiann ti,happy,kong si an tah hia，e tng suann kue tai uan sin kua kit kui uan e hoo hiann ti,6
2014,./data/wav_gen/wav/002014_indextts_happy.wav,su sit siong ma si an tah phoo lo tai tsiong e sim,happy,su si siong ma si an tah，phoo lo tai tsiong e sim,2
2015,./data/wav_gen/wav/002015_indextts_sad.wav,it puann jin ke kiu khia ke ping an,sad,i puann jin ke kiu khia ke ping an,1
2016,./data/wav_gen/wav/002016_indextts_disgusted.wav,tshut lip sun li,disgusted,tshut li sun li,1
2017,./data/wav_gen/wav/002017_indextts_surprised.wav,kok hang kok giap ma long e tshuan lai pai pai kiu tsai li,surprised,kok hang kok iap ma long e tshuan lai pai pai，kiu tsai li,2
2018,./data/wav_gen/wav/002018_indextts_sad.wav,tsit khuan u sio hiunn u po pi e bun hua,sad,tsit khuang u sio hiunn u po pi e bun hua,1
2019,./data/wav_gen/wav/002019_indextts_sad.wav,i king si tai uan tsin koo ting e hong siok ah,sad,i king si tai uan tsin koo ting e hong siok ah,0
2020,./data/wav_gen/wav/002020_indextts_happy.wav,in ui tai uan i bin sia hue hia e than u tsiah e lang,happy,in ui tai uan i bin sia hue hia e thang u tsiah e lang,1
2021,./data/wav_gen/wav/002021_indextts_happy.wav,sian sim ka kue ong e lo han kha a,happy,sian sin ka kue ong e loo han kha,4
2022,./data/wav_gen/wav/002022_indextts_neutral.wav,tshai ti iu ing kong su,neutral,tshai ti iu in kong su,1
2023,./data/wav_gen/wav/002023_indextts_sad.wav,tshit gueh puann pai pai si tai uan i bin sia hue e tian hing,sad,tshit gueh，puann pai pah e si，tai uan i bin sia hue e tian hing,5
2024,./data/wav_gen/wav/002024_indextts_disgusted.wav,ban ing kong bio tse pai,disgusted,puan ing kong pio tse pai,3
2025,./data/wav_gen/wav/002025_indextts_neutral.wav,lang kong hau koo e siok gan,neutral,lang kong hau koo e siok gan,0
2026,./data/wav_gen/wav/002026_indextts_sad.wav,si leh hau pai koo hun ka phoo too,sad,si leh hau pai，koo hun ka phoo too,1
2027,./data/wav_gen/wav/002027_indextts_neutral.wav,gua senn ti tsian au ang enn a tiau,neutral,gua senn ti tsian au ang enn a tiau,0
2028,./data/wav_gen/wav/002028_indextts_surprised.wav,ti gua e sing tiong kue ting tiong,surprised,ti gua e sin tiong kue tin tiong,2
2029,./data/wav_gen/wav/002029_indextts_happy.wav,tshit gueh puann pai pai it tit long si gua huai siunn tshin lang e lit tsi,happy,tshi gueh puann pai pai，i ti long si gua huai siunn tshin lang e lit tsi,4
2030,./data/wav_gen/wav/002030_indextts_neutral.wav,pe bu sin khoo tshiann gun peh e hiann ti tsi mue sing uah,neutral,pe bu sin khoo tshiann gun peh hiann ti tsi mu e sin uah,4
2031,./data/wav_gen/wav/002031_indextts_angry.wav,tu ho long giap si tai tsuan uann kang giap si tai e kue ting,angry,tu ho long giap si tai，tsuan uah kang giap si tai e kue ting,3
2032,./data/wav_gen/wav/002032_indextts_sad.wav,hiann tse tshut gua thak tsheh kah than tsinn,sad,hiann tse tshut kua tha tsheh kah than tsin,3
2033,./data/wav_gen/wav/002033_indextts_sad.wav,long tan kau tua tseh lit tsiah u thang tng lai,sad,long tan kau tua tse li，tsia u thang tng lai,4
2034,./data/wav_gen/wav/002034_indextts_neutral.wav,u han bun hua tsham lam,neutral,u han bun hua tshan lam,1
2035,./data/wav_gen/wav/002035_indextts_fearful.wav,hit tsun e khuan king tsin bai,fearful,hit tsun e khuan kin tsin bai,1
2036,./data/wav_gen/wav/002036_indextts_happy.wav,tioh ai ku ku ah tsiah u tsit nia sin sann thang tshing,happy,tioh ai ku ku ah，tsiah u tsit nia sin sann thang tshing,1
2037,./data/wav_gen/wav/002037_indextts_disgusted.wav,e ki tit a bu ka gua kah sio ti tshuan e sin sann,disgusted,e ki tit a bu，ka gua ka sio ti tshuan e sin tsa,5
2038,./data/wav_gen/wav/002038_indextts_neutral.wav,long e ka guan tsham siong kong ai tan kau tshit gueh puann e si,neutral,long e ka uan tsham siong kong ai tan kau tshi gueh puann e si,2
2039,./data/wav_gen/wav/002039_indextts_happy.wav,gun tshut gua e hiann tse pang ka tng lai,happy,gun tshu kua e hiann tse pang ka tng lai,2
2040,./data/wav_gen/wav/002040_indextts_neutral.wav,tsiah theh tshut lai tshing hoo in khuann,neutral,tsia theh tshu lai tshin hoo in khuann,3
2041,./data/wav_gen/wav/002041_indextts_angry.wav,a bu koh ka guan kah sio ti ai ka lai bin piann hoo tshing khi,angry,a bu koh kah gun kah sio ti ai kha lai bin piah hoo tshin khi,6
2042,./data/wav_gen/wav/002042_indextts_neutral.wav,huan ging hiann tse tng lai,neutral,huan in hia tse tng lai,4
2043,./data/wav_gen/wav/002043_indextts_surprised.wav,gun a bu sit tsai tsiok khiau,surprised,gun a bu sit tsai tsiok khiau,0
2044,./data/wav_gen/wav/002044_indextts_surprised.wav,m na hoo gun oh tso khang khue,surprised,m na hoo gun oo tsoo khang khue,2
2045,./data/wav_gen/wav/002045_indextts_angry.wav,m koh ti i bin tsin tsing e thoo tu tai uan lang,angry,m koh ti i bin tsin tsing e thoo tu tai uan lang,0
2046,./data/wav_gen/wav/002046_indextts_sad.wav,koh hoo gun hak sip tshin tsiann sann liam kah tsun tiong hiann tse e kau iok,sad,koh hoo gun hak sip tshin tsiann sann liam，kah tsun tiong hia tse kau iok,5
2047,./data/wav_gen/wav/002047_indextts_angry.wav,ma tshong tso gun tinn bit e tan thai,angry,ma tshong tsoo un tinn bit e tan thai,2
2048,./data/wav_gen/wav/002048_indextts_angry.wav,si lam to gi tsok e penn poo tsok kah ko suann tsok,angry,si lam tau ki tsok e pe poo tsok kah ko suann tsok,5
2049,./data/wav_gen/wav/002049_indextts_happy.wav,tsok jin huan ling sin iong king siong ko tsan e tsoo ling alid,happy,tsoo jin huan jin sin iong kin siong koh tsan e，tsoo lin a li ti,11
2050,./data/wav_gen/wav/002050_indextts_disgusted.wav,u su hoo bun hua,disgusted,u su hau bun hua,2
2051,./data/wav_gen/wav/002051_indextts_happy.wav,kah pai tsioh thau kong khe thau hiann thoo gu hiann,happy,kah pai tsioh thau kong，khe thau hiann thoo u hiann,2
2052,./data/wav_gen/wav/002052_indextts_happy.wav,su、bun tsiong ji,happy,su buan bun tsiong li,7
2053,./data/wav_gen/wav/002053_indextts_neutral.wav,kau tann gua ua kin hue kah ni hue ah,neutral,kau tann ua ua kin hue kah ni hue ah,1
2054,./data/wav_gen/wav/002054_indextts_surprised.wav,si in ui su liam pe bu,surprised,si in ui su liam pe bu,0
2055,./data/wav_gen/wav/002055_indextts_angry.wav,sui jian gua bo tik piat e tsong kau,angry,sui ian gua bua tik piat e tsong kau,3
2056,./data/wav_gen/wav/002056_indextts_neutral.wav,iu guan ti tshuan pai pai leh hiang siu tshit gueh si a tshin tsiann am am liu tong e kam kak,neutral,iu uan ti tshuan pai pai le hiang siu tshiu e si a，tshin tsiann am am liu tong e kang kak,9
2057,./data/wav_gen/wav/002057_indextts_surprised.wav,si kan kue tioh tsin kin,surprised,si kan kue tioh tsin kin,0
2058,./data/wav_gen/wav/002058_indextts_fearful.wav,siunn khi gua se han e si,fearful,siu kiu a se han e si,6
2059,./data/wav_gen/wav/002059_indextts_disgusted.wav,kah hiann ti tsi mue ti pe bu sin pinn tau sio kim tsua e jit tsi,disgusted,kah hiann ti tsi mue，ti pe bu sin pinn tau sio kin tsuah e li tsi,5
2060,./data/wav_gen/wav/002060_indextts_angry.wav,kau gua huann ke e si,angry,kau uah huah ke e si,4
2061,./data/wav_gen/wav/002061_indextts_angry.wav,gua ma tsiau pe bu soo thuan e hong sik,angry,gua ma tsiau pe bu sau thuan e hong sik,2
2062,./data/wav_gen/wav/002062_indextts_happy.wav,tak ni tshit gueh puann tshua gun sann e kiann,happy,tang i tshi ue puann tshua un sann e kiann,7
2063,./data/wav_gen/wav/002063_indextts_happy.wav,ti tsiau in pai pai e si tso hue khai kang,happy,ti tsiau in pai pai e si tsoo hue khai kang,1
2064,./data/wav_gen/wav/002064_indextts_surprised.wav,iah e ki tit hit khuan un luan e ki thai,surprised,ia e ki ti hit khuan un nua neh ki tai,7
2065,./data/wav_gen/wav/002065_indextts_disgusted.wav,tann in tua han ah,disgusted,tann in tua han a,1
2066,./data/wav_gen/wav/002066_indextts_surprised.wav,guan tak ni long u tso hue tshuan pai pai kah tau sio kim tsua e hue ik,surprised,guan tak ni long u tsoo hue，tshuan pai pai kah tau sio kin tsuah e hue ip,5
2067,./data/wav_gen/wav/002067_indextts_surprised.wav,tai uan tshit gueh e thinn khi tiann tiann u kiong e khi liu pho tuann tso sing hong thai,surprised,tai uan tshit gueh e thinn khi，tiann tiann u kiong e khi liu phoo tuann tsoo sing hong thai,3
2068,./data/wav_gen/wav/002068_indextts_neutral.wav,tsit pai inn a hong thai tua lai tua hoo tik po,neutral,tsi pai，inn a hong thai tua lai tua hoo ti poo,4
2069,./data/wav_gen/wav/002069_indextts_neutral.wav,tua hoo i king loh kui na kang ah,neutral,tua hoo i king loo kui na kang a,2
2070,./data/wav_gen/wav/002070_indextts_surprised.wav,tsiok tse soo tsai leh im tsui,surprised,tsiok tse soo tsai leh in tsui,1
2071,./data/wav_gen/wav/002071_indextts_sad.wav,hak hau ki kuan long pang hong thai ka,sad,hak hau ki kuan long pang hong thai ka,0
2072,./data/wav_gen/wav/002072_indextts_angry.wav,gua than hong thai hoo lang phang sio khua thing e si,angry,gua than hong thai hoo lang phang，sio hua thing e si,2
2073,./data/wav_gen/wav/002073_indextts_sad.wav,kin tshuan pai,sad,kin tshuan pai,0
2074,./data/wav_gen/wav/002074_indextts_neutral.wav,kin ni nng e tshut gua e tsa boo kiann long bo tng lai,neutral,kin ni nng e tshut gua e tsa boo kiann long bo tng lai,0
2075,./data/wav_gen/wav/002075_indextts_surprised.wav,hue siong gua kah sio ti ti hia khok khok tan,surprised,hue siong gua ka sio ti ti hia khok khok，tan,2
2076,./data/wav_gen/wav/002076_indextts_angry.wav,se kiann ma u ka ki e khia ke ah,angry,se kio，ma u kat ki e khia ke a,6
2077,./data/wav_gen/wav/002077_indextts_fearful.wav,kan ta tshun gun nng lau e leh pai nia,fearful,kan ta tshun gun nng nau e le pai nia,2
2078,./data/wav_gen/wav/002078_indextts_happy.wav,gun iong kan tan e soo sing le puann kue tsi puann tua mi phau mi kuan thau kiam piann bih luh pai,happy,un iong kan tan e sooh sin le puann kue tsi puann，tuann mi phau mi kuan thau kiam piann bi liu pai,9
2079,./data/wav_gen/wav/002079_indextts_angry.wav,king i bo kiam,angry,king gi bo kiam,1
2080,./data/wav_gen/wav/002080_indextts_angry.wav,huai siong i jian,angry,huai siong i lian,1
2081,./data/wav_gen/wav/002081_indextts_sad.wav,gua tsiau le hip tsit tiunn siong phinn tsue ki liam,sad,gua tsiau leh hip tsit tiunn siong phinn tsue ki liam,1
2082,./data/wav_gen/wav/002082_indextts_disgusted.wav,siunn beh lau ha tshin tsing,disgusted,siunn beh lau ha tshin tsing,0
2083,./data/wav_gen/wav/002083_indextts_sad.wav,ti tshit gueh si a pai koo hun ia kui soo hing sing e kui gueh,sad,ti tshi gueh si a，pai koo hun iah kui soo hing sing e kui kue,5
2084,./data/wav_gen/wav/002084_indextts_fearful.wav,ma u lang iong bok lian kiu bo e koo su lai suan to hau sun e hau tshin gueh,fearful,ma u lang iong boo lian kiu bu e koo su lai suan to hau sun e hau tshin gue,3
2085,./data/wav_gen/wav/002085_indextts_disgusted.wav,long si tsok kun bun hua e sia hue kau iok,disgusted,long si tsok kun bun hua e sia hue kau iok,0
2086,./data/wav_gen/wav/002086_indextts_fearful.wav,tan beh kinn tsin ku bo kinn bin e hiann tse,fearful,tann be kinn tsin ku boo kinn bin e hiann tse,3
2087,./data/wav_gen/wav/002087_indextts_disgusted.wav,gua ti hu bio iunn siunn tsi ha,disgusted,gua ti hu bio iunn siunn tsi ha,0
2088,./data/wav_gen/wav/002088_indextts_angry.wav,ping bo lo han kha a kah bok lian kiu bo e koo su,angry,ping bo loo han kha a，kah bok lian kiu boo e koo su,3
2089,./data/wav_gen/wav/002089_indextts_sad.wav,kan tann u gun tik piat e ka ting tsing i e khi bi kah kau kau e tshin tsing,sad,kam tann u kun tik piat e ka ting tsing gi e khi bi kah kauh kauh e tshin tsing,5
2090,./data/wav_gen/wav/002090_indextts_neutral.wav,m koh tsu gua tsai iann penn poo tsok liau au,neutral,m koh tsu a tsai iann pe poo tsoo liau au,5
2091,./data/wav_gen/wav/002091_indextts_happy.wav,tshit gueh si a pai pai hoo gua siong pang be li e iah si hong khi biat e penn poo tsok kah tai uan tsoo ling alid,happy,tshit kue si a，pai pai hoo a siong pang be li e，ia si hong khi be leh peh poo tsok kah tai uan tsoo lin a lih,17
2092,./data/wav_gen/wav/002092_indextts_disgusted.wav,gua put si leh siunn,disgusted,gua put si leh siunn,0
2093,./data/wav_gen/wav/002093_indextts_happy.wav,kam kan tann ti penn poo ia tse tsiah e tang tshiau tshue tioh hit sut a penn poo tai uan lang e kin ki,happy,kam kan ta ti penn poo iah tse，tsia e tang tshiau tshue tioh hit sut a penn poo tai uan lang e kin ki,5
2094,./data/wav_gen/wav/002094_indextts_sad.wav,gua su iau u li sing e kok ka lin tong,sad,gua su iau u li sin e kok ka tin tong,2
2095,./data/wav_gen/wav/002095_indextts_neutral.wav,penn poo tai uan lang tsiah u khah tua e un sim,neutral,penn poo tai uan lang tsiah u khah tua e un sim,0
2096,./data/wav_gen/wav/002096_indextts_neutral.wav,kah tan beh tshing hit nia sin sann e sim tsing,neutral,ka tam be tshing，phin nia sin sann e sim tsing,6
2097,./data/wav_gen/wav/002097_indextts_sad.wav,tann khuan king hu ju ah,sad,tann khuan kin hu lu a,3
2098,./data/wav_gen/wav/002098_indextts_angry.wav,tshing sin sann i king bo siann hi han,angry,tshing sin sa e gian bo sia hi han,8
2099,./data/wav_gen/wav/002099_indextts_disgusted.wav,gua e pe bu ma bo ti leh ah,disgusted,gua e pe bu ma bo ti leh ah,0
2100,./data/wav_gen/wav/002100_indextts_neutral.wav,m koh tak ni gua long iah leh pai,neutral,m koh ta ni，gua long ia leh pak,4
2101,./data/wav_gen/wav/002101_indextts_sad.wav,goo、bun tsiong sann,sad,goo bun tsiong sa,3
2102,./data/wav_gen/wav/002102_indextts_happy.wav,luan tsing a,happy,luan tsing a,0
2103,./data/wav_gen/wav/002103_indextts_fearful.wav,tso to su m si bo king giam,fearful,tso to su m si bo king iam,1
2104,./data/wav_gen/wav/002104_indextts_angry.wav,put ji ko,angry,put ji koo,1
2105,./data/wav_gen/wav/002105_indextts_neutral.wav,ka tsheh goo lak tang thau pai tng tioh lim bun tsing tsit khuan gin a,neutral,ka tsheh goo la tang thau pai tng tioh lin bun tsing tsit khuan gin a,2
2106,./data/wav_gen/wav/002106_indextts_surprised.wav,tsit e si ni e tsa poo gin a,surprised,tsit e si ni e tsa poo gin a,0
2107,./data/wav_gen/wav/002107_indextts_neutral.wav,lang senn tso su bun su bun,neutral,lang senn tsoo su bun su bun,1
2108,./data/wav_gen/wav/002108_indextts_angry.wav,phinn bak tshui ling ling ling,angry,phinn bah tshui ling ling ling,1
2109,./data/wav_gen/wav/002109_indextts_disgusted.wav,kan na tsit poo bai,disgusted,kan na tsit poo bai,0
2110,./data/wav_gen/wav/002110_indextts_neutral.wav,hinn a tau tsoo thiann khi,neutral,hi a tau tsoo thiann khi,2
2111,./data/wav_gen/wav/002111_indextts_angry.wav,tsit khuan senn tiunn e gin a,angry,tsit khuan se tiuh e gin a,4
2112,./data/wav_gen/wav/002112_indextts_happy.wav,thau pai khuann tioh,happy,thau pai khuah tioh,2
2113,./data/wav_gen/wav/002113_indextts_disgusted.wav,tsok tsia tan kim sun,disgusted,tsok tsia，tan kin sun,2
2114,./data/wav_gen/wav/002114_indextts_angry.wav,han leh u lang bo kah i,angry,han e u lang boo kah i,3
2115,./data/wav_gen/wav/002115_indextts_disgusted.wav,sua loh lai m bian sann hun tsing,disgusted,sua loh lai m bian sann hun tsing,0
2116,./data/wav_gen/wav/002116_indextts_surprised.wav,i sui hian tshut guan hing,surprised,i sui hian tshut guan hin,1
2117,./data/wav_gen/wav/002117_indextts_sad.wav,liam mi ka tsuan pan tsit puann khah ke e tsa boo gin a khiu thau tsang,sad,liam mih ka tsuan pan，tsit puann kha ke e tsa boo gin a，thiu thau tsang,5
2118,./data/wav_gen/wav/002118_indextts_neutral.wav,liam mi ka tsheh pun ia kah kui thoo kha,neutral,liam mi ka tshe pun iah kah kui thoo kha,2
2119,./data/wav_gen/wav/002119_indextts_fearful.wav,kio i ka tong oh hue sit le,fearful,kio i ka tong oh hue sit le,0
2120,./data/wav_gen/wav/002120_indextts_sad.wav,i tsau hoo li jiok,sad,i tsau hoo li lioh,2
2121,./data/wav_gen/wav/002121_indextts_disgusted.wav,hiam i ka tsheh khioh khi lai pai hoo tse tsing,disgusted,hiam i ka tsheh，kio khi lai pai hoo tse tsing,3
2122,./data/wav_gen/wav/002122_indextts_happy.wav,i kui khi onn onn kio,happy,i kui khi ong ong kio,2
2123,./data/wav_gen/wav/002123_indextts_sad.wav,tshiunn he m tsiann siann tiau e kua hoo li thiann,sad,tshiu he m tsiann siann tioh ue kua hoo li thiann,5
2124,./data/wav_gen/wav/002124_indextts_disgusted.wav,liang liang liang,disgusted,li angli li angli li ang,7
2125,./data/wav_gen/wav/002125_indextts_surprised.wav,khai hak kui le pai,surprised,khai ha kui le pai,1
2126,./data/wav_gen/wav/002126_indextts_happy.wav,bun tsing tak jit to ti to puann tiam tsing khah ke,happy,bun tsing tak li to ti to puann tiam tsing khah ke,2
2127,./data/wav_gen/wav/002127_indextts_neutral.wav,siok tsu ho tshui mng i guan in,neutral,siok tsu ho tshui mng i guan in,0
2128,./data/wav_gen/wav/002128_indextts_disgusted.wav,i e tua lui bak tsiu tiam tiam liah siok tsu khuann sann bio tsing,disgusted,i e tua lui，bak tsiu tiam tiam tiah siok，tsu khuann sann bio tsin,4
2129,./data/wav_gen/wav/002129_indextts_happy.wav,sua loh phak tiam tsheh toh a ting ke khun,happy,suah loh phat tiam tshe too a ting ke khun,4
2130,./data/wav_gen/wav/002130_indextts_happy.wav,m thang liah tsun i hinn khang u khah su,happy,m thang liah tsun in hi khang u kha su,4
2131,./data/wav_gen/wav/002131_indextts_happy.wav,pian na e poo si tiam,happy,pian na e poo si tiam,0
2132,./data/wav_gen/wav/002132_indextts_fearful.wav,suann oh tsing a siann tan,fearful,suann oh tsin a sia tan,3
2133,./data/wav_gen/wav/002133_indextts_sad.wav,tan bo sann siann,sad,tam bo sann sia,3
2134,./data/wav_gen/wav/002134_indextts_fearful.wav,i bo kong bo tann sui tsau kah bo khuann lang iann,fearful,i bo kong bo ta sui tsau kah poo khuah lang iah,8
2135,./data/wav_gen/wav/002135_indextts_sad.wav,luan tsing a tan sann siann,sad,luan tsing a tan sann sia,2
2136,./data/wav_gen/wav/002136_indextts_happy.wav,siok tsu mng hak sing,happy,siok tsu mng ha sin,2
2137,./data/wav_gen/wav/002137_indextts_disgusted.wav,kam u lang tsai iann bun tsing tshu li e tsing hing,disgusted,kang u lang tsai iann bun tsin tshu li e tsin hin,5
2138,./data/wav_gen/wav/002138_indextts_happy.wav,tit tioh tsit khuan hue ing,happy,li tioh tsit khuang hue in,4
2139,./data/wav_gen/wav/002139_indextts_fearful.wav,lau su hit e luan tsing a siau siau,fearful,lau su hit e luan tsing a siau siau,0
2140,./data/wav_gen/wav/002140_indextts_fearful.wav,mai tshap i lah,fearful,mai tsha i lah,1
2141,./data/wav_gen/wav/002141_indextts_fearful.wav,beh an tsuann mai tshap i,fearful,beh an tsuann mai tshah pi,2
2142,./data/wav_gen/wav/002142_indextts_disgusted.wav,siok tsu am siunn,disgusted,siok tsu am siunn,0
2143,./data/wav_gen/wav/002143_indextts_happy.wav,lin tsia e gin a e tang mai tshap i,happy,lin tsia e gin a e tang mai tshap tshit,4
2144,./data/wav_gen/wav/002144_indextts_happy.wav,gua tso lau su lang,happy,gua tso lau su lang,0
2145,./data/wav_gen/wav/002145_indextts_neutral.wav,bo hit e khuan li mai tshap i,neutral,boo hi e khuan li mai tshap i,2
2146,./data/wav_gen/wav/002146_indextts_sad.wav,tshian bin e siok tsu kin me tshih tiau,sad,tshian bin e siok tsu kin me tshi tiau,1
2147,./data/wav_gen/wav/002147_indextts_happy.wav,siok tsu hian khui hak tsik tsu liau,happy,siok tsu hian khui hap tsit tsu liau,2
2148,./data/wav_gen/wav/002148_indextts_happy.wav,siunn beh kha tian ue hoo bun tsing e si tua lang,happy,siunn beh kha tian ue hoo bun tsing e si tua lang,0
2149,./data/wav_gen/wav/002149_indextts_fearful.wav,ting bin suah bo lau puann ki tian ue huan,fearful,ti min suah boo lau puann khi tian ue huan,5
2150,./data/wav_gen/wav/002150_indextts_fearful.wav,hit lit suann oh,fearful,hit li suah oo,4
2151,./data/wav_gen/wav/002151_indextts_sad.wav,soo u hak sing li khui kau sik liau au,sad,soo u hak sing li khui kau sik liau au,0
2152,./data/wav_gen/wav/002152_indextts_sad.wav,i ka bun tsing in tau e te tsi tshau tiam tshiu tsi phoo a,sad,i ka bun tsing in tau e te tsi，tshau tiam tshiu tsi phoo a,1
2153,./data/wav_gen/wav/002153_indextts_sad.wav,thinn loh sap sap a hoo,sad,thinn loh，tsa tsa bat hoo,7
2154,./data/wav_gen/wav/002154_indextts_happy.wav,siok tsu thian khui hit ki hun ang sik e nng tsat hoo suann,happy,sioo tsu thian khui hit ki hun ang si e nng tsat hoo suann,2
2155,./data/wav_gen/wav/002155_indextts_fearful.wav,iong poo lian e kiann tshut hau mng,fearful,iong poo lian e kiann tshut hau mng,0
2156,./data/wav_gen/wav/002156_indextts_surprised.wav,i ti hau mng khau tng tioh the tai ik tsun lam,surprised,i ti hau mng khau tng tioh the tai i tsun lam,1
2157,./data/wav_gen/wav/002157_indextts_disgusted.wav,i lu tshui se tshiu bin kua tshing sann khoo,disgusted,i lu tshui，tse siu bin kuah tshin sa khoo,8
2158,./data/wav_gen/wav/002158_indextts_fearful.wav,tsun lam ho le sio tsioh mng,fearful,tsun lan hoo leh sio tsioh mng,3
2159,./data/wav_gen/wav/002159_indextts_happy.wav,siok tsu lau su kin a jit bo khia oo too bai,happy,siok tsu lau su kin a li bo khia oo too bai,2
2160,./data/wav_gen/wav/002160_indextts_fearful.wav,gua beh khi hak sing in tau ka ting hong bun,fearful,gua peh khi hak sing in tau ka ting hong bun,1
2161,./data/wav_gen/wav/002161_indextts_surprised.wav,siok tsu tshio tshio a hue ing,surprised,siok tsu tshioh tshioh a hue in,3
2162,./data/wav_gen/wav/002162_indextts_disgusted.wav,kiann tshut hau mng,disgusted,kia tshuk hau mng,3
2163,./data/wav_gen/wav/002163_indextts_happy.wav,tsiau tshiu tsi phoo a ting bin e te tsi,happy,tsiau tshiu tsi phoo a ting bin e te tsi,0
2164,./data/wav_gen/wav/002164_indextts_happy.wav,liong iok tsap thong hun tsing,happy,liong iok tsiah thong hun tsin,3
2165,./data/wav_gen/wav/002165_indextts_angry.wav,siok tsu tio tshe tioh bun tsing in tau hit tiau hang a,angry,siok tsu tioh tsheh tioh bun tsing in tau hit tiau ham a,4
2166,./data/wav_gen/wav/002166_indextts_fearful.wav,hit tiau hang a uan uan uat uat am sam am sam,fearful,hit tiau hang a uan uan uat，uah uah am sam am sam,5
2167,./data/wav_gen/wav/002167_indextts_happy.wav,nng pai tshu long bo tshiau kue sann tsan lau,happy,nng pai tshu long bo tshiau kue sann tsan lau,0
2168,./data/wav_gen/wav/002168_indextts_neutral.wav,tsap hun tsing lai ho se liu liu,neutral,tsa hun tsing lai ho se liu liu,1
2169,./data/wav_gen/wav/002169_indextts_angry.wav,khuann e tshut lai tua tiam tsia e tsu hoo,angry,khuann e tshut lai tua lan tiam tsia e tsu hoo,4
2170,./data/wav_gen/wav/002170_indextts_disgusted.wav,tiann tioh tiong ha kai tsan tsiam khah tua bin,disgusted,tiann tioh tiong ha kai tsan tsiam khah tua bin,0
2171,./data/wav_gen/wav/002171_indextts_happy.wav,siok tsu kiann kau tsit tiau hang a e tiong tuann tng uat,happy,siok tsu kia kau tsit tiau hang a e tiong tuann tng uah,3
2172,./data/wav_gen/wav/002172_indextts_neutral.wav,khuann tioh tsit ui e koo e koo thau mng sam sam e lau hu lin lang,neutral,khuann tioh tsit ui a koo a koo，thau mng sam sam e lau hu lin lang,3
2173,./data/wav_gen/wav/002173_indextts_surprised.wav,ann io ti mng khau tiann leh khuan phainn tang ku siah kah phoo a tsua,surprised,ah ioh ti，mng khau tiann leh khuan，phainn tang ku sia kah phoo a tsuah,7
2174,./data/wav_gen/wav/002174_indextts_neutral.wav,tsit bak nih,neutral,tsit ban nih,1
2175,./data/wav_gen/wav/002175_indextts_fearful.wav,khuann tioh bun tsing tui tshu nih kiann tshut lai,fearful,khuann tioh bun tsinn tui tshu ni kiann tshut lai,2
2176,./data/wav_gen/wav/002176_indextts_happy.wav,i sin khu ting e tse hok i king uann tiau,happy,i sin khu ting e tse hok i king gua tiau,3
2177,./data/wav_gen/wav/002177_indextts_surprised.wav,tiam tiam leh ka lau hu jin lang tau tsing li tsua phe,surprised,tiam tiam le ka lau hu lin lang tau tsin li tsua phue,4
2178,./data/wav_gen/wav/002178_indextts_fearful.wav,lai tsing tshiu kok sio tsiann le pai ah,fearful,lai tsin tshiu kok sio tsiann le pai ah,1
2179,./data/wav_gen/wav/002179_indextts_neutral.wav,siok tsu iah bo sann kuan si,neutral,sioh tsu ia bo sa kuan si,4
2180,./data/wav_gen/wav/002180_indextts_happy.wav,bun tsiong si,happy,bun tsiong si,0
2181,./data/wav_gen/wav/002181_indextts_sad.wav,siok tsu khuann kah tua tshui khui hann hann,sad,siok tsu khuann kah tua tshui khui hannh hann,1
2182,./data/wav_gen/wav/002182_indextts_happy.wav,sua loh bun tsing e a ma tshiann siok tsu lip khi tshu nih tse,happy,sua looh，bun tsing e a ma tshiann siok tsu li khi tshu ni，tse,5
2183,./data/wav_gen/wav/002183_indextts_surprised.wav,kiann lip tshu lai,surprised,kiann lip tshu lai,0
2184,./data/wav_gen/wav/002184_indextts_sad.wav,siok tsu khuann tioh lang kheh thiann kan na nng tsiah ku au ku tshau e tsha i a,sad,siok tsu khuann tioh lang kheh thiann，kan na nng tsiah ku au ku thau e tsha i a,2
2185,./data/wav_gen/wav/002185_indextts_sad.wav,tsit te si kak toh a phua sam phua sam,sad,tsit te si kah to a phua sam phua sam,2
2186,./data/wav_gen/wav/002186_indextts_happy.wav,piah kak tsit thah tsit thah ku po tsua kah tsua phe,happy,piah ka tsit thann tsit thann ku poo tsuah kah tsuah phue,9
2187,./data/wav_gen/wav/002187_indextts_angry.wav,bun tsing khu ti hia leh tsing li,angry,gun tsing khu ti a leh tsing li,3
2188,./data/wav_gen/wav/002188_indextts_fearful.wav,tsit e gin a,fearful,tsi leh kin a,4
2189,./data/wav_gen/wav/002189_indextts_disgusted.wav,ah be hiau thin te hoo lau su lim,disgusted,ah be hiau thin te hoo lau su lim,0
2190,./data/wav_gen/wav/002190_indextts_sad.wav,a ma liah bun tsing khuann tsit e,sad,a ma liah bun tsin khuann tsit e,1
2191,./data/wav_gen/wav/002191_indextts_fearful.wav,a ma bo iau kin lah,fearful,a ma，bo iau kin lah,1
2192,./data/wav_gen/wav/002192_indextts_neutral.wav,tun tenn kui bio tsing tsiah tah tsin tsing,neutral,tun tenn kui bio tsing tsiah tah tsin tsing,0
2193,./data/wav_gen/wav/002193_indextts_sad.wav,siunn be kau,sad,siu mue kau,4
2194,./data/wav_gen/wav/002194_indextts_fearful.wav,siok tsu ue tiau ti na au ti a,fearful,siok tsu gueh tiau ti nau ti a,4
2195,./data/wav_gen/wav/002195_indextts_disgusted.wav,siunn be kau gun tau tsiah ni san tshiah tioh bo,disgusted,si ue e kau gun tau tsiah ni san tshiah tioh bo,4
2196,./data/wav_gen/wav/002196_indextts_fearful.wav,a ma na kong na bak khoo ang,fearful,a ma na kong na bat khoo ang,1
2197,./data/wav_gen/wav/002197_indextts_happy.wav,siok tsu khuann a ma an ne,happy,siok tsu khuann a ma an ne,0
2198,./data/wav_gen/wav/002198_indextts_neutral.wav,kiann ua kha tsiah phiann ka luah luah leh,neutral,kiann gua kha tsiah phiann ka luah luah leh,1
2199,./data/wav_gen/wav/002199_indextts_surprised.wav,sua loh a ma ka siok tsu kong bun tsing e koo su,surprised,sua looh，a ma ka siok tsu kong bun tsing e koo su,2
2200,./data/wav_gen/wav/002200_indextts_sad.wav,kong khi lai,sad,kong khi lai,0
2201,./data/wav_gen/wav/002201_indextts_sad.wav,a tsing tsit e gin a phainn mia lah,sad,a tsing tsit e in a phai mia lah,3
2202,./data/wav_gen/wav/002202_indextts_happy.wav,tshut si hinn khang tio thiann bo,happy,tshut si，hi khang tioh thiann boo,5
2203,./data/wav_gen/wav/002203_indextts_sad.wav,bun tsing tann thau kinn tioh siok tsu,sad,bun tsing tah thau kinnh tioh siok tsu,3
2204,./data/wav_gen/wav/002204_indextts_fearful.wav,sann hue e si,fearful,sa hue e si,2
2205,./data/wav_gen/wav/002205_indextts_angry.wav,lau bu tshia eh kue sin,angry,lau bu tshia e kue sin,1
2206,./data/wav_gen/wav/002206_indextts_angry.wav,lau pe ti leh pak poo tso tshoo kang,angry,lau pe ti leh pa poo tsoo tshoo kang,2
2207,./data/wav_gen/wav/002207_indextts_happy.wav,ku ku a tng lai tsit tsua,happy,ku ku a tng lai tsit tsua,0
2208,./data/wav_gen/wav/002208_indextts_sad.wav,pang gua tsit e lau e leh thua sai lian,sad,pang hua tsit e lau e leh thua sai lian,1
2209,./data/wav_gen/wav/002209_indextts_sad.wav,gua u hue ah,sad,gua u hue ah,0
2210,./data/wav_gen/wav/002210_indextts_disgusted.wav,than bo tsiah,disgusted,han boo tsiah,2
2211,./data/wav_gen/wav/002211_indextts_surprised.wav,koo put ji tsiong phainn tang ku siah ji tsua bong khioh,surprised,kok pu li tsiong phai tang ku siah，li tsua pong tshiooh,11
2212,./data/wav_gen/wav/002212_indextts_sad.wav,lai tshiann iong tsit e kho lian sun,sad,lai tshiann iong tsit e kho lian sun,0
2213,./data/wav_gen/wav/002213_indextts_fearful.wav,tsit e khiap se sun,fearful,tsit e khiap se sun,0
2214,./data/wav_gen/wav/002214_indextts_fearful.wav,sui uat thau kiann lip tshu nih,fearful,sui ua thau kiann li tshu ni,3
2215,./data/wav_gen/wav/002215_indextts_happy.wav,tsu se han tio hoo tsiong lang khuann bo bak te,happy,tsu se han tioh hoo tsiong lang khuann boo bak te,2
2216,./data/wav_gen/wav/002216_indextts_happy.wav,tshu pinn thau bue e gin a long bo puann e beh tsham i sio pang phuann,happy,tshu pinn thau bue e gin a，long bo puann e beh tsham i sio pang phuann,1
2217,./data/wav_gen/wav/002217_indextts_fearful.wav,huan se a an ne,fearful,huan se a an ne,0
2218,./data/wav_gen/wav/002218_indextts_angry.wav,tsiah e pian kah na lai na koo lau,angry,tsia e pian kah na lai na koo liau,2
2219,./data/wav_gen/wav/002219_indextts_sad.wav,lau su ah,sad,lau su e,2
2220,./data/wav_gen/wav/002220_indextts_fearful.wav,tshiann li m ho kian kuai,fearful,tshiann li m ho kian kuai,0
2221,./data/wav_gen/wav/002221_indextts_neutral.wav,tsit e gin a ti hak hau na u tit tsue e soo tsai,neutral,tsit e gin a ti hak hau na u tit tsue soo tsai,2
2222,./data/wav_gen/wav/002222_indextts_fearful.wav,lau sin e tiam tsia ka li hue sit le,fearful,lau sin e thiam tsia ka li hue sit le,1
2223,./data/wav_gen/wav/002223_indextts_surprised.wav,siok tsu kiann tshut bun tsing in tshu e si,surprised,siok tsu kiann tshu bun tsing in tshu e si,1
2224,./data/wav_gen/wav/002224_indextts_happy.wav,thinn sik i king am oo,happy,thinn sik，it kin am oo,3
2225,./data/wav_gen/wav/002225_indextts_disgusted.wav,a tsing a li tsit e gin a si an tsuann,disgusted,a tsing a，li tsit e gin a si an tsuann,1
2226,./data/wav_gen/wav/002226_indextts_happy.wav,hoo tsa tio tng tiam,happy,hoo tsa tioh tng tiam,1
2227,./data/wav_gen/wav/002227_indextts_sad.wav,kiann kau hak hau tshia penn beh khan oo too bai,sad,kiann kau hak hau tshia pe，beh khan oo too bai,3
2228,./data/wav_gen/wav/002228_indextts_fearful.wav,huat kak hun ang hoo suann be ki tsah tng lai,fearful,huat ka hun ang hoo suann be ki tsah tng a,3
2229,./data/wav_gen/wav/002229_indextts_neutral.wav,i huat tong oo too bai,neutral,i huat tong oo too bai,0
2230,./data/wav_gen/wav/002230_indextts_surprised.wav,bo siann e bak sai un liau a lian loh lai,surprised,bo sia e bau sai un tiau a，lian loh lai,5
2231,./data/wav_gen/wav/002231_indextts_disgusted.wav,hit me beh khun e si,disgusted,hi me beh khun e si,1
2232,./data/wav_gen/wav/002232_indextts_happy.wav,siok tsu am siunn keh tng jit khi,happy,siok tsu an siunn ke tng li khi,4
2233,./data/wav_gen/wav/002233_indextts_neutral.wav,i tik khak ai iong koh khah tua e nai sim tui thai bun tsing,neutral,i tik hak ai iong kok kha tua e nai sim tui thai bun tsing,3
2234,./data/wav_gen/wav/002234_indextts_disgusted.wav,u iann tsit mi kau thinn kng,disgusted,ung iann tsit mi kau thinn kng,2
2235,./data/wav_gen/wav/002235_indextts_happy.wav,liang liang liang,happy,tiang liang liang tiang,7
2236,./data/wav_gen/wav/002236_indextts_happy.wav,a sang gua si bun tsing e lau su li si,happy,a sang，gua si bun tsing e lau su，ti si,3
2237,./data/wav_gen/wav/002237_indextts_happy.wav,luan tsing a tan sann siann,happy,man tsing a tan sa sia,6
2238,./data/wav_gen/wav/002238_indextts_happy.wav,siok tsu kin me tshih tiau,happy,siok tsu kin me tshi tiau,1
2239,./data/wav_gen/wav/002239_indextts_angry.wav,i peh khi lai tshun un,angry,i peh khi lai tshun un,0
2240,./data/wav_gen/wav/002240_indextts_surprised.wav,tann thau khuann tioh poh poh e jit tshiu,surprised,tah thau khuah tioh poo poo e jit tshiu,6
2241,./data/wav_gen/wav/002241_indextts_neutral.wav,thau kue thang a un jiu nng jip lai,neutral,thau kue thang a un liu nng lip lai,2
2242,./data/wav_gen/wav/002242_indextts_angry.wav,si lau su ooh,angry,si lau sum oo,2
2243,./data/wav_gen/wav/002243_indextts_happy.wav,phainn se gua si i e a ma lah,happy,phai se，gua si i e a ma lah,3
2244,./data/wav_gen/wav/002244_indextts_angry.wav,lau hu lin lang ka siok tsu tam thau kiann le,angry,lau hu lin lang ka siok tsu tam thau kiann leh,1
2245,./data/wav_gen/wav/002245_indextts_fearful.wav,soo ji,fearful,sioo ji,1
2246,./data/wav_gen/wav/002246_indextts_surprised.wav,sua loh lai khuann tai pak tshi bin a tsai tsap tshit ho e thinn khi,surprised,tsua loh lai，khuah tai pak tshi mi a tsai tsap tshit hoo e kinn ki,10
2247,./data/wav_gen/wav/002247_indextts_fearful.wav,un too ji tsap tshit tsi sann tsap ji too loh hoo ki lut tsap%,fearful,un too tsi tsa tshit tsi sann tsap ji too，loo hoo ki lu tsa pha,9
2248,./data/wav_gen/wav/002248_indextts_sad.wav,lai pin nng pah tshit tsap lak ho tshiann lai tsap ji ho kui tai pan li,sad,lai pin nng pah tshit tsap lak ho tshiann lai tsap ji ho kui tai pan ti,1
2249,./data/wav_gen/wav/002249_indextts_fearful.wav,long tsong tshit pah si tsap lak khoo tsau li goo tsap si khoo,fearful,long tsong tshit pah sit tsa la khoo，tsau li koo tsa si khoo,6
2250,./data/wav_gen/wav/002250_indextts_happy.wav,kin a jit si sann gueh tshe it pai lak,happy,kin a li si sann ue tshe i pai lak,5
2251,./data/wav_gen/wav/002251_indextts_happy.wav,gua e hoo tsiau ho be si kiu tshit pat ji pat ji khong kiu khong,happy,gua e hoo tsiau ho be si，kiu tshit pat lit pat lit khong kiu khong,5
2252,./data/wav_gen/wav/002252_indextts_happy.wav,gun tau e tian ue ho be si khong su su ji ji kiu khong su tshit,happy,un tau e tian ue ho be si，khong su tsu li li kiu khong su tshit,5
2253,./data/wav_gen/wav/002253_indextts_disgusted.wav,i ti it kiu tshit ngoo ni tshut si,disgusted,i ti it kiu tshin ngoo ni tshut si,1
2254,./data/wav_gen/wav/002254_indextts_happy.wav,tshiann pang gua tsuan hun ki ngoo ji pat ji,happy,tshia pang gua tsuan hun ki，ngoo ji pat ji,3
2255,./data/wav_gen/wav/002255_indextts_sad.wav,sing uah tui ue,sad,sin ua tui bue,3
2256,./data/wav_gen/wav/002256_indextts_disgusted.wav,su tshuan tshai khah hiam li kann tsiah bo,disgusted,suh tshuan tshai khah hiam，li kah tsiah boo,5
2257,./data/wav_gen/wav/002257_indextts_sad.wav,li iah ai tiam siann mih bo,sad,li ia ai tiam siann mih boo,2
2258,./data/wav_gen/wav/002258_indextts_fearful.wav,koh tsit uann thng siann mih thng khah ho,fearful,koo tsit uann thng siann mih thng khah ho,1
2259,./data/wav_gen/wav/002259_indextts_happy.wav,tshenn tshai tau hu thng be bai,happy,tshenn tshai tau hu thng be bai,0
2260,./data/wav_gen/wav/002260_indextts_surprised.wav,thau ke koh tsit puann ang sio tau hu,surprised,thau ke koo tsit puann ang sio tau hu,1
2261,./data/wav_gen/wav/002261_indextts_fearful.wav,gua siunn beh lim te,fearful,gua siunn beh lim te,0
2262,./data/wav_gen/wav/002262_indextts_surprised.wav,hit te pue a lah sap lah sap,surprised,hit te pue a lah sap lah sap,0
2263,./data/wav_gen/wav/002263_indextts_sad.wav,gua theh tsit te khah tshing khi e hoo li,sad,gua theh tsit te khah tshin khi e hoo li,1
2264,./data/wav_gen/wav/002264_indextts_fearful.wav,tshai lai ah,fearful,tshai lai ah,0
2265,./data/wav_gen/wav/002265_indextts_disgusted.wav,tsit puann si siann mih tshai,disgusted,tsit puann si siann mih tshai,0
2266,./data/wav_gen/wav/002266_indextts_happy.wav,tsit puann kio tso ang sio tau hu,happy,tsit puann kio tsoo ang sio tau hu,1
2267,./data/wav_gen/wav/002267_indextts_disgusted.wav,kann,disgusted,kann,0
2268,./data/wav_gen/wav/002268_indextts_fearful.wav,lai bin u siann mih mih kiann,fearful,lai bin u siann mih min kiann,1
2269,./data/wav_gen/wav/002269_indextts_disgusted.wav,u bah tau hu kah tsin tse mih kiann li tsiah khuann mai leh,disgusted,u bah，tau hu kah tsin tse mih kiann，li tsiah khuann mai leh,2
2270,./data/wav_gen/wav/002270_indextts_neutral.wav,to sia gua ka ki lai,neutral,to sia，gua ka ki lai,1
2271,./data/wav_gen/wav/002271_indextts_disgusted.wav,li tsiah hiah ni tsio kam tsiah u pa,disgusted,li tsiah hiah ni tsio，kam tsiah u pa,1
2272,./data/wav_gen/wav/002272_indextts_angry.wav,gua pak too u tsit tiam a bo song khuai,angry,gua pak tua u tsit tiam a boo song khuai,3
2273,./data/wav_gen/wav/002273_indextts_angry.wav,beh tsiah ioh a bo,angry,beh tsiah ioh a boo,1
2274,./data/wav_gen/wav/002274_indextts_sad.wav,m bian to sia,sad,m bian to sia,0
2275,./data/wav_gen/wav/002275_indextts_fearful.wav,tsit king tsin tsan gua siong siong lai in e tshai long tsin ho tsiah,fearful,tsit kin tsin tsan，gua siong siong lai in e tshai long tsin ho tsiah,2
2276,./data/wav_gen/wav/002276_indextts_sad.wav,bo an ne lan tua tsia tsiah,sad,bo an ne，lan tua tsiah tsiah,2
2277,./data/wav_gen/wav/002277_indextts_neutral.wav,lan beh kio siann mih tshai,neutral,lan be kio siann mih tshai,1
2278,./data/wav_gen/wav/002278_indextts_neutral.wav,li ka gua kio ho bo tshai tuann gua khuann bo,neutral,li ka gua kio，ho boo thai tuann gua khuah boo,6
2279,./data/wav_gen/wav/002279_indextts_sad.wav,thau ke gua ai thng tshoo pai kut,sad,thau ke，gua ai thng tshoo pai kut,1
2280,./data/wav_gen/wav/002280_indextts_neutral.wav,in tsia u ang sio hi bo,neutral,in tsia u ang sioo hi boo,2
2281,./data/wav_gen/wav/002281_indextts_disgusted.wav,thau ke tsit bue ang sio hi tsit puann tsha tshenn tshai,disgusted,thau ke tsi bue ang sio hi，tsit puann tshah tshai tshai,6
2282,./data/wav_gen/wav/002282_indextts_happy.wav,bun tsiong it,happy,bun tsiong it,0
2283,./data/wav_gen/wav/002283_indextts_neutral.wav,tshit gueh si a e sim tsing,neutral,tshi ue si a e sin tsin,5
2284,./data/wav_gen/wav/002284_indextts_disgusted.wav,bu sit tian hian kam un e tsing i,disgusted,bu si tian hian kam un e tsing i,1
2285,./data/wav_gen/wav/002285_indextts_sad.wav,gun i tai uan e tsu the sing su kho,sad,gun i tai uan e tsu the sing su kho,0
2286,./data/wav_gen/wav/002286_indextts_happy.wav,si ui siann mih beh pai pai,happy,si ui siann mih beh pai pai,0
2287,./data/wav_gen/wav/002287_indextts_neutral.wav,ke siok tshiau tshue tsoo sian e kha jiah,neutral,ke sioh tshiau tshue tsoo sian e kha iah,2
2288,./data/wav_gen/wav/002288_indextts_fearful.wav,tshit gueh it ting m nia ho hiann ti tsia e i bin lik su nia,fearful,tshi gueh it tiunn mu nia，ho hiann ti tsai i pin tioh su nia,12
2289,./data/wav_gen/wav/002289_indextts_fearful.wav,koh khah su iau tshim jip tsai iann siong tsa e tai uan lang kin te lik su,fearful,koh khah su iau tshin li tsan iann，siong tsa e tai uan lang kin te li su,6
2290,./data/wav_gen/wav/002290_indextts_surprised.wav,penn poo tsok kah ko suann tsok tse pai kam un e sing keh,surprised,peh poo tsoo kah koo suann tsoo tse pai kam un e sin ke,7
2291,./data/wav_gen/wav/002291_indextts_disgusted.wav,ti tai uan tshit gueh si a si kui gueh,disgusted,ti tai uan tshit gueh si a si kui ueh,1
2292,./data/wav_gen/wav/002292_indextts_angry.wav,u phoo too kah u lan phun hue e tsong kau gi sik,angry,u phoo too kah u lang pun hue e tsong kau gi sik,2
2293,./data/wav_gen/wav/002293_indextts_fearful.wav,bin kan tua poo hun pai mng khau,fearful,bin kan tua poo hun pai mng khau,0
2294,./data/wav_gen/wav/002294_indextts_sad.wav,tsok tsia tan kim hua,sad,tsoo tsiah，tan kin hua,4
2295,./data/wav_gen/wav/002295_indextts_fearful.wav,kong si an tah hia e tng suann kue tai uan sim kuann kiat kui uan e ho hiann ti,fearful,kong si an tah hiah e tng suann kue tai uan，sin kuann kiat kui uan e hoo hiann ti,4
2296,./data/wav_gen/wav/002296_indextts_disgusted.wav,su sit siong ma si an tah phoo lo tai tsiong e sim,disgusted,su si siong ma si an tah phoo lo tai tsiong e sim,1
2297,./data/wav_gen/wav/002297_indextts_sad.wav,it puann jin ke kiu khia ke ping an,sad,i puann jin ke kiu khia ke pinn an,2
2298,./data/wav_gen/wav/002298_indextts_angry.wav,tshut jip sun li,angry,tshut jip sun li,0
2299,./data/wav_gen/wav/002299_indextts_sad.wav,kok hang kok giap ma long e tshuan lai pai pai kiu tsai li,sad,kok hang kok iap ma long e tshuan lai pai pai kiu tsai li,1
2300,./data/wav_gen/wav/002300_indextts_surprised.wav,tsit khuan u sio hiunn u po pi e bun hua,surprised,tsit khuang u sio hiunn u Bou pi e bun hua,3
2301,./data/wav_gen/wav/002301_indextts_neutral.wav,i king si tai uan tsin koo ting e hong siok ah,neutral,i king si tai uan tsin koo ting e hong siok a,1
2302,./data/wav_gen/wav/002302_indextts_angry.wav,in ui tai uan i bin sia hue hia e than u tsiah e lang,angry,in ui tai uan i bin sia hue hia e than kue tsiah e lang,2
2303,./data/wav_gen/wav/002303_indextts_neutral.wav,sian sim ka kue ong e lo han kha a,neutral,sian sin ka kue ong e loo han kha,4
2304,./data/wav_gen/wav/002304_indextts_happy.wav,tshai ti iu ing kong su,happy,tshai ti iu in kong su,1
2305,./data/wav_gen/wav/002305_indextts_neutral.wav,tshit gueh puann pai pai si tai uan i bin sia hue e tian hing,neutral,tsit ue puann pai pai si tai uan i bin sia hue e tian hing,3
2306,./data/wav_gen/wav/002306_indextts_neutral.wav,ban ing kong bio tse pai,neutral,bai ing kong bio tse pai,1
2307,./data/wav_gen/wav/002307_indextts_disgusted.wav,lang kong hau koo e siok gan,disgusted,lang kong hau koo e siok kan,1
2308,./data/wav_gen/wav/002308_indextts_neutral.wav,si leh hau pai koo hun ka phoo too,neutral,si le hau pai koo hun ka phoo too,1
2309,./data/wav_gen/wav/002309_indextts_disgusted.wav,gua senn ti tsian au ang enn a tiau,disgusted,gua se ti tsing au ang e a tiau，hah hah hah,18
2310,./data/wav_gen/wav/002310_indextts_sad.wav,ti gua e sing tiong kue thing tiong,sad,ti ua e sin tiong kue thin tiong,3
2311,./data/wav_gen/wav/002311_indextts_surprised.wav,tshit gueh puann pai pai it tit long si gua huai siunn tshin lang e lit tsi,surprised,tshit ue puah pai pai，i ti long si gua huai siu tshin lang e lit tsi,9
2312,./data/wav_gen/wav/002312_indextts_happy.wav,pe bu sin khoo tshiann gun pueh e hiann ti tsi mue sing uah,happy,pe bu sin khoo tshia bun peh e hiann ti tsin mue sin gua,8
2313,./data/wav_gen/wav/002313_indextts_fearful.wav,tu ho long giap si tai tsuan uann kang giap si tai e kue thing,fearful,tu ho long iah si tai tsuan uann kang iah si tai kue thing,6
2314,./data/wav_gen/wav/002314_indextts_surprised.wav,hiann tse tshut gua thak tsheh kah than tsinn,surprised,hiann tse e tshu a thak tsheh，kah than tsinn,6
2315,./data/wav_gen/wav/002315_indextts_happy.wav,lang tan kau tua tseh jit tsiah u thang tng lai,happy,lang tng kau tua tse li，tsia u thang tng lai,7
2316,./data/wav_gen/wav/002316_indextts_surprised.wav,u han bun hua tsham lam,surprised,u ham bong huah tsham lam,4
2317,./data/wav_gen/wav/002317_indextts_disgusted.wav,hit tsun e khuan king tsin bai,disgusted,hit tsun e khuan kin tsin bai,1
2318,./data/wav_gen/wav/002318_indextts_neutral.wav,tioh ai ku ku ah tsiah u tsit nia sin sann thang tshing,neutral,tioh ai ku ku ah，tsia u tsin nia sin sann thang tshin,4
2319,./data/wav_gen/wav/002319_indextts_happy.wav,e ki tit a bu ka gua kah sio ti tshuan e sin sann,happy,e khi li a bu ka gua kah sio ti tshuan e sin tsa,6
2320,./data/wav_gen/wav/002320_indextts_angry.wav,long e ka guan tsham siong kong ai tan kau tshit gueh puann e si,angry,long e ka uan tham siong kong ai tang kau tshi kue puann e si,6
2321,./data/wav_gen/wav/002321_indextts_fearful.wav,gun tshut gua e hiann tse pang ka tng lai,fearful,un tshu kuah e hiann tse pang kah tng lai,5
2322,./data/wav_gen/wav/002322_indextts_sad.wav,tsiah theh tshut lai tshing hoo in khuann,sad,tsia theh tshut lai tshin hoo in khuann,2
2323,./data/wav_gen/wav/002323_indextts_neutral.wav,a bu koh ka gun kah sio ti ai ka lai bin piann hoo tshing khi,neutral,a bu koh ka un kah sio ti，ai ka lai bin piann hoo tshing khi,2
2324,./data/wav_gen/wav/002324_indextts_fearful.wav,huan ging hiann tse tng lai,fearful,huan in hia tse tng lai,4
2325,./data/wav_gen/wav/002325_indextts_happy.wav,gun a bu sit tsai tsiok khiau,happy,gun a bu si tsai tsiok khiau,1
2326,./data/wav_gen/wav/002326_indextts_surprised.wav,m nia hoo gun oh tso khang khue,surprised,m nia hoo gun oh tso khang khue,0
2327,./data/wav_gen/wav/002327_indextts_neutral.wav,m ko ti i bin tsin tsing e thoo tu tai uan lang,neutral,m koo ti i bin tsin tsing e thoo tu tai uan lang,1
2328,./data/wav_gen/wav/002328_indextts_happy.wav,koh hoo gun hak sip tshin tsiann sann liam kah tsun tiong hiann tse e kau iok,happy,ko hoo gun hak sit tshin tsiann sann liam，ka tsun tiong hiann tse e kau iok,4
2329,./data/wav_gen/wav/002329_indextts_neutral.wav,ma tshong tso gun tinn bit e tan thai,neutral,ma tshong tsoo un tinn bi de tan thai,4
2330,./data/wav_gen/wav/002330_indextts_surprised.wav,si lam to gi tsok e penn poo tsok kah ko suann tsok,surprised,si lam tok，it tsok eh peh poo tsok kah ko suann tsok,6
2331,./data/wav_gen/wav/002331_indextts_happy.wav,tsok jin huan ling sin iong king siong ko tsan e tsoo ling alid,happy,tsong lin huan lin sin iong，kin siong koo tsan e tsoo lin a li ti,12
2332,./data/wav_gen/wav/002332_indextts_surprised.wav,u su hoo bun hua,surprised,u su hau，bun hua,3
2333,./data/wav_gen/wav/002333_indextts_happy.wav,kah pai tsioh thau kong khe thau hiann thoo gu hiann,happy,kah pai tsiok thau kong，he thau hiann thoo gu hiann,3
2334,./data/wav_gen/wav/002334_indextts_neutral.wav,su、bun tsiong ji,neutral,su mi bun tiong i,6
2335,./data/wav_gen/wav/002335_indextts_fearful.wav,kau tann gua ua kin hue kah ni hue ah,fearful,kau ta，gua kin hue ka ni hue ah,7
2336,./data/wav_gen/wav/002336_indextts_angry.wav,si in ui su liam pe bu,angry,si in ui su liam peh bu,1
2337,./data/wav_gen/wav/002337_indextts_sad.wav,sui jian gua bo tik piat e tsong kau,sad,sui lian gua poh tik piat e tsong kau,3
2338,./data/wav_gen/wav/002338_indextts_disgusted.wav,iu guan ti tshuan pai pai leh hiang siu tshit gueh si a tshin tsiann am am liu tong e kam kak,disgusted,iu guan ti tshuan pai pai，le hiang siu tshi ue si a tshin tsiann am am，liu tong e kam kak,6
2339,./data/wav_gen/wav/002339_indextts_happy.wav,si kan kue tioh tsin kin,happy,si kang kue tioh tsin kin,1
2340,./data/wav_gen/wav/002340_indextts_surprised.wav,siunn khi gua se han e si,surprised,siu khi gua se han e si,2
2341,./data/wav_gen/wav/002341_indextts_angry.wav,kah hiann ti tsi mue ti pe bu sin pinn tau sio kim tsua e jit tsi,angry,kah hiann ti tsit ue ti pe bu sim pinn，tau sio kim tsuah e ti tsi,7
2342,./data/wav_gen/wav/002342_indextts_surprised.wav,kau gua huann ke e si,surprised,kau a，huann ke e si,3
2343,./data/wav_gen/wav/002343_indextts_surprised.wav,gua ma tsiau pe bu soo thuan e hong sik,surprised,gua ma tsiau pe bu soo thuan e hong sik,0
2344,./data/wav_gen/wav/002344_indextts_angry.wav,tak ni tshit gueh puann tshua gun sann e kiann,angry,tak ni tshi gueh puann tshua gun sann e kiann,1
2345,./data/wav_gen/wav/002345_indextts_fearful.wav,ti tsio in pai pai e si tso hue khai kang,fearful,ti tsioh in pai pai e si tsoo hue khai kang,2
2346,./data/wav_gen/wav/002346_indextts_surprised.wav,iau e ki tit hit khuan un luan e ki thai,surprised,iau e kit ti，hit khuan un tuan e ki tai,5
2347,./data/wav_gen/wav/002347_indextts_sad.wav,tann in tua han ah,sad,tann in tua han a,1
2348,./data/wav_gen/wav/002348_indextts_disgusted.wav,guan tak ni long u tso hue tshuan pai pai kah tau sio kim tsua e hue ik,disgusted,mngan tak ni long u tso hue tshuan pai pai，kah tau sio kin tsuah e hue ir,7
2349,./data/wav_gen/wav/002349_indextts_happy.wav,tai uan tshit gueh e thinn khi tiann tiann u kiong e khi liu pho tuann tso sing hong thai,happy,tai uan tshit gueh e thinn khi，tiann tiann u kiong e khi liu，hoo tuann tsoo sin hong thai,6
2350,./data/wav_gen/wav/002350_indextts_surprised.wav,tsit pai inn a hong thai tua lai tua hoo tik po,surprised,tsit pai，inn a hong thai tua lai tua hoo ti poo,3
2351,./data/wav_gen/wav/002351_indextts_surprised.wav,tua hoo i king loh kui lo kang ah,surprised,tua hoo i kin do kui looh kang na,7
2352,./data/wav_gen/wav/002352_indextts_disgusted.wav,tsiok tse soo tsai leh im tsui,disgusted,tsiok tse soo tsai leh in tsui,1
2353,./data/wav_gen/wav/002353_indextts_disgusted.wav,hak hau ki kuan long pang hong thai ka,disgusted,ha hau ki kuan long pang hong thai ka,1
2354,./data/wav_gen/wav/002354_indextts_sad.wav,gua than hong thai hoo lang phang sio khua thing e si,sad,gua than hong thai hoo lang phang sio khua thing e si,0
2355,./data/wav_gen/wav/002355_indextts_neutral.wav,kin tshuan pai,neutral,kin tshuan pai,0
2356,./data/wav_gen/wav/002356_indextts_angry.wav,kin ni nng e tshut gua e tsa boo kiann long bo tng lai,angry,kin ni nng e tshut gua e tsa boo kiann，loh moo tng lai,5
2357,./data/wav_gen/wav/002357_indextts_disgusted.wav,hue siong gua kah sio ti ti hia khok khok tan,disgusted,hue siong gua kah sio ti，ti hia khok khok tan,1
2358,./data/wav_gen/wav/002358_indextts_sad.wav,se kiann ma u ka ki e khia ke ah,sad,se kiann ma u ka ki e khia ke a,1
2359,./data/wav_gen/wav/002359_indextts_angry.wav,kan ta tshun gun nng lau e leh pai nia,angry,kan la tshng un nng lau e leh pai nia,4
2360,./data/wav_gen/wav/002360_indextts_angry.wav,gun ing kan tan e soo sing le puann kue tsi puann tua mi phau mi kuan thau kiam piann bih luh pai,angry,gun ing kan tan e soo sing le pua，kue tsi pua tua mi hau mi kuan thau kiam piann pi lu pai,9
2361,./data/wav_gen/wav/002361_indextts_sad.wav,king i bo kiam,sad,kin gi bo kiam,2
2362,./data/wav_gen/wav/002362_indextts_angry.wav,huai siong i jian,angry,huai siong i jian,0
2363,./data/wav_gen/wav/002363_indextts_angry.wav,gua tsiau le hip tsit tiunn siong phinn tso ki liam,angry,gua tsiau leh，hit tsit tiunn siau phih tsau ki liam,10
2364,./data/wav_gen/wav/002364_indextts_sad.wav,siunn beh lau ha tshin tsing,sad,siu be lau ha tshin tsing,3
2365,./data/wav_gen/wav/002365_indextts_sad.wav,ti tshit gueh si a pai koo hun ia kui soo hing sing e kui gueh,sad,ti tshi gueh si a，pai koo hun iah kui soo hing sing e kui ueh,4
2366,./data/wav_gen/wav/002366_indextts_fearful.wav,ma u lang iong bok lian kiu bo e koo su lai suan to hau sun e hau tshin gueh,fearful,ma u lang iong bok lian kiu boo e koo su lai suan to hau sun e hau tshin gueh,1
2367,./data/wav_gen/wav/002367_indextts_happy.wav,long si tsok kun bun hua e sia hue kau iok,happy,long si tsok phun，bun hua e sia hue kau giok,4
2368,./data/wav_gen/wav/002368_indextts_neutral.wav,tan beh kinn tsin ku bo kinn bin e hiann tse,neutral,tan be kinn tsin ku bo kinn bin e hiann tse,1
2369,./data/wav_gen/wav/002369_indextts_fearful.wav,gua ti hu bu iunn siunn tsi ha,fearful,gua ti hu bu in siunn tsi ha,2
2370,./data/wav_gen/wav/002370_indextts_sad.wav,ping bo lo han kha a kah bok lian kiu bo e koo su,sad,pin bo lo han kha a，kap boo lian kiu bo e koo su,4
2371,./data/wav_gen/wav/002371_indextts_happy.wav,kan tann u gun tik piat e ka ting tsing i e khi bi kah kau kau e tshin tsing,happy,kah na u bun tik piat e ka ting tsing i e khi bi kah kauh kauh e tshin tsing,7
2372,./data/wav_gen/wav/002372_indextts_fearful.wav,m koh tsu gua tsai iann penn poo tsok liau au,fearful,m koh tsu a tsai iann，pe poo tsoo liau au,6
2373,./data/wav_gen/wav/002373_indextts_sad.wav,tshit gueh si a pai pai hoo gua siong pang bue li e iau si hong khi biat e penn poo tsok kah tai uan tsoo ling alid,sad,tshit gueh si a，pai pai hoo gua siong pang mue li e，iah si hong khi bit e pe poo tsok kah tai uan tsoo ling e li,10
2374,./data/wav_gen/wav/002374_indextts_happy.wav,gua put si leh siunn,happy,gua put si leh siunn,0
2375,./data/wav_gen/wav/002375_indextts_disgusted.wav,kam kan tann ti penn poo ia tse tsiah e tang tshiau tshue tioh hit sut a penn poo tai uan lang e kin ku,disgusted,kam kan ta ti pe boo ia tse，tsiah e tang tshiau tshue tioh hit sut la pe poo tai uan lang e kin ku,9
2376,./data/wav_gen/wav/002376_indextts_fearful.wav,gua su iau u li sing e kok ka jin tong,fearful,gua su iau u li sing e kok ka lin tong,1
2377,./data/wav_gen/wav/002377_indextts_disgusted.wav,penn poo tai uan lang tsiah u khah tua e un sim,disgusted,pe poo tian uan lang tsiah u khah tua e un sin,5
2378,./data/wav_gen/wav/002378_indextts_surprised.wav,kah tan beh tshing hit nia sin sann e sim tsing,surprised,kah tan be e tshing hit nia sin sa e sim tsinn,5
2379,./data/wav_gen/wav/002379_indextts_angry.wav,tann khuan king hu ju ah,angry,tann huan king hu du a,3
2380,./data/wav_gen/wav/002380_indextts_fearful.wav,tshing sin sann i king bo siann hi han,fearful,tshin sin sann it kin bo siann hi han,3
2381,./data/wav_gen/wav/002381_indextts_happy.wav,gua e pe bu ma bo ti leh ah,happy,gua e pe bu ma bo ti leh ah,0
2382,./data/wav_gen/wav/002382_indextts_neutral.wav,m koh tak ni gua long iau leh pai,neutral,m koo tak ni uah long iau le pai,4
2383,./data/wav_gen/wav/002383_indextts_fearful.wav,goo、bun tsiong sann,fearful,goo pun tsiong sann,2
2384,./data/wav_gen/wav/002384_indextts_disgusted.wav,luan tsing a,disgusted,luan tsing a,0
2385,./data/wav_gen/wav/002385_indextts_neutral.wav,tso to su m si bo king giam,neutral,tso too su m si boo king iam,3
2386,./data/wav_gen/wav/002386_indextts_happy.wav,put ji ko,happy,put li koo,2
2387,./data/wav_gen/wav/002387_indextts_fearful.wav,ka tsheh goo lak tang thau pai tng tioh lim bun tsing tsit khuan gin a,fearful,ka tsheh goo la tang thau pai tng tioh lin bun tsing tsit khuan gin a,2
2388,./data/wav_gen/wav/002388_indextts_neutral.wav,tsit e si ni e tsa poo gin a,neutral,tsit le si ni e tsa poo gin a,1
2389,./data/wav_gen/wav/002389_indextts_happy.wav,lang senn tso su bun su bun,happy,nang se tso su bun su bun,3
2390,./data/wav_gen/wav/002390_indextts_neutral.wav,phinn bak tshui ling ling ling,neutral,phinn ma tshui ling ling ling,2
2391,./data/wav_gen/wav/002391_indextts_angry.wav,kan tann tsit poo bai,angry,kan ta tsit poo bai,2
2392,./data/wav_gen/wav/002392_indextts_disgusted.wav,hinn a tau tsoo thiann khi,disgusted,thinn a tau tsoo thiann kui,2
2393,./data/wav_gen/wav/002393_indextts_disgusted.wav,tsit khuan senn tiunn e gin a,disgusted,tsit khuan se tiuh e gin a,4
2394,./data/wav_gen/wav/002394_indextts_fearful.wav,thau pai khuann tioh,fearful,thau pai khuann tioh,0
2395,./data/wav_gen/wav/002395_indextts_disgusted.wav,tsok tsia tan kim sun,disgusted,tsok tsia，tan kin sun,2
2396,./data/wav_gen/wav/002396_indextts_happy.wav,han leh u lang bo kah i,happy,han e u lang bo kah i,2
2397,./data/wav_gen/wav/002397_indextts_angry.wav,sua loh lai m bian sann hun tsing,angry,soo a lok lai，m bian sa hun tsing,7
2398,./data/wav_gen/wav/002398_indextts_angry.wav,i sui hian tshut guan hing,angry,i sui hian tshut guan hin,1
2399,./data/wav_gen/wav/002399_indextts_surprised.wav,liam mi ka tsuan pan tsit puann khah ke e tsa boo gin a giu thau tsang,surprised,liam mi ka tsuan pan tsit puann khah ke tsa boo kin a kiu thau tsang,4
2400,./data/wav_gen/wav/002400_indextts_sad.wav,liam mi ka tsheh pun ia kah kui thoo kha,sad,liam mih kak tshe pun iah kah kui thoo kha,4
2401,./data/wav_gen/wav/002401_indextts_disgusted.wav,kio i ka tong oh hue sit le,disgusted,kio i ka tong oh hue sit le,0
2402,./data/wav_gen/wav/002402_indextts_sad.wav,i tsau hoo li jiok,sad,i tsau hoo li lioh,2
2403,./data/wav_gen/wav/002403_indextts_happy.wav,huah i ka tsheh khioh khi lai pai hoo tse tsing,happy,huah i ka tsheh khioh khi lai pai hoo tse tsing,0
2404,./data/wav_gen/wav/002404_indextts_fearful.wav,i kui khi onn onn kio,fearful,i kui khi oo oo kio,4
2405,./data/wav_gen/wav/002405_indextts_happy.wav,tshiunn he m tsiann siann tiau e kua hoo li thiann,happy,tshiu he m tsiann sia tiau e kua hoo li thiann,4
2406,./data/wav_gen/wav/002406_indextts_sad.wav,liang liang liang,sad,li ang liang liang,1
2407,./data/wav_gen/wav/002407_indextts_disgusted.wav,khai hak kui le pai,disgusted,hai ha kui le pai,2
2408,./data/wav_gen/wav/002408_indextts_surprised.wav,bun tsing tak jit to ti to puann tiam tsing khah ke,surprised,bun tsing tak jit too ti toh puann tiam tsin khah ke,3
2409,./data/wav_gen/wav/002409_indextts_angry.wav,siok tsu ho tshui mng i guan in,angry,siok tsu ho tshui bng i guan in,1
2410,./data/wav_gen/wav/002410_indextts_surprised.wav,i e tua lui bak tsiu tiam tiam liah siok tsu khuann sann bio tsing,surprised,i e tua lui bak tsiu tiam tiam liah siok，tsu khuah sa bio tsing,5
2411,./data/wav_gen/wav/002411_indextts_disgusted.wav,sua loh phak tam tsheh toh a ting ke khun,disgusted,sau loh phak tam tsheh to a ting ke khun,3
2412,./data/wav_gen/wav/002412_indextts_fearful.wav,m thang liah tsun i hinn khang u khah su,fearful,m thang liah tsun i hi khang u khah tsu,3
2413,./data/wav_gen/wav/002413_indextts_fearful.wav,pian na e poo si tiam,fearful,pian na e poo si tiam,0
2414,./data/wav_gen/wav/002414_indextts_angry.wav,suann oh tsing a siann tan,angry,suah ooh tsing a sia tan,5
2415,./data/wav_gen/wav/002415_indextts_surprised.wav,tan bo sann siann,surprised,tan boo sann siann,1
2416,./data/wav_gen/wav/002416_indextts_angry.wav,i bo kong bo tann sui tsau kah bo khuann lang iann,angry,i boo kong boo tau，sui tsau kau boo khuann lang iah,9
2417,./data/wav_gen/wav/002417_indextts_angry.wav,luan tsing a tan sann siann,angry,luan tsing a，tan sann sia,3
2418,./data/wav_gen/wav/002418_indextts_happy.wav,siok tsu mng hak sing,happy,siok tsu mng hak sin,1
2419,./data/wav_gen/wav/002419_indextts_sad.wav,kam u lang tsai iann bun tsing tshu lai e tsing hing,sad,kam u lang tsai iann bun tsing tshu lai e tsing hing,0
2420,./data/wav_gen/wav/002420_indextts_surprised.wav,tit tioh tsit khuan hue ing,surprised,li tiohh tsit khuan hue in,4
2421,./data/wav_gen/wav/002421_indextts_neutral.wav,lau su hit e luan tsing a siau siau,neutral,lau su khi leh luan tsing a siau siau,4
2422,./data/wav_gen/wav/002422_indextts_sad.wav,mai tshap i lah,sad,mai tshap i lah,0
2423,./data/wav_gen/wav/002423_indextts_fearful.wav,beh an tsuann mai tshap i,fearful,be an tsuann mai tshah bi,3
2424,./data/wav_gen/wav/002424_indextts_disgusted.wav,siok tsu am siunn,disgusted,siok tsu an siunn,1
2425,./data/wav_gen/wav/002425_indextts_sad.wav,lin tsia e gin a e tang mai tshap i,sad,lin tsia e kin a e tang mai tshap i,1
2426,./data/wav_gen/wav/002426_indextts_angry.wav,gua tso lau su lang,angry,gua tsau lau su lang,2
2427,./data/wav_gen/wav/002427_indextts_neutral.wav,bo hit e khuan li mai tshap i,neutral,bo hi leh khuan li mai tshap i,3
2428,./data/wav_gen/wav/002428_indextts_disgusted.wav,tshian bin e siok tsu kin me jih tiau,disgusted,tshian pin e siok tsu kin be ji tiau,3
2429,./data/wav_gen/wav/002429_indextts_disgusted.wav,siok tsu hian khui hak tsik tsu liau,disgusted,siok tsu hian khui hak tsioh tsu liau,2
2430,./data/wav_gen/wav/002430_indextts_sad.wav,siunn beh kha tian ue hoo bun tsing e si tua lang,sad,siunn be kha tian ue hoo bun tsing e si tua lang,1
2431,./data/wav_gen/wav/002431_indextts_happy.wav,ting bin suah bo lau puann ki tian ue huan,happy,ting bin suah bo lau puann ki tian gueh huan,2
2432,./data/wav_gen/wav/002432_indextts_fearful.wav,hit jit suann oh,fearful,hit ti suann oh,2
2433,./data/wav_gen/wav/002433_indextts_surprised.wav,soo u hak sing li khui kau sik liau au,surprised,soo u hak sin li khui kau sik liau au,1
2434,./data/wav_gen/wav/002434_indextts_disgusted.wav,i ka bun tsing in tau e te tsi tshau tiam tshiu tsi phoo a,disgusted,i ka bun tsing in tau e te tsi，tshau tiam tshiu tsi phoo a,1
2435,./data/wav_gen/wav/002435_indextts_fearful.wav,thinn loh sap sap a hoo,fearful,thinn loh sap sap a hoo,0
2436,./data/wav_gen/wav/002436_indextts_disgusted.wav,siok tsu tian khui hit ki hun ang sik e nng tsat hoo suann,disgusted,siok tsu tian khui hit ki hun ang sik e nng tsat phoo suann,1
2437,./data/wav_gen/wav/002437_indextts_fearful.wav,iong poo lian e kiann tshut hau mng,fearful,iong poo lian e kiann tshut hau mng,0
2438,./data/wav_gen/wav/002438_indextts_neutral.wav,i ti hau mng khau tng tioh the tai ik tsun lam,neutral,i ti hau mng khau tng tioh the tai ik tsun lam,0
2439,./data/wav_gen/wav/002439_indextts_angry.wav,i lu tshui se tshiu bin kua tshing sann khoo,angry,i lu tshui，se tshiu bin gua tshing sang khoo,3
2440,./data/wav_gen/wav/002440_indextts_surprised.wav,tsun lam ho le sio tsioh mng,surprised,tsun lam ho le sio tsio mng,1
2441,./data/wav_gen/wav/002441_indextts_happy.wav,siok tsu lau su kin a jit bo khia oo too bai,happy,siok tsu lau su，kin a li bo khiann oo too bai,5
2442,./data/wav_gen/wav/002442_indextts_surprised.wav,gua beh khi hak sing in tau ka ting hong bun,surprised,gua beh khi hak sing in tau ka ting hong bun,0
2443,./data/wav_gen/wav/002443_indextts_neutral.wav,siok tsu tshio tshio a hue ing,neutral,sio tsu tshioh tshioh a hue ing,3
2444,./data/wav_gen/wav/002444_indextts_disgusted.wav,kiann tshut hau mng,disgusted,kia tshu hau mng,3
2445,./data/wav_gen/wav/002445_indextts_disgusted.wav,tsiau tshiu tsi phoo a ting bin e te tsi,disgusted,tsiau tshiu tsit phoo a ting bin e te tsi,1
2446,./data/wav_gen/wav/002446_indextts_angry.wav,liong iok tsap thong hun tsing,angry,liong iok tsap thong hun tsing,0
2447,./data/wav_gen/wav/002447_indextts_sad.wav,siok tsu tio tshe tioh bun tsing in tau hit tiau hang a,sad,siok tsu tioh tsheh tioh bun tsing in tau hit tiau hang a,2
2448,./data/wav_gen/wav/002448_indextts_neutral.wav,hit tiau hang a uan uan uat uat am sam am sam,neutral,hi si tiau hang a，uan uan uat uat am san an tsap,8
2449,./data/wav_gen/wav/002449_indextts_fearful.wav,nng pai tshu long bo tshiau kue sann tsan lau,fearful,nng pai tshu long bo tshiau kue sann tsan lau,0
2450,./data/wav_gen/wav/002450_indextts_happy.wav,tsap hun tsing lai ho se liu liu,happy,tsah hun tsing lai ho se liu liu,1
2451,./data/wav_gen/wav/002451_indextts_disgusted.wav,khuann e tshut lai tua tiam tsia e tsu hoo,disgusted,khuann e tshut lai tua tiam tsia e tsu hoo,0
2452,./data/wav_gen/wav/002452_indextts_fearful.wav,tiann tioh tiong ha kai tsan tsiam khah tua bin,fearful,tiann tioh tiong hak kai tsan tsiang khah tua bin,3
2453,./data/wav_gen/wav/002453_indextts_disgusted.wav,siok tsu kiann kau tsit tiau hang a e tiong tuann tng uat,disgusted,siok tsu kiann kau tsit tiau hang a e tiong tuann tng uat,0
2454,./data/wav_gen/wav/002454_indextts_surprised.wav,khuann tioh tsit ui e koo e koo thau mng sam sam e lau hu jin lang,surprised,khuah tioh tsit ui e koo e koo，thau mng sam sam e lau hu jin lang,3
2455,./data/wav_gen/wav/002455_indextts_happy.wav,ann io ti mng khau tiann leh khuan phainn tang ku siah kah phoo a tsua,happy,ah io ti mng khau tiann leh khuan phai tang ku sia kah phoo a tsuau,6
2456,./data/wav_gen/wav/002456_indextts_happy.wav,tsit bak nih,happy,tsih ban ni,3
2457,./data/wav_gen/wav/002457_indextts_happy.wav,khuann tioh bun tsing tui tshu li kiann tshut lai,happy,khua tioh bun tsing tui tshu li kiann tshut lai,2
2458,./data/wav_gen/wav/002458_indextts_surprised.wav,i sin khu ting e tse hok i king uann tiau,surprised,i sin khu ting e tse hok，i kin uah tiau,4
2459,./data/wav_gen/wav/002459_indextts_disgusted.wav,tiam tiam leh ka lau hu jin lang tau tsing li tsua phue,disgusted,tiam tiam leh ka lau hu lin lang tau tsing li tsuah phue,2
2460,./data/wav_gen/wav/002460_indextts_angry.wav,lai tsing tshiu kok sio tsiann le pai ah,angry,lai tsing tshiu kok sio tsia le pai ah，hngh,7
2461,./data/wav_gen/wav/002461_indextts_surprised.wav,siok tsu iah bo sann kuan si,surprised,siok tsu ia bo sa kuan si,3
2462,./data/wav_gen/wav/002462_indextts_neutral.wav,lak、bun tsiong si,neutral,lak bun tsiong si,1
2463,./data/wav_gen/wav/002463_indextts_surprised.wav,siok tsu khuann kah tua tshui khui hann hann,surprised,siok tsu khuann kah tua tshui khui hah hah,4
2464,./data/wav_gen/wav/002464_indextts_surprised.wav,sua loh bun tsing e a ma tshiann siok tsu jip khi tshu li tse,surprised,sah loh，bun tsing e am a tshia siok tshu tit khi tshu li tse,10
2465,./data/wav_gen/wav/002465_indextts_surprised.wav,kiann jip tshu lai,surprised,kiann li tshu lai,2
2466,./data/wav_gen/wav/002466_indextts_disgusted.wav,siok tsu khuann tioh lang kheh thiann kan tann nng tsiah ku au ku tshau e tsha i a,disgusted,siok tsu phuann tioh lang kheh thiann，kan ta nng tsiah ku au ku tshau e tsha i ah,5
2467,./data/wav_gen/wav/002467_indextts_angry.wav,tsit te si kak toh a phua sam phua sam,angry,tsit te si khak too ah，phuah sam phuah sam,6
2468,./data/wav_gen/wav/002468_indextts_neutral.wav,piah kak tsit thah tsit thah ku po tsua kah tsua phue,neutral,piann ka tsit tha tsit tha ku poo tsuah kah tsuah phue,8
2469,./data/wav_gen/wav/002469_indextts_surprised.wav,bun tsing khu ti hia leh tsing li,surprised,bun tsing khu ti hia leh tsing li,0
2470,./data/wav_gen/wav/002470_indextts_happy.wav,tsit e gin a,happy,tsit le gin a,1
2471,./data/wav_gen/wav/002471_indextts_neutral.wav,ah bue hiau thin te hoo lau su lim,neutral,ah bue hiau thin te e hoo lau su lim,2
2472,./data/wav_gen/wav/002472_indextts_disgusted.wav,a ma liah bun tsing khuann tsit e,disgusted,a ma liah bun tsing khuann tsit e,0
2473,./data/wav_gen/wav/002473_indextts_angry.wav,a ma bo iau kin lah,angry,a ma，bo iau kin lah,1
2474,./data/wav_gen/wav/002474_indextts_fearful.wav,tun tenn kui bio tsing tsiah tah tsin tsing,fearful,tun tenn kui bio tsin tsiah tah tsin tsin,2
2475,./data/wav_gen/wav/002475_indextts_fearful.wav,siunn be kau,fearful,siunn be kau,0
2476,./data/wav_gen/wav/002476_indextts_happy.wav,siok tsu ue tiau ti na au ti a,happy,tsiok tsu u e tiau ti na au tih ah,4
2477,./data/wav_gen/wav/002477_indextts_neutral.wav,siunn be kau gun tau tsiah ni san tsiah tioh bo,neutral,siunn be kau，gun tau tsiah ni san tsiah，tioh boo,3
2478,./data/wav_gen/wav/002478_indextts_surprised.wav,a ma na kong na bak khoo ang,surprised,a ma na kong na bah khoo ang,1
2479,./data/wav_gen/wav/002479_indextts_sad.wav,siok tsu khuann a ma an ne,sad,siok tsu khuann a ma an ne,0
2480,./data/wav_gen/wav/002480_indextts_surprised.wav,kiann ua kha tsiah phiann ka luah luah leh,surprised,kiann ua kha tsiah phiann ka luah luah leh,0
2481,./data/wav_gen/wav/002481_indextts_sad.wav,sua loh a ma ka siok tsu kong bun tsing e koo su,sad,sua loh，a ma ka siok tsu kong bun tsing e koo su,1
2482,./data/wav_gen/wav/002482_indextts_sad.wav,kong khi lai,sad,kong khi lai,0
2483,./data/wav_gen/wav/002483_indextts_happy.wav,a tsing tsit e gin a phainn mia lah,happy,a tsin tsit e gin a phai mia lah,3
2484,./data/wav_gen/wav/002484_indextts_disgusted.wav,tshut si hinn khang tio thiann bo,disgusted,tshut si hi khang tioh thiann bo,3
2485,./data/wav_gen/wav/002485_indextts_happy.wav,bun tsing tann thau kinn tioh siok tsu,happy,bun tsinn tah thau kih tioh siok tsu,5
2486,./data/wav_gen/wav/002486_indextts_happy.wav,sann hue e si,happy,sa hue e si,2
2487,./data/wav_gen/wav/002487_indextts_surprised.wav,lau bu tshia eh kue sin,surprised,lau bu tshia e kue sin,1
2488,./data/wav_gen/wav/002488_indextts_fearful.wav,lau pe ti leh pak poo tso tshoo kang,fearful,lau peh ti le，pat poo tsoo tssoo kang,6
2489,./data/wav_gen/wav/002489_indextts_disgusted.wav,ku ku a tng lai tsit tsua,disgusted,ku ku a tng lai tsit tsuann,2
2490,./data/wav_gen/wav/002490_indextts_disgusted.wav,pang gua tsit e lau e leh thua sai lian,disgusted,pang gua tsit e lau e le thua sai lian,1
2491,./data/wav_gen/wav/002491_indextts_happy.wav,gua u hue ah,happy,gua u hue ah,0
2492,./data/wav_gen/wav/002492_indextts_happy.wav,than bo tsiah,happy,than moo tsia,3
2493,./data/wav_gen/wav/002493_indextts_angry.wav,koo put ji tsiong phainn tang ku siah ji tsua bong khioh,angry,koo puh ji tsiong phai tang ku sia，ji tsua bong khioh,5
2494,./data/wav_gen/wav/002494_indextts_sad.wav,lai tshiann iong tsit e kho lian sun,sad,lai tshia iong tsit e kho lian sun,2
2495,./data/wav_gen/wav/002495_indextts_neutral.wav,tsit e khiap se sun,neutral,tsit e khiap se sun,0
2496,./data/wav_gen/wav/002496_indextts_surprised.wav,sui uat thau kiann jip tshu li,surprised,sui uat thau kiann li tshu li,2
2497,./data/wav_gen/wav/002497_indextts_happy.wav,tsu se han tio hoo tsing lang khuann bo bak te,happy,tsu se han tioh hoo tsin lang，huann bo pak te,5
2498,./data/wav_gen/wav/002498_indextts_neutral.wav,tshu pinn thau bue e gin a long bo puann e beh tsham i sio pang phuann,neutral,tshu pinn thau bue gin a long bo puann e beh tsham i sio pang phua,4
2499,./data/wav_gen/wav/002499_indextts_disgusted.wav,huan se a an ne,disgusted,huan se a an ne,0
2500,./data/wav_gen/wav/002500_indextts_angry.wav,tsiah e pian kah na lai na koo lau,angry,tsiah e pian kah na lai na koo lau,0
2501,./data/wav_gen/wav/002501_indextts_angry.wav,lau su ah,angry,lau su a,1
2502,./data/wav_gen/wav/002502_indextts_neutral.wav,tshiann li m ho kian kuai,neutral,tshiann li m ho kian kuai,0
2503,./data/wav_gen/wav/002503_indextts_angry.wav,tsit e gin a ti hak hau na u tik tsue e soo tsai,angry,tsin he kin a ti hak hau na u tik tsue e soo tsai,3
2504,./data/wav_gen/wav/002504_indextts_angry.wav,lau sin e tiam tsia ka li hue sit le,angry,lau sin e，tiam tsia ka li hue sit le,1
2505,./data/wav_gen/wav/002505_indextts_angry.wav,siok tsu kiann tshut bun tsing in tshu e si,angry,siok tsu kia tshut bun tsing in tshu e si,2
2506,./data/wav_gen/wav/002506_indextts_sad.wav,thinn sik i king am oo,sad,thinn sik，i king am oo,1
2507,./data/wav_gen/wav/002507_indextts_happy.wav,a tsing a li tsit e gin a si an tsuann,happy,a tsing a，li tsit e gin a si an tsuann,1
2508,./data/wav_gen/wav/002508_indextts_disgusted.wav,hoo tsa to tng tiam,disgusted,hoo tsa too tng tiam,1
2509,./data/wav_gen/wav/002509_indextts_happy.wav,kiann kau hak hau tshia penn beh khan oo too bai,happy,kiann kau hak hau，tshia pe be khiang goo too bai,7
2510,./data/wav_gen/wav/002510_indextts_happy.wav,huat kak hun ang hoo suann be ki tsah tng lai,happy,huat ka，hun ang hoo suann，me ki tsah tng lai,4
2511,./data/wav_gen/wav/002511_indextts_angry.wav,i huat tong oo too bai,angry,i huat tong，oo too bai,1
2512,./data/wav_gen/wav/002512_indextts_disgusted.wav,bo siann e bak sai un liau a lian loh lai,disgusted,bo siann e bak sai un liau a lian loh lai,0
2513,./data/wav_gen/wav/002513_indextts_neutral.wav,hit me beh khun e si,neutral,hi me be khun e si,2
2514,./data/wav_gen/wav/002514_indextts_surprised.wav,siok tsu am siunn keh tng jit khi,surprised,siok tsu am siu ke tng ki khi,5
2515,./data/wav_gen/wav/002515_indextts_fearful.wav,i tik khak ai iong koh khah tua e nai sim tui thai bun tsing,fearful,i tit khah ai iong koh kha tua e nai sin tui thai bun tsing,4
2516,./data/wav_gen/wav/002516_indextts_sad.wav,u iann tsit me kau thinn kng,sad,u iann tsit me kau thinn kng,0
2517,./data/wav_gen/wav/002517_indextts_happy.wav,liang liang liang,happy,liang liang liang,0
2518,./data/wav_gen/wav/002518_indextts_surprised.wav,a sang gua si bun tsing e lau su li si,surprised,a sang gua si bun tsing e lau su，li si,1
2519,./data/wav_gen/wav/002519_indextts_fearful.wav,luan tsing a tan sann siann,fearful,luan tsing a tan sann siann,0
2520,./data/wav_gen/wav/002520_indextts_angry.wav,siok tsu kin me jih tiau,angry,siok tsu kin be di tiau,3
2521,./data/wav_gen/wav/002521_indextts_disgusted.wav,i peh khi lai tshun un,disgusted,i peh khi lah tshion un,3
2522,./data/wav_gen/wav/002522_indextts_surprised.wav,tann thau khuann tioh poh poh e jit tshiu,surprised,tah thau khuann tioh poo poo e git tshiu,5
2523,./data/wav_gen/wav/002523_indextts_happy.wav,thau kue thang a un jiu nng jip lai,happy,thau kue thang a un liu tng li lai,4
2524,./data/wav_gen/wav/002524_indextts_disgusted.wav,si lau su ooh,disgusted,si lau su oo,1
2525,./data/wav_gen/wav/002525_indextts_fearful.wav,phainn se gua si i e a ma lah,fearful,phai se gua si i e a ma lah,2
2526,./data/wav_gen/wav/002526_indextts_fearful.wav,lau hu jin lang ka siok tsu tim thau kiann le,fearful,lau hu ling lang ka siok tsu tin thau kiann le,3
2527,./data/wav_gen/wav/002527_indextts_happy.wav,soo li,happy,soo li,0
2528,./data/wav_gen/wav/002528_indextts_angry.wav,sua loh lai khuann hua lian kuan bin a tsai peh ho e thinn khi,angry,sua loh lai khuann huann lian kuan，piu a tsai peh hoo e thinn khi,6
2529,./data/wav_gen/wav/002529_indextts_sad.wav,un too ji tsap lak tsi sann tsap it too loh hoo ki lut sann tsap%,sad,un too jit tsap lak tsi sann tsap it too，lo hoo ki lu sann tsap pha,8
2530,./data/wav_gen/wav/002530_indextts_happy.wav,lai pin peh pah tshit tsap lak ho tshiann lai tsap ji ho kui tai pan li,happy,lai ping peh pah tshit tsa lak ho tshia lai tsat ho，kui tai pan li,9
2531,./data/wav_gen/wav/002531_indextts_angry.wav,long tsong lak pah tshit tsap tshit khoo tsau li ji tsap sann khoo,angry,long tsong lak pah tshit tsap tshit khoo，tsau li ji tsap sa khoo,3
2532,./data/wav_gen/wav/002532_indextts_neutral.wav,kin a lit si goo gueh li goo pai sann,neutral,kin a li si goo ue ji goo，pai sann,5
2533,./data/wav_gen/wav/002533_indextts_fearful.wav,gua e hoo tsiau ho be si pat li khong sam khong sam tshit kiu pat,fearful,gua e hoo tsiau ho be si，pat li khong sam khong san tshit kiu pat,2
2534,./data/wav_gen/wav/002534_indextts_surprised.wav,gun tau e tian ue ho be si khong ngoo su liok su kiu kiu liok ngoo,surprised,gun tau e tian ue ho be si，khong ngoo suh liok tsu kiu kiu liok ngoo,3
2535,./data/wav_gen/wav/002535_indextts_fearful.wav,i ti li khong khong khong ni tshut si,fearful,i ti lit khong khong khong ni tshut si,1
2536,./data/wav_gen/wav/002536_indextts_fearful.wav,tshiann pang gua tsuan hun ki liok li liok it,fearful,tshiann pang ua tsuan hun ki，liok li liok it,2
2537,./data/wav_gen/wav/002537_indextts_disgusted.wav,sing uah tui ue,disgusted,sing gua tui ue,2
2538,./data/wav_gen/wav/002538_indextts_happy.wav,put si tua piann sau tshu lai tsin tshing khi,happy,puht si tua piah sau，tshu lai tsin tshing khi,4
2539,./data/wav_gen/wav/002539_indextts_disgusted.wav,hann9 li kong siann,disgusted,hah li kong sia,5
2540,./data/wav_gen/wav/002540_indextts_surprised.wav,he khong khi tshing tsing ki li a sio uann tsit e to ho ah lah,surprised,he khang khi tshin tsin ki li a siu uah tsit e，tok hua a lah,11
2541,./data/wav_gen/wav/002541_indextts_sad.wav,honnh he bo kang lah lang kong tshing tshu tsiah e hu neh,sad,honnh，he bo kang lah，lang kong tshin tshu tsiah e hu neh,3
2542,./data/wav_gen/wav/002542_indextts_happy.wav,gua khuann lan kheh thiann si ke ing ia,happy,gua khuann lan kheh thiann si ke inn a,2
2543,./data/wav_gen/wav/002543_indextts_disgusted.wav,gua e poo tshit tian si tu thau tsing thoo hun gua kau li tsai bo,disgusted,gua e poo tshit tian si tu thau tsing，thoo hun ua kau li tsai bo,2
2544,./data/wav_gen/wav/002544_indextts_angry.wav,li si ka tsia long tong tso thiann thau tsit ni tshing thun tsiah piann tsit kai sioh,angry,li si ka tsia long tong tso thiann thau，tsi ni tshin thun tsiah piann tsit kai siooh,4
2545,./data/wav_gen/wav/002545_indextts_disgusted.wav,eh li na e tsai gua kam kak an ne tsin ho ah,disgusted,eh，li na e tsai gua kang ka an ne tsin ho ah,4
2546,./data/wav_gen/wav/002546_indextts_happy.wav,ping siong si mai khi kiau liau tioh ki tha pang kheh,happy,ping siong si mai khi kiau liau tioh ki that pang kheh,1
2547,./data/wav_gen/wav/002547_indextts_angry.wav,li m tsai he ti tu ah hoo sin hoo sian thang a ah,angry,li m tsai he ti tuh ah，hoo sin ho sian thang a,6
2548,./data/wav_gen/wav/002548_indextts_happy.wav,long gua tshi lai tau liah bang thang e,happy,long gua tshi lai tau liah bang thang e,0
2549,./data/wav_gen/wav/002549_indextts_surprised.wav,tso ka bu e tui ue,surprised,tsoo ka bu e tui ue,1
2550,./data/wav_gen/wav/002550_indextts_fearful.wav,kau hia ma e the lan puann tsit kua iu sap a,fearful,kau hiah ma e the lan puann tsit kua iu sap a,1
2551,./data/wav_gen/wav/002551_indextts_neutral.wav,eh gua kam kak li tsue kin tiann tiann lau phinn phah kha tshiunn,neutral,eh，gua kang ka li tsue kin tiah tiah lau phinn phah kha tshiunn,8
2552,./data/wav_gen/wav/002552_indextts_neutral.wav,kam si tshu lai siunn lap sap a tsa ah,neutral,kan si tshu lai siunn lak sa a tsa,6
2553,./data/wav_gen/wav/002553_indextts_neutral.wav,gua kin a lit si ke sun sun huat kian lan thian pong piah kak long u ti tu si neh,neutral,gua kin a li si ke sun sun，huat kian lan thian pong piah ka long u ti tu si neh,3
2554,./data/wav_gen/wav/002554_indextts_fearful.wav,ji tshiann lan tsu kiat hun liau kan na long bo se kue kha tian koh u mng ni,fearful,li tshia，lan tsu ki hun liau kan na long bo se kue kha tian，koo u mng ni,8
2555,./data/wav_gen/wav/002555_indextts_surprised.wav,lan u ing kam beh lai piann sau tsit e,surprised,lang u ing kam beh lai piah sau tsit e,3
2556,./data/wav_gen/wav/002556_indextts_surprised.wav,hannh ke bo thiann—e,surprised,hah，ke boo thiann e,5
2557,./data/wav_gen/wav/002557_indextts_disgusted.wav,an ne gua lai be tsit tai sau thoo kha e ki khi lang,disgusted,an ne gua lai be tsit tai sau thoo kha e e ki khi lang,2
2558,./data/wav_gen/wav/002558_indextts_happy.wav,bun tsiunn it,happy,si tong u jin,10
2559,./data/wav_gen/wav/002559_indextts_fearful.wav,tshoo hui kah iu hui,fearful,tshoo hui kah iu hui,0
2560,./data/wav_gen/wav/002560_indextts_surprised.wav,lan to ka kio tso iu hui,surprised,lan too ka kio tsoo iu hui,2
2561,./data/wav_gen/wav/002561_indextts_fearful.wav,it puann hua gu na si tshing hoo tso 陶瓷,fearful,i puann hua gu na si tshin hoo tso，tau tsi,9
2562,./data/wav_gen/wav/002562_indextts_disgusted.wav,lan to tit tsiap ka kio tso hui a tio ho,disgusted,lan tioh ti tsiah ka kio tso hui a tioh ho,5
2563,./data/wav_gen/wav/002563_indextts_angry.wav,m ko,angry,m koo,1
2564,./data/wav_gen/wav/002564_indextts_happy.wav,tshoo hui kah iu hui beh an tsuann lai khu piat,happy,tshoo hui khah iu hui，be an tsuann lai khu piat,3
2565,./data/wav_gen/wav/002565_indextts_surprised.wav,lan tsi iau kan tan pa ak hong hue tsui thoo si li,surprised,lan tsi au，kan tan pah a khong hueh，tsui thoo si li,7
2566,./data/wav_gen/wav/002566_indextts_surprised.wav,tio e sai khin khin sang sang u kua kai liam oo9,surprised,tioh e sai khin khin sang sang，u kua kai liam oo,3
2567,./data/wav_gen/wav/002567_indextts_sad.wav,sing lai khuann thoo e tsha piat,sad,sing lai khuann tho e tsha piat,1
2568,./data/wav_gen/wav/002568_indextts_sad.wav,na beh sio tshut iu hui,sad,na be sio tsu iu hui,3
2569,./data/wav_gen/wav/002569_indextts_angry.wav,it ting toh ai iong ko nia thoo,angry,it ting to ai iong ko nia thoo,1
2570,./data/wav_gen/wav/002570_indextts_sad.wav,tsok tsia lim tshong bing,sad,tsok tsia，lim tshong bin,2
2571,./data/wav_gen/wav/002571_indextts_happy.wav,in ui ko nia thoo lai te tsha put to bo thih a ting ting e tsap tsit,happy,in ui konnia thoo lai te tsha put to bo T a ting ting e tsap tsit,5
2572,./data/wav_gen/wav/002572_indextts_happy.wav,soo i na si uan tsuan bo kap iu,happy,soo i na si uan tsuan bo kah iu,1
2573,./data/wav_gen/wav/002573_indextts_angry.wav,sio tshut lai e iu hui e tsin ua kin peh sik,angry,siann tshut a iu hui e tsin ua kin peh sik,7
2574,./data/wav_gen/wav/002574_indextts_fearful.wav,ti koo tsa e se iunn se kai,fearful,ti koo tsai se iunn se kai,2
2575,./data/wav_gen/wav/002575_indextts_sad.wav,in bo huat too sio tshut tsit tsiong iu hui,sad,in bo huat too sio tshut tsit tsiong iu hui,0
2576,./data/wav_gen/wav/002576_indextts_fearful.wav,long e ka i kio tsue peh kim,fearful,long e ka i kio tsue peh kin,1
2577,./data/wav_gen/wav/002577_indextts_angry.wav,na si it puann tshoo hui e thoo tsit,angry,na si it puann tshoo hui e thoo tsit,0
2578,./data/wav_gen/wav/002578_indextts_sad.wav,na bo kap iu,sad,na bo ka piu,2
2579,./data/wav_gen/wav/002579_indextts_surprised.wav,sio tshut lai tio be si peh sik e,surprised,sio tshut lai，tioh be si peh sik e,2
2580,./data/wav_gen/wav/002580_indextts_happy.wav,koh lai si tsui e kai liam,happy,kok lai si tsui e kai liam,1
2581,./data/wav_gen/wav/002581_indextts_happy.wav,lan sing uah tang tiong u tsiok tse hui a e tse phin,happy,lan sin uah tang tiong u tsiok tse hui a e tse phin,1
2582,./data/wav_gen/wav/002582_indextts_fearful.wav,tiau kiann si ai sio ho kiam bo kap iu e hui a,fearful,tiau kiann si ai sio ho kiang，bo kak iu e hui a,4
2583,./data/wav_gen/wav/002583_indextts_happy.wav,lan na si ka iu hui te tsui,happy,lan na si ka iu hui te tsui,0
2584,./data/wav_gen/wav/002584_indextts_happy.wav,i si be siap tsui tshut lai e,happy,i si beh siah tsui tshut lai,4
2585,./data/wav_gen/wav/002585_indextts_disgusted.wav,siong tui na si tshoo hui theh lai te tsui,disgusted,siong tui na si thoo hui theh lai te tsui,1
2586,./data/wav_gen/wav/002586_indextts_disgusted.wav,i tio e ban ban a ban ban a siap tsui tshut lai,disgusted,i tioh e ban ban a，ban ban a siak tsui tshut lai,3
2587,./data/wav_gen/wav/002587_indextts_disgusted.wav,li tshiann iu hui e khip tsui lut tsuat tui ai ke kue sann pha i ha tsiah e sai,disgusted,ni tshia，iu hui e khi tsui lu tsua tui ai ke kue sann pha i ha，tsia e saih,10
2588,./data/wav_gen/wav/002588_indextts_disgusted.wav,iah e ki tit nng tang tsing,disgusted,ia e ki tit tng tang tsing,2
2589,./data/wav_gen/wav/002589_indextts_disgusted.wav,thiann tit tioh phau ka pi se kai kuan kun e tai uan suan tshiu kong,disgusted,khiann tit tioh phau ka pi se kai kuan kun e tai uan suan tshiu kong,1
2590,./data/wav_gen/wav/002590_indextts_disgusted.wav,i tioh tsiong e ki tiong tsit e tiong iau in soo,disgusted,i tioh tsiong e ki tiong tsit e tiong iau in soo,0
2591,./data/wav_gen/wav/002591_indextts_happy.wav,tio si ti ing ko be e ka pi pue a,happy,tioh si ti ing ko be e ka pi pue a,1
2592,./data/wav_gen/wav/002592_indextts_happy.wav,m ko he tau te si siann mih khuan tsai tsit leh,happy,m koo he tau te si siann mih khuan tsai tsit e,3
2593,./data/wav_gen/wav/002593_indextts_happy.wav,i tiau kang king suan khip tsui lut tsok ke e iu hui pue a,happy,i tiau kang kin suan khi tsui luh，tsuok ke e iu hui pue a,5
2594,./data/wav_gen/wav/002594_indextts_angry.wav,hoo phau tshut lai e ka pi,angry,hoo phau tshut lai e copy,4
2595,./data/wav_gen/wav/002595_indextts_disgusted.wav,lai te e hue phang kah kue tsi phang khi,disgusted,lai te e hue phang，kah kue tsih phang ki,3
2596,./data/wav_gen/wav/002596_indextts_angry.wav,uan tsuan be hoo pue a ing hiong lai khip siu khi,angry,uan tsuan be hoo pue a in hing lai khi siu khi,3
2597,./data/wav_gen/wav/002597_indextts_neutral.wav,phing sim e tang phinn tioh tsap tsiok e phang khi,neutral,phing sin e tang phinn tioh tsap tsioo e phang khi,2
2598,./data/wav_gen/wav/002598_indextts_surprised.wav,hoo i e ka pi tsok phin,surprised,hoo i e copy tsok phin,4
2599,./data/wav_gen/wav/002599_indextts_fearful.wav,e sai uan tsuan tian hian tshut guan lai e khi bi,fearful,e sai uan tsuan tin hian tshu kuan lai e khi bi,3
2600,./data/wav_gen/wav/002600_indextts_neutral.wav,m tsiah u ki hue lai tioh tsiong,neutral,m tsiah u ki hue lai tioh tsiong,0
2601,./data/wav_gen/wav/002601_indextts_surprised.wav,sua loh si hue e in soo,surprised,sua looh si hue e in soo,1
2602,./data/wav_gen/wav/002602_indextts_sad.wav,hue soo tai piau e si un too kah thang kng sing,sad,hue soo tai piau e si，un too kah thang kng sing,1
2603,./data/wav_gen/wav/002603_indextts_happy.wav,tsiok tse lang sa bo tsang,happy,tsiok tse lang sa boo tsang,1
2604,./data/wav_gen/wav/002604_indextts_surprised.wav,tai sing si un too ai sio kah tsha put to tsit tshing nng pah sann tsap kau tsit tshing nng pah peh tsap too tso iu e kuan un i siong,surprised,tai sing si un too ai sio kah tsha put to tsit tshing nng pah sann tsap kau tsit tshing nng pah piat tsap too tsoo iu e kuan gun i siong,5
2605,./data/wav_gen/wav/002605_indextts_fearful.wav,i tsiah e lai tsiann tso iu hui e tiau kiann tsi it,fearful,i tsiah e lai tsia tso iu hui e tiau kiann tsit it,3
2606,./data/wav_gen/wav/002606_indextts_fearful.wav,na si it puann tshoo hui e thoo tsit,fearful,na si it puann tshoo hui e thoo tsit,0
2607,./data/wav_gen/wav/002607_indextts_neutral.wav,nge beh sio kah tsit tsiong kuan un,neutral,nge be sio kah tsit tsiong kuan gun,2
2608,./data/wav_gen/wav/002608_indextts_angry.wav,na m si sio kah phua phua khi,angry,na m si sio kah phua phua khi,0
2609,./data/wav_gen/wav/002609_indextts_angry.wav,bo tio si tsok phin e lai khu kha khi,angry,bo，tioh si tsok phin e lai khu kha khi,2
2610,./data/wav_gen/wav/002610_indextts_happy.wav,koh lai si hue soo tai piau e thang kng sing,happy,koo lai si hue soo tai piau e thang kng si,3
2611,./data/wav_gen/wav/002611_indextts_disgusted.wav,tshoo hui ka theh lai tsio kng si tsuat tui be thang kng,disgusted,tshoo hui ka theh lai tsioh kng si tsuat tui be thang kng,1
2612,./data/wav_gen/wav/002612_indextts_neutral.wav,na si uan tsuan bo kap iu e iu hui ka theh lai tsio kng,neutral,na si uan tsuan boo kap iu e iu hui ka theh lai tsioo kng,2
2613,./data/wav_gen/wav/002613_indextts_neutral.wav,i tio e sio khua thang kng,neutral,i tiohh e sio khua thang kng,2
2614,./data/wav_gen/wav/002614_indextts_disgusted.wav,koh khah mai kong beh an tsuann lai khu piat ooh,disgusted,koh khah mai kong beh an tsuann lai khu peh looh,4
2615,./data/wav_gen/wav/002615_indextts_sad.wav,tsue au si hong e tsok iong,sad,tsue au si hong e tsok iong,0
2616,./data/wav_gen/wav/002616_indextts_surprised.wav,tse si in ui hong u huat too thuan sang siann im,surprised,tse si in ui hong u huat too thuan sang siann in,1
2617,./data/wav_gen/wav/002617_indextts_happy.wav,na si iu hui iong tshiu ka tiak khuann mai a,happy,na si iu hui iong tshiu ka tiak khoau mai a,3
2618,./data/wav_gen/wav/002618_indextts_happy.wav,i e siann im e pi tiak tshoo hui e siann im koh khah tshe tsit kua,happy,i e siann im，e pi tiak tshoo hu e siann im koh khah tsheh tsit kua,3
2619,./data/wav_gen/wav/002619_indextts_happy.wav,siong tui tshoo hui e siann im e khah tun,happy,siong tui tshoo hui e sia in e khah tun,3
2620,./data/wav_gen/wav/002620_indextts_sad.wav,m tsai an ni sinn tshoo hui kah iu hui e kan tan khu piat,sad,m tsai an ni si，tshoo hui kah iu hui e kan tan khu piat,3
2621,./data/wav_gen/wav/002621_indextts_neutral.wav,si m si tsin sim sik,neutral,si m si tsin sim sik,0
2622,./data/wav_gen/wav/002622_indextts_neutral.wav,ban it na si tu tioh u lang kok pih tiau kang beh sit giam,neutral,ban it na si tu tioh u lang copy tiau kang be si giam,7
2623,./data/wav_gen/wav/002623_indextts_angry.wav,iong ko nia thoo kah tshoo hui a thoo lam lam tso hue khi sio,angry,iong ko nia thoo kah tshoo hui a thoo lam lam，tsoh hue khi sio,2
2624,./data/wav_gen/wav/002624_indextts_happy.wav,koh sio tshut ua beh tsit tshing nng pah too tso iu kuan un e tsok phin,happy,koh sio tshu a be tsit tshin，nng pah too tsoo iu kuan，un e tsok phinn,8
2625,./data/wav_gen/wav/002625_indextts_angry.wav,tai sing hua gu kong e 陶,angry,tai sing hua ku kong e tau si,7
2626,./data/wav_gen/wav/002626_indextts_angry.wav,tio m tsai iann beh an tsuann tshing hoo,angry,tiong m tsai a beh am tsuann tshing hoo,6
2627,./data/wav_gen/wav/002627_indextts_disgusted.wav,si tshoo hui iah si iu hui,disgusted,si tshoo hui ah si iu hui,1
2628,./data/wav_gen/wav/002628_indextts_neutral.wav,bo iau kin lan to tit tsiap kio i hui a tio ho,neutral,bo iau kin lan too tit tsiap kio i，hui a tioh ho,3
2629,./data/wav_gen/wav/002629_indextts_sad.wav,lan to ka kio tso tshoo hui,sad,lan to ka kio tso tshoo hui,0
2630,./data/wav_gen/wav/002630_indextts_disgusted.wav,na si hua gu kong e 瓷,disgusted,na si hua ku kong e tsi,4
2631,./data/wav_gen/wav/002631_indextts_surprised.wav,bun tsiunn li,surprised,bun tsiunn li,0
2632,./data/wav_gen/wav/002632_indextts_sad.wav,tiong kok beh hoo lan kok bin thai gu liok ui hue bo pian poo,sad,tiong kok beh hoo lan kok bin thai gu liok ui hue bo pian poo,0
2633,./data/wav_gen/wav/002633_indextts_disgusted.wav,ng bang tiong kok ti tui kiu sit lik the sing e si,disgusted,m bang tiong kok ti tui kiu si lik the sing e si,3
2634,./data/wav_gen/wav/002634_indextts_happy.wav,ma ai iong sin li loo lai khuann thai liong huann kuan he,happy,ma ai iong sin li loo lai khuann thai liong huann kuan he,0
2635,./data/wav_gen/wav/002635_indextts_surprised.wav,tiong kiong tsap kau tai ui tsa khi kau tiam khai si,surprised,tiong kiong tsak kau tai ui tsa khi kau tiam khai si,1
2636,./data/wav_gen/wav/002636_indextts_disgusted.wav,習近平 ti kang tsok po ko lai te,disgusted,tsing ping ti kang tsok po ko lai te,10
2637,./data/wav_gen/wav/002637_indextts_happy.wav,u si pai kong tioh kiu li kiong sik,happy,u si bai kong tioh kiu li kiong sip,2
2638,./data/wav_gen/wav/002638_indextts_fearful.wav,piau si tsit e tiong kok guan tsik si liong huann kuan he e tsing ti kin te,fearful,piau si tsit e tiong koo guan tsip sit liong hua kuan he e tsin ti kin te,6
2639,./data/wav_gen/wav/002639_indextts_happy.wav,sing lin kiu ji kiong sik lin tong liong huann kang siok tsit e tiong kok,happy,sin lin kiu li kiong sit，lin tong liong hua u kang siok tsit e tiong kok,6
2640,./data/wav_gen/wav/002640_indextts_angry.wav,siang hong e tui ue tio thang khi kiann,angry,siang hong e tui ue tioh thang khinn kiann,3
2641,./data/wav_gen/wav/002641_indextts_angry.wav,tai uan lim ho tsing tong kah thuan the beh ham tiong kok lai khi ma be u tsoo gai,angry,tai uan lim ho tsing tong kah thuan the beh ham tiong kong lai khi ma be u tsoo kai,3
2642,./data/wav_gen/wav/002642_indextts_sad.wav,tat tit tsu i e si,sad,tak ti tsu i e si,2
2643,./data/wav_gen/wav/002643_indextts_sad.wav,tsok tsia lua tsiau lam,sad,soo tsia lua tsiau lam,2
2644,./data/wav_gen/wav/002644_indextts_surprised.wav,習近平 koh kong,surprised,kha lin pin thing koh kong,17
2645,./data/wav_gen/wav/002645_indextts_fearful.wav,beh tsiau 兩岸一家親 e li liam,fearful,be tsiau e an i tsia e li liam,12
2646,./data/wav_gen/wav/002646_indextts_fearful.wav,tauh tauh a hoo tai uan tong pau ti tai liok hak sip tshong giap sing uah,fearful,tau tau a hoo tai uan tong pau ti tai liok hak si，tshong giah sin uah,6
2647,./data/wav_gen/wav/002647_indextts_happy.wav,the kiong kah tai liok tong pau kang khuan e thai gu,happy,the kiong kah tai lioh tong pau kang huan e thai bu,3
2648,./data/wav_gen/wav/002648_indextts_disgusted.wav,u hun sik in sut bing thuan tai hak liong huann gian kiu tiong sim tsu lim kiam kau siu iunn khai hong e kai suat,disgusted,u hun sik in suh bin thuan tai hak，liong hua gian kiu tiong sin tsu lin kian kau siu，iunn khai hong e kai suat,9
2649,./data/wav_gen/wav/002649_indextts_neutral.wav,tiong kiong tsit kui tang ka liong huann kau liu e tiong tiam ui tai uan sua kau tiong kok,neutral,tiong kiong tsit kui tang ka liong huann kau liu e tiong tiam ui tai uan sua kau tiong kok,0
2650,./data/wav_gen/wav/002650_indextts_disgusted.wav,beh siann tai uan e siau lian lang kau tiong kok tshong giap un thau loo,disgusted,beh siann tai uan e siau lian lang kau tiong koo tshong giap，un thau loo,2
2651,./data/wav_gen/wav/002651_indextts_happy.wav,bi lai tai pau tsing e ho be,happy,bi lai tai pau tsing e ho be,0
2652,./data/wav_gen/wav/002652_indextts_fearful.wav,phah sng beh kai kah kah tiong kok kong bin kang khuan,fearful,phah sng be kai kah kah tiong kok kong bin kak huan,4
2653,./data/wav_gen/wav/002653_indextts_fearful.wav,hoo tai uan lang ti tiong kok be ko thih phio thang kah tiong kok lang kang khuan,fearful,hoo tai uan lang ti tiong koo be ko thi phio thang kah tiong kok lang kang khuan,2
2654,./data/wav_gen/wav/002654_indextts_disgusted.wav,tiong kok kiong san tong te tsap kau tshu tsuan kok tai piau tai hue tsap gueh tsap peh khai boo,disgusted,tiong kok kiong san tong te tsa kau tshu，tsuan kok tai piau tai hue tsa pueh tsa peh khai boo,5
2655,./data/wav_gen/wav/002655_indextts_happy.wav,bian pai tui tit tsiap lu kha lip tsam ka thiam li pian sing,happy,bian pai tui，ti tsiah lu kha li tsam kah thiam li pian sing,5
2656,./data/wav_gen/wav/002656_indextts_sad.wav,iunn khai hong lin ui,sad,iunn khai hong lin ui,0
2657,./data/wav_gen/wav/002657_indextts_sad.wav,tse huan se piau si tiong kiong tui ka ti e huat tian tsin u sin sim,sad,tse huan se，piau si tiong kiong tui ka ti e hua tian tsin u sin sim,2
2658,./data/wav_gen/wav/002658_indextts_sad.wav,tsun si tai uan lang lai kau tiong kok sia hue,sad,tsun si tai uan lang lai kau tiong kok sia hue,0
2659,./data/wav_gen/wav/002659_indextts_neutral.wav,tio e tang ka liong huann e kha poo giu khah ua leh,neutral,tioh e tang ka liong huann e kha poo giu khah ua leh,1
2660,./data/wav_gen/wav/002660_indextts_happy.wav,liok ui hue e siann bing tsi tshut,happy,liok ui hue sia min tsi tshut,6
2661,./data/wav_gen/wav/002661_indextts_sad.wav,tiong kiong tsap kau tai po ko tui tai tsing tshik uan na bo pian poo,sad,tiong kiong tsak kau tai po ko，tui tai tsing tshit uan a bo pian poo,4
2662,./data/wav_gen/wav/002662_indextts_angry.wav,koh thiau kang kik tshut the hong nua tsah e thai too,angry,koh thiau kang ki tshut the hong nua tsah e thai too,1
2663,./data/wav_gen/wav/002663_indextts_disgusted.wav,liok ui hue hoo iok tui huann tsin bak khuann tiong tsit e su sit,disgusted,liok ui hue hoo io tui huann tsin bak khuann tiong tsit e su sit,1
2664,./data/wav_gen/wav/002664_indextts_fearful.wav,koo tsit ping nge beh tsiann e it tiong guan tsik kah tsit kok nng tse,fearful,koo tsit ping，ge be tsiann e it tiong guan tsit ka tsit koo lng tse,7
2665,./data/wav_gen/wav/002665_indextts_surprised.wav,tiong kiong tsong su ki 習近平 leh po ko e si,surprised,tiong kiong tsong su ki tsiong put tsin pin le po ko e si,20
2666,./data/wav_gen/wav/002666_indextts_fearful.wav,tsin oh hann kue bin sim e tshim kau,fearful,tsin oh ha kue bin sin me e tshim kau,5
2667,./data/wav_gen/wav/002667_indextts_neutral.wav,liok ui hue kiong tiau,neutral,liok ui hue kiong tiau,0
2668,./data/wav_gen/wav/002668_indextts_fearful.wav,tshua tsing hu u tsam tsat bo jia khang,fearful,tshua tsin hu u tsam tsat，bo tsiah khang,5
2669,./data/wav_gen/wav/002669_indextts_disgusted.wav,ui tshi hian hong tsun tiong it kiu kiu ji ni liong hue hue tam lik su su sit e lip tiunn bo pian,disgusted,ui tshi sin han hong，tsun tiong it kiu kiu ji ni，liong hue hue tan lik su su si e li tiunn bo pian,9
2670,./data/wav_gen/wav/002670_indextts_disgusted.wav,m koh tiong hua bin kok si tsu kuan kok ka,disgusted,m koh tiong huann bin koo si tsu kuan kok ka,3
2671,./data/wav_gen/wav/002671_indextts_disgusted.wav,tai uan e bi lai kap liong huann kuan he si nng tshing sann pah ban lang e kiong tong suan tik,disgusted,tai uan e bi lai kah biong hua kuan he si nng tshing sa pah ban lang e kiong tong tsuan tik,7
2672,./data/wav_gen/wav/002672_indextts_neutral.wav,liong huann ai tso hue tshiau tshue sio kau tshap e sin loo,neutral,liong hua ai tso hue tshiau tshue sio kau tshap e sin loo,2
2673,./data/wav_gen/wav/002673_indextts_angry.wav,tsiam tui tiong kiong tsap kau tai e po ko,angry,tsiam tui tiong kiong tsap kau tai e poo koh,2
2674,./data/wav_gen/wav/002674_indextts_fearful.wav,si tai lik liong piau si,fearful,si tai lin liong piau si,1
2675,./data/wav_gen/wav/002675_indextts_neutral.wav,tsi tshi tshua tsong thong tsun tiong kiu ji hue tam lik su su sit e tsing tshik te tiau,neutral,tsi tshi tshua tsong thong，tsun tiong kiu li hue tam lik su su sit e tsing tshik te tiau,2
2676,./data/wav_gen/wav/002676_indextts_fearful.wav,tu liau koh kiong tiau kian kuat huan tui ping ap tse tai tok se lik,fearful,tu liau koh kiong tiau，kian kuah khuan tui pin ap tse tai too se lik,5
2677,./data/wav_gen/wav/002677_indextts_happy.wav,ma hoo iok tiong kiong ti tsit e tiong kok tsit e tai uan e ki tshoo siong,happy,ma hoo ioh tiong kiong ti tsit e tiok kok，tsi e tai uan e ki tshoo siong,5
2678,./data/wav_gen/wav/002678_indextts_disgusted.wav,kap tai uan tsing hu tui ue khi tso liong huann tsing siong liong sing e kau tshap kuan he,disgusted,kah tai uan tsing hu tui ue，khi tsoo liong hua tsin siong liong sing e kau tshap kuan he,6
2679,./data/wav_gen/wav/002679_indextts_happy.wav,ling gua tsit hong bin,happy,lin gua tsit hong bin,1
2680,./data/wav_gen/wav/002680_indextts_disgusted.wav,kok bin tong tsu sik ngoo tun gi kong,disgusted,kok bin tong tsu sik ngoo tun gi kong,0
2681,./data/wav_gen/wav/002681_indextts_surprised.wav,ai u it tiong kok piau e kiu ji kiong sik,surprised,ai u it tiong kok piau e kiu i kiong sik,1
2682,./data/wav_gen/wav/002682_indextts_sad.wav,tsiah thang po tsing tiong hua bin kok e tsu kuan kah tsun giam,sad,sia thang po tsing，tiong hua bin kok e tsu kuan kap tsun giam,4
2683,./data/wav_gen/wav/002683_indextts_sad.wav,ma kong tioh tui tai khang khue e tiong tiam,sad,ma kong tioh tui tai khang khue e tiong tiam,0
2684,./data/wav_gen/wav/002684_indextts_angry.wav,the kiong tai uan lang ti tiong kok e kok bin thai gu,angry,thai kiong tai uan lang ti tiong kok，eh kok bin thai u,5
2685,./data/wav_gen/wav/002685_indextts_fearful.wav,hing tsing inn tai liok ui guan hue lin ui,fearful,hing tsin i tai lioh ui uan hue lin ui,5
2686,./data/wav_gen/wav/002686_indextts_fearful.wav,tiong kok tui tai tsing tshik bo pian poo tsin phah sng,fearful,tiong koo tui tai tsin tshio boo pian poo tsin phah sng,4
2687,./data/wav_gen/wav/002687_indextts_surprised.wav,goo、bun tsiong sam,surprised,goo peh bun tsiong sam,5
2688,./data/wav_gen/wav/002688_indextts_fearful.wav,jiau sia e ge sut,fearful,liau sia e ke sut,2
2689,./data/wav_gen/wav/002689_indextts_fearful.wav,lian kah u tsit kang tat kau hit e tsi kuan e king kai,fearful,lian kah u tsit kang tak kau hit e tsi kuan e kin kak,3
2690,./data/wav_gen/wav/002690_indextts_fearful.wav,kio tsue ge sut,fearful,kioh tsue ke sut,2
2691,./data/wav_gen/wav/002691_indextts_disgusted.wav,na si e tang sng tshut guan liong kui pian,disgusted,na si e tang sng tshu uan liong kui pian,2
2692,./data/wav_gen/wav/002692_indextts_sad.wav,an ne tio si iah bue guan liong,sad,an ne tioh si iah bue uan liong,2
2693,./data/wav_gen/wav/002693_indextts_neutral.wav,ia soo kong e tshit tsap e tshit pian,neutral,ia soo kong e tshit tsap be tshit pian,1
2694,./data/wav_gen/wav/002694_indextts_fearful.wav,tio si tshin tshiunn lan kong e tshit tshit si tsap kau pian,fearful,tioh si tshin tshiunn lan kong e tshit tshit si tsap kau pian,1
2695,./data/wav_gen/wav/002695_indextts_neutral.wav,tio si m tsai iann kui pian,neutral,tioh si m tsai iann kui pian,1
2696,./data/wav_gen/wav/002696_indextts_fearful.wav,it tit kau uan tsuan bo teh ti i,fearful,i ti kau guan tsuan bo teh ti,5
2697,./data/wav_gen/wav/002697_indextts_sad.wav,bo koh khioh hun,sad,bo koh khioh hun,0
2698,./data/wav_gen/wav/002698_indextts_surprised.wav,m koh lan thak bi kok jin bun tsu gi tai su pang liong e khuan iong,surprised,m koh lan thah pi koo din bun tsu gi，tai su pang liong e khuan iong,5
2699,./data/wav_gen/wav/002699_indextts_neutral.wav,tsok tsia li khin huann,neutral,soo tsiah，li khin huann,4
2700,./data/wav_gen/wav/002700_indextts_surprised.wav,thak liau tit tioh kah tsok tsia kang khuan e kiat lun,surprised,thak liau ti tioh kah tsuat tsiah kang khuan e kiat lun,5
2701,./data/wav_gen/wav/002701_indextts_happy.wav,jin lui e lik su tio si tsit pho put khuan iong su,happy,lin lui e lit su，tioh si tsit phoo put khuan iong su,5
2702,./data/wav_gen/wav/002702_indextts_neutral.wav,jin lui put tuan tiong hok sim kuann kheh eh,neutral,jin lui put tuan tiong hok sin kuann kheh e,2
2703,./data/wav_gen/wav/002703_indextts_sad.wav,bo huat too tsiap lap kah ka ki bo kang khuan siunn huat e tsok ui,sad,bo huat too tsiah lap，kah ka ki bo kang khuan siunn huat e tsoo ui,3
2704,./data/wav_gen/wav/002704_indextts_disgusted.wav,na si kah gua bo sio kang,disgusted,na si kau gua bo sio kang,1
2705,./data/wav_gen/wav/002705_indextts_disgusted.wav,tio si li si gua uah,disgusted,tioh si li si ua ua,3
2706,./data/wav_gen/wav/002706_indextts_neutral.wav,tse pau kuat tse tse soo ui ia soo tai gian jin e jin lui,neutral,tse pau kuah tse tse soo ui iah soo tai gian jin e jin lui,2
2707,./data/wav_gen/wav/002707_indextts_sad.wav,jin lui kau tann e lik su,sad,jin lui kau tann e e lik su,2
2708,./data/wav_gen/wav/002708_indextts_surprised.wav,tshit tsap e tshit pian long si bo jiau sia bo khuan iong bo guan liong,surprised,tshit tsap e tshit pian long si bo jiau siah，bo khuan iong bo guan liong,2
2709,./data/wav_gen/wav/002709_indextts_disgusted.wav,jin lui ko jian si kau tse thian pian e,disgusted,lin lui ko lian si kau tse thian pian e,2
2710,./data/wav_gen/wav/002710_indextts_surprised.wav,pi tik mng ia soo kong,surprised,pi tit mng iah soo kong,2
2711,./data/wav_gen/wav/002711_indextts_neutral.wav,kau tse thian tshit tsap tshit pian,neutral,kau tse thian tshi tsap tshi pian,2
2712,./data/wav_gen/wav/002712_indextts_sad.wav,pian lai pian khi ma si kau,sad,pian nai pian khi ma si kau,1
2713,./data/wav_gen/wav/002713_indextts_sad.wav,loo sin lim tsiong e si,sad,loo sin lim tsiong ne si,1
2714,./data/wav_gen/wav/002714_indextts_surprised.wav,siunn tioh se hong jin e thuan thong,surprised,siunn tioh se hong jin e thuan thong,0
2715,./data/wav_gen/wav/002715_indextts_fearful.wav,thiann kong si tsin tsing ai guan liong tsit si lang tik tsue lan e lang,fearful,hiann kong si tsin tsin ai guan liong tsit si lang tit tsue lan e lang,3
2716,./data/wav_gen/wav/002716_indextts_sad.wav,thang ho ong sing,sad,thang ho ong sing,0
2717,./data/wav_gen/wav/002717_indextts_sad.wav,m koh i it tit siunn suah ju siunn ju tse guan liong be liau,sad,m koh i it ti siu，suah lu siunn lu tse，uan liong be liau,8
2718,./data/wav_gen/wav/002718_indextts_fearful.wav,tio kong tit tsue gua e lang sit tsai siunn tse ah,fearful,tioh kong ti tsue gua e lang sit tsai siunn tse ah,2
2719,./data/wav_gen/wav/002719_indextts_neutral.wav,bo in ma mai guan liong gua lah,neutral,bo i ma mai uan liong gua lah,2
2720,./data/wav_gen/wav/002720_indextts_surprised.wav,an ne tak ke tshe penn tsun suah,surprised,an ne tak ke tsheh peh e tsun suah,4
2721,./data/wav_gen/wav/002721_indextts_sad.wav,gua i king guan liong tui hong tshit pian ah,sad,huah i kin guan liong tui hong tshit piann a,5
2722,./data/wav_gen/wav/002722_indextts_surprised.wav,gua siunn tan beh tng khui tsiah lai jiau sia,surprised,gua siunn tan beh tng khui tsiah lai liau siah,2
2723,./data/wav_gen/wav/002723_indextts_disgusted.wav,kiam tshai u si bo kau si kan,disgusted,kiam tshai u si bo kau si kan,0
2724,./data/wav_gen/wav/002724_indextts_sad.wav,be hu thang uan sing,sad,be hu thang uan sing,0
2725,./data/wav_gen/wav/002725_indextts_disgusted.wav,in ui jiau sia su iau tsit tuann si kan,disgusted,in ui liau sia su iau tsit tuann si kan,1
2726,./data/wav_gen/wav/002726_indextts_neutral.wav,tshin tshiunn lian tan an ne,neutral,tshin tshiunn lian tan an ne,0
2727,./data/wav_gen/wav/002727_indextts_surprised.wav,su iau tshit tshit si tsap kau kang leh,surprised,su iau tshit tshit si，tsap kau kang leh,1
2728,./data/wav_gen/wav/002728_indextts_sad.wav,li kam khai si tui kiu jiau sia tsit mng ge sut ah,sad,li kam khai si tui kiu liau sia tsit mng ge sut lah,2
2729,./data/wav_gen/wav/002729_indextts_happy.wav,tioh ai liong tsa ooh,happy,tioh ai liong tsau,4
2730,./data/wav_gen/wav/002730_indextts_fearful.wav,an ne kam bo kau,fearful,an ne kam bo kau,0
2731,./data/wav_gen/wav/002731_indextts_fearful.wav,ia soo kong bo kau ai guan liong tshit tsap e tshit pian,fearful,iah soo kong boo kau，ai uan liong tshit tsap e tshit pian,4
2732,./data/wav_gen/wav/002732_indextts_surprised.wav,tse tio si jiau sia e ge sut,surprised,tse tioh si jiau sia e ke sut,2
2733,./data/wav_gen/wav/002733_indextts_happy.wav,huan na si ge sut,happy,hua la si ke sut,3
2734,./data/wav_gen/wav/002734_indextts_surprised.wav,tio si su iau tsin tng e si kan it tit tuan lian,surprised,tioh si su iau tsin tng nge si kan it ti tuan lian,4
2735,./data/wav_gen/wav/002735_indextts_happy.wav,liok、bun tsiunn si,happy,liok bun tsiu si,3
2736,./data/wav_gen/wav/002736_indextts_angry.wav,tsu iu bang,angry,tsu iu bo,3
2737,./data/wav_gen/wav/002737_indextts_disgusted.wav,i put si khuann tioh sio be tsin e noo hue,disgusted,i put si khuann tioh sio be tsin e noo hue,0
2738,./data/wav_gen/wav/002738_indextts_happy.wav,hit tsun i tsi si tsit ui sio king uan,happy,hit tsun i tsi si tsit ui sio kin uan,1
2739,./data/wav_gen/wav/002739_indextts_angry.wav,thiann bing ling kong jip tsu iu si tai tsap tsi sia,angry,thia bing ling kong liu tsu iu si tai tsap tsi sia,4
2740,./data/wav_gen/wav/002740_indextts_happy.wav,hit am i tsiap tioh hau sinn tian ue,happy,hit am，i tsiah tioh hau sin tian ue,3
2741,./data/wav_gen/wav/002741_indextts_neutral.wav,pa gun kong jip lip huat inn,neutral,pa，gun kong mih li hua inn,5
2742,./data/wav_gen/wav/002742_indextts_surprised.wav,bo gua ku,surprised,poo gua ku,2
2743,./data/wav_gen/wav/002743_indextts_surprised.wav,i kui sin oo sann kiann tsiunn ke thau,surprised,i kui sin，oo sa kiann tsiuh ke thau,5
2744,./data/wav_gen/wav/002744_indextts_surprised.wav,tshiu giah tsit lui ng iam lit thau hue,surprised,tshiu giah tsit lui ng iam ti thau hue,2
2745,./data/wav_gen/wav/002745_indextts_disgusted.wav,tsok tsia tan kim sun,disgusted,tsoo tsiah，tang kin sun,5
2746,./data/wav_gen/wav/002746_indextts_angry.wav,hit lit tshi tiunn lai tsu iu hang khia pai,angry,hit li tshi tiuh lai，tsu iu hang khia pai,4
2747,./data/wav_gen/wav/002747_indextts_disgusted.wav,tshun ong tu ho tiam ti jin kun li,disgusted,tshun ong tu hoo tiam ti lin kun li,2
2748,./data/wav_gen/wav/002748_indextts_angry.wav,i the hiu keh tng lit,angry,i the hiu kiat tong li,5
2749,./data/wav_gen/wav/002749_indextts_neutral.wav,sui lai ki kim hue tso tsi kang,neutral,sui lai ki kin hue tsoo tsi kang,2
2750,./data/wav_gen/wav/002750_indextts_fearful.wav,tak hue to lam kau nylon tsu hun tiunn king,fearful, tah hue to lan kau ni long，su hun tiunn kin,8
2751,./data/wav_gen/wav/002751_indextts_surprised.wav,i long bak sai si lam sui,surprised,i long ba sai si lam sui,1
2752,./data/wav_gen/wav/002752_indextts_happy.wav,ji tsap goo tang lai ti bang li,happy,li tsat koo tang lai ti bang li,3
